ObjectID,State,District,LOR_ab_2021,AccidentYear,AccidentMonth,AccidentHour,DayOfWeek,AccidentCategory,AccidentType,AccidentTypeDetail,LightingCondition,InvolvingBike,InvolvingCar,InvolvingPedestrian,InvolvingMotorcycle,InvolvingHGV,InvolvingOther,RoadCondition,GraphicCoord1,GraphicCoord2,LongitudeWGS84,LatitudeWGS84,quadrant,quadrant_rank
218244,11,4,4300622.0,2021,12,10,1,3,3,2,0,0,1,0,0,1,0,1,"793792,0451","5826929,47","13,33027211","52,51313237",,,4067.0,9.0
218243,11,6,6300629.0,2021,12,9,4,3,6,4,0,0,0,1,1,0,0,0,"791864,063","5819147,303","13,29513047","52,44440102",,,4160.0,4.0
218242,11,7,7300619.0,2021,12,20,1,3,5,3,2,0,1,0,0,0,0,1,"795078,8456","5821629,959","13,34448689","52,46493122",,,4335.0,53.0
218240,11,9,9401329.0,2021,12,12,5,3,0,7,0,0,1,0,0,0,0,0,"812319,2143","5818649,62","13,59467099","52,42864275",,,5752.0,11.0
218239,11,2,2200208.0,2021,12,14,3,3,5,2,0,1,1,0,0,0,0,1,"797916,269","5825263,65","13,38937697","52,49596341",,,4737.0,55.0
218236,11,1,1100312.0,2021,12,13,5,3,2,6,0,0,1,0,0,0,0,1,"799590,4317","5826896,97","13,41543359","52,50968728",,,4229.0,34.0
218235,11,3,3601450.0,2021,12,21,6,3,2,6,2,0,1,0,0,0,0,1,"801729,6655","5830075,952","13,44974324","52,53700167",,,7069.0,49.0
218234,11,12,12500824.0,2021,12,21,2,3,5,3,2,0,1,0,1,0,0,2,"791412,7466","5835458,714","13,30279717","52,5908717",,,3134.0,63.0
218233,11,11,11300826.0,2021,11,16,3,3,5,3,2,1,0,0,0,0,0,1,"803820,6939","5827214,009","13,47786412","52,51018936",,,4538.0,53.0
218232,11,7,7601442.0,2021,12,10,2,2,6,2,0,0,1,1,0,0,0,0,"799553,6924","5815098,006","13,4043081","52,403946",,,3843.0,36.0
218230,11,9,9502043.0,2021,12,14,4,3,6,4,0,0,1,1,0,0,0,0,"811096,6133","5821986,397","13,57985373","52,45924201",,,4059.0,30.0
218228,11,10,10100207.0,2021,12,10,5,3,2,1,0,0,1,0,0,0,0,2,"810111,0976","5833266,005","13,57590431","52,56088498",,,1225.0,49.0
218225,11,6,6300633.0,2021,12,14,2,3,0,7,0,0,0,0,1,0,0,1,"793236,6268","5819395,588","13,31548524","52,44589248",,,4157.0,57.0
218224,11,9,9502043.0,2021,12,18,4,3,6,4,2,0,0,1,0,0,1,0,"811096,445","5821985,716","13,57985063","52,459236",,,3164.0,63.0
218223,11,12,12500825.0,2021,12,10,5,3,5,3,0,0,0,0,0,0,1,0,"791932,115","5834135,087","13,30927614","52,57872739",,,2856.0,54.0
218222,11,3,3400721.0,2021,12,6,4,2,2,7,2,1,0,0,0,0,0,0,"798024,781","5833256,667","13,39813671","52,56755109",,,5054.0,36.0
218220,11,10,10400940.0,2021,12,17,5,3,5,3,2,0,1,0,0,0,1,0,"812391,3032","5824673,128","13,60136279","52,48258001",,,5553.0,28.0
218219,11,11,11400931.0,2021,12,14,5,3,5,2,0,1,1,0,0,0,0,0,"806684,6153","5826909,665","13,51965164","52,5058593",,,3841.0,47.0
218217,11,6,6300632.0,2021,12,14,6,2,5,3,0,0,1,0,0,0,0,1,"791932,2083","5817211,898","13,29444007","52,42701371",,,4754.0,20.0
218215,11,8,8200727.0,2021,12,16,3,3,5,7,2,0,1,0,0,0,0,1,"801318,0602","5819541,273","13,43416736","52,4428048",,,5153.0,47.0
218214,11,12,12200307.0,2021,12,8,5,3,3,6,0,0,1,0,0,0,0,0,"793522,2938","5834079,084","13,33262676","52,57736993",,,3841.0,47.0
218213,11,7,7501133.0,2021,12,11,5,3,5,2,0,0,1,0,0,0,0,0,"798714,3346","5817581,963","13,39422345","52,42667041",,,3342.0,52.0
218212,11,5,5100315.0,2021,12,7,4,3,5,3,1,1,1,0,0,0,0,1,"784280,9394","5830374,225","13,1934463","52,54905891",,,5362.0,45.0
218211,11,1,1100416.0,2021,12,14,3,3,1,5,0,1,1,0,0,0,0,0,"798711,2702","5829565,357","13,40491439","52,53408772",,,2932.0,61.0
218209,11,1,1300834.0,2021,12,4,5,3,2,6,2,0,1,0,1,0,0,1,"797837,6851","5830443,89","13,39286081","52,54244071",,,5840.0,59.0
218208,11,6,6100103.0,2021,12,18,5,3,1,5,2,1,1,0,0,0,0,1,"793662,9399","5821550,528","13,32363504","52,46498199",,,4652.0,24.0
218207,11,4,4501042.0,2021,12,19,6,3,2,6,2,0,1,0,0,0,0,0,"794021,718","5825929,344","13,33276338","52,50404303",,,4150.0,19.0
218205,11,2,2200211.0,2021,12,15,7,3,6,7,1,0,1,1,0,0,0,1,"798285,3837","5824755,489","13,39434303","52,49120677",,,3144.0,48.0
218202,11,1,1100308.0,2021,12,17,2,3,6,2,2,1,0,1,0,0,0,0,"797083,1658","5828186,105","13,37974976","52,52261416",,,6052.0,58.0
218201,11,6,6300527.0,2021,12,8,5,1,6,7,1,0,0,1,0,1,0,1,"790479,4656","5818093,53","13,27390024","52,43569101",,,1353.0,41.0
218200,11,1,1400938.0,2021,12,9,4,3,5,7,1,0,1,0,0,0,0,0,"794390,6226","5830781,906","13,3424787","52,54734416",,,5652.0,13.0
218198,11,4,4501147.0,2021,12,12,5,3,5,7,0,1,1,0,0,0,0,0,"793116,3522","5824086,459","13,31784132","52,48800935",,,4956.0,45.0
218196,11,11,11300722.0,2021,11,7,2,3,5,2,1,1,0,0,0,0,1,1,"803907,5438","5827891,56","13,47975866","52,51621366",,,5752.0,11.0
218195,11,4,4501150.0,2021,12,19,7,3,6,2,2,0,1,1,0,0,0,0,"793444,8067","5823951,257","13,32254572","52,48662087",,,5253.0,35.0
218194,11,3,3300413.0,2021,12,0,3,3,1,5,2,0,1,0,0,0,1,0,"803525,7105","5838712,082","13,48404804","52,61340642",,,4431.0,51.0
218193,11,7,7100102.0,2021,12,22,1,3,2,6,2,0,1,0,0,0,0,1,"794982,8542","5825191,796","13,34622937","52,49691264",,,2851.0,8.0
218191,11,2,2200209.0,2021,12,16,4,3,5,2,1,0,1,0,1,0,0,0,"797274,1707","5824519,636","13,37928278","52,48964423",,,2529.0,40.0
218187,11,2,2200211.0,2021,12,8,6,3,5,7,0,1,1,0,0,0,0,0,"797934,485","5824575,815","13,38902943","52,48978784",,,5446.0,19.0
218186,11,2,2400623.0,2021,12,13,7,3,2,1,0,0,1,0,0,0,0,0,"801225,8244","5827645,001","13,44013503","52,51549145",,,4837.0,50.0
218185,11,10,10300731.0,2021,12,22,4,3,0,1,2,0,0,0,0,0,1,1,"809103,0305","5829470,168","13,55754883","52,52744117",,,5058.0,45.0
218184,11,1,1300732.0,2021,12,8,2,2,2,6,0,0,1,0,0,0,0,0,"797278,2663","5832202,171","13,3862103","52,55850703",,,3252.0,41.0
218182,11,6,6200314.0,2021,12,15,5,2,1,5,0,0,1,0,0,0,1,0,"795022,7724","5818097,29","13,34054375","52,43329309",,,4855.0,25.0
218180,11,1,1200627.0,2021,12,16,7,2,6,4,2,0,1,1,0,0,0,0,"795566,0637","5828466,357","13,35770343","52,52595087",,,3442.0,43.0
218177,11,1,1200629.0,2021,12,18,3,3,2,6,2,0,1,0,0,0,0,0,"794408,13","5827612,901","13,3399292","52,51892671",,,4251.0,2.0
218176,11,4,4501045.0,2021,12,0,3,3,1,5,2,0,1,0,0,0,0,2,"794051,0802","5825395,995","13,33272375","52,49924601",,,4065.0,7.0
218175,11,1,1400940.0,2021,12,14,4,3,6,4,0,0,1,1,0,0,0,0,"794875,4463","5832003,426","13,35069274","52,55803189",,,4150.0,19.0
218173,11,7,7300619.0,2021,12,18,5,3,2,6,2,0,1,0,1,0,0,0,"794601,9045","5821840,682","13,33767273","52,4670776",,,3152.0,19.0
218172,11,10,10200420.0,2021,12,10,6,3,5,3,0,0,1,0,0,0,0,0,"811956,1299","5830875,804","13,6007886","52,53841232",,,6151.0,48.0
218170,11,11,11300721.0,2021,11,18,3,3,5,2,2,0,1,0,0,0,1,1,"804595,1612","5829938,906","13,49173592","52,53417948",,,4766.0,48.0
218168,11,10,10400938.0,2021,12,13,4,3,5,3,0,0,1,0,0,1,0,0,"814657,3572","5829647,759","13,6393231","52,52585541",,,4669.0,57.0
218167,11,3,3500934.0,2021,12,17,5,3,5,3,2,1,1,0,0,0,0,1,"800422,9449","5832306,713","13,43255313","52,55771837",,,4058.0,59.0
218166,11,7,7400823.0,2021,12,17,6,3,1,5,2,1,1,0,0,0,0,1,"797295,533","5821444,838","13,37685555","52,4620702",,,4339.0,29.0
218165,11,10,10200422.0,2021,12,14,6,3,6,7,0,1,0,1,0,0,0,0,"812106,9202","5831334,237","13,60343529","52,54243405",,,3970.0,41.0
218163,11,10,10400835.0,2021,12,16,6,3,5,3,2,1,1,0,0,0,0,0,"811906,8985","5829738,912","13,59899829","52,52825262",,,4330.0,47.0
218162,11,11,11100204.0,2021,12,5,4,3,5,2,2,1,1,0,0,0,0,1,"806899,0194","5832615,901","13,52806849","52,55687855",,,4163.0,33.0
218161,11,4,4200308.0,2021,12,15,1,2,5,3,1,0,1,0,0,0,0,1,"790571,6881","5827337,151","13,28330744","52,5185124",,,4760.0,20.0
218160,11,5,5100210.0,2021,12,15,2,3,2,6,0,0,1,0,0,0,0,1,"784196,6759","5830055,518","13,19193419","52,54624533",,,4675.0,44.0
218158,11,1,1300834.0,2021,12,11,3,3,5,3,0,1,1,0,0,0,0,0,"798243,8498","5830472,38","13,39885781","52,54247391",,,3970.0,41.0
218157,11,1,1401049.0,2021,12,9,7,2,6,2,0,0,0,1,0,0,1,1,"795874,1884","5831960,462","13,3653438","52,55710505",,,4624.0,53.0
218155,11,12,12601235.0,2021,12,7,6,3,6,2,1,0,1,1,0,0,0,2,"795289,5645","5836366,954","13,36067023","52,59692238",,,4053.0,57.0
218153,11,9,9501737.0,2021,12,10,6,3,5,3,0,0,1,0,0,0,0,1,"814060,6548","5820760,098","13,62218267","52,44655803",,,4334.0,51.0
218152,11,1,1100310.0,2021,12,8,2,2,0,1,0,0,0,0,0,0,1,1,"799586,4109","5828475,093","13,41679552","52,52383491",,,5153.0,47.0
218151,11,6,6100206.0,2021,12,16,1,3,0,3,2,0,1,0,0,0,1,0,"794999,0864","5819665,638","13,34158073","52,44736527",,,3970.0,41.0
218150,11,12,12400616.0,2021,10,8,7,2,9,1,0,0,0,0,1,0,0,1,"786287,0386","5834279,744","13,22632176","52,58302376",,,5362.0,45.0
218149,11,8,8100417.0,2021,10,14,7,3,5,2,0,1,1,0,0,0,0,0,"802487,4466","5823156,135","13,45459483","52,47455955",,,5732.0,60.0
218148,11,8,8100415.0,2021,11,9,3,3,5,3,0,1,1,0,0,0,0,1,"801632,0486","5823755,141","13,44258075","52,48040159",,,4855.0,25.0
218147,11,3,3601142.0,2021,11,18,5,3,5,2,1,1,0,0,1,0,0,1,"799177,295","5831110,598","13,41315591","52,54768283",,,2857.0,33.0
218146,11,11,11100102.0,2021,10,16,6,3,5,3,0,1,1,0,0,0,0,0,"808694,1962","5834224,533","13,55596081","52,57028005",,,4228.0,55.0
218145,11,4,4100102.0,2021,10,22,6,3,5,3,2,0,1,0,0,0,1,0,"791492,139","5829242,67","13,29850485","52,53510386",,,4140.0,37.0
218144,11,2,2500831.0,2021,10,11,3,3,5,3,0,0,1,0,1,0,0,0,"802947,9548","5827093,539","13,4649341","52,50959497",,,5652.0,13.0
218143,11,8,8100311.0,2021,10,21,3,3,6,7,2,0,1,1,0,0,0,0,"800506,0171","5824470,69","13,42669492","52,48743613",,,4161.0,54.0
218142,11,6,6200419.0,2021,10,20,2,3,1,5,2,0,1,0,0,0,0,0,"793231,7019","5815867,093","13,31231889","52,41426285",,,6128.0,63.0
218141,11,11,11501339.0,2021,11,12,3,2,5,2,0,1,1,0,0,0,0,1,"807284,579","5825417,152","13,52708647","52,49214567",,,4539.0,51.0
218140,11,4,4400835.0,2021,10,8,4,3,6,2,0,0,1,1,0,0,0,1,"792988,806","5821755,623","13,31392035","52,46718252",,,6235.0,41.0
218139,11,3,3601450.0,2021,11,12,6,3,0,2,0,1,1,0,0,0,0,1,"802413,1566","5829258,311","13,45904596","52,52929441",,,4652.0,24.0
218138,11,9,9301126.0,2021,11,11,1,3,0,7,0,0,0,0,1,0,0,1,"810844,0638","5818473,954","13,57288133","52,42790855",,,3942.0,35.0
218137,11,9,9502042.0,2021,11,10,4,3,1,5,0,1,1,0,0,0,0,0,"811925,0318","5822330,972","13,59232889","52,46185771",,,3841.0,47.0
218136,11,1,1300733.0,2021,11,16,7,3,5,3,2,1,1,0,0,0,0,1,"797234,849","5831333,631","13,38479407","52,55074534",,,4669.0,57.0
218135,11,5,5200423.0,2021,10,3,5,3,9,1,2,0,0,0,0,0,1,0,"781284,2751","5828382,481","13,1476825","52,53275557",,,4229.0,34.0
218134,11,2,2200209.0,2021,10,11,2,2,5,5,0,0,1,0,1,0,0,0,"797495,3695","5824014,832","13,38208041","52,48499872",,,5446.0,19.0
218133,11,1,1100313.0,2021,10,7,1,3,5,3,0,0,1,0,1,0,0,0,"799898,1093","5826521,573","13,41961536","52,50615338",,,2429.0,57.0
218132,11,10,10200417.0,2021,11,16,4,2,5,3,2,0,1,0,1,0,0,0,"811335,4715","5831855,863","13,59258545","52,54754977",,,5453.0,1.0
218131,11,7,7300517.0,2021,11,17,6,3,3,6,2,1,1,0,0,0,0,0,"794274,414","5822068,161","13,33306642","52,46929333",,,4229.0,34.0
218130,11,7,7400823.0,2021,10,8,2,3,5,3,0,0,1,0,1,0,0,1,"797264,17","5820954,49","13,37595863","52,45769177",,,2651.0,45.0
218129,11,12,12500926.0,2021,10,7,4,3,2,6,0,0,0,0,1,1,0,1,"793473,7862","5836106,614","13,3337088","52,59557157",,,4865.0,35.0
218128,11,6,6100103.0,2021,11,13,4,3,1,5,0,0,0,0,1,0,1,1,"793328,7358","5821376,786","13,31857699","52,46360396",,,2551.0,50.0
218127,11,1,1300733.0,2021,11,8,4,3,2,6,0,1,1,0,0,0,0,1,"797274,1279","5831288,117","13,38533092","52,55031593",,,2851.0,8.0
218126,11,4,4300624.0,2021,10,19,4,3,1,5,2,1,1,0,0,0,0,0,"792875,3565","5826105,418","13,31607743","52,50623803",,,4451.0,11.0
218125,11,5,5100208.0,2021,10,13,5,3,0,4,0,1,0,1,0,0,0,1,"782033,0035","5830190,332","13,16022606","52,54857861",,,4856.0,19.0
218124,11,4,4200308.0,2021,10,10,6,3,0,7,0,0,1,0,1,0,0,0,"790322,9122","5827586,644","13,27986912","52,52088162",,,2975.0,54.0
218123,11,11,11401034.0,2021,11,9,2,3,5,2,0,1,1,0,0,0,0,0,"806912,64","5827332,943","13,52339093","52,50952456",,,2855.0,59.0
218122,11,5,5100210.0,2021,11,18,5,3,5,3,2,0,1,0,0,0,1,1,"784171,9311","5830042,375","13,19155902","52,5461404",,,4229.0,34.0
218121,11,3,3601141.0,2021,11,7,3,3,2,6,0,0,1,0,0,0,0,0,"799193,9613","5831774,907","13,41399953","52,55362816",,,4023.0,43.0
218120,11,11,11200411.0,2021,10,16,7,3,5,3,0,1,0,0,1,0,0,0,"805464,3224","5831368,482","13,50582435","52,54650541",,,4251.0,2.0
218119,11,2,2400623.0,2021,10,13,5,3,5,3,0,0,1,0,1,0,0,0,"800313,1047","5827614,702","13,4266977","52,5157232",,,6137.0,47.0
218118,11,6,6200313.0,2021,10,17,3,2,5,2,0,0,1,0,0,0,0,1,"795152,4188","5818236,299","13,34256796","52,43446929",,,1851.0,61.0
218117,11,10,10400940.0,2021,11,17,2,3,6,2,2,0,0,1,0,0,1,1,"812343,1341","5823841,498","13,59987684","52,47515514",,,4654.0,10.0
218116,11,1,1100205.0,2021,11,10,5,3,5,3,0,1,1,0,0,0,0,0,"796943,2605","5826780,722","13,37643947","52,51009263",,,5352.0,35.0
218115,11,3,3601450.0,2021,11,21,1,3,2,6,2,0,1,0,0,0,0,1,"802303,7696","5829185,312","13,45737199","52,5287008",,,7450.0,61.0
218114,11,1,1300733.0,2021,10,10,3,3,2,6,0,0,1,0,0,0,0,1,"797337,9384","5831214,758","13,38620355","52,54962354",,,5352.0,35.0
218113,11,3,3100101.0,2021,11,18,7,3,1,5,2,0,1,0,0,0,0,1,"804090,6239","5842139,366","13,49551879","52,64380711",,,6151.0,48.0
218112,11,10,10100314.0,2021,10,15,5,3,5,7,0,0,1,0,0,0,0,0,"809017,722","5830241,23","13,55701205","52,53439955",,,4754.0,20.0
218111,11,11,11300620.0,2021,10,13,6,3,2,6,0,0,1,0,0,0,0,1,"803553,1429","5829753,701","13,47625163","52,53310086",,,3941.0,55.0
218110,11,1,1300834.0,2021,10,16,6,3,0,7,0,0,1,0,1,0,0,1,"797933,3927","5830830,264","13,39461445","52,54585171",,,4150.0,19.0
218109,11,1,1100309.0,2021,10,16,6,3,6,7,0,0,0,1,0,0,1,0,"798405,7529","5829042,158","13,39995388","52,52956532",,,4428.0,56.0
218108,11,1,1401049.0,2021,11,14,2,3,5,2,0,0,1,0,0,0,1,0,"795878,3428","5831961,321","13,36540567","52,55711049",,,3537.0,58.0
218107,11,9,9100203.0,2021,11,8,6,3,5,2,0,0,1,0,0,0,0,1,"804630,2502","5823363,388","13,48623552","52,47522627",,,4863.0,28.0
218106,11,3,3400725.0,2021,11,8,4,3,6,4,0,0,0,1,0,0,1,1,"798835,6389","5834949,976","13,41159065","52,58228444",,,6151.0,48.0
218105,11,5,5200524.0,2021,10,15,6,3,2,6,0,0,1,0,0,0,0,0,"780031,9834","5827701,443","13,12869533","52,52729371",,,4067.0,9.0
218104,11,7,7601341.0,2021,10,11,3,3,5,2,0,0,1,0,0,0,1,0,"797248,4973","5815552,985","13,37092637","52,4092807",,,5453.0,1.0
218103,11,5,5100314.0,2021,10,6,4,3,5,3,1,1,1,0,0,0,0,0,"785134,9827","5829611,958","13,2053531","52,54177811",,,4341.0,52.0
218102,11,12,12200309.0,2021,11,9,2,3,6,4,0,0,1,1,0,0,0,1,"793310,1237","5832736,002","13,32831681","52,56544439",,,5356.0,13.0
218101,11,4,4501040.0,2021,10,11,3,3,0,6,0,1,0,0,0,0,1,1,"792389,9785","5825404,356","13,30833082","52,50021352",,,4716.0,61.0
218100,11,3,3601449.0,2021,10,12,4,3,2,6,0,1,0,0,0,0,0,0,"801303,2317","5830332,944","13,44370802","52,53954104",,,4339.0,29.0
218099,11,8,8100209.0,2021,11,16,7,3,5,3,2,1,1,0,0,0,0,0,"801186,2094","5821807,342","13,43427703","52,46318898",,,2751.0,29.0
218098,11,8,8100209.0,2021,11,16,2,3,5,3,2,1,1,0,0,0,0,1,"801422,9244","5822254,935","13,43815504","52,46707035",,,3252.0,41.0
218097,11,8,8100419.0,2021,11,6,3,2,5,3,1,0,1,0,0,0,0,1,"802290,7134","5823886,273","13,45236899","52,48121275",,,6967.0,41.0
218096,11,11,11200512.0,2021,11,15,2,3,2,6,0,0,1,0,0,0,0,0,"803195,2199","5830293,935","13,47148395","52,53814206",,,4344.0,28.0
218095,11,10,10100313.0,2021,10,10,7,3,5,3,0,0,1,0,0,0,0,0,"807811,5772","5830770,691","13,53977651","52,53982701",,,3238.0,58.0
218094,11,9,9200819.0,2021,10,10,7,2,6,4,0,0,1,1,0,0,0,0,"810270,818","5820361,649","13,56622931","52,44515095",,,4344.0,28.0
218093,11,4,4400835.0,2021,11,14,3,3,2,2,0,0,1,0,0,0,0,0,"793340,1376","5822278,867","13,3195374","52,47168472",,,2229.0,61.0
218092,11,12,12200414.0,2021,11,18,5,3,5,2,1,1,1,0,0,0,0,1,"791910,1561","5831512,121","13,3066448","52,55522514",,,2848.0,27.0
218091,11,8,8100417.0,2021,10,0,1,3,2,6,2,0,1,0,0,0,0,0,"802363,1547","5822767,133","13,45241784","52,47114171",,,2751.0,29.0
218090,11,7,7300619.0,2021,10,12,4,3,2,6,0,0,1,0,0,0,0,1,"795319,726","5821655,708","13,3480451","52,4650319",,,4064.0,52.0
218089,11,4,4500939.0,2021,10,4,3,3,0,2,2,0,0,0,1,1,0,0,"792438,0992","5824112,558","13,30790372","52,48860706",,,5453.0,1.0
218088,11,7,7100103.0,2021,10,16,2,2,7,7,0,1,0,0,0,0,0,0,"795839,4808","5825400,693","13,35899668","52,49832157",,,5355.0,51.0
218087,11,12,12200515.0,2021,11,18,4,3,0,2,2,1,1,0,0,0,0,0,"790182,0169","5834504,656","13,28384485","52,58297666",,,4151.0,37.0
218086,11,4,4300619.0,2021,11,18,3,3,6,4,1,0,1,1,0,0,0,0,"792332,1522","5827222,257","13,30907791","52,51654154",,,5745.0,65.0
218085,11,3,3501037.0,2021,10,15,4,3,5,3,0,1,1,0,0,0,0,0,"803515,9444","5832271,483","13,47800545","52,55568763",,,4066.0,53.0
218084,11,8,8401139.0,2021,10,13,6,3,1,1,0,0,1,0,0,0,1,1,"803637,8936","5818672,758","13,46740459","52,43373719",,,542.0,61.0
218083,11,12,12200411.0,2021,11,15,6,3,2,6,0,0,1,0,0,0,0,0,"792875,5789","5832145,876","13,32140327","52,56038815",,,4348.0,45.0
218082,11,2,2500728.0,2021,11,13,2,3,0,6,0,1,1,0,0,0,0,0,"803010,1261","5828274,061","13,46692237","52,52014127",,,4227.0,57.0
218081,11,2,2200209.0,2021,11,14,4,3,3,6,0,1,1,0,0,0,0,0,"797060,7696","5823992,708","13,37567937","52,48503702",,,4149.0,60.0
218080,11,4,4501149.0,2021,11,9,3,3,5,2,0,1,1,0,0,0,0,0,"793442,2495","5824124,351","13,32266058","52,48817396",,,2451.0,53.0
218079,11,6,6300528.0,2021,10,11,7,3,5,3,0,1,1,0,0,0,0,0,"789118,3811","5816916,266","13,25291639","52,42585741",,,6235.0,41.0
218078,11,11,11300620.0,2021,10,8,4,3,2,6,0,0,1,0,1,0,0,0,"803579,3915","5829710,823","13,47659825","52,53270194",,,4673.0,61.0
218077,11,3,3601450.0,2021,10,11,2,3,1,1,0,0,1,0,0,0,0,0,"801836,492","5829920,906","13,45117267","52,53555284",,,6851.0,49.0
218076,11,12,12100204.0,2021,11,7,2,3,5,3,0,1,1,0,0,0,0,0,"795309,6663","5833296,429","13,35823008","52,56938718",,,4160.0,4.0
218075,11,7,7200307.0,2021,11,17,4,3,2,6,2,0,1,0,0,0,0,0,"794941,8833","5824322,315","13,34485788","52,48914047",,,4716.0,61.0
218074,11,8,8100521.0,2021,11,13,6,3,2,6,0,0,1,0,0,0,0,0,"803058,1219","5822595,662","13,46246208","52,46921973",,,5752.0,11.0
218073,11,4,4300412.0,2021,10,15,3,2,5,3,0,0,1,0,0,0,1,1,"791667,4541","5827502,271","13,29955554","52,51940771",,,4065.0,7.0
218072,11,2,2500832.0,2021,10,16,5,3,0,1,0,1,1,0,0,0,0,1,"803110,1073","5826921,597","13,46715949","52,5079638",,,4058.0,59.0
218071,11,5,5300841.0,2021,11,14,6,2,6,4,0,0,1,1,0,0,0,0,"789724,2993","5829341,266","13,27260029","52,53693046",,,3452.0,33.0
218070,11,10,10200629.0,2021,11,6,3,3,1,5,1,0,1,0,0,1,0,1,"811017,4108","5828238,016","13,58452532","52,51531071",,,4669.0,57.0
218069,11,1,1100310.0,2021,10,9,5,3,2,2,0,0,1,0,1,0,0,0,"799045,2331","5828482,918","13,40884968","52,52420214",,,3152.0,19.0
218068,11,1,1100205.0,2021,10,20,7,3,5,7,2,0,1,0,1,0,0,0,"797049,1392","5826546,139","13,37778564","52,5079322",,,6651.0,57.0
218067,11,5,5100105.0,2021,10,12,1,2,4,1,0,0,1,0,0,0,0,0,"785030,106","5831155,111","13,20513542","52,55566875",,,4675.0,44.0
218066,11,5,5100317.0,2021,10,6,6,3,2,6,1,0,1,0,1,0,0,0,"786849,7816","5828186,689","13,22933917","52,52809962",,,2849.0,40.0
218065,11,4,4501042.0,2021,11,15,2,3,2,2,0,0,1,0,1,0,0,0,"793522,1417","5825721,807","13,32524138","52,50245154",,,2751.0,29.0
218064,11,3,3400827.0,2021,11,13,5,3,5,3,0,0,1,0,0,0,0,1,"799484,4246","5831946,369","13,41842557","52,55500541",,,5353.0,48.0
218063,11,8,8100103.0,2021,11,10,5,3,0,5,0,0,1,0,0,0,1,1,"800626,9836","5823102,933","13,4272378","52,47510983",,,1353.0,41.0
218062,11,1,1100309.0,2021,10,23,1,3,5,3,2,1,0,0,0,0,0,0,"798418,8708","5828959,836","13,40007279","52,52882024",,,4446.0,12.0
218061,11,4,4200309.0,2021,10,13,5,3,5,3,0,0,1,0,0,0,0,0,"788853,2243","5827465,699","13,2581635","52,52057784",,,3941.0,55.0
218060,11,8,8200623.0,2021,10,13,3,2,2,7,0,0,1,0,0,0,0,0,"802791,1725","5820807,225","13,45692195","52,45333793",,,4863.0,28.0
218059,11,4,4300416.0,2021,11,19,2,3,0,2,2,1,1,0,0,0,0,1,"791944,3909","5826119,425","13,30241225","52,50686257",,,2351.0,59.0
218058,11,3,3400619.0,2021,11,9,5,3,5,2,0,1,1,0,0,0,0,0,"795895,037","5835406,132","13,36872494","52,58798055",,,4160.0,4.0
218057,11,3,3701660.0,2021,11,18,7,3,5,7,2,0,1,0,0,0,0,0,"800468,765","5829081,978","13,43031023","52,52878907",,,4160.0,4.0
218056,11,8,8401241.0,2021,10,7,3,2,5,3,1,1,1,0,0,0,0,1,"804753,3717","5818467,071","13,48357462","52,43127338",,,2851.0,8.0
218055,11,3,3701554.0,2021,10,7,4,3,2,6,0,1,0,0,0,0,0,0,"799216,2572","5829264,475","13,4120663","52,53111379",,,4674.0,48.0
218054,11,5,5100104.0,2021,11,17,7,3,6,2,2,0,1,1,0,0,0,1,"785205,9081","5831816,467","13,20828984","52,56150633",,,4865.0,35.0
218053,11,2,2200209.0,2021,11,20,1,3,6,4,2,0,1,1,0,0,0,1,"797474,3837","5824569,155","13,38226704","52,48997906",,,4737.0,55.0
218052,11,4,4300623.0,2021,10,19,5,3,1,5,2,1,1,0,0,0,0,0,"792391,7045","5826624,419","13,30942772","52,51115016",,,2382.0,65.0
218051,11,1,1100309.0,2021,10,12,6,3,5,3,0,1,1,0,0,0,0,1,"798077,705","5828852,787","13,39496255","52,52804734",,,4737.0,55.0
218050,11,8,8200623.0,2021,10,9,4,3,1,5,0,1,1,0,0,0,1,1,"801978,5272","5820716,54","13,4449174","52,45297464",,,4339.0,29.0
218049,11,1,1200623.0,2021,11,20,6,3,6,4,2,1,0,1,0,0,0,0,"795605,3734","5829372,036","13,35908649","52,53404817",,,6235.0,41.0
218048,11,7,7601236.0,2021,11,17,3,3,2,6,2,1,1,0,0,0,0,0,"796415,44","5816593,8","13,35963683","52,41906254",,,4067.0,9.0
218047,11,11,11501340.0,2021,10,15,5,3,5,2,0,1,1,0,0,0,0,0,"807248,7897","5824232,722","13,52546916","52,48155078",,,3051.0,26.0
218046,11,2,2400624.0,2021,10,8,6,3,5,7,0,0,1,0,0,0,0,0,"801322,3579","5827685,135","13,44158966","52,51579785",,,2551.0,50.0
218045,11,11,11300620.0,2021,10,10,1,3,2,6,0,0,1,0,1,0,0,0,"804183,7713","5829568,281","13,48535039","52,53108746",,,4428.0,56.0