ObjectID,State,District,LOR_ab_2021,AccidentYear,AccidentMonth,AccidentHour,DayOfWeek,AccidentCategory,AccidentType,AccidentTypeDetail,LightingCondition,InvolvingBike,InvolvingCar,InvolvingPedestrian,InvolvingMotorcycle,InvolvingHGV,InvolvingOther,RoadCondition,GraphicCoord1,GraphicCoord2,LongitudeWGS84,LatitudeWGS84,quadrant,quadrant_rank
218044,11,3,3601245.0,2021,10,9,6,3,5,3,0,1,1,0,0,0,0,0,"800617,3466","5831413,708","13,43460346","52,54960693",,,4654.0,10.0
218043,11,1,1300834.0,2021,11,11,2,2,3,6,0,0,1,0,1,0,0,0,"798274,413","5830102,186","13,3989748","52,53913891",,,4150.0,19.0
218042,11,11,11501238.0,2021,11,13,5,3,3,6,0,0,1,0,0,0,0,1,"804890,7803","5825245,566","13,49178089","52,4919501",,,4571.0,51.0
218041,11,3,3200206.0,2021,11,8,3,3,5,3,0,0,1,0,1,0,0,0,"798077,8972","5834696,722","13,40021258","52,58043003",,,4448.0,24.0
218040,11,5,5400942.0,2021,10,16,1,2,8,1,0,1,1,0,0,0,0,0,"783937,7707","5822914,41","13,18203255","52,4823519",,,4652.0,24.0
218039,11,1,1400938.0,2021,10,17,5,3,2,7,1,0,0,0,1,0,1,0,"794163,6027","5830362,721","13,33876917","52,54370908",,,5453.0,1.0
218038,11,10,10400836.0,2021,10,11,2,2,6,7,0,0,1,1,0,0,0,0,"811559,1279","5827328,206","13,59163099","52,50684848",,,4341.0,52.0
218037,11,9,9100304.0,2021,11,16,2,3,2,6,2,0,1,0,0,0,0,1,"804252,4835","5821523,253","13,4790129","52,45894416",,,3252.0,41.0
218036,11,4,4200308.0,2021,11,20,5,3,2,6,2,0,1,0,0,0,0,1,"790332,7172","5827298,562","13,27976179","52,51829372",,,3133.0,56.0
218035,11,1,1300733.0,2021,11,16,1,3,2,6,1,0,1,0,0,0,0,1,"797933,5279","5831857,225","13,39553789","52,55505696",,,4160.0,4.0
218034,11,1,1401046.0,2021,10,9,2,3,5,2,0,0,1,0,0,0,1,1,"794726,8285","5830012,384","13,34673971","52,5402642",,,3152.0,19.0
218033,11,6,6300632.0,2021,10,16,1,3,5,3,0,0,1,0,0,0,0,0,"791940,4084","5817218,89","13,29456643","52,42707201",,,3642.0,57.0
218032,11,9,9100203.0,2021,11,20,7,3,6,2,2,0,1,1,0,0,0,1,"804094,2715","5823583,317","13,478569","52,4774961",,,3335.0,47.0
218031,11,7,7601341.0,2021,11,19,1,2,5,3,2,0,1,0,0,0,0,1,"797247,4548","5815540,801","13,37090027","52,40917205",,,5546.0,61.0
218030,11,10,10300731.0,2021,10,7,5,3,5,3,0,0,1,0,0,0,1,0,"809058,1138","5828645,6","13,55612261","52,52007708",,,2050.0,58.0
218029,11,3,3601450.0,2021,10,12,6,3,6,4,0,0,1,1,0,0,0,0,"802225,618","5829352,841","13,45637575","52,53024568",,,2050.0,58.0
218028,11,11,11300721.0,2021,10,7,2,3,5,3,0,0,0,0,0,1,1,0,"805199,7357","5828890,886","13,49965943","52,52444851",,,5852.0,43.0
218027,11,8,8100312.0,2021,10,18,6,3,2,7,1,0,1,0,0,0,1,0,"801316,6396","5823977,973","13,43815179","52,48257301",,,5153.0,47.0
218026,11,10,10100209.0,2021,11,9,3,3,2,7,0,0,1,0,0,0,0,1,"809241,9677","5831969,014","13,56191578","52,54975614",,,2751.0,29.0
218025,11,6,6300633.0,2021,11,8,4,3,0,7,0,1,0,0,0,0,0,1,"792775,2687","5819176,196","13,30852417","52,4441729",,,4430.0,31.0
218024,11,4,4501040.0,2021,10,12,6,3,2,7,0,0,1,0,1,0,0,0,"792344,6702","5825376,109","13,30764046","52,49998457",,,3144.0,48.0
218023,11,9,9200715.0,2021,10,14,3,3,5,3,0,0,1,0,0,0,0,0,"808101,1796","5818953,866","13,53311015","52,43376102",,,4754.0,20.0
218022,11,8,8100102.0,2021,10,6,4,3,5,7,1,0,1,1,0,0,0,0,"800181,045","5823643,841","13,42117876","52,48020349",,,5633.0,65.0
218021,11,1,1100309.0,2021,10,10,3,2,5,2,0,1,0,0,0,1,0,1,"799055,3619","5829004,053","13,40946721","52,52886778",,,5354.0,49.0
218020,11,4,4501045.0,2021,10,9,2,3,5,3,0,1,1,0,0,0,0,0,"793570,843","5825235,755","13,32552833","52,49806809",,,2857.0,33.0
218019,11,12,12200310.0,2021,11,16,2,3,5,2,1,1,1,0,0,0,0,0,"792262,3708","5833932,26","13,31395729","52,57673185",,,5664.0,53.0
218018,11,8,8100209.0,2021,10,20,3,3,2,6,2,1,1,0,0,0,0,0,"801442,7896","5822270,821","13,43846093","52,46720179",,,1353.0,41.0
218017,11,11,11200514.0,2021,10,16,4,3,2,2,0,0,0,0,1,0,1,0,"803360,2606","5830068,24","13,47370386","52,53602738",,,4526.0,46.0
218016,11,12,12200414.0,2021,11,14,1,3,3,6,0,0,1,0,0,0,0,0,"791930,3797","5831483,009","13,30691665","52,55495332",,,3158.0,61.0
218015,11,12,12100204.0,2021,11,7,3,3,5,3,0,0,1,0,0,0,0,1,"794076,4531","5832619,157","13,33948659","52,56398355",,,5353.0,48.0
218014,11,11,11100203.0,2021,11,16,7,2,0,1,2,0,0,0,1,0,0,1,"806745,753","5833995,125","13,52708985","52,56932554",,,3352.0,26.0
218013,11,5,5300735.0,2021,10,22,7,3,5,2,2,0,1,0,0,0,0,0,"786568,4913","5830554,251","13,22724605","52,54947433",,,4755.0,4.0
218012,11,10,10100312.0,2021,10,15,7,2,5,2,0,0,1,0,0,0,0,0,"807670,8435","5830165,945","13,53714809","52,5344868",,,4160.0,4.0
218011,11,4,4300415.0,2021,11,17,4,3,6,2,2,0,1,1,0,0,0,0,"791057,7445","5826026,654","13,28930439","52,50650463",,,5453.0,1.0
218010,11,10,10300734.0,2021,11,8,7,3,0,1,0,0,0,0,1,0,0,1,"810264,432","5827079,28","13,57238447","52,5053555",,,6967.0,41.0
218009,11,1,1100309.0,2021,10,22,1,3,6,4,2,0,1,1,0,0,0,1,"798681,305","5828622,721","13,40362705","52,52565476",,,5547.0,53.0
218008,11,4,4400728.0,2021,10,14,4,3,3,6,0,0,1,0,0,0,1,0,"790692,1584","5822710,234","13,28103969","52,47696757",,,5453.0,1.0
218007,11,9,9501737.0,2021,10,8,3,3,0,1,0,0,1,0,1,0,0,1,"814249,8432","5820801,852","13,62499647","52,44682349",,,5453.0,1.0
218006,11,9,9501737.0,2021,11,19,4,2,5,3,0,1,0,0,1,0,0,1,"814389,9642","5820801,91","13,62705147","52,44674347",,,3259.0,63.0
218005,11,4,4501148.0,2021,11,19,3,3,6,2,2,0,1,1,0,0,0,1,"792840,653","5823207,393","13,31302029","52,48027672",,,4569.0,47.0
218004,11,2,2100102.0,2021,10,16,5,3,5,3,0,1,1,0,0,0,0,0,"798253,095","5826076,455","13,39505167","52,50306522",,,4855.0,25.0
218003,11,8,8100102.0,2021,10,12,5,3,5,3,0,0,1,0,1,0,0,1,"800440,5014","5823171,991","13,42456264","52,47583143",,,2853.0,59.0
218002,11,7,7200413.0,2021,11,17,6,3,2,6,1,0,1,0,0,0,0,1,"796584,2577","5823887,767","13,3685892","52,48435537",,,3742.0,48.0
218001,11,5,5100315.0,2021,11,12,2,3,2,2,0,0,1,0,0,0,0,1,"784654,1652","5829705,213","13,19836232","52,54286565",,,4163.0,33.0
218000,11,9,9401431.0,2021,11,18,4,3,0,1,2,1,0,0,0,0,0,0,"811749,7432","5820487,522","13,58803638","52,44543781",,,4160.0,4.0
217999,11,3,3601142.0,2021,11,18,2,3,5,2,2,1,1,0,0,0,0,0,"799204,493","5831108,446","13,41355387","52,5476486",,,5153.0,47.0
217998,11,1,1200627.0,2021,10,9,7,3,0,1,0,0,0,0,1,0,0,0,"795535,4513","5828311,943","13,35711628","52,52458328",,,2831.0,52.0
217997,11,7,7400721.0,2021,10,14,4,3,2,6,0,0,1,0,0,0,1,0,"797190,4799","5823108,341","13,37679563","52,477039",,,4855.0,25.0
217996,11,4,4200309.0,2021,10,8,2,3,5,3,0,0,1,0,0,0,0,0,"789112,4857","5827277,363","13,26181026","52,51875196",,,4239.0,42.0
217995,11,1,1100311.0,2021,10,16,1,3,4,6,0,1,0,0,0,0,1,1,"799736,8387","5827702,917","13,41831032","52,51683091",,,5256.0,48.0
217994,11,1,1100206.0,2021,11,2,5,3,5,3,2,0,1,0,0,0,0,0,"797892,5135","5827458,585","13,39099207","52,51565129",,,3942.0,35.0
217993,11,11,11300722.0,2021,11,15,7,3,5,3,1,0,1,0,1,0,0,0,"803429,3776","5828623,855","13,47340154","52,52304327",,,3381.0,45.0
217992,11,7,7400824.0,2021,10,21,2,3,5,2,2,0,1,0,0,0,1,0,"797851,4918","5821927,723","13,38544545","52,46609599",,,4046.0,41.0
217991,11,5,5300841.0,2021,10,11,5,1,6,4,0,0,0,1,0,1,0,0,"789363,7155","5829302,783","13,26726524","52,53677704",,,4064.0,52.0
217990,11,5,5200633.0,2021,11,12,6,3,2,7,0,0,1,0,1,0,0,0,"783780,4504","5826915,792","13,183132","52,51831104",,,4668.0,57.0
217989,11,3,3400725.0,2021,11,15,4,3,5,2,0,0,1,0,0,0,0,1,"800052,347","5835725,979","13,43019683","52,58857029",,,4334.0,51.0
217988,11,3,11300617.0,2021,10,18,5,3,5,3,1,1,1,0,0,0,0,0,"802552,2848","5829317,226","13,46114425","52,52974526",,,745.0,65.0
217987,11,1,1100310.0,2021,10,18,4,3,1,5,2,1,1,0,0,0,0,1,"799027,0234","5828491,454","13,40858975","52,52428863",,,4446.0,12.0
217986,11,8,8300935.0,2021,10,22,7,3,2,6,2,0,1,0,0,0,0,0,"802279,9903","5817821,367","13,44672174","52,42685806",,,4339.0,29.0
217985,11,3,3601450.0,2021,10,8,6,3,5,2,0,1,1,0,0,0,0,0,"802331,1541","5829224,742","13,45781029","52,52903901",,,4960.0,18.0
217984,11,1,1300733.0,2021,11,19,2,2,2,6,2,0,1,0,1,0,0,0,"797294,9706","5831270,088","13,38562127","52,55014295",,,3843.0,36.0
217983,11,6,6200313.0,2021,11,17,5,3,6,4,2,0,1,1,0,0,0,1,"795237,1137","5818323,18","13,34388691","52,43520243",,,4067.0,9.0
217982,11,2,2500835.0,2021,11,6,3,3,0,2,1,0,1,0,1,0,0,0,"802559,1699","5825951,587","13,45818524","52,49957546",,,5453.0,1.0
217981,11,11,11100203.0,2021,10,10,1,3,5,2,0,0,1,0,1,0,0,0,"806921,9081","5834069,989","13,52975006","52,56989719",,,4067.0,9.0
217980,11,8,8401243.0,2021,10,14,5,3,5,2,0,0,1,0,1,0,0,0,"805241,4801","5818114,277","13,49040982","52,42783928",,,4431.0,51.0
217979,11,12,12500927.0,2021,10,14,3,3,5,2,0,1,1,0,0,0,0,1,"791980,3859","5835735,241","13,31139652","52,59304624",,,2951.0,33.0
217978,11,3,3400721.0,2021,10,8,3,3,0,1,0,0,0,0,1,0,0,1,"798198,637","5833485,306","13,40089973","52,5695053",,,3921.0,58.0
217977,11,5,5200629.0,2021,11,15,2,3,6,7,0,0,0,1,0,0,1,0,"784247,4382","5828503,777","13,1913532","52,53230585",,,4069.0,34.0
217976,11,3,3500932.0,2021,11,19,7,3,0,5,2,1,0,0,0,0,1,0,"800958,9572","5832151,595","13,44029522","52,55603207",,,4654.0,10.0
217975,11,4,4300620.0,2021,11,8,2,3,5,2,0,1,1,0,0,0,0,0,"794175,0708","5827073,661","13,33602753","52,51421852",,,1752.0,61.0
217974,11,3,3300514.0,2021,10,11,3,3,5,3,0,0,1,0,0,0,0,1,"802074,0119","5836415,567","13,46057699","52,59363209",,,4856.0,19.0
217973,11,6,6100209.0,2021,10,8,4,3,5,2,0,1,1,0,0,0,0,0,"794613,729","5821341,165","13,33740531","52,46259332",,,1733.0,65.0
217972,11,6,6200314.0,2021,11,18,7,3,1,5,2,0,1,0,0,0,0,1,"795047,6008","5818123,402","13,34093095","52,43351378",,,2857.0,33.0
217971,11,3,3601245.0,2021,11,14,1,3,1,5,0,1,1,0,0,0,0,0,"800733,4315","5830634,538","13,43560483","52,54255903",,,5354.0,49.0
217970,11,8,8100416.0,2021,11,8,3,3,0,7,0,1,1,0,0,0,0,1,"801639,29","5823031,506","13,44203254","52,47391151",,,6235.0,41.0
217969,11,12,12100101.0,2021,11,13,7,3,1,5,0,1,1,0,0,0,0,0,"795910,7514","5832723,169","13,36656166","52,56392208",,,2849.0,40.0
217968,11,11,11200410.0,2021,10,11,6,3,5,2,0,0,1,0,1,0,0,0,"805119,8417","5832640,789","13,50192926","52,55810131",,,3265.0,59.0
217967,11,2,2200210.0,2021,10,2,6,2,0,1,2,0,0,0,1,0,0,1,"798629,3219","5825080,287","13,39968482","52,49393012",,,3162.0,49.0
217966,11,3,3300514.0,2021,10,14,2,3,6,4,0,0,1,1,0,0,0,0,"800852,8696","5836051,8","13,44227365","52,59104849",,,4067.0,9.0
217965,11,3,3601346.0,2021,10,23,6,3,1,5,2,1,1,0,0,0,0,0,"799256,6943","5830524,27","13,4137951","52,5423837",,,4344.0,28.0
217964,11,11,11200410.0,2021,11,9,3,3,2,6,0,0,1,0,0,0,0,1,"806153,2242","5832025,795","13,51655786","52,55200968",,,5379.0,65.0
217963,11,10,10100316.0,2021,11,8,5,3,5,2,0,1,1,0,0,0,0,0,"810049,5972","5831660,092","13,57350027","52,54652869",,,1253.0,63.0
217962,11,9,9100304.0,2021,10,14,6,3,5,2,0,1,1,0,0,0,0,0,"804749,5073","5822288,267","13,48700389","52,46552381",,,4430.0,31.0
217961,11,4,4300623.0,2021,10,14,6,3,2,6,0,1,1,0,0,0,0,0,"792602,105","5826098,357","13,31205674","52,50632134",,,4431.0,51.0
217960,11,5,5100316.0,2021,10,16,3,2,5,2,0,1,1,0,0,0,0,0,"784785,188","5828822,196","13,19953227","52,53488008",,,2951.0,33.0
217959,11,11,11200512.0,2021,10,16,3,3,1,5,0,1,0,0,0,0,1,0,"804625,8803","5831131,757","13,493281","52,54485322",,,4337.0,59.0
217958,11,1,1100310.0,2021,11,8,3,3,0,3,0,1,0,0,1,0,0,1,"799495,558","5828789,066","13,41574317","52,52669911",,,4069.0,34.0
217957,11,8,8100105.0,2021,10,21,4,3,6,4,2,0,1,1,0,0,0,0,"800921,4304","5821918,317","13,43049149","52,46432957",,,3352.0,26.0
217956,11,12,12100205.0,2021,10,8,4,3,2,6,0,0,1,0,0,0,0,0,"794545,0082","5834266,719","13,34784239","52,57849934",,,3342.0,52.0
217955,11,4,4100102.0,2021,10,20,1,3,5,2,2,0,1,0,0,0,0,1,"791131,4395","5829157,434","13,29312735","52,53453253",,,5652.0,13.0
217954,11,8,8100415.0,2021,11,14,6,3,6,4,0,0,1,1,0,0,0,0,"801404,6943","5823738,602","13,43922814","52,48037888",,,4675.0,44.0
217953,11,10,11200515.0,2021,11,21,7,3,6,4,2,0,1,1,0,0,0,0,"806292,1149","5830214,913","13,51693025","52,53570218",,,4761.0,38.0
217952,11,7,7300619.0,2021,11,9,4,3,1,5,0,1,1,0,0,0,0,0,"794671,3473","5821885,202","13,33873132","52,46743925",,,2848.0,27.0
217951,11,11,11401137.0,2021,11,14,7,3,2,6,0,0,1,0,0,0,0,0,"806845,8315","5826435,88","13,52158287","52,50152252",,,5351.0,36.0
217950,11,7,7501031.0,2021,10,16,1,3,2,1,0,0,1,0,0,0,0,0,"798792,7775","5819263,235","13,39687626","52,4416982",,,5544.0,61.0
217949,11,10,10100104.0,2021,10,4,1,3,9,1,2,0,1,0,0,0,0,0,"810237,1918","5833872,594","13,57832561","52,56624903",,,4069.0,34.0
217948,11,12,12100101.0,2021,11,7,5,3,6,4,0,0,1,1,0,0,0,1,"796688,3055","5832913,379","13,37816924","52,56520394",,,4023.0,43.0
217947,11,1,1100414.0,2021,11,14,6,3,0,6,0,1,0,0,0,0,1,1,"797369,0494","5829284,307","13,38493317","52,53230241",,,4342.0,53.0
217946,11,12,12100101.0,2021,10,19,1,3,5,2,2,0,1,0,0,0,0,0,"795784,4258","5832579,025","13,36457493","52,56269862",,,3480.0,38.0
217945,11,6,6100209.0,2021,10,13,4,3,0,3,0,0,1,0,1,0,0,1,"794752,72","5821230,804","13,33934775","52,46152904",,,2951.0,33.0
217944,11,4,4501149.0,2021,11,21,5,3,5,2,2,0,1,0,1,0,0,0,"793442,481","5824145,002","13,32268216","52,48835897",,,2850.0,46.0
217943,11,6,6400838.0,2021,10,12,2,3,5,2,0,1,1,0,0,0,0,0,"787647,7533","5818144,944","13,23240479","52,43764858",,,5952.0,37.0
217942,11,1,1200628.0,2021,10,14,6,3,2,2,0,0,1,0,0,0,0,0,"795540,1861","5828196,643","13,3570834","52,52354714",,,6965.0,61.0
217941,11,9,9501736.0,2021,11,7,4,3,5,3,0,0,1,0,0,0,0,1,"812811,5275","5821336,077","13,6044026","52,45243554",,,6951.0,61.0
217940,11,8,8100206.0,2021,11,14,5,3,6,7,0,0,0,1,0,0,1,0,"800781,7711","5823816,451","13,43015349","52,48142012",,,3243.0,53.0
217939,11,7,7100102.0,2021,10,7,7,3,0,7,1,0,1,0,0,0,1,0,"795066,8314","5825796,031","13,34799814","52,5022838",,,542.0,61.0
217938,11,2,2500832.0,2021,10,18,3,3,6,7,0,1,0,1,0,0,0,0,"803312,5703","5826752,995","13,46997986","52,50634014",,,3060.0,36.0
217937,11,8,8100314.0,2021,10,15,4,3,4,6,0,0,1,0,0,0,0,0,"800832,7626","5824170,238","13,43122135","52,48456313",,,2951.0,33.0
217936,11,5,5200524.0,2021,10,18,2,3,2,6,1,0,1,0,0,0,0,0,"779564,4668","5827837,95","13,12193661","52,52875771",,,5353.0,48.0
217935,11,6,6100210.0,2021,11,14,2,3,1,5,0,0,1,0,1,0,0,0,"795060,2477","5820952,306","13,34361488","52,4588665",,,3152.0,19.0
217934,11,7,7601236.0,2021,10,13,4,2,6,4,0,1,0,1,0,0,0,0,"796422,408","5816577,025","13,35972414","52,41890838",,,5453.0,1.0
217933,11,3,3501037.0,2021,11,17,1,3,2,6,1,0,1,0,0,0,0,1,"802085,9086","5832803,097","13,45746045","52,5612475",,,4863.0,28.0
217932,11,4,4300619.0,2021,11,15,4,3,5,2,0,1,1,0,0,0,0,0,"792974,7296","5827558,147","13,31881632","52,51920785",,,4860.0,47.0
217931,11,9,9301025.0,2021,11,13,7,3,2,6,0,1,1,0,0,0,0,0,"810918,1698","5815533,258","13,57123625","52,40151287",,,5453.0,1.0
217930,11,3,3400721.0,2021,10,11,7,2,1,5,0,1,1,0,0,0,0,0,"798314,333","5833182,48","13,40232939","52,56672751",,,3241.0,61.0
217929,11,5,5300736.0,2021,10,14,7,3,4,6,0,1,0,0,0,0,0,0,"786693,7021","5829273,484","13,22798217","52,53792556",,,5253.0,35.0
217928,11,4,4500939.0,2021,11,19,5,3,1,5,2,1,1,0,0,0,0,1,"792196,7217","5824902,042","13,30505126","52,49581389",,,2951.0,33.0
217927,11,1,1200628.0,2021,11,6,6,3,0,7,1,0,1,0,0,0,1,1,"796430,4008","5828610,269","13,37053492","52,52677163",,,4954.0,49.0
217926,11,11,11300721.0,2021,10,13,1,3,1,5,0,1,1,0,0,0,0,0,"804593,5231","5829087,984","13,49093223","52,52655399",,,2851.0,8.0
217925,11,3,3400620.0,2021,10,16,4,3,5,3,0,1,1,0,0,0,0,1,"796657,1219","5833995,843","13,37867873","52,57492395",,,3772.0,61.0
217924,11,1,1100415.0,2021,11,11,5,3,2,2,0,0,0,0,1,1,0,0,"797701,712","5829243,391","13,38978625","52,53175407",,,5453.0,1.0
217923,11,11,11400931.0,2021,11,23,3,3,1,5,2,0,1,0,0,0,0,1,"805713,4218","5827200,458","13,50565423","52,50901053",,,5553.0,28.0
217922,11,8,8100415.0,2021,10,14,5,3,5,3,0,1,1,0,0,0,0,0,"801152,6025","5823757,831","13,43554468","52,48069031",,,4151.0,37.0
217921,11,2,2500833.0,2021,10,9,5,3,0,1,0,0,0,0,1,0,0,1,"802077,0318","5827362,027","13,45238404","52,51248438",,,4960.0,18.0
217920,11,10,10100209.0,2021,10,4,2,3,5,3,2,0,1,0,0,0,0,1,"809975,4982","5832063,059","13,57278714","52,55018203",,,3773.0,57.0
217919,11,7,7300619.0,2021,11,10,6,3,6,4,0,0,0,1,0,0,1,0,"795110,8042","5821377,992","13,34473315","52,46265523",,,4865.0,35.0
217918,11,8,8100105.0,2021,11,17,1,3,2,6,2,0,1,0,0,0,0,1,"801070,5302","5821996,594","13,43275018","52,46494905",,,4053.0,57.0
217917,11,1,1401048.0,2021,11,13,5,3,2,6,0,0,0,0,0,0,1,1,"795319,2782","5831484,193","13,35675868","52,55313693",,,5446.0,19.0
217916,11,10,10400941.0,2021,11,15,2,3,5,3,0,0,1,0,0,0,1,0,"812402,9075","5824593,998","13,60145897","52,48186428",,,4065.0,7.0
217915,11,2,2100106.0,2021,10,15,7,3,5,3,0,0,1,0,0,0,1,0,"798581,494","5825563,485","13,39941554","52,49828752",,,4068.0,46.0
217914,11,4,4200308.0,2021,10,12,5,3,5,2,0,1,1,0,0,0,0,0,"790348,091","5827463,153","13,28013138","52,51976111",,,6658.0,51.0
217913,11,11,11401032.0,2021,10,6,2,3,5,3,2,1,1,0,0,0,0,2,"806096,7321","5827685,281","13,51173038","52,51314073",,,3774.0,53.0
217912,11,12,12601235.0,2021,11,6,2,3,5,2,0,1,1,0,0,0,0,0,"795160,7092","5836348,063","13,35875652","52,59682299",,,4539.0,51.0
217911,11,11,11100204.0,2021,11,11,5,2,5,3,0,0,1,0,0,0,1,0,"806901,0865","5832629,137","13,52811113","52,55699601",,,1125.0,63.0
217910,11,2,2100102.0,2021,11,11,7,2,5,2,0,1,1,0,0,0,0,0,"798182,9613","5826502,125","13,39440272","52,50691914",,,4765.0,61.0
217909,11,4,4300622.0,2021,10,19,3,3,1,1,2,0,1,0,0,0,0,0,"792866,5932","5827002,208","13,3167378","52,51428215",,,5463.0,46.0
217908,11,1,1200623.0,2021,10,1,5,3,1,5,2,1,1,0,0,0,0,0,"794892,9392","5829433,662","13,34866832","52,53498653",,,3870.0,38.0
217907,11,5,5100208.0,2021,11,17,6,2,5,3,1,0,1,0,1,0,1,0,"782543,5483","5830463,031","13,16796744","52,55075914",,,4553.0,29.0
217906,11,2,2100104.0,2021,10,20,5,3,5,3,2,1,1,0,0,0,0,0,"799282,1211","5826219,519","13,41029524","52,50378415",,,5744.0,53.0
217905,11,9,9501838.0,2021,10,15,4,3,2,6,0,0,1,0,0,0,0,1,"820773,5598","5819500,815","13,71941115","52,43137866",,,5086.0,65.0
217904,11,5,5100101.0,2021,10,10,7,3,2,6,0,0,1,0,0,0,0,1,"785211,1507","5832246,93","13,20873701","52,56536304",,,5553.0,28.0
217903,11,6,6300632.0,2021,10,8,5,3,5,3,0,0,1,0,0,0,0,0,"791940,5747","5817204,11","13,29455596","52,42693942",,,4064.0,52.0
217902,11,2,2400623.0,2021,11,13,2,2,5,3,0,1,1,0,0,0,0,0,"801079,069","5827141,481","13,43752333","52,51105933",,,6038.0,59.0
217901,11,8,8200831.0,2021,11,16,5,3,2,6,2,0,1,0,0,0,0,1,"799877,6988","5816549,057","13,41035633","52,41677544",,,4957.0,49.0
217900,11,2,2500833.0,2021,11,22,4,3,1,5,2,1,1,0,0,0,0,1,"802702,7378","5826977,899","13,46122677","52,50869461",,,4860.0,47.0
217899,11,11,11100101.0,2021,10,13,7,2,3,6,0,0,1,0,1,0,0,0,"803910,3261","5834706,165","13,48603509","52,57728863",,,2976.0,49.0
217898,11,1,1300834.0,2021,10,8,5,3,2,6,0,0,1,0,0,0,0,0,"797842,3871","5830435,23","13,39292217","52,54236051",,,4067.0,9.0
217897,11,9,9300920.0,2021,10,14,3,2,5,3,0,0,1,0,1,0,0,0,"807748,9459","5817906,375","13,5269814","52,42457145",,,5057.0,58.0
217896,11,8,8200730.0,2021,11,15,3,3,5,7,0,0,1,0,0,0,1,0,"802301,9997","5818950,085","13,44806489","52,43696283",,,4065.0,7.0
217895,11,3,3601245.0,2021,11,10,6,3,0,7,0,1,0,0,0,0,0,1,"800599,3816","5831423,605","13,43434827","52,54970556",,,5066.0,56.0
217894,11,11,11100204.0,2021,11,14,2,3,6,4,0,0,0,1,0,0,1,0,"805828,6754","5833616,667","13,51325201","52,56644973",,,4451.0,11.0
217893,11,1,1100101.0,2021,10,9,2,3,0,1,0,1,0,0,0,0,0,0,"794663,1649","5826174,052","13,34240298","52,50589065",,,3638.0,58.0
217892,11,9,9301228.0,2021,10,7,4,3,8,1,0,0,1,0,0,0,0,1,"816479,6106","5810436,685","13,64790515","52,35265845",,,2857.0,33.0
217891,11,4,4501152.0,2021,10,18,2,3,0,1,1,0,0,0,0,0,1,0,"793965,0302","5824906,185","13,3310275","52,49490148",,,5064.0,24.0
217890,11,7,7601237.0,2021,11,14,7,3,6,4,0,0,1,1,0,0,0,1,"797535,2824","5816196,77","13,37570229","52,41489587",,,4065.0,7.0
217889,11,1,1200520.0,2021,11,18,2,3,2,2,2,0,1,0,1,0,0,1,"794428,2703","5829101,148","13,34154288","52,53225699",,,5453.0,1.0
217888,11,5,5300737.0,2021,11,21,3,3,8,7,2,0,1,0,0,0,0,0,"787973,745","5830390,236","13,24777131","52,54726278",,,1225.0,49.0
217887,11,1,1100101.0,2021,11,9,6,3,2,6,0,0,1,0,0,0,1,1,"795146,7513","5825900,768","13,34926497","52,50317947",,,4446.0,12.0
217886,11,8,8401244.0,2021,10,18,6,2,5,2,1,0,1,0,1,0,0,0,"806239,9445","5816367,211","13,50345017","52,41162323",,,6967.0,41.0
217885,11,8,8200832.0,2021,10,12,1,3,5,5,0,0,1,0,1,0,0,0,"801679,6102","5816731,211","13,43693558","52,41741798",,,5446.0,19.0
217884,11,10,10300734.0,2021,10,12,7,3,0,7,0,0,1,0,0,0,0,0,"809503,2266","5824347,596","13,55866767","52,48130723",,,4865.0,35.0
217883,11,3,3601243.0,2021,11,9,3,3,4,6,0,1,1,0,0,0,0,1,"799539,2555","5831519,803","13,41884704","52,55115178",,,3843.0,36.0
217882,11,3,3400830.0,2021,11,12,5,3,5,3,0,1,1,0,0,0,0,0,"799977,3703","5833095,037","13,42671293","52,56502994",,,4571.0,51.0
217881,11,7,7400823.0,2021,10,9,7,3,5,3,0,0,1,0,0,0,1,0,"796929,1926","5822277,286","13,37221997","52,4697315",,,3941.0,55.0
217880,11,3,3501038.0,2021,10,22,6,3,6,4,2,0,0,1,0,0,1,0,"804111,4474","5832395,136","13,48687539","52,55646368",,,3944.0,21.0
217879,11,9,9300920.0,2021,10,12,3,3,0,2,0,0,1,0,1,0,0,0,"807710,403","5817907,34","13,52641724","52,42460177",,,3163.0,57.0
217878,11,1,1401046.0,2021,10,8,4,3,5,2,0,1,1,0,0,0,0,0,"794611,7846","5829873,012","13,34492472","52,53907704",,,4860.0,47.0
217877,11,2,2500726.0,2021,10,19,2,3,1,5,1,1,1,0,0,0,0,1,"801988,8413","5828743,744","13,4523427","52,52491756",,,3870.0,38.0
217876,11,8,8401241.0,2021,11,10,3,3,5,3,0,0,1,0,1,0,0,1,"804416,0589","5819057,958","13,4791665","52,43675718",,,3941.0,55.0
217875,11,1,1300834.0,2021,10,6,4,3,6,4,1,0,0,1,1,0,0,1,"797893,1251","5830318,133","13,39356313","52,54128315",,,4539.0,51.0