ObjectID,State,District,LOR_ab_2021,AccidentYear,AccidentMonth,AccidentHour,DayOfWeek,AccidentCategory,AccidentType,AccidentTypeDetail,LightingCondition,InvolvingBike,InvolvingCar,InvolvingPedestrian,InvolvingMotorcycle,InvolvingHGV,InvolvingOther,RoadCondition,GraphicCoord1,GraphicCoord2,LongitudeWGS84,LatitudeWGS84,quadrant,quadrant_rank
217874,11,1,1100310.0,2021,10,9,4,3,6,7,0,0,0,1,0,0,1,0,"799127,9281","5827965,838","13,40959991","52,51952192",,,4571.0,51.0
217873,11,5,5200527.0,2021,11,17,6,2,6,4,1,0,1,1,0,0,0,0,"783193,0482","5827508,555","13,17500298","52,52393129",,,4140.0,37.0
217872,11,9,9200512.0,2021,11,10,1,2,5,2,0,0,1,0,0,0,1,1,"809392,214","5821482,659","13,55438171","52,45569511",,,5353.0,48.0
217871,11,4,4300412.0,2021,11,14,4,3,5,3,0,1,1,0,0,0,0,0,"790687,1344","5827367,326","13,28503043","52,51872139",,,5453.0,1.0
217870,11,11,11400927.0,2021,11,1,1,3,0,1,2,1,0,0,0,0,0,0,"803714,0735","5826363,12","13,47552167","52,50262243",,,5453.0,1.0
217869,11,6,6200313.0,2021,10,15,4,2,6,4,0,0,1,1,0,0,0,0,"795210,1916","5818294,215","13,34346646","52,4349573",,,4228.0,55.0
217868,11,10,10400835.0,2021,10,16,2,3,5,2,0,1,1,0,0,0,0,0,"811197,5968","5827915,575","13,58687057","52,51231843",,,3046.0,37.0
217867,11,1,1200517.0,2021,10,19,1,3,5,3,2,0,1,0,0,0,0,0,"792602,3762","5828768,165","13,31440897","52,53025517",,,4570.0,59.0
217866,11,12,12500930.0,2021,11,7,4,3,1,5,0,0,1,0,0,0,1,0,"793286,8662","5835127,377","13,33009012","52,58689417",,,5352.0,35.0
217865,11,3,3601142.0,2021,11,9,6,3,6,4,0,0,1,1,0,0,0,1,"798933,0735","5831058,971","13,40951853","52,54735414",,,3073.0,65.0
217864,11,1,1100103.0,2021,10,9,2,3,5,2,0,0,1,0,0,0,0,1,"795176,9751","5825890,894","13,34970019","52,5030746",,,4049.0,39.0
217863,11,1,1100308.0,2021,10,12,4,3,5,3,0,1,0,0,0,0,1,1,"797060,2986","5828272,642","13,379491","52,52340233",,,2850.0,46.0
217862,11,4,4100101.0,2021,11,16,5,3,6,4,2,0,1,1,0,0,0,1,"790684,892","5829374,643","13,28675244","52,53671815",,,4674.0,48.0
217861,11,2,2100106.0,2021,11,14,4,2,0,3,0,0,1,0,1,0,0,1,"799979,298","5825437,381","13,41983134","52,49639067",,,5852.0,43.0
217860,11,8,8100314.0,2021,10,9,5,2,6,2,0,0,0,1,1,0,0,0,"801147,2194","5823779,734","13,43548543","52,48088961",,,4067.0,9.0
217859,11,9,9100101.0,2021,10,6,5,2,6,4,2,1,0,1,0,0,0,1,"801987,5279","5824639,365","13,44860032","52,48813053",,,4157.0,57.0
217858,11,1,1100102.0,2021,10,11,6,2,0,1,0,0,0,0,1,0,0,0,"796640,5332","5826650,905","13,3718762","52,50909365",,,3871.0,53.0
217857,11,1,1300836.0,2021,11,19,2,3,1,5,1,1,1,0,0,0,0,0,"796501,3024","5829912,379","13,37273847","52,53840513",,,4446.0,12.0
217856,11,4,4300518.0,2021,11,17,5,3,6,2,2,0,1,1,0,0,0,1,"792078,7908","5828568,806","13,3065373","52,52874877",,,5084.0,63.0
217855,11,1,1100102.0,2021,11,7,2,3,0,2,1,1,1,0,0,0,0,1,"796971,4357","5826593,615","13,37668647","52,50840008",,,3381.0,45.0
217854,11,11,11400931.0,2021,10,17,7,3,5,7,0,1,1,0,0,0,0,0,"806602,8636","5827292,152","13,5188032","52,50933317",,,2451.0,53.0
217853,11,7,7200413.0,2021,10,8,5,3,5,3,0,1,1,0,0,0,0,0,"796273,0966","5823230,042","13,36343586","52,47862837",,,5262.0,43.0
217852,11,2,2400624.0,2021,10,8,3,2,0,2,0,0,1,0,1,0,0,1,"801905,4019","5827397,113","13,44989447","52,51289388",,,4341.0,52.0
217851,11,4,4501044.0,2021,11,17,2,3,6,7,2,0,1,1,0,0,0,1,"793224,3217","5825343,546","13,3205333","52,4992207",,,4351.0,43.0
217850,11,2,2100103.0,2021,11,19,5,3,0,4,2,0,0,1,1,0,0,1,"798735,5515","5826189,199","13,40223951","52,50381189",,,6851.0,49.0
217849,11,12,12400616.0,2021,11,10,7,3,5,3,0,0,1,0,0,0,0,1,"786244,9195","5834743,86","13,22610274","52,587207",,,4446.0,12.0
217848,11,1,1100415.0,2021,10,10,3,3,6,4,0,0,1,1,0,0,0,1,"798443,8846","5829148,656","13,40060993","52,53049905",,,4864.0,14.0
217847,11,8,8100209.0,2021,11,13,5,3,5,3,0,1,1,0,0,0,0,0,"801346,6154","5822037,425","13,4368387","52,46516285",,,2946.0,59.0
217846,11,10,10100315.0,2021,10,19,5,2,6,4,2,0,0,1,0,0,1,0,"809688,4767","5831497,063","13,56803984","52,54527309",,,2851.0,8.0
217845,11,6,6200313.0,2021,10,18,6,3,6,2,1,0,1,1,0,0,0,1,"795346,9883","5818439,782","13,34560149","52,43618837",,,4240.0,51.0
217844,11,4,4300412.0,2021,10,16,6,3,2,6,0,0,1,0,0,0,0,1,"791385,4258","5827474,84","13,29538675","52,51931257",,,4330.0,47.0
217843,11,2,2300316.0,2021,10,20,6,3,5,2,2,1,1,0,0,0,0,0,"801163,2414","5825950,953","13,43768295","52,50034193",,,4755.0,4.0
217842,11,4,4501043.0,2021,11,16,3,3,0,1,0,0,0,0,1,0,0,0,"792723,8027","5824462,146","13,31240657","52,4915879",,,5064.0,24.0
217841,11,2,2300417.0,2021,11,18,5,3,8,1,2,0,1,0,0,0,0,1,"800770,2668","5825537,291","13,4315377","52,49685089",,,4447.0,16.0
217840,11,5,5200629.0,2021,11,17,4,3,5,3,2,0,1,0,1,0,0,0,"783835,6516","5827884,84","13,18477039","52,52697096",,,4023.0,43.0
217839,11,5,5100104.0,2021,10,18,1,3,2,7,0,1,0,0,1,0,0,0,"785208,007","5831390,726","13,20795482","52,5576881",,,5952.0,37.0
217838,11,1,1100308.0,2021,11,8,4,3,5,2,0,1,1,0,0,0,0,1,"796666,3286","5828336,131","13,37375783","52,52418594",,,4553.0,29.0
217837,11,1,1100308.0,2021,10,16,5,3,3,6,0,0,1,0,0,0,1,0,"797647,3784","5828138,338","13,38799844","52,52187829",,,6334.0,63.0
217836,11,1,1100103.0,2021,10,14,5,3,2,6,0,0,1,0,0,0,0,1,"795269,7781","5826073,88","13,35122572","52,50466472",,,4153.0,36.0
217835,11,1,1100310.0,2021,10,12,6,3,2,6,0,1,0,0,0,0,0,0,"799166,906","5828900,037","13,411013","52,52787424",,,4753.0,44.0
217834,11,11,11200410.0,2021,11,9,2,3,2,6,0,0,1,0,0,0,1,1,"806153,5921","5832025,994","13,51656345","52,55201126",,,4960.0,18.0
217833,11,5,5100316.0,2021,11,18,5,3,5,2,2,0,1,0,0,0,1,1,"784594,3565","5829195,073","13,19704577","52,53832298",,,4737.0,55.0
217832,11,4,4500939.0,2021,11,10,2,3,5,3,0,1,1,0,0,0,0,0,"791968,4773","5824742,156","13,30155862","52,49450269",,,4571.0,51.0
217831,11,9,9401330.0,2021,10,17,7,3,0,1,0,1,0,0,0,0,0,0,"811959,1306","5817504,049","13,5883239","52,41858218",,,3059.0,57.0
217830,11,1,1200520.0,2021,10,11,5,3,6,4,0,0,1,1,0,0,0,0,"794542,5552","5829082,36","13,34320618","52,53202683",,,6651.0,57.0
217829,11,5,5300840.0,2021,10,7,2,3,5,3,0,0,1,0,1,0,0,0,"789205,8802","5829280,464","13,26492522","52,53666072",,,5546.0,61.0
217828,11,9,9100304.0,2021,11,10,2,2,6,4,0,0,0,1,1,0,0,0,"804606,0536","5822066,764","13,4846966","52,46361854",,,4140.0,37.0
217827,11,11,11300616.0,2021,11,12,5,3,5,3,0,1,1,0,0,0,0,1,"803210,2944","5830000,073","13,47143742","52,53549986",,,2128.0,63.0
217826,11,9,9501940.0,2021,11,21,7,3,5,2,2,0,1,0,0,0,0,0,"811343,6355","5821568,911","13,58308838","52,45536006",,,4040.0,57.0
217825,11,10,10100311.0,2021,10,9,3,3,5,2,0,0,0,0,0,1,1,1,"807602,8508","5830736,025","13,5366765","52,5396342",,,5349.0,29.0
217824,11,4,4300622.0,2021,10,17,5,3,1,3,0,0,1,0,0,0,0,1,"793313,5582","5827205,851","13,32348504","52,51586753",,,4067.0,9.0
217823,11,6,6100207.0,2021,11,15,7,3,5,3,2,0,1,0,0,0,1,1,"793674,0082","5819951,416","13,32239085","52,45064055",,,3542.0,38.0
217822,11,1,1200522.0,2021,10,8,6,3,1,5,0,1,0,0,0,1,0,0,"794279,3044","5827681,162","13,33809646","52,51960817",,,4334.0,51.0
217821,11,2,2100102.0,2021,10,18,6,3,3,2,1,0,0,0,0,0,1,1,"798225,9455","5825857,96","13,39445719","52,50112152",,,4160.0,4.0
217820,11,10,10400939.0,2021,10,16,6,3,5,3,0,0,1,0,0,0,1,1,"813005,2802","5827344,64","13,61288436","52,50616805",,,4228.0,55.0
217819,11,4,4501040.0,2021,10,17,7,3,5,3,0,0,1,0,1,0,0,0,"792709,8727","5825557,501","13,31316453","52,50141493",,,4053.0,57.0
217818,11,2,2300316.0,2021,11,7,3,3,5,3,0,1,1,0,0,0,0,1,"801442,557","5826071,161","13,44189408","52,50126515",,,4960.0,18.0
217817,11,11,11300620.0,2021,11,6,6,1,6,4,2,0,0,1,0,0,1,1,"804151,818","5829835,984","13,48512573","52,5335046",,,2958.0,49.0
217816,11,5,5100211.0,2021,11,16,4,3,5,2,1,0,1,0,0,0,0,0,"782811,2469","5830388,09","13,17184121","52,54994827",,,4140.0,37.0
217815,11,3,3601451.0,2021,10,12,1,2,6,4,0,0,0,1,1,0,0,0,"801210,617","5829516,149","13,44160629","52,53227121",,,3870.0,38.0
217814,11,3,3601346.0,2021,10,16,5,3,0,1,0,1,0,0,0,0,0,0,"799519,2305","5830985,136","13,41807035","52,54637038",,,5349.0,29.0
217813,11,9,9100407.0,2021,10,16,3,3,6,4,0,0,0,1,0,0,1,1,"805948,1267","5819932,546","13,50243452","52,44374089",,,5261.0,46.0
217812,11,8,8100104.0,2021,11,19,6,3,2,6,1,0,1,0,0,0,1,0,"800902,8051","5822397,522","13,43065027","52,46863511",,,6084.0,63.0
217811,11,3,3500933.0,2021,11,20,2,2,6,7,2,0,1,1,0,0,0,0,"802648,355","5832425,655","13,46538812","52,55755225",,,5752.0,11.0
217810,11,2,2400521.0,2021,10,9,3,3,2,7,0,0,1,0,0,0,1,0,"800501,6779","5828471,06","13,43024187","52,52329511",,,4153.0,36.0
217809,11,2,2200213.0,2021,11,20,7,3,5,2,2,0,1,1,0,0,0,1,"800155,972","5825068,798","13,42209391","52,49298978",,,3452.0,33.0
217808,11,12,12500926.0,2021,11,12,1,2,5,3,0,1,1,0,0,0,0,1,"793303,5235","5836012,129","13,33111867","52,59481643",,,4453.0,15.0
217807,11,1,1401048.0,2021,11,16,4,3,5,3,0,0,1,0,0,0,0,0,"795694,1623","5831381,04","13,36217995","52,55200887",,,3841.0,47.0
217806,11,6,6300524.0,2021,11,16,6,3,5,2,0,1,1,0,0,0,0,0,"787514,5235","5817368,863","13,22978282","52,43076047",,,3051.0,26.0
217805,11,8,8100314.0,2021,10,11,6,3,1,5,0,1,0,0,0,1,0,0,"801425,5199","5823868,901","13,43965167","52,48153529",,,5356.0,13.0
217804,11,3,3300413.0,2021,10,11,7,2,5,3,0,0,1,0,1,0,0,0,"803041,5851","5837795,122","13,47607997","52,60545825",,,4158.0,65.0
217803,11,4,4300416.0,2021,10,18,7,3,5,2,1,1,1,0,0,0,0,0,"791457,1362","5826090,725","13,29522835","52,5068658",,,5446.0,19.0
217802,11,4,4501042.0,2021,11,18,3,3,2,6,2,0,1,0,0,0,0,0,"794337,3224","5825918,846","13,33739043","52,50377876",,,3152.0,19.0
217801,11,10,10100311.0,2021,11,18,5,3,6,4,1,0,1,1,0,0,0,1,"807110,995","5828090,318","13,52700336","52,51620061",,,5852.0,43.0
217800,11,3,3601142.0,2021,10,12,7,3,5,3,0,0,1,0,0,0,0,0,"799199,639","5831108,845","13,41348286","52,54765484",,,5237.0,45.0
217799,11,7,7601546.0,2021,10,14,6,3,5,2,0,0,1,0,0,0,0,0,"798560,0481","5814427,227","13,3891474","52,39847583",,,4553.0,29.0
217798,11,11,11300721.0,2021,10,15,3,3,2,6,0,0,1,0,0,1,0,0,"806113,1418","5830141,65","13,51423234","52,53514613",,,4330.0,47.0
217797,11,11,11200410.0,2021,10,4,4,2,5,2,2,0,1,0,1,0,0,0,"805215,827","5832236,913","13,50296938","52,55442785",,,5380.0,65.0
217796,11,1,1100415.0,2021,10,8,3,3,0,1,0,1,0,0,0,0,0,1,"797389,6996","5829154,908","13,38512094","52,53113123",,,4140.0,37.0
217795,11,2,2100105.0,2021,11,17,5,3,3,6,2,1,1,0,0,0,0,1,"799215,8326","5825966,099","13,40909382","52,50154896",,,3051.0,26.0
217794,11,8,8100312.0,2021,11,18,3,3,5,3,2,1,1,0,0,0,0,1,"801264,7693","5824590,738","13,43794409","52,48809399",,,3870.0,38.0
217793,11,5,5200527.0,2021,10,7,4,3,5,2,0,1,1,0,0,0,0,1,"783326,9371","5827682,732","13,17711955","52,52542344",,,4652.0,24.0
217792,11,2,2500834.0,2021,10,18,4,3,1,5,0,0,1,0,0,0,0,0,"803047,9498","5826577,318","13,46593307","52,50491261",,,3480.0,38.0
217791,11,8,8401242.0,2021,11,23,6,3,2,6,2,0,1,0,0,0,0,0,"804510,9249","5816087,836","13,47785428","52,4100837",,,6029.0,56.0
217790,11,9,9200717.0,2021,11,16,7,3,3,7,1,0,1,0,0,0,0,0,"809414,0595","5818616,934","13,55204881","52,43000047",,,4865.0,35.0
217789,11,7,7601340.0,2021,11,15,4,3,5,2,0,1,0,0,0,1,0,0,"796589,4753","5815862,363","13,3615403","52,41241146",,,2851.0,8.0
217788,11,12,12100101.0,2021,11,21,1,3,5,3,2,0,1,0,0,0,0,0,"795771,7398","5832573,063","13,36438302","52,56265206",,,5158.0,55.0
217787,11,8,8401243.0,2021,10,8,7,2,5,2,0,0,1,0,0,0,0,0,"805547,183","5818559,307","13,49529859","52,43165729",,,5059.0,35.0
217786,11,2,2500728.0,2021,10,17,4,3,5,3,1,0,1,0,0,0,0,0,"803009,0402","5828269,27","13,46690205","52,52009893",,,5453.0,1.0
217785,11,4,4300517.0,2021,10,5,1,3,8,1,2,0,1,0,0,0,0,0,"791702,9295","5827860,322","13,3003909","52,5225986",,,5752.0,11.0
217784,11,5,5200423.0,2021,10,20,1,3,2,6,2,0,1,0,0,0,0,0,"781305,9141","5828390,668","13,14800759","52,53281781",,,6251.0,61.0
217783,11,5,5200423.0,2021,11,15,5,3,2,2,0,0,1,0,0,0,0,0,"781984,4125","5828468,758","13,15805007","52,53316738",,,5159.0,61.0
217782,11,10,10100311.0,2021,11,15,6,3,5,2,0,0,1,0,0,0,0,0,"806307,8311","5830190,137","13,5171384","52,53547129",,,3352.0,26.0
217781,11,2,2200210.0,2021,10,18,7,3,2,2,1,0,1,0,0,0,0,0,"798802,2857","5824933,833","13,40209357","52,4925227",,,3480.0,38.0
217780,11,3,3400723.0,2021,10,18,5,3,6,2,2,0,1,1,0,0,0,1,"798614,9592","5833053,371","13,40663536","52,56540543",,,4067.0,9.0
217779,11,3,3400829.0,2021,11,18,5,2,5,2,2,1,0,0,0,0,0,0,"800000,7762","5833019,303","13,42698872","52,56433822",,,4760.0,20.0
217778,11,1,1401045.0,2021,11,5,3,3,2,6,2,0,1,0,0,0,0,1,"797119,3137","5831888,236","13,38359147","52,55577974",,,3843.0,36.0
217777,11,4,4300622.0,2021,10,14,5,3,5,2,0,1,1,0,0,0,0,0,"792918,5287","5826769,271","13,31729591","52,51216606",,,4160.0,4.0
217776,11,10,10400941.0,2021,10,14,5,3,5,3,0,1,1,0,0,0,0,1,"812638,5849","5825271,624","13,60555366","52,48780172",,,2848.0,27.0
217775,11,3,3100101.0,2021,10,15,5,3,2,6,0,1,1,0,0,0,0,0,"801641,019","5842236,16","13,45951335","52,64604121",,,4453.0,15.0
217774,11,1,1200624.0,2021,11,7,2,3,2,6,0,0,1,0,0,0,0,1,"795648,1311","5829724,009","13,36002814","52,5371801",,,5752.0,11.0
217773,11,7,7300517.0,2021,11,16,5,3,1,5,1,1,1,0,0,0,0,1,"794395,9728","5822574,053","13,33529722","52,4737629",,,3442.0,43.0
217772,11,7,7601340.0,2021,11,12,3,3,5,7,0,0,1,0,0,1,0,0,"796530,945","5815645,759","13,36049041","52,41050147",,,5349.0,29.0
217771,11,11,11300722.0,2021,10,12,2,3,5,7,0,0,1,0,0,0,1,0,"803792,5958","5827708,675","13,47790292","52,51463855",,,5652.0,13.0
217770,11,12,12500930.0,2021,10,8,5,3,5,2,0,0,1,0,1,0,0,0,"794343,2961","5834566,475","13,34514037","52,58129556",,,3941.0,55.0
217769,11,11,11300620.0,2021,10,7,3,3,6,4,0,0,1,1,0,0,0,0,"803815,9661","5829074,974","13,47949415","52,52687124",,,2050.0,58.0
217768,11,4,4200204.0,2021,11,16,3,3,2,7,1,0,1,0,0,0,0,0,"786554,7688","5826176,584","13,22327074","52,51023274",,,4766.0,48.0
217767,11,10,10200423.0,2021,11,12,5,3,5,3,0,1,1,0,0,0,0,0,"813245,1958","5831083,634","13,61992887","52,53953529",,,2848.0,27.0
217766,11,3,3400619.0,2021,11,16,1,3,5,3,1,0,1,0,0,0,0,1,"795968,8967","5835562,709","13,36995187","52,58934391",,,3841.0,47.0
217765,11,1,1100101.0,2021,10,8,2,3,6,4,0,1,0,1,0,0,0,0,"795008,0131","5826317,568","13,34759624","52,50699081",,,5652.0,13.0
217764,11,2,2400521.0,2021,10,19,2,3,5,3,1,0,1,0,0,0,1,0,"801248,9463","5827827,909","13,44064035","52,51711811",,,4333.0,53.0
217763,11,1,2100101.0,2021,11,16,7,3,6,4,2,0,1,1,0,0,0,1,"797046,9722","5826538,653","13,37774713","52,50786628",,,5453.0,1.0
217762,11,6,6400843.0,2021,10,18,5,3,6,2,1,0,1,1,0,0,0,0,"791543,5662","5819562,899","13,29079102","52,44829785",,,3051.0,26.0
217761,11,4,4300619.0,2021,10,0,7,2,8,1,2,0,1,0,0,0,0,0,"792647,0353","5827107,493","13,31360417","52,51534384",,,5453.0,1.0
217760,11,12,12500928.0,2021,10,20,6,3,0,3,2,0,1,0,1,0,0,1,"792883,119","5837526,567","13,32626982","52,60861904",,,4125.0,59.0
217759,11,1,1200629.0,2021,10,15,6,3,6,4,0,1,0,1,0,0,0,0,"794864,252","5827696,445","13,34670603","52,51942919",,,4069.0,34.0
217758,11,5,5100316.0,2021,11,15,2,3,5,2,0,0,1,0,0,0,0,1,"784788,0699","5828800,068","13,19955568","52,53468017",,,4448.0,24.0
217757,11,4,4300416.0,2021,11,7,6,3,1,5,0,1,1,0,0,0,0,1,"791856,8999","5825917,106","13,30094947","52,50509562",,,5064.0,24.0
217756,11,9,9200510.0,2021,11,17,4,3,6,4,2,0,0,1,0,0,1,0,"806570,4876","5822071,77","13,51352629","52,46256485",,,4865.0,35.0
217755,11,4,4501042.0,2021,10,0,6,3,0,1,2,1,0,0,0,0,0,0,"794444,5364","5825803,45","13,33886339","52,50268646",,,5453.0,1.0
217754,11,11,11300721.0,2021,10,10,3,3,5,3,0,0,1,0,0,0,0,0,"805142,2051","5829994,662","13,49982712","52,53437321",,,5353.0,48.0
217753,11,8,8100312.0,2021,10,19,3,3,1,5,2,1,1,0,0,0,0,1,"801329,1614","5823989,951","13,43834645","52,48267346",,,3953.0,55.0
217752,11,12,12500929.0,2021,11,12,3,3,5,3,0,0,1,0,1,0,0,1,"793640,4239","5837890,572","13,33774443","52,6114735",,,5355.0,51.0
217751,11,4,4501044.0,2021,10,7,3,3,1,5,1,1,1,0,0,0,0,1,"793136,5496","5824524,896","13,31852361","52,49192894",,,5349.0,29.0
217750,11,1,1300732.0,2021,10,13,4,3,4,1,0,0,1,0,1,0,0,0,"797671,5402","5831905,39","13,39172821","52,55563195",,,4067.0,9.0
217749,11,1,1100313.0,2021,11,12,1,3,5,3,0,0,1,0,0,0,0,1,"800066,5206","5826414,449","13,42199267","52,50510059",,,4864.0,14.0
217748,11,7,7601236.0,2021,11,6,2,2,5,5,2,0,1,0,1,0,0,1,"795864,8567","5816161,319","13,35118196","52,41548354",,,4654.0,10.0
217747,11,3,3300514.0,2021,11,14,4,3,8,1,0,0,1,0,0,0,0,0,"801463,8187","5837062,106","13,45218475","52,59976551",,,4065.0,7.0
217746,11,5,5200629.0,2021,11,15,7,3,6,4,0,0,1,1,0,0,0,0,"784518,6303","5828640,247","13,19545722","52,53338794",,,3382.0,61.0
217745,11,1,1100206.0,2021,10,9,7,3,5,3,0,1,1,0,0,0,0,0,"797677,1388","5827961,612","13,38827762","52,52027791",,,4335.0,53.0
217744,11,12,12500926.0,2021,10,10,7,2,5,2,0,0,1,0,0,0,0,0,"793422,8728","5836089,721","13,33294433","52,59544761",,,3537.0,58.0
217743,11,3,3601142.0,2021,11,15,3,3,0,6,0,1,0,0,0,0,1,0,"798254,3574","5830915,064","13,39940977","52,54643621",,,4447.0,16.0
217742,11,10,10100315.0,2021,11,13,5,3,5,3,0,0,1,0,0,0,0,0,"809743,0015","5831427,319","13,5687763","52,54461708",,,2730.0,65.0
217741,11,4,4100101.0,2021,10,20,7,3,0,7,2,1,0,0,0,0,0,0,"789755,7743","5829879,799","13,2735327","52,54174174",,,3252.0,41.0
217740,11,6,6400840.0,2021,10,9,4,3,1,5,0,0,1,0,0,0,0,0,"789054,2755","5819700,686","13,25438428","52,45085501",,,5553.0,28.0
217739,11,1,1100207.0,2021,10,8,3,2,5,3,0,0,1,0,0,0,1,1,"798481,3109","5826666,178","13,3989326","52,50822652",,,6851.0,49.0
217738,11,6,6200421.0,2021,11,16,4,3,5,2,2,1,1,0,0,0,0,1,"793122,7448","5817655,037","13,312288","52,43034985",,,4675.0,44.0
217737,11,4,4100101.0,2021,11,20,3,2,5,2,2,0,1,0,0,0,0,1,"793341,1986","5829717,341","13,32610691","52,53836698",,,2958.0,49.0
217736,11,4,4200311.0,2021,10,16,4,3,3,6,0,0,1,0,0,1,0,0,"790158,6475","5826066,708","13,27612951","52,50734265",,,4430.0,31.0
217735,11,7,7400822.0,2021,10,14,3,3,2,6,0,0,1,0,0,0,0,0,"796791,021","5821977,181","13,36992491","52,46711642",,,4956.0,45.0
217734,11,2,2200213.0,2021,10,13,4,3,1,5,0,1,1,0,0,0,0,0,"799859,2491","5824780,393","13,41747697","52,49056775",,,3552.0,52.0
217733,11,7,7400720.0,2021,11,10,2,3,6,2,0,0,1,1,0,0,0,0,"797675,3937","5823654,682","13,38440213","52,48167226",,,3538.0,44.0
217732,11,6,6200311.0,2021,10,7,3,3,6,2,2,0,1,1,0,0,0,1,"796471,1648","5818336,072","13,36199819","52,43465051",,,4163.0,33.0
217731,11,12,12200412.0,2021,11,4,7,2,1,5,2,1,1,0,0,0,0,0,"788547,4648","5832781,031","13,25828718","52,56839333",,,4065.0,7.0
217730,11,4,4300622.0,2021,11,13,2,3,5,2,0,1,1,0,0,0,0,1,"792918,5165","5826769,293","13,31729575","52,51216626",,,3032.0,48.0
217729,11,8,8200832.0,2021,11,6,3,3,2,6,2,0,1,0,0,0,0,1,"801555,2123","5817377,055","13,43569401","52,42327547",,,5436.0,61.0
217728,11,8,8401243.0,2021,11,8,6,3,2,6,0,1,1,0,0,0,0,0,"805605,8432","5817374,997","13,49507671","52,42101",,,2847.0,41.0
217727,11,8,8100102.0,2021,10,2,7,3,0,1,2,0,0,0,0,0,1,0,"800153,3446","5823651,3","13,42077881","52,48028557",,,4675.0,44.0
217726,11,7,7601442.0,2021,10,11,7,3,5,3,0,0,1,0,0,0,1,0,"799067,517","5814291,839","13,39646306","52,39698537",,,4160.0,4.0
217725,11,11,11300721.0,2021,11,10,3,3,0,2,0,1,1,0,0,0,0,1,"805516,5431","5830038,506","13,50536912","52,53455646",,,2551.0,50.0
217724,11,1,1100308.0,2021,11,18,5,3,5,7,2,0,1,0,0,0,1,1,"797641,2577","5828171,7","13,38793835","52,52218069",,,5062.0,44.0
217723,11,1,1300733.0,2021,10,14,7,2,6,7,0,0,0,1,0,0,1,0,"797033,2326","5831564,32","13,38203567","52,55292317",,,4339.0,29.0
217722,11,10,10200526.0,2021,10,15,6,3,6,2,0,0,1,1,0,0,0,0,"812262,7242","5830197,414","13,60465709","52,53215762",,,4344.0,28.0
217721,11,7,7100103.0,2021,10,21,3,3,0,7,2,1,0,0,0,0,0,1,"796012,13","5825353,78","13,36149085","52,49780742",,,4229.0,34.0
217720,11,9,9200717.0,2021,10,6,3,2,6,4,2,0,1,1,0,0,0,1,"809889,0944","5819261,245","13,55961057","52,43550581",,,2850.0,46.0
217719,11,2,2300314.0,2021,11,19,4,3,0,6,2,0,1,0,1,0,0,1,"799792,3735","5826023,636","13,41761383","52,50174826",,,4163.0,33.0
217718,11,6,6100103.0,2021,11,20,3,3,0,7,2,0,0,0,0,0,1,1,"793601,5524","5821408,944","13,32260945","52,46374572",,,4622.0,59.0
217717,11,7,7601238.0,2021,10,11,4,2,5,2,0,0,1,0,1,0,0,0,"798582,0224","5816765,711","13,39155478","52,41942585",,,3144.0,48.0
217716,11,4,4100101.0,2021,10,9,6,3,2,6,0,0,1,0,0,0,1,1,"790476,4714","5829037,95","13,2833939","52,53381083",,,6751.0,63.0
217715,11,3,3200207.0,2021,11,21,6,2,2,6,2,0,1,0,0,0,0,0,"799608,8222","5836307,847","13,42419582","52,59403018",,,4539.0,51.0
217714,11,2,2100102.0,2021,11,10,7,3,5,2,0,0,1,0,0,0,0,0,"798221,3117","5825857,213","13,39438846","52,50111736",,,4047.0,22.0
217713,11,12,12200309.0,2021,11,18,4,3,0,7,1,0,1,0,0,0,1,0,"792912,2192","5832705,463","13,32243623","52,56538485",,,4863.0,28.0
217712,11,7,7200307.0,2021,11,16,2,3,6,2,0,0,1,1,0,0,0,0,"794956,3071","5824461,191","13,34519262","52,49037761",,,5436.0,61.0
217711,11,3,3400826.0,2021,10,10,7,3,0,2,0,1,1,0,0,0,0,0,"798934,5028","5832600,956","13,41092805","52,56117488",,,4049.0,39.0
217710,11,1,1200522.0,2021,10,17,4,2,6,4,0,0,0,1,0,0,1,0,"793977,8595","5828195,861","13,33412148","52,52438474",,,3940.0,61.0
217709,11,6,6400838.0,2021,10,17,2,3,0,1,1,1,0,0,0,0,0,0,"787637,6549","5818131,101","13,23224473","52,43752978",,,3051.0,26.0
217708,11,2,2500726.0,2021,11,9,2,3,5,2,0,0,1,0,0,0,1,0,"801768,164","5828663,693","13,44902719","52,52432225",,,3942.0,35.0
217707,11,3,3300514.0,2021,11,8,4,3,5,2,0,1,0,0,0,0,1,0,"802027,067","5836402,012","13,4598737","52,59353666",,,7750.0,57.0
217706,11,11,11300617.0,2021,11,10,6,3,5,3,0,0,1,0,0,0,0,1,"802950,2805","5829192,375","13,46687958","52,52840521",,,4150.0,19.0