ObjectID,State,District,LOR_ab_2021,AccidentYear,AccidentMonth,AccidentHour,DayOfWeek,AccidentCategory,AccidentType,AccidentTypeDetail,LightingCondition,InvolvingBike,InvolvingCar,InvolvingPedestrian,InvolvingMotorcycle,InvolvingHGV,InvolvingOther,RoadCondition,GraphicCoord1,GraphicCoord2,LongitudeWGS84,LatitudeWGS84,quadrant,quadrant_rank
217705,11,2,2200210.0,2021,10,13,1,3,5,3,0,0,1,0,1,0,0,0,"798622,4675","5825074,061","13,39957858","52,49387807",,,3945.0,34.0
217704,11,7,7100102.0,2021,10,23,4,3,0,1,2,0,0,0,0,0,1,0,"795226,9234","5825061,262","13,3496985","52,49561053",,,2849.0,40.0
217703,11,2,2500726.0,2021,11,14,6,3,0,7,0,0,0,0,1,0,0,0,"801879,9163","5828966,997","13,45094471","52,5269789",,,4856.0,19.0
217702,11,1,1100102.0,2021,11,9,4,3,5,2,0,1,1,0,0,0,0,1,"795420,8157","5827463,277","13,35467776","52,5170378",,,5463.0,46.0
217701,11,2,2300314.0,2021,10,18,4,3,6,4,2,0,1,1,0,0,0,0,"799629,3439","5826168,003","13,41534915","52,50313183",,,3381.0,45.0
217700,11,10,10100104.0,2021,10,8,7,3,5,3,0,0,1,0,0,0,0,1,"810264,8895","5833858,625","13,57871987","52,56610806",,,4753.0,44.0
217699,11,11,11200514.0,2021,10,14,6,3,5,2,0,0,0,0,0,0,1,0,"803342,1215","5830064,297","13,47343365","52,53600213",,,5448.0,59.0
217698,11,11,11401032.0,2021,11,6,3,3,5,3,1,0,1,0,1,0,0,1,"805687,0834","5827464,222","13,5055096","52,51138924",,,4227.0,57.0
217697,11,1,1300834.0,2021,11,19,5,2,6,2,1,0,1,1,0,0,0,1,"797699,7384","5830672,223","13,39103733","52,5445628",,,4140.0,37.0
217696,11,2,2100102.0,2021,11,9,4,3,5,2,0,1,1,0,0,0,0,1,"798181,2266","5826512,671","13,39438668","52,50701462",,,4340.0,45.0
217695,11,2,2200210.0,2021,10,5,7,2,1,5,2,1,1,0,0,0,0,0,"798826,9264","5824910,895","13,40243485","52,49230361",,,4065.0,7.0
217694,11,8,8401243.0,2021,10,16,5,3,6,7,0,0,1,1,0,0,0,0,"805132,1922","5817982,729","13,48868743","52,42672121",,,3652.0,54.0
217693,11,6,6200313.0,2021,10,9,3,3,0,2,0,1,1,0,0,0,0,1,"795673,2401","5818237,823","13,35020817","52,43420167",,,3163.0,57.0
217692,11,7,7400826.0,2021,10,22,2,3,5,7,2,0,0,0,1,0,1,0,"796858,1479","5820177,852","13,36931014","52,45095059",,,4065.0,7.0
217691,11,11,11100309.0,2021,11,16,2,3,3,6,1,1,0,0,0,0,0,1,"805310,8461","5833202,858","13,50525509","52,56303169",,,3071.0,39.0
217690,11,6,6400737.0,2021,11,15,6,3,9,1,0,0,1,0,0,0,0,1,"784712,1106","5819832,172","13,1907742","52,45431283",,,2848.0,27.0
217689,11,3,3200205.0,2021,11,5,7,3,0,6,2,0,1,0,0,0,0,0,"797169,0686","5835656,649","13,38770016","52,58953163",,,4960.0,18.0
217688,11,10,10400940.0,2021,10,13,3,3,1,5,0,0,1,0,0,0,0,1,"811932,7101","5824616,727","13,59457879","52,48233674",,,4339.0,29.0
217687,11,1,1300834.0,2021,11,16,7,3,3,6,2,0,1,0,1,0,0,1,"797439,4972","5831126,888","13,38761823","52,54878044",,,5752.0,11.0
217686,11,2,2200209.0,2021,11,17,2,3,6,2,2,0,1,1,0,0,0,1,"797108,0248","5824306,019","13,37665252","52,48781982",,,5446.0,19.0
217685,11,10,10100311.0,2021,10,6,5,3,5,2,0,0,1,0,0,0,0,0,"807453,2498","5828733,919","13,53262606","52,52177576",,,2529.0,40.0
217684,11,2,2400522.0,2021,10,7,6,3,1,5,2,1,1,0,0,0,0,0,"801656,3119","5828260,97","13,44701828","52,52077451",,,4430.0,31.0
217683,11,1,1300733.0,2021,10,16,2,3,6,4,0,1,0,1,0,0,0,0,"797103,4106","5831715,314","13,38320282","52,55423838",,,6136.0,59.0
217682,11,4,4501148.0,2021,10,14,6,3,1,5,0,0,1,0,1,0,0,0,"792911,8879","5823317,008","13,31416252","52,48122118",,,1827.0,53.0
217681,11,1,1100207.0,2021,11,9,4,3,3,6,0,0,0,0,1,0,1,0,"798113,8543","5826923,024","13,39376448","52,51072974",,,4960.0,18.0
217680,11,8,8100416.0,2021,11,17,5,3,1,5,2,0,1,0,0,0,0,1,"801963,9019","5823073,637","13,44683538","52,47410979",,,3051.0,26.0
217679,11,4,4300416.0,2021,10,14,6,3,2,6,0,0,1,0,0,0,0,0,"791931,0976","5826118,045","13,30221574","52,50685731",,,4340.0,45.0
217678,11,7,7400824.0,2021,10,8,3,2,5,2,0,1,1,0,0,0,0,0,"797842,741","5822041,767","13,38541881","52,46712304",,,6151.0,48.0
217677,11,4,4501153.0,2021,10,23,3,3,2,6,2,0,1,0,0,0,0,0,"794303,3242","5824164,105","13,33534068","52,48806683",,,3871.0,53.0
217676,11,1,1100312.0,2021,10,10,2,3,1,5,0,1,0,0,0,0,1,1,"799485,2207","5826632,238","13,41364978","52,50737212",,,5652.0,13.0
217675,11,9,9301126.0,2021,11,16,2,2,5,3,1,0,1,0,1,0,0,0,"810837,4905","5818460,646","13,5727726","52,42779302",,,5652.0,13.0
217674,11,7,7601544.0,2021,10,18,4,2,0,7,1,0,1,0,0,0,0,0,"799617,6185","5813175,761","13,40352625","52,38668045",,,3061.0,61.0
217673,11,1,1100309.0,2021,10,2,1,3,0,1,2,1,0,0,0,0,0,0,"798753,5641","5828367,619","13,40445982","52,52332854",,,5752.0,11.0
217672,11,7,7100206.0,2021,11,18,7,3,2,6,2,0,1,0,1,0,0,0,"796739,4054","5824806,404","13,37168522","52,49250577",,,2851.0,8.0
217671,11,11,11200411.0,2021,11,11,3,3,5,3,0,0,1,0,0,0,0,1,"805617,3206","5831149,146","13,50787178","52,54445385",,,3739.0,63.0
217670,11,6,6100102.0,2021,11,21,2,3,5,7,2,0,1,0,1,0,0,0,"793741,3216","5820565,818","13,32391896","52,45611229",,,5852.0,43.0
217669,11,11,11300721.0,2021,10,0,1,1,5,2,2,0,1,0,0,0,1,0,"805132,5632","5830007,835","13,4996975","52,53449667",,,4344.0,28.0
217668,11,8,8401244.0,2021,10,20,7,3,2,6,2,0,1,0,0,0,0,0,"804905,3276","5815668,925","13,48325329","52,40610958",,,2851.0,8.0
217667,11,1,1401046.0,2021,11,11,4,3,5,2,0,0,1,0,0,1,0,0,"794616,7923","5829881,698","13,34500605","52,5391522",,,2851.0,8.0
217666,11,8,8100417.0,2021,11,12,7,3,2,6,0,0,1,0,1,0,0,0,"801693,2712","5822575,198","13,44241222","52,46979173",,,4140.0,37.0
217665,11,3,3601450.0,2021,10,4,2,3,0,1,2,0,0,0,1,0,0,1,"802660,5745","5829614,259","13,46300615","52,53234742",,,5058.0,45.0
217664,11,1,1100206.0,2021,10,10,4,3,1,7,0,0,1,0,1,0,0,0,"797849,142","5827164,61","13,39009166","52,51303986",,,5160.0,41.0
217663,11,1,1401049.0,2021,11,8,4,3,5,2,0,1,1,0,0,0,0,1,"795974,2724","5831978,077","13,36683149","52,55720856",,,4251.0,2.0
217662,11,7,7601341.0,2021,11,16,3,3,5,3,2,1,1,0,0,0,0,1,"798082,8894","5815053,762","13,38271249","52,40435201",,,4140.0,37.0
217661,11,7,7200307.0,2021,10,10,5,3,2,7,0,0,0,0,1,0,1,0,"794601,4334","5824197,53","13,33974795","52,48820568",,,4762.0,48.0
217660,11,11,11300620.0,2021,10,15,5,3,2,6,1,0,1,0,1,0,0,1,"803575,5764","5829718,564","13,47654925","52,53277345",,,6967.0,41.0
217659,11,7,7400823.0,2021,11,14,6,3,5,3,0,0,1,0,0,0,1,0,"797339,9776","5821869,735","13,37788635","52,46585479",,,3773.0,57.0
217658,11,10,10400938.0,2021,11,7,2,3,5,3,0,1,1,0,0,0,0,1,"815201,575","5829195,013","13,64688936","52,52148421",,,3335.0,47.0
217657,11,11,11200513.0,2021,11,8,4,3,6,4,0,1,0,1,0,0,0,0,"804615,8399","5831082,694","13,4930884","52,54441911",,,4451.0,11.0
217656,11,7,7601442.0,2021,11,13,2,3,5,3,0,0,1,0,0,0,1,0,"799280,8495","5816275,292","13,4013617","52,41464814",,,4622.0,59.0
217655,11,8,8200831.0,2021,10,10,7,3,2,6,0,0,1,0,0,0,0,0,"799589,0819","5816401,958","13,40599355","52,41561493",,,4251.0,2.0
217654,11,7,7300517.0,2021,10,9,4,3,5,3,0,0,0,0,0,0,1,0,"794243,1385","5822039,172","13,33258177","52,46905031",,,5453.0,1.0
217653,11,5,5300737.0,2021,10,3,1,2,8,1,2,0,1,0,0,0,0,0,"788028,5109","5829413,578","13,24772988","52,53847769",,,5350.0,52.0
217652,11,9,9300920.0,2021,11,7,2,2,6,4,0,0,0,1,0,0,1,0,"808474,7247","5816597,469","13,53641478","52,41243222",,,4760.0,20.0
217651,11,2,2400521.0,2021,11,14,5,3,3,6,0,0,1,0,1,0,0,0,"800602,1164","5828481,07","13,43172685","52,52332947",,,4150.0,19.0
217650,11,8,8100415.0,2021,11,16,7,3,5,2,2,1,1,0,0,0,0,0,"801453,94","5823631,826","13,43985456","52,47939464",,,3480.0,38.0
217649,11,3,3601141.0,2021,10,11,2,3,2,2,0,1,1,0,0,0,0,1,"799213,6688","5831806,169","13,41431752","52,55389755",,,4331.0,54.0
217648,11,7,7100101.0,2021,10,15,5,3,1,5,0,1,1,0,0,0,0,0,"794909,3075","5825060,291","13,3450327","52,49577354",,,2958.0,49.0
217647,11,2,2200208.0,2021,11,17,6,3,6,7,1,1,0,1,0,0,0,0,"797530,0145","5824951,072","13,383425","52,49337219",,,4571.0,51.0
217646,11,4,4500939.0,2021,11,16,4,3,2,7,2,0,1,0,0,0,0,1,"792426,3178","5824089,374","13,30771035","52,48840553",,,3352.0,26.0
217645,11,4,4200310.0,2021,10,10,5,3,1,5,0,1,1,0,0,0,0,0,"790018,1552","5826428,68","13,2743807","52,51066249",,,7750.0,57.0
217644,11,1,1100415.0,2021,10,20,4,3,6,7,2,0,1,1,0,0,0,0,"798316,8083","5829367,886","13,39893891","52,53253371",,,4762.0,48.0
217643,11,1,1400942.0,2021,10,10,7,3,2,6,0,0,1,0,0,0,1,1,"794660,2277","5830798,504","13,34645787","52,54734719",,,3152.0,19.0
217642,11,11,11300722.0,2021,10,7,6,3,3,6,0,0,1,0,0,1,0,0,"803915,2648","5828077,657","13,48004208","52,51787728",,,2851.0,8.0
217641,11,7,7100102.0,2021,11,11,3,3,0,3,0,1,1,0,0,0,0,0,"795381,8632","5824981,476","13,35190339","52,49481148",,,4863.0,28.0
217640,11,12,12100101.0,2021,11,17,5,3,6,4,2,0,0,1,0,0,1,1,"796652,8235","5832850,295","13,37759089","52,56465779",,,3234.0,63.0
217639,11,9,9100407.0,2021,11,19,3,2,0,1,2,0,1,0,0,0,0,0,"804897,3623","5821576,377","13,48852332","52,45906091",,,824.0,65.0
217638,11,12,12100102.0,2021,10,23,1,2,1,5,2,1,1,0,0,0,0,0,"796570,0109","5833685,567","13,37711955","52,57219016",,,2851.0,8.0
217637,11,7,7100102.0,2021,10,8,5,3,6,2,0,0,1,1,0,0,0,0,"795469,2197","5825556,735","13,35369669","52,49992095",,,4954.0,49.0
217636,11,1,1100207.0,2021,10,14,3,3,5,3,0,1,1,0,0,0,0,0,"797885,9236","5826675,655","13,39019445","52,50863689",,,4854.0,36.0
217635,11,2,2400625.0,2021,10,9,6,2,2,7,0,0,1,0,0,0,1,0,"800929,7924","5826872,358","13,43508703","52,5087295",,,4672.0,50.0
217634,11,2,2100102.0,2021,10,8,2,3,5,2,0,1,1,0,0,0,0,0,"798451,8002","5826533,729","13,39838032","52,50705543",,,5652.0,13.0
217633,11,8,8100206.0,2021,11,15,6,3,5,2,0,1,1,0,0,0,0,0,"800434,3059","5823706,843","13,42495357","52,48062893",,,5257.0,59.0
217632,11,5,5300737.0,2021,11,20,2,3,2,6,2,0,1,0,0,0,0,1,"787342,1638","5830122,106","13,23825089","52,54519236",,,3542.0,38.0
217631,11,1,1100308.0,2021,11,12,5,3,1,5,0,1,1,0,0,0,0,1,"797583,3425","5828529,56","13,38740747","52,52542008",,,5553.0,28.0
217630,11,1,1100102.0,2021,11,22,3,2,3,2,2,0,1,0,1,0,0,0,"795079,733","5827225,231","13,34945463","52,51508855",,,4754.0,20.0
217629,11,7,7601341.0,2021,10,11,7,3,6,4,0,1,0,1,0,0,0,0,"797845,7477","5815287,83","13,37944503","52,40657925",,,4239.0,42.0
217628,11,7,7501031.0,2021,10,12,5,3,2,6,0,0,1,0,0,0,0,0,"799035,9712","5819700,933","13,40083522","52,44548868",,,6451.0,63.0
217627,11,11,11300620.0,2021,10,10,2,3,6,2,0,0,1,1,0,0,0,0,"804247,1239","5828701,389","13,48548825","52,52328251",,,4623.0,43.0
217626,11,8,8100104.0,2021,10,11,1,3,2,6,0,1,1,0,0,0,0,0,"800261,2607","5822199,105","13,42105586","52,46720957",,,2749.0,61.0
217625,11,1,1100309.0,2021,11,17,4,3,5,2,2,0,1,0,0,0,1,0,"797642,364","5828614,616","13,38835101","52,52615028",,,2847.0,41.0
217624,11,7,7300618.0,2021,11,0,7,3,1,5,2,1,1,0,0,0,0,0,"794946,2157","5822532,9","13,34333848","52,47309715",,,4451.0,11.0
217623,11,1,1100205.0,2021,10,8,2,3,1,5,0,1,0,0,0,0,1,1,"797047,484","5826540,421","13,37775623","52,50788184",,,7850.0,59.0
217622,11,3,3601453.0,2021,10,11,5,3,5,2,0,0,1,0,0,0,1,1,"802555,5106","5828615,661","13,46055332","52,52345542",,,4569.0,47.0
217621,11,3,3100103.0,2021,10,4,4,3,0,1,2,0,0,0,1,0,0,1,"804357,0873","5840432,503","13,49787248","52,62836044",,,2250.0,59.0
217620,11,2,2100106.0,2021,11,18,5,3,2,6,2,0,1,0,0,0,0,0,"799852,8123","5825696,906","13,41820738","52,49878642",,,2951.0,33.0
217619,11,10,10300734.0,2021,11,1,3,3,9,1,2,0,1,0,0,0,0,0,"809578,5766","5825251,04","13,56061271","52,48936094",,,1827.0,53.0
217618,11,10,10100311.0,2021,10,13,5,3,5,2,0,1,1,0,0,0,0,0,"806821,4281","5830312,467","13,52479973","52,53627875",,,2647.0,59.0
217617,11,3,3501038.0,2021,10,14,6,3,5,2,0,0,0,0,0,1,1,1,"803613,1319","5832012,588","13,4791978","52,55331308",,,5446.0,19.0
217616,11,12,12500926.0,2021,10,8,6,3,0,4,0,0,0,1,1,0,0,0,"793612,7823","5836128,098","13,335774","52,59568913",,,4330.0,47.0
217615,11,1,1100102.0,2021,11,6,3,3,2,6,1,0,1,0,0,0,0,0,"795191,8738","5827240,137","13,35111563","52,51516149",,,2847.0,41.0
217614,11,2,2300419.0,2021,11,18,5,3,1,5,2,1,1,0,0,0,0,1,"801714,07","5825847,935","13,44567964","52,4991143",,,5852.0,43.0
217613,11,3,3601141.0,2021,11,18,3,3,2,6,2,0,1,0,0,0,0,0,"798803,1957","5831788,89","13,40826573","52,55396802",,,4140.0,37.0
217612,11,11,11400929.0,2021,10,17,1,2,5,2,0,1,0,0,1,0,0,0,"804577,6529","5826365,802","13,48820744","52,50216514",,,3842.0,57.0
217611,11,3,3601142.0,2021,10,8,5,3,5,3,0,1,1,0,0,0,0,0,"799178,0636","5831224,174","13,41326952","52,54870044",,,2848.0,27.0
217610,11,2,2400521.0,2021,10,18,2,3,1,5,2,1,1,0,0,0,0,0,"801080,5599","5828002,557","13,43832435","52,5187765",,,4960.0,18.0
217609,11,4,4501042.0,2021,10,19,2,3,5,2,1,0,1,0,1,0,0,0,"793933,9043","5826060,96","13,33158955","52,50527022",,,4067.0,9.0
217608,11,5,5200528.0,2021,11,18,2,3,5,2,2,1,1,0,0,0,0,1,"783922,8123","5826614,916","13,18496766","52,51553923",,,6236.0,62.0
217607,11,3,3601450.0,2021,11,9,5,3,6,2,0,0,1,1,0,0,0,0,"802189,9931","5829405,043","13,45589963","52,53073331",,,3843.0,36.0
217606,11,1,1100415.0,2021,11,21,1,2,0,1,2,1,0,0,0,0,0,1,"798300,0997","5829371,235","13,39869632","52,53257287",,,4332.0,40.0
217605,11,6,6100209.0,2021,10,19,3,3,0,7,2,0,1,0,1,0,0,1,"794340,4713","5821633,018","13,33365222","52,4653569",,,4343.0,38.0
217604,11,8,8100520.0,2021,10,18,2,3,6,2,2,0,1,1,0,0,0,0,"803194,34","5822726,506","13,46458015","52,4703169",,,4754.0,20.0
217603,11,1,1300733.0,2021,11,18,7,3,6,4,2,0,0,1,1,0,0,1,"797115,9217","5831791,73","13,38345521","52,55491653",,,3045.0,61.0
217602,11,4,4300621.0,2021,11,14,2,3,6,7,0,0,1,1,0,0,0,0,"792158,5611","5827225,533","13,30652985","52,51666392",,,3843.0,36.0
217601,11,7,4501153.0,2021,11,15,2,3,0,1,1,1,0,0,0,0,0,1,"793902,9657","5822964,088","13,32840339","52,4775249",,,1225.0,49.0
217600,11,10,10200630.0,2021,10,7,6,3,5,2,0,1,1,0,0,0,0,0,"811561,006","5828996,093","13,59322011","52,52179381",,,4059.0,30.0
217599,11,1,1100312.0,2021,10,12,6,3,5,3,0,0,1,0,1,0,0,0,"799684,7945","5827210,079","13,41710177","52,51244199",,,4341.0,52.0
217598,11,5,5200528.0,2021,10,23,6,2,0,6,2,0,1,0,0,0,0,0,"783659,2617","5825416,451","13,18007276","52,50493066",,,3151.0,40.0
217597,11,5,5100104.0,2021,11,7,4,2,5,2,0,0,1,0,1,0,0,0,"785842,9887","5831731,015","13,21758886","52,5604061",,,5752.0,11.0
217596,11,1,1100308.0,2021,11,8,5,3,2,6,0,1,1,0,0,0,0,0,"797031,8573","5828963,166","13,37968987","52,5296076",,,4439.0,53.0
217595,11,3,3400721.0,2021,10,1,7,2,0,1,2,0,0,0,0,0,1,0,"797891,5783","5833071,64","13,39601109","52,56596548",,,2946.0,59.0
217594,11,5,5100313.0,2021,10,1,2,2,1,7,2,0,1,0,0,0,1,1,"785222,7195","5830952,369","13,20779457","52,55375015",,,2648.0,64.0
217593,11,2,2100102.0,2021,10,18,3,3,0,1,2,0,0,0,1,0,0,1,"798095,4588","5825498,857","13,39221915","52,49797391",,,5158.0,55.0
217592,11,7,7501029.0,2021,10,14,2,3,2,6,0,0,0,0,1,0,1,0,"797411,7998","5818684,226","13,3761038","52,43726075",,,4760.0,20.0
217591,11,8,8200624.0,2021,11,20,3,2,5,3,2,0,1,0,0,0,0,1,"801182,5908","5820607,225","13,43314131","52,45243393",,,5553.0,28.0
217590,11,1,1400939.0,2021,10,21,4,3,5,3,2,0,1,0,0,0,1,0,"794235,2325","5831837,308","13,34112905","52,55688905",,,4539.0,51.0
217589,11,7,7501030.0,2021,10,18,4,3,2,6,2,0,1,0,0,0,0,0,"797857,9301","5820148,969","13,38395299","52,45014787",,,5059.0,35.0
217588,11,7,7501031.0,2021,11,16,1,3,2,2,2,0,1,0,0,0,0,1,"798376,6832","5819792,42","13,39124533","52,44666893",,,6865.0,65.0
217587,11,4,4400728.0,2021,11,16,4,3,5,2,1,1,1,0,0,0,0,0,"789646,15","5823293,614","13,26618832","52,4827535",,,4856.0,19.0
217586,11,12,12601235.0,2021,11,16,7,3,5,2,2,0,1,0,0,0,0,0,"795279,246","5836365,42","13,36051697","52,59691423",,,4160.0,4.0
217585,11,7,7400826.0,2021,10,13,1,3,5,3,0,0,1,0,1,0,0,0,"796169,86","5820559,844","13,35955021","52,45474819",,,2429.0,57.0
217584,11,2,2200210.0,2021,10,20,7,3,5,3,2,0,1,0,0,0,0,0,"798902,0795","5825248,94","13,40384177","52,49529257",,,4571.0,51.0
217583,11,1,1401048.0,2021,11,18,5,3,4,6,1,1,0,0,0,0,1,1,"795359,253","5831474,906","13,3573383","52,553032",,,2851.0,8.0
217582,11,7,7300619.0,2021,11,15,6,3,5,3,0,0,1,0,0,0,0,0,"795302,4044","5821653,823","13,34778921","52,46502436",,,5069.0,51.0
217581,11,11,11400929.0,2021,10,7,2,3,6,4,0,1,0,1,0,0,0,1,"805002,2219","5826582,484","13,49464139","52,50387002",,,2958.0,49.0
217580,11,6,6300528.0,2021,10,14,4,3,2,6,0,0,1,0,0,0,0,0,"790081,0432","5815799,589","13,26606639","52,41533645",,,4160.0,4.0
217579,11,7,7300517.0,2021,11,14,5,3,0,7,0,0,1,0,0,0,0,0,"794227,6931","5822043,216","13,33235862","52,46909488",,,4761.0,38.0
217578,11,4,4501044.0,2021,11,8,4,3,5,2,0,1,1,0,0,0,0,1,"793207,1286","5824549,012","13,3195814","52,49210723",,,4334.0,51.0
217577,11,6,6300525.0,2021,10,16,5,3,5,3,0,0,1,0,0,0,0,0,"790244,9159","5814894,175","13,26768412","52,40713221",,,5349.0,29.0
217576,11,2,2400521.0,2021,10,17,5,3,5,2,0,1,1,0,0,0,0,1,"801247,6344","5827817,247","13,44061142","52,51702327",,,4860.0,47.0
217575,11,2,2500836.0,2021,10,15,6,2,0,7,0,1,0,0,0,0,0,0,"803155,4037","5825742,064","13,46675101","52,49736666",,,5534.0,65.0
217574,11,10,10400835.0,2021,11,11,1,3,8,1,0,0,1,0,0,0,0,1,"812035,6468","5829714,196","13,60086681","52,52795746",,,3945.0,34.0
217573,11,1,1100310.0,2021,11,16,5,3,3,6,2,0,0,0,1,0,1,1,"799570,9657","5828237,159","13,41635424","52,5217107",,,4956.0,45.0
217572,11,12,12601235.0,2021,11,18,3,3,2,2,1,0,1,0,0,0,0,0,"795448,6174","5836390,603","13,36303273","52,59704798",,,3046.0,37.0
217571,11,5,5100317.0,2021,10,17,7,3,5,2,0,1,1,0,0,0,0,0,"788108,4916","5827861,977","13,24756105","52,52452466",,,4251.0,2.0
217570,11,2,2400520.0,2021,10,11,5,3,5,3,0,1,1,0,0,0,0,0,"800158,7737","5828921,196","13,42560919","52,5275187",,,3752.0,59.0
217569,11,2,2200208.0,2021,10,6,2,3,5,2,1,1,0,0,0,0,1,0,"797942,073","5825259,243","13,38975201","52,49590982",,,2831.0,52.0
217568,11,7,9100306.0,2021,11,10,2,3,2,6,0,0,1,0,0,0,0,0,"802844,5517","5821408,299","13,45825024","52,45869581",,,5160.0,41.0
217567,11,9,9100407.0,2021,11,12,5,3,6,3,0,0,1,1,0,0,0,0,"806202,3708","5820381,725","13,50657515","52,44762434",,,4160.0,4.0
217566,11,1,1100103.0,2021,11,23,7,3,5,7,2,0,1,0,1,0,0,0,"795943,3363","5825629,806","13,36072569","52,50031905",,,3442.0,43.0
217565,11,6,6300634.0,2021,10,16,2,2,6,4,0,0,1,1,0,0,0,0,"792088,6255","5818851,757","13,29816673","52,44163155",,,2849.0,40.0
217564,11,11,11401135.0,2021,10,15,3,3,5,3,0,1,1,0,0,0,0,1,"805525,1333","5825983,06","13,50177149","52,49820518",,,7850.0,59.0
217563,11,1,1100310.0,2021,10,13,5,3,3,6,0,0,0,0,1,0,1,1,"799535,5773","5828192,711","13,41579419","52,52133172",,,2932.0,61.0
217562,11,8,8100311.0,2021,11,14,6,2,0,6,0,0,1,0,0,0,1,0,"800531,8852","5824457,65","13,42706299","52,487305",,,3051.0,26.0
217561,11,5,5300737.0,2021,10,19,5,2,0,3,0,0,1,0,1,0,0,0,"786959,4961","5829439,545","13,23203373","52,5392745",,,3243.0,53.0
217560,11,10,10200629.0,2021,10,15,6,3,5,3,0,1,1,0,0,0,0,1,"810492,8158","5827963,165","13,57656296","52,51314652",,,5437.0,63.0
217559,11,4,4100101.0,2021,10,17,7,3,5,2,0,0,1,0,0,0,0,0,"793341,4394","5829716,114","13,32610937","52,53835585",,,1025.0,59.0
217558,11,1,1100102.0,2021,10,14,6,3,5,3,0,1,1,0,0,0,0,0,"796701,2086","5827974,224","13,37394759","52,52092284",,,3944.0,21.0
217557,11,10,10100205.0,2021,11,14,3,3,0,7,0,0,0,0,1,1,0,1,"807651,9997","5830816,496","13,53747341","52,54032763",,,6334.0,63.0
217556,11,1,1401045.0,2021,11,7,6,3,2,6,0,0,1,0,0,0,1,1,"797029,9404","5831894,572","13,38228275","52,55588528",,,3252.0,41.0
217555,11,12,12500928.0,2021,11,7,5,3,6,4,0,0,1,1,0,0,0,1,"792033,7511","5837425,011","13,31367264","52,60816562",,,6128.0,63.0
217554,11,6,6300632.0,2021,10,10,1,3,5,3,0,1,1,0,0,0,0,0,"791635,762","5816259,787","13,28926249","52,41863603",,,3046.0,37.0
217553,11,1,1100103.0,2021,10,10,5,3,2,6,0,0,1,0,1,0,0,0,"795264,2174","5826017,545","13,35109407","52,50416273",,,542.0,61.0
217552,11,1,1200628.0,2021,10,0,2,3,5,3,2,0,1,0,0,0,1,0,"796149,2022","5828343,07","13,36616409","52,52452927",,,3841.0,47.0
217551,11,7,7200409.0,2021,10,9,3,3,1,5,0,0,1,0,0,0,1,1,"795832,9298","5824515,496","13,3581144","52,49039005",,,4863.0,28.0
217550,11,8,8200832.0,2021,11,17,2,3,5,2,2,0,1,0,0,0,0,1,"800307,955","5816744,853","13,41683949","52,41829458",,,4157.0,57.0
217549,11,8,8100102.0,2021,11,12,7,3,3,6,0,0,1,0,1,0,0,0,"800028,224","5823616,12","13,41891028","52,48003899",,,4954.0,49.0
217548,11,11,11401136.0,2021,11,21,2,3,1,5,2,0,1,0,0,0,1,0,"805921,5165","5826022,053","13,50762821","52,4983326",,,5453.0,1.0
217547,11,3,3601243.0,2021,10,14,3,3,5,3,0,0,1,0,0,0,0,1,"799519,4013","5831529,211","13,41856358","52,55124703",,,6251.0,61.0
217546,11,6,6100101.0,2021,11,16,7,3,5,3,2,0,1,0,0,0,0,1,"793396,9205","5820360,753","13,31868479","52,45445892",,,4855.0,25.0
217545,11,12,12100101.0,2021,11,0,2,3,3,6,2,0,1,0,0,0,1,1,"795788,0202","5832580,62","13,36462923","52,56271096",,,4957.0,49.0
217544,11,11,11300721.0,2021,11,7,3,2,6,4,0,0,1,1,0,0,0,1,"804944,6282","5829955,082","13,49688696","52,53412905",,,2947.0,18.0
217543,11,2,2500833.0,2021,11,2,7,3,5,3,2,0,1,0,1,0,0,0,"802520,771","5827279,593","13,45882798","52,51149961",,,4855.0,25.0
217542,11,4,4300414.0,2021,10,16,6,3,3,6,0,1,1,0,0,0,1,0,"791170,3719","5826589,824","13,29145177","52,51149333",,,4253.0,46.0
217541,11,5,5100104.0,2021,10,15,1,2,0,7,0,1,0,0,0,0,0,0,"785629,4534","5831545,508","13,21428777","52,55885494",,,4675.0,44.0
217540,11,2,2500833.0,2021,10,2,1,3,0,1,2,0,0,0,0,0,1,0,"802233,3761","5827122,103","13,45446299","52,51024734",,,3241.0,61.0
217539,11,11,11100205.0,2021,11,17,3,3,5,3,2,1,1,0,0,0,0,0,"805804,5133","5833786,076","13,51305281","52,56798157",,,5652.0,13.0
217538,11,1,1300732.0,2021,11,16,5,3,2,4,2,0,1,1,1,0,0,1,"797778,8208","5832025,008","13,39341324","52,55664552",,,6335.0,57.0
217537,11,1,1400940.0,2021,10,12,7,3,0,7,0,0,0,0,1,0,0,0,"795279,6849","5832284,069","13,35688797","52,56032856",,,4570.0,59.0
217536,11,3,3400831.0,2021,10,11,6,3,2,6,0,1,1,0,0,0,0,0,"799092,2746","5833226,493","13,41381244","52,56669519",,,3252.0,41.0