ObjectID,State,District,LOR_ab_2021,AccidentYear,AccidentMonth,AccidentHour,DayOfWeek,AccidentCategory,AccidentType,AccidentTypeDetail,LightingCondition,InvolvingBike,InvolvingCar,InvolvingPedestrian,InvolvingMotorcycle,InvolvingHGV,InvolvingOther,RoadCondition,GraphicCoord1,GraphicCoord2,LongitudeWGS84,LatitudeWGS84,quadrant,quadrant_rank
217196,11,1,1400938.0,2021,10,18,5,3,0,1,0,0,0,0,1,0,0,0,"793972,6273","5830138,779","13,33576297","52,54180466",,,4766.0,48.0
217195,11,12,12100205.0,2021,10,12,4,2,2,6,0,0,1,0,0,0,0,0,"795744,1882","5834129,213","13,36536533","52,57661633",,,7250.0,63.0
217194,11,11,11300618.0,2021,10,12,7,3,5,2,0,1,1,0,0,0,0,0,"802437,235","5828898,674","13,45907271","52,52605765",,,4330.0,47.0
217193,11,11,11300620.0,2021,10,12,6,3,5,2,0,0,1,0,0,0,1,0,"803671,2605","5829503,375","13,47775896","52,53079148",,,3442.0,43.0
217192,11,5,5300839.0,2021,11,18,2,2,0,1,2,1,0,0,0,0,0,0,"789057,575","5829677,534","13,26309017","52,54029923",,,5282.0,56.0
217191,11,1,1401043.0,2021,11,18,5,3,6,2,2,0,0,1,0,0,1,1,"795690,7296","5830925,987","13,36172425","52,54793161",,,5356.0,13.0
217190,11,2,2200210.0,2021,11,19,4,3,5,2,1,1,1,0,0,0,0,0,"798694,6944","5824675,867","13,40028232","52,49026926",,,2748.0,55.0
217189,11,5,5100105.0,2021,10,16,1,3,6,4,0,0,0,1,1,0,0,0,"784603,622","5831094,386","13,19880968","52,55534734",,,4353.0,37.0
217188,11,7,7400721.0,2021,10,15,5,3,5,7,0,0,1,0,1,0,0,0,"798881,0428","5823924,761","13,4023452","52,48343461",,,2851.0,8.0
217187,11,3,3400725.0,2021,10,15,3,3,5,3,0,0,1,0,1,0,0,0,"800009,6905","5835428,824","13,4293","52,58593037",,,4333.0,53.0
217186,11,9,9501939.0,2021,11,15,3,3,2,6,0,0,1,0,0,0,0,0,"809733,7822","5821530,043","13,55943641","52,45592631",,,4652.0,24.0
217185,11,2,2200209.0,2021,11,16,6,3,2,6,1,0,1,0,0,0,0,0,"797152,0377","5824493,538","13,37746601","52,48947678",,,3942.0,35.0
217184,11,3,3300516.0,2021,11,6,2,3,0,7,1,0,1,0,1,0,0,1,"801014,113","5833739,004","13,44254641","52,57022964",,,4448.0,24.0
217183,11,4,4400830.0,2021,10,10,3,3,6,4,0,0,1,1,0,0,0,1,"791657,7575","5822982,898","13,29545527","52,4788972",,,2849.0,40.0
217182,11,1,1300733.0,2021,10,0,1,3,2,6,2,0,1,0,0,0,0,0,"797140,3884","5831389,753","13,38345525","52,55129994",,,2037.0,63.0
217181,11,12,12100205.0,2021,11,16,7,2,6,2,2,0,1,1,0,0,0,1,"794843,1684","5833042,787","13,35114157","52,56736638",,,4160.0,4.0
217180,11,1,1100309.0,2021,11,16,2,2,0,1,2,1,0,0,0,0,0,1,"797655,0577","5828602,989","13,38852716","52,52603913",,,4526.0,46.0
217179,11,3,3701556.0,2021,11,18,3,3,3,6,2,1,0,0,0,0,0,0,"799786,8672","5829563,365","13,42072255","52,53347934",,,5653.0,57.0
217178,11,3,3500933.0,2021,11,9,6,3,5,3,0,0,1,0,0,0,0,1,"801981,0942","5832211,342","13,45538052","52,55600179",,,3479.0,63.0
217177,11,5,5200423.0,2021,10,17,6,3,5,3,0,1,1,0,0,0,0,0,"781306,3797","5828364,29","13,14799212","52,53258105",,,5349.0,29.0
217176,11,4,4400835.0,2021,10,11,6,3,0,1,0,0,0,0,0,0,1,1,"792838,1738","5821864,54","13,31180487","52,46823969",,,6851.0,49.0
217175,11,9,9300920.0,2021,10,23,6,3,5,3,2,0,1,0,0,0,0,0,"808499,3399","5816658,178","13,53683149","52,41296244",,,4331.0,54.0
217174,11,10,10400941.0,2021,11,12,3,2,5,3,0,1,1,0,0,0,0,0,"812497,1962","5823775,403","13,60207584","52,47447473",,,4753.0,44.0
217173,11,12,12500927.0,2021,11,7,5,3,5,2,0,0,1,0,0,0,0,1,"792761,833","5836307,458","13,32340559","52,59775576",,,4451.0,11.0
217172,11,9,9200613.0,2021,10,13,6,3,0,1,0,0,0,0,1,0,0,0,"807020,574","5821146,997","13,51927997","52,4540241",,,4253.0,46.0
217171,11,2,2300419.0,2021,10,18,6,3,1,5,2,1,1,0,0,0,0,0,"801297,5236","5825870,992","13,43958283","52,4995511",,,5930.0,65.0
217170,11,10,10100312.0,2021,10,7,3,3,5,3,0,0,1,0,0,0,0,0,"807842,4558","5829078,327","13,53866315","52,52464275",,,4960.0,18.0
217169,11,4,4501149.0,2021,10,18,3,3,3,6,2,1,1,0,0,0,0,1,"793664,751","5824474,311","13,32623648","52,49119157",,,6761.0,58.0
217168,11,5,5100208.0,2021,10,14,2,3,5,2,0,0,1,0,0,0,0,0,"781547,642","5830703,526","13,15352222","52,55343124",,,1851.0,61.0
217167,11,8,8100209.0,2021,11,10,3,2,8,1,0,0,1,0,0,0,0,1,"801810,3259","5821967,497","13,44358056","52,46428013",,,4125.0,59.0
217166,11,1,1100309.0,2021,10,1,4,3,8,1,2,0,0,0,0,0,1,0,"798649,6866","5828493,839","13,40304663","52,52451683",,,5652.0,13.0
217165,11,7,7601340.0,2021,10,16,4,2,5,2,0,1,1,0,0,0,0,0,"796157,5259","5815930,839","13,35526872","52,41325916",,,3061.0,61.0
217164,11,7,7400826.0,2021,11,18,6,3,5,2,1,0,1,0,1,0,0,0,"796514,3676","5819854,799","13,36397938","52,44824127",,,4348.0,45.0
217163,11,4,4200309.0,2021,11,15,7,3,5,3,0,0,1,0,0,0,0,0,"788997,4516","5826983,433","13,2598643","52,51617776",,,3843.0,36.0
217162,11,1,1300834.0,2021,11,8,4,3,5,2,0,1,1,0,0,0,0,0,"798070,104","5829987,907","13,39586876","52,53822634",,,5872.0,61.0
217161,11,1,1100308.0,2021,11,15,7,3,1,5,0,1,1,0,0,0,0,0,"797087,2695","5828994,557","13,38053237","52,52985879",,,3578.0,61.0
217160,11,8,8100415.0,2021,10,14,4,3,5,3,0,1,1,0,0,0,0,0,"801499,7848","5823646,866","13,44054116","52,47950414",,,4856.0,19.0
217159,11,6,6400839.0,2021,10,10,2,2,5,2,0,1,1,0,0,0,0,0,"788218,6532","5818683,097","13,24124407","52,44217291",,,4737.0,55.0
217158,11,11,11300723.0,2021,11,12,2,3,0,2,0,1,1,0,0,0,0,1,"804348,1409","5828422,456","13,48671735","52,52072618",,,5237.0,45.0
217157,11,1,1100310.0,2021,11,11,4,3,0,1,0,1,0,0,0,0,0,0,"798585,9528","5828098,874","13,40175543","52,52101142",,,3970.0,41.0
217156,11,6,6200316.0,2021,11,10,6,2,4,6,0,1,0,0,0,0,0,1,"796281,8255","5818009,698","13,35893197","52,4318274",,,2150.0,61.0
217155,11,8,8401244.0,2021,10,23,1,3,1,5,2,1,1,0,0,0,0,0,"806025,1955","5815815,08","13,4997981","52,40679479",,,4041.0,37.0
217154,11,3,3200308.0,2021,10,16,4,3,2,6,0,1,0,0,0,1,0,0,"800168,886","5836563,402","13,43267077","52,59601194",,,4668.0,57.0
217153,11,5,5100313.0,2021,11,16,5,3,6,2,2,0,1,1,0,0,0,0,"785404,0197","5830308,455","13,20990788","52,54788194",,,3459.0,63.0
217152,11,4,4200308.0,2021,11,15,3,3,5,3,0,1,1,0,0,0,0,1,"790112,0989","5826844,859","13,2761239","52,51434363",,,4637.0,65.0
217151,11,2,2500726.0,2021,10,19,4,3,5,2,2,0,1,0,1,0,0,0,"801760,5248","5828659,903","13,44891149","52,52429251",,,5070.0,63.0
217150,11,7,7501134.0,2021,10,8,6,3,5,3,0,0,1,0,1,0,0,0,"798775,5769","5819075,996","13,39645656","52,44002923",,,5453.0,1.0
217149,11,4,4300412.0,2021,10,15,6,2,5,2,0,0,1,0,0,0,1,0,"790798,479","5827375,53","13,28667395","52,51873557",,,2551.0,50.0
217148,11,2,2100102.0,2021,11,19,2,3,5,3,2,1,1,0,0,0,0,0,"798335,2046","5825631,103","13,39585879","52,49902832",,,5153.0,47.0
217147,11,7,7601544.0,2021,11,17,5,3,0,1,2,0,0,0,1,0,0,1,"799269,1169","5813287,421","13,39852033","52,3878718",,,2851.0,8.0
217146,11,10,10400941.0,2021,11,15,3,3,5,3,0,1,1,0,0,0,0,0,"812398,3351","5824300,767","13,60111714","52,47923918",,,2848.0,27.0
217145,11,5,5300839.0,2021,10,20,7,2,0,1,2,0,0,0,0,0,1,0,"788998,4173","5829833,159","13,2623557","52,54172582",,,4837.0,50.0
217144,11,6,6200420.0,2021,10,16,5,2,3,6,0,0,1,0,0,0,1,0,"792714,5973","5816204,895","13,30503302","52,41756799",,,5059.0,35.0
217143,11,8,8200832.0,2021,10,14,3,3,2,6,0,0,1,0,0,0,0,1,"801036,4509","5817379,615","13,42809041","52,42358404",,,4954.0,49.0
217142,11,10,10400940.0,2021,11,16,2,3,5,2,2,1,1,0,0,0,0,1,"812434,6437","5824757,683","13,60207818","52,48331294",,,4754.0,20.0
217141,11,11,11300722.0,2021,11,17,5,2,5,2,2,0,1,0,1,0,0,0,"803425,1724","5828617,623","13,47333406","52,52298975",,,5453.0,1.0
217140,11,4,4501148.0,2021,11,16,7,3,5,2,2,0,1,0,0,0,0,1,"793339,8174","5823068,434","13,32022715","52,47876309",,,4341.0,52.0
217139,11,9,9501838.0,2021,10,15,3,3,5,3,0,0,1,0,1,0,0,1,"819873,9256","5819717,096","13,70643064","52,43384325",,,4251.0,2.0
217138,11,1,1200522.0,2021,11,17,6,3,5,3,2,1,0,0,0,0,1,0,"794351,8805","5828182,549","13,33960672","52,52406361",,,3252.0,41.0
217137,11,2,2500836.0,2021,10,18,5,3,0,1,2,0,1,0,1,0,0,0,"803319,5723","5825583,937","13,46901793","52,49585818",,,1453.0,50.0
217136,11,7,7300619.0,2021,10,20,6,3,5,5,2,0,1,0,1,0,0,1,"794905,7204","5821904,782","13,34218877","52,46748831",,,6851.0,49.0
217135,11,4,4300416.0,2021,10,20,7,3,6,7,0,0,1,1,0,0,0,0,"791749,1247","5826019,323","13,29945567","52,50606963",,,3944.0,21.0
217134,11,8,8100418.0,2021,10,17,6,3,5,3,2,0,1,0,0,0,0,0,"801660,6212","5823963,219","13,44318847","52,48225085",,,4160.0,4.0
217133,11,4,4501045.0,2021,11,19,2,3,6,4,2,1,0,1,0,0,0,1,"793660,5533","5825394,14","13,3269857","52,49943968",,,5752.0,11.0
217132,11,3,3601243.0,2021,11,8,6,3,5,2,0,1,1,0,0,0,0,1,"799498,024","5831776,17","13,41847201","52,55347237",,,3352.0,26.0
217131,11,3,3601450.0,2021,11,16,4,3,0,2,2,0,1,0,0,0,1,1,"802346,9592","5829203,754","13,45802349","52,52884213",,,5160.0,41.0
217130,11,11,11300722.0,2021,10,16,1,3,5,2,0,0,1,0,0,0,0,0,"803885,3294","5827895,012","13,47943545","52,51625698",,,4240.0,51.0
217129,11,2,2400521.0,2021,10,11,3,3,3,6,0,1,1,0,0,0,0,0,"800732,6699","5828441,542","13,43360957","52,52290318",,,6651.0,57.0
217128,11,12,12500824.0,2021,10,13,4,2,6,4,0,0,1,1,0,0,0,0,"791080,4716","5835474,838","13,29792022","52,59119417",,,4348.0,45.0
217127,11,3,3200205.0,2021,11,6,2,3,5,3,2,0,1,0,0,0,0,0,"798161,9748","5836391,452","13,40297487","52,5955747",,,2854.0,17.0
217126,11,5,5100105.0,2021,10,7,4,3,2,3,0,1,1,0,0,0,0,1,"784556,2455","5831108,326","13,19812472","52,55549708",,,7069.0,49.0
217125,11,10,10300733.0,2021,11,18,7,3,5,2,2,0,1,0,0,0,0,1,"809513,7086","5827233,118","13,56150217","52,50716052",,,5063.0,29.0
217124,11,7,7400720.0,2021,11,13,2,3,5,3,0,0,1,0,0,0,0,0,"796526,4571","5822786,951","13,36676155","52,47451894",,,5652.0,13.0
217123,11,9,9100101.0,2021,11,11,4,3,5,3,0,1,0,0,1,0,0,0,"802244,0871","5824856,767","13,45256449","52,48993715",,,5362.0,45.0
217122,11,5,5200629.0,2021,11,12,6,3,5,2,0,0,1,0,0,0,0,1,"784521,2176","5828650,38","13,19550394","52,53347744",,,5337.0,65.0
217121,11,12,12200412.0,2021,10,14,1,2,1,5,0,0,1,0,1,0,0,0,"789267,4354","5833658,76","13,26964588","52,57588016",,,4863.0,28.0
217120,11,7,7501135.0,2021,10,1,1,3,1,5,2,1,1,0,0,0,0,0,"798605,0041","5817011,761","13,3921113","52,42161887",,,4954.0,49.0
217119,11,3,3601245.0,2021,11,9,4,3,5,3,0,1,1,0,0,0,0,0,"800972,2937","5831228,348","13,43965445","52,54774954",,,1324.0,65.0
217118,11,5,5200423.0,2021,11,10,5,2,5,3,0,0,1,0,0,0,0,0,"780879,6077","5828331,389","13,14168924","52,53250614",,,4067.0,9.0
217117,11,12,12200412.0,2021,10,17,6,3,5,2,0,0,1,0,0,0,0,0,"791167,2706","5834021,577","13,29792098","52,57811959",,,5452.0,39.0
217116,11,9,9301227.0,2021,10,15,6,3,1,5,0,1,1,0,0,0,0,0,"815736,0737","5814531,681","13,64087694","52,38978173",,,4638.0,48.0
217115,11,1,1400938.0,2021,10,8,6,2,5,3,0,1,1,0,0,0,0,0,"793880,8666","5830059,636","13,33434381","52,54114469",,,5446.0,19.0
217114,11,1,1300733.0,2021,10,18,6,3,6,2,1,0,1,1,0,0,0,1,"797152,8273","5831919,828","13,38411262","52,55604464",,,4160.0,4.0
217113,11,2,2200209.0,2021,10,8,7,3,5,3,0,1,0,0,0,0,0,1,"797742,0047","5824596,285","13,38622122","52,49007634",,,4766.0,48.0
217112,11,3,3400619.0,2021,10,16,6,3,5,3,0,1,1,0,0,0,0,0,"795956,8804","5835567,551","13,36977934","52,58939386",,,2351.0,59.0
217111,11,3,3400725.0,2021,11,17,3,3,5,2,2,0,1,0,1,0,0,0,"800014,5276","5835462,768","13,42940192","52,58623194",,,4160.0,4.0
217110,11,4,4501043.0,2021,11,19,5,3,5,2,2,1,1,0,0,0,0,1,"792836,033","5824337,245","13,31394509","52,49040801",,,6037.0,65.0
217109,11,1,1100416.0,2021,11,8,3,3,5,7,0,1,1,0,0,0,0,0,"798708,6987","5830059,937","13,40532113","52,53852233",,,5667.0,54.0
217108,11,4,4300621.0,2021,10,18,1,3,5,7,1,0,1,0,0,0,1,0,"792386,628","5826848,846","13,30955031","52,5131648",,,4251.0,2.0
217107,11,1,1300732.0,2021,10,20,5,3,5,2,2,1,0,0,0,0,1,0,"797700,1045","5832902,061","13,39304236","52,56455017",,,4654.0,10.0
217106,11,2,2500727.0,2021,10,14,3,3,0,1,0,1,0,0,0,0,0,0,"802201,069","5828112,967","13,45488828","52,51914635",,,4448.0,24.0
217105,11,4,4300621.0,2021,11,10,2,3,1,5,0,1,0,0,0,0,1,0,"791985,0407","5826791,059","13,30359868","52,51286188",,,4067.0,9.0
217104,11,4,4400835.0,2021,11,17,6,3,6,7,1,0,1,1,0,0,0,0,"792854,7291","5821890,591","13,31207075","52,46846437",,,2853.0,59.0
217103,11,12,12400723.0,2021,11,16,2,3,0,7,2,0,0,0,1,0,0,1,"792482,2022","5839252,095","13,32189195","52,62430329",,,4153.0,36.0
217102,11,5,5100317.0,2021,10,7,3,3,0,1,2,0,0,0,1,0,0,1,"787970,4447","5827900,044","13,24556487","52,52493887",,,5058.0,45.0
217101,11,6,6400838.0,2021,11,19,7,3,6,2,2,0,1,1,0,0,0,1,"788156,5465","5818728,365","13,24037191","52,44261149",,,2351.0,59.0
217100,11,10,10300731.0,2021,11,16,2,3,6,2,1,0,1,1,0,0,0,1,"809154,9324","5829964,521","13,55877115","52,53184197",,,4571.0,51.0
217099,11,6,6100207.0,2021,11,12,4,3,5,2,0,0,1,0,1,0,0,0,"793425,539","5819938,291","13,31873355","52,45065631",,,5058.0,45.0
217098,11,7,7100206.0,2021,11,17,6,3,6,7,2,0,1,1,0,0,0,0,"796025,1551","5824631,99","13,36104079","52,49133012",,,3051.0,26.0
217097,11,8,8100310.0,2021,10,15,6,3,6,7,0,1,1,1,0,0,0,0,"800793,0149","5825040,604","13,43142333","52,49238639",,,4767.0,50.0
217096,11,4,4200310.0,2021,10,16,7,3,5,2,0,0,1,0,1,0,0,0,"789438,3927","5826654,398","13,26605805","52,51299404",,,4755.0,4.0
217095,11,4,4300412.0,2021,10,12,7,3,2,6,0,0,1,0,0,0,0,0,"791656,4528","5827566,553","13,29945023","52,51998987",,,5353.0,48.0
217094,11,2,2200209.0,2021,11,12,3,2,1,5,0,1,0,0,0,0,1,1,"797505,4568","5824775,024","13,38290715","52,4918075",,,3435.0,54.0
217093,11,1,1100313.0,2021,11,17,5,3,5,3,1,0,1,0,0,0,0,1,"799772,2893","5826562,447","13,41780394","52,50658889",,,3676.0,38.0
217092,11,4,4501040.0,2021,10,11,7,3,5,7,0,1,1,0,0,0,0,0,"792286,4812","5825909,342","13,30725375","52,50479605",,,4065.0,7.0
217091,11,10,10300732.0,2021,10,16,6,3,6,6,2,0,1,1,0,0,0,0,"810282,8031","5829976,414","13,5753562","52,53130774",,,3942.0,35.0
217090,11,10,10200524.0,2021,10,8,2,3,5,3,0,1,1,0,0,0,0,0,"813719,8281","5829973,3","13,62585628","52,52931276",,,5852.0,43.0
217089,11,4,4300622.0,2021,10,11,4,3,6,4,0,0,0,1,1,0,0,0,"793698,6198","5826395,075","13,32842778","52,5083921",,,6659.0,63.0
217088,11,4,4501150.0,2021,10,17,3,3,5,7,1,0,1,0,1,0,0,0,"793439,6535","5823835,344","13,322368","52,48558452",,,4343.0,38.0
217087,11,4,4501042.0,2021,11,10,3,3,2,6,0,0,1,0,1,0,0,1,"794064,1439","5825946,838","13,33340208","52,50417699",,,6761.0,58.0
217086,11,7,7601442.0,2021,10,11,4,2,6,2,0,0,0,1,0,1,0,0,"799248,6827","5816259,532","13,40087607","52,41452446",,,4960.0,18.0
217085,11,11,11300721.0,2021,10,13,4,3,3,6,0,0,1,0,0,1,0,0,"805532,163","5830048,844","13,50560819","52,53464035",,,5446.0,19.0
217084,11,1,1200626.0,2021,11,15,6,2,5,3,0,0,1,0,0,0,0,0,"795322,1997","5828222,514","13,35390274","52,52389717",,,3970.0,41.0
217083,11,6,6100208.0,2021,11,2,7,3,6,4,2,0,0,1,0,0,1,0,"794058,5363","5820612,578","13,32861513","52,4563609",,,6451.0,63.0
217082,11,1,1300730.0,2021,11,14,4,3,5,3,0,0,1,0,1,0,0,0,"796223,801","5832160,315","13,37066407","52,55870646",,,4956.0,45.0
217081,11,12,12200309.0,2021,11,23,2,3,5,3,2,1,1,0,0,0,0,0,"793231,5531","5832405,496","13,32686885","52,56252391",,,2958.0,49.0
217080,11,7,7300618.0,2021,10,14,4,3,5,3,0,1,1,0,0,0,0,0,"794418,6757","5822074,367","13,33518949","52,46927124",,,3840.0,51.0
217079,11,6,6300528.0,2021,10,11,2,3,5,3,0,0,1,0,1,0,0,0,"788965,9082","5816398,339","13,25023283","52,42129445",,,5652.0,13.0
217078,11,10,10200420.0,2021,10,14,1,3,5,2,0,0,1,0,0,0,0,0,"812011,184","5830586,154","13,60132576","52,53578521",,,4623.0,43.0
217077,11,4,4100102.0,2021,11,13,4,3,5,2,0,0,1,0,0,0,0,0,"791429,789","5829183,339","13,29753619","52,53460531",,,5381.0,61.0
217076,11,1,1100206.0,2021,11,21,6,3,6,2,2,0,1,1,0,0,0,0,"797897,3474","5827372,244","13,39098579","52,51487471",,,4761.0,38.0
217075,11,3,3601348.0,2021,10,15,1,3,5,7,0,1,0,0,0,0,0,0,"799907,4955","5830645,501","13,42347227","52,54311252",,,4022.0,65.0
217074,11,9,9301227.0,2021,10,18,4,3,5,3,2,1,1,0,0,0,0,1,"815060,8409","5815053,335","13,63147753","52,39484495",,,5744.0,53.0
217073,11,2,2100102.0,2021,11,12,6,3,5,3,0,0,1,0,0,0,0,0,"798213,1783","5826240,744","13,39461248","52,50455968",,,4065.0,7.0
217072,11,8,8100312.0,2021,11,15,3,3,6,2,0,0,1,1,0,0,0,0,"801100,6809","5824355,235","13,43532201","52,48607363",,,5160.0,41.0
217071,11,10,10400835.0,2021,10,12,5,3,5,3,0,1,1,0,0,0,0,0,"812828,5734","5828985,475","13,61183172","52,520973",,,7350.0,61.0
217070,11,11,11300723.0,2021,10,18,5,2,0,1,0,1,0,0,0,0,0,1,"805207,4482","5828548,621","13,49945868","52,52137667",,,2958.0,49.0
217069,11,5,5100314.0,2021,10,18,5,3,0,5,2,0,1,0,1,0,0,0,"785311,8643","5829919,216","13,20821813","52,54444036",,,4053.0,57.0
217068,11,6,6300633.0,2021,11,8,2,3,6,2,0,0,1,1,0,0,0,1,"793275,3272","5819097,035","13,31579097","52,44319527",,,4041.0,37.0
217067,11,5,5100208.0,2021,11,12,5,2,2,6,0,0,1,0,0,1,0,1,"782387,4625","5830501,943","13,16570464","52,55118898",,,2751.0,29.0
217066,11,9,9301025.0,2021,11,9,3,3,6,7,0,0,1,1,0,0,0,0,"810375,7395","5814095,747","13,5619573","52,3889378",,,5436.0,61.0
217065,11,3,3500934.0,2021,10,15,1,3,5,3,0,0,0,0,1,0,0,0,"801238,5819","5831800,101","13,44408832","52,55272702",,,4767.0,50.0
217064,11,3,3400828.0,2021,10,10,5,3,1,5,0,1,1,0,0,0,0,0,"799945,4728","5832575,008","13,42577367","52,56038635",,,4654.0,10.0
217063,11,7,7400721.0,2021,10,13,2,3,2,6,0,0,1,0,0,0,0,0,"798360,866","5823947,956","13,39472856","52,483927",,,3843.0,36.0
217062,11,11,11200514.0,2021,11,8,2,3,2,6,0,1,0,0,0,0,0,0,"803500,043","5830163,722","13,47584562","52,53680533",,,7069.0,49.0
217061,11,1,1100310.0,2021,11,9,5,3,2,6,0,0,1,0,0,0,0,0,"799730,7981","5828690,692","13,41911166","52,52568806",,,4448.0,24.0
217060,11,3,3300516.0,2021,11,0,1,3,0,1,2,0,0,0,0,0,1,0,"801096,7965","5834818,257","13,44474275","52,57985728",,,5349.0,29.0
217059,11,10,10300732.0,2021,10,12,2,3,9,1,0,0,1,0,0,0,0,0,"809840,4873","5830081,694","13,5689546","52,53250279",,,3675.0,61.0
217058,11,9,9200510.0,2021,11,17,7,3,5,3,2,1,1,0,0,0,0,1,"806410,9663","5822970,362","13,51201073","52,47070783",,,6038.0,59.0
217057,11,9,9501939.0,2021,10,19,5,3,1,5,2,1,1,0,0,0,0,0,"810710,8401","5821398,156","13,5736468","52,45418988",,,5356.0,13.0
217056,11,1,1100309.0,2021,10,18,6,3,6,2,2,0,1,1,0,0,0,1,"798524,3901","5829056,4","13,40171035","52,52962803",,,2651.0,45.0
217055,11,12,12100205.0,2021,10,14,6,3,5,3,0,0,1,0,0,0,0,1,"794799,112","5834244,398","13,35156167","52,57816165",,,4160.0,4.0
217054,11,10,10200526.0,2021,10,18,6,3,9,1,2,0,0,0,1,0,0,0,"812097,6384","5830187,207","13,60222168","52,5321607",,,4160.0,4.0
217053,11,4,4300622.0,2021,11,16,3,3,2,6,2,0,1,0,1,0,0,0,"792781,8778","5827039,549","13,31552583","52,51466238",,,5065.0,44.0
217052,11,1,1400937.0,2021,11,7,6,3,5,3,0,0,1,0,0,0,0,1,"793793,9944","5832188,293","13,33495002","52,56027363",,,2976.0,49.0
217051,11,7,7100102.0,2021,11,17,4,3,5,3,2,0,1,0,1,0,0,0,"794957,23","5825403,897","13,34604083","52,49882784",,,6235.0,41.0
217050,11,5,5100315.0,2021,10,17,6,2,5,3,0,0,1,0,0,0,1,0,"784376,083","5830006,752","13,194531","52,54571447",,,4040.0,57.0
217049,11,9,9200715.0,2021,10,15,3,2,5,2,0,0,1,0,0,0,1,0,"807699,2114","5818374,488","13,5266829","52,42879475",,,4754.0,20.0
217048,11,5,5200629.0,2021,10,23,3,2,5,3,2,0,1,0,0,0,0,0,"784025,5502","5828512,591","13,1880984","52,53250055",,,3773.0,57.0
217047,11,4,4300619.0,2021,10,16,2,3,5,2,0,1,1,0,0,0,0,0,"792763,989","5827029,207","13,31525387","52,51457927",,,4863.0,28.0
217046,11,8,8401244.0,2021,11,0,3,2,9,1,2,0,1,0,0,0,0,0,"806411,4734","5816143,258","13,50575919","52,40952007",,,5448.0,59.0
217045,11,6,6100103.0,2021,10,12,3,3,5,2,0,0,1,0,0,0,0,1,"793585,0137","5821271,931","13,32224619","52,46252633",,,5453.0,1.0
217044,11,2,2400625.0,2021,10,17,4,3,2,6,0,0,1,0,0,0,0,0,"801750,9847","5826253,041","13,44658885","52,5027249",,,4227.0,57.0
217043,11,2,2500833.0,2021,11,10,1,3,0,1,0,1,0,0,0,0,0,1,"802390,8684","5827079,315","13,45673769","52,50977655",,,1353.0,41.0
217042,11,1,1100309.0,2021,11,10,2,3,5,3,0,1,1,0,0,0,0,1,"798245,6345","5828939,305","13,39750825","52,52873101",,,2150.0,61.0
217041,11,9,9401534.0,2021,11,20,3,3,9,1,2,0,0,0,0,0,1,0,"811257,0365","5820202,016","13,58054443","52,44315991",,,4140.0,37.0
217040,11,6,6200313.0,2021,11,9,2,3,2,6,0,0,1,0,0,0,0,0,"795469,4084","5818365,714","13,34733163","52,43545828",,,6235.0,41.0
217039,11,12,12400618.0,2021,10,14,7,2,0,7,0,0,0,0,1,0,0,1,"787176,0939","5838992,721","13,24349651","52,62480889",,,5752.0,11.0
217038,11,7,7400721.0,2021,10,0,7,2,2,1,2,0,1,0,0,0,0,0,"797797,6938","5823274,496","13,38585817","52,47819764",,,3944.0,21.0
217037,11,9,9200819.0,2021,11,17,3,3,5,2,1,1,1,0,0,0,0,0,"810495,4327","5820304,004","13,56946997","52,44450685",,,6660.0,39.0
217036,11,1,1100308.0,2021,11,8,5,3,2,6,0,1,1,0,0,0,0,1,"796934,616","5828135,29","13,37752135","52,52223958",,,3843.0,36.0
217035,11,1,1200628.0,2021,10,19,7,3,1,5,2,1,1,0,0,0,0,0,"796297,4808","5828240,272","13,36825168","52,52352723",,,5535.0,53.0
217034,11,3,3400619.0,2021,10,7,4,3,0,2,0,1,1,0,0,0,0,1,"795367,463","5835565,85","13,36110256","52,58969898",,,7350.0,61.0
217033,11,8,8200831.0,2021,10,14,3,3,0,5,0,0,1,0,0,0,0,0,"799693,3955","5817627,063","13,40862008","52,4265393",,,3552.0,52.0
217032,11,7,7200413.0,2021,11,14,5,3,5,7,0,0,1,0,0,0,0,1,"796117,9697","5823308,023","13,36122763","52,47941153",,,4761.0,38.0
217031,11,7,7501133.0,2021,11,8,3,3,0,2,0,1,1,0,0,0,0,1,"797908,8313","5818355,008","13,3831005","52,43403915",,,5237.0,45.0
217030,11,1,1100310.0,2021,10,15,4,3,5,7,0,0,1,0,1,0,0,0,"799080,0996","5828410,707","13,40929712","52,52353575",,,5068.0,57.0
217029,11,4,4200308.0,2021,10,6,6,2,4,6,2,0,1,0,0,1,0,0,"789722,7386","5828388,387","13,27174677","52,52838859",,,7250.0,63.0
217028,11,3,3500934.0,2021,11,18,6,3,1,5,1,1,1,0,0,0,0,0,"800511,3184","5831788,055","13,43338326","52,55302078",,,2951.0,33.0