ObjectID,State,District,LOR_ab_2021,AccidentYear,AccidentMonth,AccidentHour,DayOfWeek,AccidentCategory,AccidentType,AccidentTypeDetail,LightingCondition,InvolvingBike,InvolvingCar,InvolvingPedestrian,InvolvingMotorcycle,InvolvingHGV,InvolvingOther,RoadCondition,GraphicCoord1,GraphicCoord2,LongitudeWGS84,LatitudeWGS84,quadrant,quadrant_rank
216688,11,11,11200411.0,2021,10,17,5,2,5,3,0,1,1,0,0,0,0,0,"805607,4635","5831775,939","13,50830363","52,55007688",,,4970.0,56.0
216687,11,2,2300314.0,2021,10,20,6,3,4,6,2,0,1,0,0,0,0,1,"800016,7421","5826277,619","13,42113818","52,50390149",,,4755.0,4.0
216686,11,10,10100205.0,2021,10,15,6,2,0,3,0,0,1,0,1,0,0,1,"807945,9279","5832318,658","13,54318643","52,55362377",,,5250.0,54.0
216685,11,1,1100415.0,2021,10,23,6,2,5,3,2,0,1,0,0,0,0,0,"797960,9758","5829307,389","13,3936544","52,53218607",,,5161.0,52.0
216684,11,12,12500930.0,2021,11,5,3,3,5,2,2,1,1,0,0,0,0,1,"792857,8355","5835156,672","13,32380143","52,58738793",,,3429.0,56.0
216683,11,2,2500830.0,2021,11,8,6,3,0,1,0,0,0,0,1,0,0,1,"802147,4071","5827549,949","13,45358853","52,51412975",,,3976.0,55.0
216682,11,5,5100317.0,2021,11,6,4,3,2,6,1,0,1,0,0,0,0,1,"786834,5324","5828205,349","13,2291311","52,52827494",,,5440.0,58.0
216681,11,8,8100521.0,2021,10,22,1,3,6,7,2,0,1,1,0,0,0,0,"803372,0131","5822551,269","13,46702844","52,46864763",,,2852.0,40.0
216680,11,2,2500832.0,2021,10,14,2,2,5,3,0,0,1,0,1,0,0,0,"803122,8406","5827106,617","13,46751502","52,50961503",,,1163.0,42.0
216679,11,11,11200411.0,2021,10,5,3,3,5,3,2,1,1,0,0,0,0,0,"805842,2526","5831854,626","13,51182803","52,55065032",,,4551.0,40.0
216678,11,8,8100417.0,2021,11,16,2,3,6,2,0,1,0,1,0,1,0,0,"802575,9132","5823076,939","13,45582152","52,47380072",,,3550.0,28.0
216677,11,6,6100208.0,2021,10,12,3,3,2,6,0,0,1,0,0,0,0,1,"794767,8829","5820678,48","13,33908259","52,45656957",,,2163.0,61.0
216676,11,1,1401046.0,2021,10,9,4,3,5,3,0,1,1,0,0,0,0,0,"795216,8019","5830200,132","13,35411019","52,54168197",,,4351.0,43.0
216675,11,1,1300834.0,2021,11,18,7,3,6,2,2,0,1,1,0,0,0,1,"798079,2108","5830005,099","13,39601806","52,53837546",,,5143.0,6.0
216674,11,3,3400619.0,2021,11,18,2,3,0,3,2,0,1,0,1,0,0,1,"795862,8541","5835595,234","13,36842016","52,58969315",,,6727.0,55.0
216673,11,1,1200520.0,2021,11,11,3,3,2,3,0,1,1,0,0,0,0,1,"794238,6755","5828867,179","13,3385488","52,53026199",,,3758.0,50.0
216672,11,6,6400842.0,2021,11,14,6,3,6,4,0,1,0,1,0,0,0,0,"789858,5129","5819874,835","13,26633684","52,45199047",,,3851.0,47.0
216671,11,5,5200423.0,2021,10,13,7,3,6,7,0,0,1,1,0,0,0,0,"781828,869","5828449,732","13,15574691","52,53307724",,,3148.0,24.0
216670,11,11,11401033.0,2021,10,11,7,3,6,4,0,0,0,1,0,0,1,0,"807526,1261","5827735,412","13,53277387","52,51278604",,,5724.0,59.0
216669,11,2,2100101.0,2021,11,17,3,3,5,2,2,0,1,0,0,0,1,0,"797848,7634","5825634,402","13,38871708","52,4993236",,,3671.0,59.0
216668,11,6,6400838.0,2021,11,13,5,3,6,4,0,0,0,1,0,0,1,0,"788152,3272","5818746,963","13,24032604","52,44278047",,,4322.0,52.0
216667,11,5,5100105.0,2021,10,15,6,3,2,6,0,0,1,0,0,0,0,0,"784751,559","5831112,039","13,20100099","52,55542828",,,3953.0,55.0
216666,11,5,5100315.0,2021,10,11,6,2,2,4,0,0,1,1,0,0,0,0,"784681,5205","5829700,833","13,19876085","52,54281209",,,4623.0,43.0
216665,11,2,2400521.0,2021,10,21,3,3,5,2,2,0,1,0,0,0,1,1,"800481,5358","5828456,061","13,42993233","52,52317177",,,3828.0,63.0
216664,11,12,12500928.0,2021,10,18,3,3,0,3,2,0,1,0,1,0,0,0,"791964,6303","5837017,495","13,31229529","52,60454956",,,3648.0,35.0
216663,11,11,11501238.0,2021,11,9,4,3,5,3,0,1,1,0,0,0,0,0,"804409,1663","5825663,873","13,48509138","52,49596802",,,4332.0,40.0
216662,11,12,12200309.0,2021,11,18,3,3,2,2,1,0,1,0,1,0,0,1,"793161,611","5832632,956","13,32604097","52,56460063",,,5161.0,52.0
216661,11,1,1300834.0,2021,10,13,4,3,2,2,0,0,1,0,1,0,0,0,"797568,1559","5830936,875","13,3893398","52,54700696",,,4654.0,10.0
216660,11,1,1200627.0,2021,10,9,6,3,0,7,0,0,1,0,1,0,0,0,"796059,894","5828502,605","13,36499359","52,52600785",,,5340.0,54.0
216659,11,12,12200309.0,2021,10,0,2,3,1,1,2,0,1,0,0,0,0,1,"793335,4812","5832828,357","13,32877151","52,56625864",,,4239.0,42.0
216658,11,4,4300517.0,2021,11,13,6,3,3,6,0,0,1,0,0,0,0,1,"791461,8762","5828332,68","13,29726208","52,52696213",,,2952.0,50.0
216657,11,6,6200313.0,2021,11,18,1,3,6,2,2,0,1,1,0,0,0,1,"795364,5635","5818443,486","13,34586255","52,43621209",,,7236.0,45.0
216656,11,8,8100208.0,2021,11,17,4,2,0,4,2,1,0,1,0,0,0,0,"801148,3834","5822855,622","13,43466805","52,47260589",,,6829.0,60.0
216655,11,12,12500824.0,2021,11,13,3,2,6,4,0,0,1,1,0,0,0,0,"790628,8588","5835888,788","13,29163557","52,59514666",,,4332.0,40.0
216654,11,7,7601339.0,2021,10,12,6,3,5,2,0,1,1,0,0,0,0,0,"795799,8707","5816024,836","13,3501086","52,41429517",,,6660.0,39.0
216653,11,12,12200412.0,2021,10,13,5,3,5,7,0,0,1,0,1,0,0,0,"789848,4217","5833676,072","13,27821052","52,57572623",,,2450.0,60.0
216652,11,6,6400735.0,2021,10,15,1,3,5,7,0,1,1,0,0,0,0,0,"780397,4982","5816677,716","13,12479917","52,42825754",,,6087.0,61.0
216651,11,5,5100317.0,2021,10,6,1,3,2,6,0,0,1,0,0,0,0,0,"786750,5777","5828206,921","13,22789828","52,52833321",,,5050.0,37.0
216650,11,4,4200311.0,2021,11,10,4,3,2,6,0,0,1,0,0,0,0,0,"790561,9563","5825417,516","13,28148858","52,50130795",,,1661.0,51.0
216649,11,11,11401136.0,2021,11,10,6,3,5,2,0,0,1,0,0,0,1,0,"805399,6415","5826058,917","13,49999818","52,49895528",,,4755.0,4.0
216648,11,1,1100310.0,2021,10,16,3,3,6,4,0,1,0,1,0,0,0,1,"799179,9906","5827748,823","13,41016975","52,51754814",,,5042.0,54.0
216647,11,9,9100101.0,2021,10,9,5,3,5,3,0,1,0,0,0,0,0,0,"801416,4212","5824802,363","13,4403622","52,48990713",,,4715.0,55.0
216646,11,4,4400728.0,2021,11,9,6,3,5,7,0,0,1,0,1,0,0,0,"790673,3631","5822855,732","13,28089055","52,47828198",,,3927.0,63.0
216645,11,5,5300840.0,2021,11,20,4,3,2,6,2,0,1,0,0,0,0,0,"789333,4062","5828941,123","13,26650475","52,53355077",,,4041.0,37.0
216644,11,12,12200310.0,2021,10,18,4,2,0,1,0,0,0,0,1,0,0,0,"792155,1271","5832942,068","13,31150682","52,56791275",,,1653.0,65.0
216643,11,7,7400721.0,2021,10,5,7,3,9,1,2,0,0,0,1,0,0,1,"797217,0342","5823369,907","13,3774186","52,47936922",,,5362.0,45.0
216642,11,4,4500937.0,2021,10,12,6,3,1,5,0,1,1,0,0,0,0,0,"790908,6126","5825037,954","13,28624956","52,49772046",,,3580.0,59.0
216641,11,1,1100310.0,2021,11,9,3,2,5,3,0,1,0,0,0,0,1,1,"799230,0732","5828937,485","13,41197506","52,52817524",,,4955.0,53.0
216640,11,1,1300835.0,2021,11,17,5,3,6,4,1,0,1,1,0,0,0,1,"797173,4126","5830359,55","13,38301909","52,5420474",,,5853.0,62.0
216639,11,6,6400844.0,2021,11,13,3,3,3,6,0,0,1,0,0,0,1,0,"792693,3316","5821729,767","13,30956052","52,4671091",,,4375.0,52.0
216638,11,4,4501045.0,2021,10,21,7,3,0,3,0,0,1,0,0,0,1,0,"793975,188","5824964,16","13,33122785","52,49541572",,,5441.0,34.0
216637,11,11,11501341.0,2021,10,14,5,3,5,3,0,0,1,0,1,0,0,0,"807139,4063","5823921,605","13,52357693","52,47882402",,,3149.0,47.0
216636,11,12,12601235.0,2021,10,7,3,3,5,2,2,1,1,0,0,0,0,0,"795280,9343","5836353,89","13,36053154","52,59680995",,,7355.0,51.0
216635,11,7,7100205.0,2021,11,16,2,3,2,6,1,0,1,0,0,0,0,1,"796333,6392","5825114,651","13,36600035","52,49548936",,,3676.0,38.0
216634,11,1,1300730.0,2021,11,8,5,3,0,2,0,1,1,0,0,0,0,0,"796220,4654","5832199,576","13,37065005","52,55906021",,,964.0,53.0
216633,11,1,1100313.0,2021,11,19,1,3,5,2,2,1,1,0,0,0,0,1,"799969,9895","5826933,14","13,42104211","52,50980291",,,4151.0,37.0
216632,11,1,1100205.0,2021,10,6,3,3,5,3,0,0,1,0,0,0,1,1,"797405,6141","5826969,978","13,38340124","52,51153722",,,4646.0,50.0
216631,11,11,11400929.0,2021,11,17,7,3,5,2,2,0,1,0,1,0,0,1,"805342,1987","5827362,508","13,50035009","52,5106708",,,5731.0,61.0
216630,11,6,6400843.0,2021,11,9,2,3,5,3,0,0,1,0,0,0,0,1,"791207,9823","5819689,265","13,28597725","52,44960959",,,3025.0,58.0
216629,11,3,3100103.0,2021,10,8,5,3,1,5,0,0,1,0,0,1,0,0,"804311,1992","5840454,118","13,4972165","52,62857987",,,3962.0,49.0
216628,11,12,12200307.0,2021,10,17,6,3,5,2,1,0,1,0,0,0,0,1,"793432,3554","5833373,918","13,33067929","52,57109706",,,2355.0,58.0
216627,11,8,8100209.0,2021,10,15,2,3,5,2,0,1,1,0,0,0,0,0,"801719,2083","5822127,913","13,44238844","52,46576829",,,6444.0,53.0
216626,11,8,8100104.0,2021,10,13,6,3,4,6,0,1,0,0,0,0,1,0,"800225,5666","5822383,837","13,42069821","52,46888503",,,3245.0,33.0
216625,11,5,5300737.0,2021,11,8,4,3,5,3,0,1,1,0,0,0,0,0,"787583,068","5829933,474","13,24163029","52,54337407",,,6634.0,61.0
216624,11,10,10400938.0,2021,11,9,5,3,5,3,0,1,0,0,0,0,1,0,"813629,8441","5829140,4","13,62374866","52,52190103",,,3848.0,36.0
216623,11,10,10300733.0,2021,10,17,6,3,2,6,0,0,1,0,0,0,0,0,"809518,147","5827233,136","13,56156737","52,50715815",,,4824.0,53.0
216622,11,5,5300840.0,2021,10,15,3,3,4,6,0,0,1,0,0,0,1,0,"789129,382","5829478,833","13,2639731","52,53847974",,,4638.0,48.0
216621,11,7,7601236.0,2021,10,18,3,3,5,3,2,0,1,0,0,0,0,1,"796457,8117","5816468,636","13,36014719","52,41791758",,,7662.0,65.0
216620,11,1,1300835.0,2021,10,8,2,3,5,2,0,1,1,0,0,0,0,0,"797774,2035","5829746,023","13,39130208","52,53621992",,,3847.0,40.0
216619,11,1,1300835.0,2021,11,8,2,3,5,2,0,1,1,0,0,0,0,0,"797418,1723","5830530,983","13,38677104","52,54345054",,,4023.0,43.0
216618,11,4,4300517.0,2021,10,15,4,3,5,3,0,1,1,0,0,0,0,0,"791712,4075","5828471,092","13,301066","52,52806897",,,3351.0,63.0
216617,11,1,1400942.0,2021,10,15,4,3,5,2,0,0,1,0,0,0,0,0,"794495,7058","5830686,308","13,34393914","52,54643041",,,3847.0,40.0
216616,11,1,1401043.0,2021,11,18,7,3,0,1,2,1,0,0,0,0,0,0,"795831,9193","5830975,652","13,36384461","52,54830015",,,1658.0,8.0
216615,11,1,1401047.0,2021,11,9,3,3,5,3,0,1,1,0,0,0,0,1,"795353,8292","5830378,598","13,35628351","52,54320751",,,4363.0,22.0
216614,11,3,3200207.0,2021,11,21,7,3,1,5,2,0,1,0,1,0,0,0,"798464,9872","5835863,245","13,40695911","52,59067393",,,4451.0,11.0
216613,11,9,9200715.0,2021,10,11,1,3,2,2,0,0,1,0,0,0,0,0,"807716,3288","5818115,271","13,52669539","52,42646196",,,4573.0,56.0
216612,11,8,8200730.0,2021,10,13,7,2,1,5,0,0,0,0,1,0,1,0,"801780,0207","5818302,746","13,43982525","52,43144879",,,1658.0,8.0
216611,11,8,8100314.0,2021,11,22,5,3,5,3,2,0,1,0,0,0,0,1,"801071,6524","5823987,328","13,43456352","52,482792",,,5527.0,60.0
216610,11,9,9200613.0,2021,11,19,5,3,2,6,2,0,1,0,0,0,0,0,"807677,6918","5820991,536","13,52877662","52,45226137",,,4567.0,50.0
216609,11,3,3701659.0,2021,10,9,2,3,6,7,0,0,1,1,0,0,0,0,"800042,3022","5829518,599","13,42443664","52,53293753",,,6443.0,52.0
216608,11,11,11300722.0,2021,10,7,4,3,5,2,0,1,1,0,0,0,0,0,"803886,8349","5827888,421","13,47945155","52,51619707",,,3756.0,4.0
216607,11,2,2400623.0,2021,11,11,5,3,5,2,0,1,1,0,0,0,0,0,"801068,6989","5827113,233","13,43734543","52,51081187",,,7233.0,59.0
216606,11,4,4400835.0,2021,11,11,3,3,5,2,0,0,1,0,1,0,0,1,"793036,507","5822008,492","13,31484261","52,46942384",,,7162.0,51.0
216605,11,6,6200317.0,2021,10,13,5,3,5,3,0,0,1,0,0,0,1,0,"795894,7704","5816508,393","13,35192738","52,41857866",,,4854.0,36.0
216604,11,3,3400721.0,2021,10,15,5,3,1,5,0,1,1,0,0,0,0,1,"798259,97","5833397,704","13,40172322","52,56868647",,,6262.0,56.0
216603,11,1,1100312.0,2021,10,15,2,3,1,5,0,1,1,0,0,0,0,0,"799712,4594","5827312,969","13,41760087","52,51334903",,,2643.0,59.0
216602,11,5,5100314.0,2021,11,14,6,3,5,3,0,0,1,0,1,0,0,1,"784900,2106","5830497,765","13,20266052","52,54984301",,,2622.0,54.0
216601,11,4,4501043.0,2021,11,7,2,3,1,5,0,0,1,0,1,0,0,1,"792604,8729","5824929,312","13,31107019","52,49583969",,,3836.0,55.0
216600,11,7,7601341.0,2021,11,13,5,2,6,4,0,0,1,1,0,0,0,1,"798081,6462","5814499,868","13,38220136","52,39938756",,,1555.0,55.0
216599,11,6,6400838.0,2021,11,8,2,3,5,3,0,0,1,0,0,0,0,1,"788489,0957","5821521,05","13,2476638","52,46747413",,,3929.0,55.0
216598,11,3,3400724.0,2021,10,12,7,3,2,6,0,1,1,0,0,0,0,0,"800002,2602","5834961,477","13,42876759","52,58174554",,,5354.0,49.0
216597,11,10,10300734.0,2021,10,12,5,3,5,2,0,0,1,0,0,0,0,0,"809581,6716","5824943,404","13,5603724","52,48660223",,,3452.0,33.0
216596,11,5,5100314.0,2021,10,10,2,3,2,6,0,0,1,0,0,0,0,0,"785149,549","5829617,599","13,20557215","52,54182107",,,5162.0,47.0
216595,11,5,5300736.0,2021,10,21,4,3,5,2,2,0,1,0,0,0,0,0,"785975,4481","5829217,791","13,21737309","52,53780364",,,4946.0,51.0
216594,11,4,4501149.0,2021,11,13,7,3,5,2,0,1,1,0,0,0,0,0,"793453,1353","5824404,532","13,32306717","52,49067983",,,4450.0,25.0
216593,11,9,9200715.0,2021,11,9,2,3,5,3,0,1,1,0,0,0,0,1,"809308,7729","5818515,674","13,5504115","52,42915252",,,2941.0,57.0
216592,11,11,11300620.0,2021,11,19,3,3,5,2,2,0,1,0,0,0,0,0,"803554,9732","5829754,264","13,47627905","52,53310489",,,3248.0,24.0
216591,11,1,1200517.0,2021,11,16,2,3,5,3,0,0,1,0,0,0,0,0,"794421,3958","5829388,612","13,34169647","52,53483763",,,7249.0,63.0
216590,11,5,5400944.0,2021,10,8,7,3,7,7,0,1,0,0,0,0,0,0,"781504,2149","5819762,596","13,1436323","52,45535062",,,4454.0,36.0
216589,11,1,1100207.0,2021,10,11,7,2,5,2,0,0,1,0,1,0,0,0,"797983,873","5826889,55","13,39182489","52,5105007",,,2974.0,55.0
216588,11,5,5100209.0,2021,11,20,3,3,5,3,2,1,1,0,0,0,0,1,"782816,8934","5830408,905","13,17194199","52,55013197",,,5552.0,49.0
216587,11,8,2200212.0,2021,11,19,5,3,0,6,2,0,1,0,1,0,0,1,"800295,8944","5824360,358","13,42351026","52,48656279",,,3349.0,12.0
216586,11,2,2200209.0,2021,10,5,1,3,9,7,2,0,1,0,0,0,0,0,"797739,0156","5824295,407","13,38590851","52,48738095",,,6527.0,56.0
216585,11,4,4200311.0,2021,10,7,4,3,5,2,0,0,1,0,0,0,0,0,"790479,8249","5826698,569","13,28139989","52,51283641",,,3178.0,63.0
216584,11,4,4100101.0,2021,10,12,3,3,5,2,0,0,1,0,0,0,0,0,"793341,673","5829714,923","13,32611175","52,53834505",,,4748.0,28.0
216583,11,3,3300412.0,2021,11,10,5,3,1,5,0,1,1,0,0,0,0,0,"802844,9702","5838284,528","13,47363336","52,60995417",,,6444.0,53.0
216582,11,6,6400844.0,2021,11,7,3,3,1,5,0,1,1,0,0,0,0,1,"792415,541","5821550,262","13,30532563","52,46564862",,,2553.0,40.0
216581,11,6,6300528.0,2021,10,10,4,3,5,3,0,1,1,0,0,0,0,0,"788955,3974","5816391,083","13,25007242","52,42123494",,,6447.0,54.0
216580,11,4,4200310.0,2021,10,10,5,3,2,7,0,0,1,0,1,0,0,1,"789520,0986","5826790,653","13,26737724","52,51417224",,,3744.0,45.0
216579,11,1,1100101.0,2021,11,20,7,3,5,2,2,0,1,0,0,0,1,0,"794920,9211","5825979,127","13,34601696","52,50400401",,,1761.0,52.0
216578,11,10,10300734.0,2021,11,22,1,3,4,6,2,0,1,0,0,0,0,1,"809554,3123","5826626,742","13,56153478","52,50170333",,,4147.0,61.0
216577,11,2,2200211.0,2021,11,16,4,3,6,4,1,0,0,1,0,0,1,0,"798326,1194","5824330,392","13,39456068","52,48737405",,,4238.0,48.0
216576,11,8,8100417.0,2021,11,17,3,3,1,5,1,1,0,0,0,0,1,0,"802259,5954","5823029,504","13,45113562","52,47355068",,,6249.0,59.0
216575,11,1,1300834.0,2021,10,15,7,3,6,4,0,1,0,1,0,0,0,0,"797694,797","5830704,218","13,39099336","52,5448523",,,4047.0,22.0
216574,11,9,9200716.0,2021,10,14,4,2,0,3,0,1,1,0,0,0,0,0,"809225,1386","5819304,099","13,54991445","52,43626561",,,2875.0,57.0
216573,11,5,5400943.0,2021,10,6,1,2,8,1,2,0,1,0,0,0,0,0,"781372,4831","5819763,385","13,14169943","52,45542553",,,3054.0,54.0
216572,11,3,3501037.0,2021,10,15,1,3,2,1,0,1,0,0,0,0,0,0,"802284,9262","5833102,527","13,46066018","52,5638208",,,5557.0,49.0
216571,11,12,12100204.0,2021,11,7,4,3,2,3,0,0,1,0,0,0,1,0,"795642,8683","5833008,348","13,36287528","52,56662396",,,7542.0,53.0
216570,11,3,3601142.0,2021,11,18,5,3,5,2,2,1,0,0,1,0,0,1,"799182,821","5831110,198","13,4132368","52,54767621",,,6525.0,65.0
216569,11,5,5300735.0,2021,10,15,2,3,5,3,0,0,1,0,0,0,1,0,"786552,9863","5830544,311","13,22700943","52,54939337",,,5048.0,24.0
216568,11,2,2500830.0,2021,10,20,4,3,5,2,2,1,1,0,0,0,0,0,"802435,142","5827419,528","13,45769721","52,51280133",,,3669.0,63.0
216567,11,6,6200312.0,2021,11,17,6,2,6,4,1,0,1,1,0,0,0,0,"795148,6928","5818816,722","13,34302581","52,43967448",,,7434.0,57.0
216566,11,1,1401049.0,2021,11,9,4,3,5,3,0,1,1,0,0,0,0,1,"795963,617","5831986,757","13,36668252","52,55729216",,,7331.0,39.0
216565,11,5,5100315.0,2021,10,18,4,3,6,4,1,0,1,1,0,0,0,0,"784614,052","5830325,818","13,19830424","52,54845094",,,3922.0,65.0
216564,11,1,1100310.0,2021,10,23,5,3,5,3,2,0,1,0,0,0,0,0,"799334,9445","5827578,404","13,41229322","52,51593556",,,4518.0,52.0
216563,11,8,8200729.0,2021,10,21,6,3,1,7,2,0,1,0,0,0,0,1,"801181,2838","5819239,205","13,43188888","52,4401726",,,1553.0,65.0
216562,11,9,9200717.0,2021,10,21,1,3,5,2,2,1,1,0,0,0,0,1,"809598,3906","5818911,171","13,55502377","52,43253311",,,937.0,64.0
216561,11,7,7601341.0,2021,10,12,6,3,2,6,0,0,1,0,1,0,0,0,"797958,6481","5815768,729","13,38152777","52,41082862",,,5043.0,50.0
216560,11,4,4400833.0,2021,11,18,2,2,6,2,2,0,1,1,0,0,0,0,"791978,8517","5822378,659","13,29964078","52,47330867",,,3440.0,55.0
216559,11,11,11400931.0,2021,11,14,5,3,0,3,0,0,1,0,1,0,0,1,"806440,5459","5826889,172","13,51604804","52,50581277",,,1556.0,46.0
216558,11,3,3501038.0,2021,11,14,4,3,5,2,0,0,1,0,0,0,1,0,"803012,3562","5832020,517","13,47037116","52,5537187",,,6168.0,60.0
216557,11,3,3200204.0,2021,10,18,1,3,2,2,1,0,1,0,1,0,0,0,"798058,7291","5837199,096","13,40218218","52,60287061",,,4431.0,51.0
216556,11,9,9501737.0,2021,10,15,5,3,1,5,0,0,1,0,0,0,0,0,"813926,3656","5820763,858","13,62021678","52,44666884",,,4265.0,5.0
216555,11,1,1100310.0,2021,10,7,3,3,5,3,0,1,1,0,0,0,0,0,"799495,5852","5828134,949","13,41515451","52,52083594",,,4453.0,15.0
216554,11,8,8100419.0,2021,11,13,2,3,6,4,0,0,1,1,0,0,0,1,"802334,9508","5824074,354","13,45318897","52,48287403",,,6170.0,58.0
216553,11,6,6100206.0,2021,11,11,7,2,5,7,0,1,1,0,0,0,0,0,"794865,5692","5819702,531","13,33965441","52,44776802",,,5035.0,60.0
216552,11,6,6200313.0,2021,11,7,2,3,2,6,0,0,1,0,0,0,0,1,"795789,25","5818422,221","13,35207282","52,43579196",,,7435.0,58.0
216551,11,9,9301024.0,2021,10,11,3,3,2,7,0,0,1,0,0,0,1,0,"810722,7638","5815929,952","13,56874123","52,40517883",,,5954.0,61.0
216550,11,2,2300315.0,2021,11,18,7,3,5,3,2,1,1,0,0,0,0,1,"800678,1981","5825795,319","13,43041849","52,4992144",,,5451.0,41.0
216549,11,11,11200411.0,2021,11,22,2,2,6,6,2,1,0,1,0,0,0,1,"805605,2246","5831213,828","13,50775348","52,54504034",,,4716.0,61.0
216548,11,4,4500939.0,2021,11,15,2,3,6,4,0,0,1,1,0,0,0,1,"792760,1314","5824273,021","13,31277395","52,48987297",,,5267.0,58.0
216547,11,1,1100206.0,2021,10,14,6,3,6,2,0,0,1,1,0,0,0,0,"797404,4857","5827569,64","13,38392061","52,51691312",,,5151.0,39.0
216546,11,2,2100101.0,2021,10,17,6,3,5,2,0,1,0,0,0,0,1,1,"797665,6338","5826298,123","13,38662062","52,505373",,,6222.0,65.0
216545,11,11,11200410.0,2021,10,12,2,3,5,2,0,0,1,0,0,0,0,0,"805049,0342","5832926,902","13,50115101","52,56070522",,,3567.0,10.0
216544,11,7,7400927.0,2021,10,16,6,3,5,2,0,0,1,0,1,0,0,0,"798447,2798","5821056,973","13,39341104","52,45796564",,,3548.0,45.0
216543,11,3,3601450.0,2021,11,17,3,2,6,7,2,0,1,1,0,0,0,0,"801874,3437","5829865,77","13,45167896","52,53503769",,,6346.0,64.0
216542,11,6,6100207.0,2021,11,16,5,2,5,3,1,1,1,0,0,0,0,1,"794082,2019","5820369,672","13,32874848","52,45417061",,,4265.0,5.0
216541,11,9,9301025.0,2021,10,9,7,2,6,4,0,0,1,1,0,0,0,0,"808600,2957","5814981,51","13,53676615","52,39787901",,,3742.0,48.0
216540,11,3,3300516.0,2021,10,15,3,2,2,6,0,0,1,0,0,0,1,0,"801167,9309","5833191,459","13,444312","52,5652369",,,3575.0,59.0
216539,11,12,12400619.0,2021,10,17,3,2,4,6,0,1,0,0,0,0,0,0,"789537,3747","5836087,287","13,27574038","52,59750842",,,5240.0,57.0
216538,11,7,7200307.0,2021,10,21,2,3,5,3,2,1,1,0,0,0,0,1,"794530,5715","5824651,844","13,33910891","52,49231657",,,5330.0,56.0
216537,11,11,11401137.0,2021,11,18,3,3,3,6,1,0,1,0,0,0,0,0,"807109,9719","5825794,035","13,52487018","52,49562162",,,5653.0,57.0
216536,11,5,5200629.0,2021,10,15,4,2,6,4,0,0,1,1,0,0,0,0,"784569,9591","5828183,936","13,19582126","52,52926985",,,3770.0,57.0
216535,11,4,4200309.0,2021,10,16,4,3,2,6,0,0,1,0,1,0,0,0,"788828,6433","5827261,117","13,25762459","52,51875672",,,3744.0,45.0
216534,11,6,6100207.0,2021,11,10,6,3,5,3,0,0,1,0,0,0,0,1,"793966,0498","5819627,911","13,32639121","52,44758348",,,4863.0,28.0
216533,11,3,3601245.0,2021,11,17,1,2,5,3,2,0,1,0,1,0,0,1,"800611,1333","5830988,276","13,43412702","52,54579714",,,3063.0,49.0
216532,11,1,1200623.0,2021,11,9,5,3,5,2,0,0,1,0,0,0,0,1,"795039,0507","5829169,897","13,35058208","52,53254301",,,7162.0,51.0
216531,11,1,1200629.0,2021,11,12,7,3,5,2,0,1,1,0,0,0,0,0,"794497,2645","5827802,455","13,34140687","52,52057782",,,7554.0,63.0
216530,11,1,1100308.0,2021,10,16,1,3,9,1,1,0,1,0,0,0,0,0,"797002,835","5828944,464","13,37924659","52,52945577",,,3264.0,52.0
216529,11,9,9501941.0,2021,10,19,7,3,4,6,2,1,0,0,0,0,0,0,"812074,8367","5821030,198","13,59331104","52,4501155",,,4946.0,51.0
216528,11,5,5400943.0,2021,11,12,5,3,2,7,0,0,1,0,0,0,0,0,"781159,4003","5819723,019","13,13853782","52,45517324",,,4966.0,57.0
216527,11,4,4200308.0,2021,11,9,6,3,5,3,0,0,1,0,0,0,0,0,"790366,531","5827304,099","13,28026355","52,51832536",,,5234.0,65.0
216526,11,6,6200312.0,2021,10,21,7,3,1,7,2,0,1,0,0,0,1,0,"794460,6429","5818800,339","13,33291839","52,43989851",,,3734.0,59.0
216525,11,9,9200512.0,2021,10,18,4,3,5,2,1,1,1,0,0,0,0,0,"808150,6809","5821877,506","13,53653258","52,45993509",,,4546.0,40.0
216524,11,12,12500825.0,2021,11,16,5,3,2,6,1,0,1,0,0,0,0,0,"792749,2601","5835170,031","13,32221517","52,58756612",,,4755.0,4.0
216523,11,3,3400724.0,2021,11,8,3,2,5,2,0,1,1,0,0,0,0,1,"800027,0981","5834546,18","13,42875718","52,57800946",,,3632.0,57.0
216522,11,8,8401243.0,2021,10,15,5,3,5,3,0,0,1,0,0,0,0,0,"805349,693","5817310,434","13,49126271","52,42057431",,,3450.0,48.0
216521,11,3,3601450.0,2021,10,10,5,3,0,1,0,0,0,0,1,0,0,1,"802634,2819","5829556,023","13,4625667","52,53184005",,,4265.0,5.0
216520,11,4,4400830.0,2021,10,15,6,3,0,1,0,0,0,0,1,0,0,1,"791210,6728","5822720,45","13,28866158","52,47678293",,,5651.0,53.0
216519,11,9,9501736.0,2021,11,23,1,2,9,1,2,0,1,0,0,0,0,1,"812397,583","5821325,209","13,59832073","52,45257485",,,2027.0,62.0