ObjectID,State,District,LOR_ab_2021,AccidentYear,AccidentMonth,AccidentHour,DayOfWeek,AccidentCategory,AccidentType,AccidentTypeDetail,LightingCondition,InvolvingBike,InvolvingCar,InvolvingPedestrian,InvolvingMotorcycle,InvolvingHGV,InvolvingOther,RoadCondition,GraphicCoord1,GraphicCoord2,LongitudeWGS84,LatitudeWGS84,quadrant,quadrant_rank
215665,11,6,6200422.0,2021,9,13,5,3,2,6,0,0,1,0,0,0,0,0,"794958,1015","5816237,522","13,33795533","52,41665604",,,4558.0,14.0
215664,11,7,7400823.0,2021,9,18,3,3,5,2,1,0,1,0,1,0,0,0,"797326,5167","5822178,649","13,37796405","52,46863122",,,3945.0,34.0
215663,11,8,8100314.0,2021,9,17,3,3,6,4,0,0,0,1,0,0,1,0,"800364,9201","5824350,995","13,42451532","52,4864409",,,6062.0,52.0
215662,11,11,11300721.0,2021,8,7,2,2,0,1,0,0,0,0,0,0,1,1,"805097,7119","5829101,794","13,49835379","52,52639586",,,5181.0,61.0
215661,11,1,1100102.0,2021,9,11,6,3,5,2,0,0,1,0,1,0,0,0,"795188,661","5827210,532","13,35104215","52,51489785",,,3032.0,48.0
215660,11,7,7601544.0,2021,9,17,7,3,1,5,2,1,1,0,0,0,0,1,"799818,488","5813100,075","13,4064013","52,38589214",,,3470.0,55.0
215659,11,7,7400927.0,2021,9,14,5,3,3,6,0,0,1,0,1,1,0,0,"798108,8951","5820900,061","13,38830549","52,45674379",,,3852.0,51.0
215658,11,6,6300524.0,2021,9,14,4,3,5,3,0,1,1,0,0,0,0,1,"787550,8324","5817300,933","13,23025699","52,43013234",,,2940.0,57.0
215657,11,11,11300616.0,2021,8,14,7,3,2,6,0,0,1,0,0,0,0,0,"802972,9257","5829827,57","13,46779127","52,53408575",,,6536.0,61.0
215656,11,2,2300419.0,2021,9,22,7,3,5,7,2,1,1,0,0,0,0,0,"801588,4958","5825947,476","13,44392552","52,50007591",,,3756.0,4.0
215655,11,5,5100209.0,2021,9,18,1,2,5,3,0,0,1,0,0,0,0,0,"783702,607","5830170,01","13,18476557","52,5475294",,,5837.0,51.0
215654,11,2,2300417.0,2021,8,10,3,3,1,5,0,0,1,0,0,1,0,0,"800141,4037","5825615,392","13,42237244","52,49789714",,,5260.0,59.0
215653,11,5,5100208.0,2021,9,16,5,3,0,2,0,0,0,0,1,0,1,0,"782397,8547","5830616,219","13,1659547","52,55220823",,,4151.0,37.0
215652,11,3,3300516.0,2021,9,16,6,3,2,6,0,0,1,0,1,0,0,0,"800991,022","5833245,171","13,44175863","52,56581616",,,3744.0,45.0
215651,11,2,2200212.0,2021,10,21,6,3,0,1,2,1,0,0,0,0,0,0,"800163,0505","5824427,578","13,42162027","52,48723836",,,4624.0,53.0
215650,11,2,2200210.0,2021,9,18,3,3,2,6,1,1,1,0,0,1,0,0,"798446,0088","5825240,039","13,39713584","52,49546236",,,4674.0,48.0
215649,11,4,4300623.0,2021,9,20,4,3,0,1,1,0,0,0,0,0,1,0,"792738,9854","5826094,461","13,3140643","52,50621299",,,6233.0,61.0
215648,11,3,3701556.0,2021,9,12,3,3,0,1,0,1,0,0,0,0,0,1,"799275,1943","5829032,456","13,41272369","52,52900174",,,1658.0,8.0
215647,11,10,10100311.0,2021,8,15,2,2,5,2,0,0,1,0,0,0,1,0,"806567,4793","5828096,719","13,51902461","52,51656376",,,6247.0,60.0
215646,11,7,7100204.0,2021,9,8,6,3,1,5,0,1,1,0,0,0,0,0,"795181,949","5824475,553","13,34851902","52,49038439",,,3339.0,61.0
215645,11,3,3100103.0,2021,8,14,2,3,5,3,0,0,1,0,0,0,0,1,"804148,9849","5841046,401","13,49537236","52,63397895",,,4450.0,25.0
215644,11,10,10400941.0,2021,9,13,2,3,5,3,0,1,1,0,0,0,0,0,"813469,0202","5824907,02","13,61740103","52,48405837",,,4455.0,27.0
215643,11,1,1200522.0,2021,9,20,7,3,5,3,2,1,1,0,0,0,0,1,"793977,8726","5828199,666","13,33412504","52,52441884",,,5253.0,35.0
215642,11,8,8100310.0,2021,8,15,3,3,3,6,0,1,1,0,0,0,0,0,"800640,7882","5825109,042","13,42924969","52,49308369",,,5657.0,53.0
215641,11,2,2300418.0,2021,9,15,5,3,6,7,0,0,0,1,0,0,1,0,"800790,2265","5825348,987","13,4316608","52,49515206",,,4652.0,24.0
215640,11,4,4400726.0,2021,9,21,7,3,2,6,2,0,1,0,0,0,0,0,"790889,548","5824747,595","13,28571595","52,49512754",,,7232.0,31.0
215639,11,8,8100419.0,2021,8,11,6,3,1,5,0,1,1,0,0,0,0,0,"801952,5535","5824356,908","13,44783091","52,48561819",,,3245.0,33.0
215638,11,1,1300836.0,2021,9,18,5,3,5,3,0,1,0,0,0,0,0,0,"795886,9642","5830604,113","13,36432302","52,54493977",,,4365.0,7.0
215637,11,9,9300920.0,2021,9,11,6,3,5,3,0,0,1,0,0,0,0,0,"809036,9201","5816419,171","13,54448962","52,41051724",,,5248.0,21.0
215636,11,7,7100102.0,2021,9,11,4,3,0,3,0,0,1,0,1,0,0,0,"795439,8206","5825668,805","13,35336428","52,50094149",,,5758.0,52.0
215635,11,5,5100210.0,2021,9,19,4,3,6,4,1,1,0,1,0,0,0,1,"783800,3349","5830587,674","13,1865599","52,55122332",,,3081.0,63.0
215634,11,4,4501153.0,2021,8,16,5,3,5,2,0,0,1,0,0,0,0,0,"793891,2385","5823091,402","13,32834343","52,47867252",,,3961.0,48.0
215633,11,1,1200626.0,2021,8,12,3,3,5,3,0,1,1,0,0,0,0,0,"794996,0065","5828280,005","13,34915977","52,52458911",,,3060.0,36.0
215632,11,5,5300737.0,2021,9,15,7,3,0,6,0,0,1,0,0,0,1,0,"787496,7025","5829889,938","13,24032258","52,54302933",,,5050.0,37.0
215631,11,1,1400938.0,2021,9,18,4,2,1,5,0,0,1,0,0,0,0,0,"794265,8461","5830932,104","13,34077699","52,548758",,,4855.0,25.0
215630,11,1,1200521.0,2021,9,11,3,3,0,1,0,0,0,0,0,0,1,0,"793712,9315","5828451,377","13,33045346","52,52681809",,,4553.0,29.0
215629,11,1,1100309.0,2021,9,9,7,3,1,5,0,1,1,0,0,0,0,1,"798953,564","5828442,329","13,40746605","52,52388858",,,3744.0,45.0
215628,11,9,9200510.0,2021,9,20,4,2,4,6,2,0,1,0,0,0,0,0,"806606,8516","5822766,172","13,51469784","52,46876792",,,7262.0,61.0
215627,11,11,11401137.0,2021,9,13,2,3,2,2,0,1,1,0,0,0,0,0,"806769,8482","5825585,814","13,51968411","52,49394677",,,4266.0,52.0
215626,11,1,1100312.0,2021,9,9,5,3,5,2,0,1,1,0,0,0,0,0,"799003,1296","5827242,828","13,40711636","52,51310962",,,4344.0,28.0
215625,11,10,10100312.0,2021,9,10,2,3,9,1,0,0,1,0,0,0,0,0,"808324,6802","5830160,83","13,54675235","52,5340715",,,1529.0,61.0
215624,11,10,10100312.0,2021,8,19,2,2,5,2,0,0,1,0,0,0,0,0,"807834,3936","5829074,915","13,53854153","52,52461672",,,6271.0,64.0
215623,11,7,7501134.0,2021,9,7,5,3,1,5,0,1,1,0,0,0,0,0,"799130,4277","5817238,32","13,40001749","52,42336276",,,4156.0,34.0
215622,11,11,11300725.0,2021,9,18,6,3,1,5,1,0,1,0,0,0,1,0,"804916,6351","5827613,28","13,49432856","52,51315637",,,7327.0,63.0
215621,11,1,1300733.0,2021,9,13,5,2,1,5,0,1,1,0,0,0,0,0,"797099,4895","5831419,317","13,38288028","52,55158726",,,3550.0,28.0
215620,11,2,2400625.0,2021,9,18,5,2,5,3,0,0,0,0,1,0,0,0,"801464,5226","5827268,85","13,44330125","52,51198808",,,4949.0,42.0
215619,11,7,7100101.0,2021,8,18,6,3,2,6,1,0,1,0,0,0,0,1,"794666,793","5825764,154","13,34209352","52,50221422",,,3251.0,57.0
215618,11,1,1100311.0,2021,8,13,4,3,5,3,0,0,0,0,0,0,1,0,"799920,8123","5827922,131","13,42121105","52,51869466",,,3568.0,52.0
215617,11,6,6300631.0,2021,9,4,1,3,0,7,2,0,1,0,0,0,0,0,"790801,3999","5815550,277","13,2764117","52,41271907",,,7460.0,55.0
215616,11,8,8100209.0,2021,9,16,5,3,5,2,0,0,1,0,1,0,0,0,"801750,9625","5822053,976","13,4427876","52,46508804",,,3749.0,17.0
215615,11,3,3500936.0,2021,9,9,4,3,0,7,0,1,0,0,0,0,0,0,"802279,3153","5831443,248","13,45906665","52,54895203",,,5780.0,50.0
215614,11,3,3100103.0,2021,9,18,2,2,5,3,0,0,1,0,0,0,0,0,"804239,9045","5840165,329","13,49590062","52,62603159",,,1465.0,57.0
215613,11,12,12200309.0,2021,8,7,1,3,5,3,0,0,1,0,0,0,1,1,"793158,526","5832633,984","13,3259965","52,56461151",,,3468.0,60.0
215612,11,5,5100316.0,2021,9,13,3,3,2,6,0,0,1,0,0,0,0,0,"784793,7163","5828859,365","13,19968952","52,53520888",,,3550.0,28.0
215611,11,2,2400624.0,2021,9,18,3,3,0,1,0,0,0,0,1,0,0,0,"801806,407","5827211,169","13,4482715","52,51128204",,,5238.0,46.0
215610,11,8,8100209.0,2021,8,16,3,3,2,3,0,1,1,0,0,0,0,0,"801569,3496","5822310,614","13,44035429","52,46748862",,,4647.0,52.0
215609,11,7,7601546.0,2021,9,14,6,2,0,1,0,0,1,0,0,0,0,0,"798837,7667","5812857,959","13,39181798","52,38425757",,,5764.0,57.0
215608,11,4,4300622.0,2021,9,8,5,3,5,2,0,1,1,0,0,0,0,0,"792997,698","5826961,114","13,31862808","52,51384334",,,3345.0,42.0
215607,11,7,7501029.0,2021,8,7,2,3,5,3,0,0,1,0,0,0,0,1,"797679,7423","5819321,681","13,38060156","52,44282913",,,4243.0,50.0
215606,11,5,5100315.0,2021,8,16,1,3,6,4,0,0,0,1,0,0,1,1,"785034,459","5829550,443","13,20382207","52,54127918",,,6758.0,63.0
215605,11,2,2100102.0,2021,9,14,2,2,1,5,0,1,0,0,0,0,1,0,"797775,2466","5826440,176","13,38835786","52,50658653",,,4221.0,62.0
215604,11,7,7300516.0,2021,9,12,1,3,1,5,0,1,1,0,0,0,0,0,"794078,6982","5822042,602","13,330171","52,4691696",,,4354.0,42.0
215603,11,3,3100103.0,2021,8,7,3,2,5,3,0,1,1,0,0,0,0,1,"804436,8459","5840691,497","13,49928577","52,63063692",,,1760.0,43.0
215602,11,4,4300620.0,2021,9,22,6,2,6,4,2,0,0,1,1,0,0,0,"793182,2601","5827778,583","13,32206042","52,52107243",,,3283.0,60.0
215601,11,11,11300724.0,2021,10,14,6,3,0,3,0,0,1,0,0,0,1,0,"804841,3825","5827755,497","13,49335336","52,51447305",,,4962.0,45.0
215600,11,1,1300835.0,2021,9,16,3,3,5,2,0,1,1,0,0,0,0,0,"797157,8218","5829878,553","13,38235968","52,53774433",,,1664.0,56.0
215599,11,1,1100416.0,2021,9,13,3,3,0,5,0,0,1,0,1,0,0,0,"798696,6588","5829216,591","13,40438621","52,53096955",,,2858.0,52.0
215598,11,4,4501042.0,2021,9,12,3,3,0,5,0,0,1,0,1,0,0,1,"794577,6671","5826053,037","13,34103987","52,504852",,,3876.0,49.0
215597,11,11,11401137.0,2021,8,16,5,3,5,3,0,1,1,0,0,0,0,0,"806829,6444","5826249,948","13,52117385","52,49986526",,,7153.0,65.0
215596,11,5,5100314.0,2021,8,17,3,3,1,5,0,1,1,0,0,0,0,0,"785318,1595","5830260,397","13,20860381","52,54749604",,,7429.0,65.0
215595,11,12,12100205.0,2021,9,17,6,3,2,6,0,0,1,0,1,0,0,0,"794226,6017","5835427,573","13,34418768","52,58907775",,,3749.0,17.0
215594,11,8,8200832.0,2021,9,15,4,3,2,6,0,0,1,0,0,0,0,0,"801509,1549","5817662,418","13,43527594","52,42585866",,,5344.0,56.0
215593,11,5,5100208.0,2021,9,5,3,3,5,3,1,1,1,0,0,0,0,0,"781263,8775","5830777,911","13,14941096","52,55424483",,,3545.0,51.0
215592,11,2,2100104.0,2021,9,21,6,3,2,6,2,0,1,0,0,0,0,0,"799211,0373","5826245,952","13,40927486","52,50406007",,,3639.0,45.0
215591,11,1,1401043.0,2021,9,14,4,3,5,2,0,0,1,0,1,0,0,0,"795684,3351","5830922,949","13,36162752","52,54790785",,,3654.0,56.0
215590,11,7,7400823.0,2021,9,16,5,2,2,6,0,0,1,0,1,0,0,0,"796831,1342","5822168,314","13,3706837","52,46880796",,,3774.0,53.0
215589,11,6,6400844.0,2021,9,11,7,3,5,7,0,0,1,0,1,0,0,0,"791289,575","5821860,182","13,28906878","52,46902853",,,4572.0,61.0
215588,11,1,1100312.0,2021,8,21,7,3,5,2,2,1,1,0,0,0,0,0,"798859,618","5826649,156","13,40447481","52,50786683",,,4252.0,53.0
215587,11,3,3300413.0,2021,9,15,5,3,2,6,0,0,1,0,0,0,0,0,"803369,3463","5838258,66","13,48132999","52,60942993",,,5444.0,54.0
215586,11,2,2300419.0,2021,9,17,5,3,4,6,0,1,0,0,0,0,0,0,"801614,4788","5826002,796","13,44435723","52,50055739",,,4064.0,52.0
215585,11,1,1100308.0,2021,9,8,4,3,3,2,0,1,1,0,0,0,0,1,"796956,2731","5828907,607","13,3785293","52,52915075",,,3559.0,22.0
215584,11,9,9401329.0,2021,9,12,4,3,5,3,0,1,1,0,0,0,0,1,"812185,3578","5818669,319","13,59272702","52,42889567",,,7355.0,51.0
215583,11,2,2400521.0,2021,8,6,6,2,0,1,0,1,0,0,0,0,0,1,"800743,123","5828488,466","13,43380561","52,523318",,,5659.0,55.0
215582,11,2,2300314.0,2021,8,17,4,3,5,3,0,0,1,0,1,0,0,0,"799902,356","5825980,976","13,41919083","52,50130544",,,5145.0,46.0
215581,11,1,1100311.0,2021,9,18,6,3,5,7,0,0,1,0,0,0,1,0,"800038,1515","5828499,737","13,4234562","52,52380741",,,4435.0,61.0
215580,11,3,3500933.0,2021,9,17,4,3,2,6,0,0,1,0,0,0,0,0,"802718,6502","5832384,132","13,46638399","52,55714102",,,4523.0,61.0
215579,11,7,7400825.0,2021,9,13,4,3,0,5,0,0,1,0,0,0,1,0,"797294,9165","5820747,663","13,37622565","52,45582105",,,4252.0,53.0
215578,11,3,3500934.0,2021,9,22,3,3,6,7,2,0,0,1,0,0,1,0,"800788,4919","5832012,389","13,43766227","52,55487852",,,4245.0,40.0
215577,11,1,1100309.0,2021,8,17,2,3,6,4,0,1,0,1,0,0,0,0,"797904,4026","5828763,173","13,39233519","52,52733878",,,6830.0,43.0
215576,11,11,11300617.0,2021,9,15,6,3,3,6,0,0,1,0,0,0,0,0,"803461,1667","5829718,104","13,47486733","52,53283303",,,6340.0,64.0
215575,11,1,1400937.0,2021,9,15,3,3,5,2,0,0,1,0,0,0,0,0,"793769,7884","5831861,412","13,33430463","52,55735641",,,5365.0,63.0
215574,11,10,10100314.0,2021,9,14,7,3,5,3,0,1,0,0,0,0,0,0,"808810,5634","5830591,498","13,55429308","52,53765597",,,5429.0,59.0
215573,11,9,9100101.0,2021,9,9,4,3,0,1,0,1,0,0,0,0,0,0,"802460,9567","5824637,034","13,45554943","52,48784757",,,4868.0,52.0
215572,11,2,2100105.0,2021,9,18,5,3,6,7,0,0,1,1,0,0,0,0,"799552,8236","5825839,763","13,41392991","52,50023166",,,4824.0,53.0
215571,11,9,9200511.0,2021,9,10,1,3,5,3,0,0,1,0,0,0,0,0,"806946,9323","5822301,37","13,51926099","52,46441128",,,4447.0,16.0
215570,11,6,6200423.0,2021,8,13,1,3,5,3,0,0,1,0,0,0,0,1,"793355,8564","5816251,21","13,3144758","52,41763987",,,4854.0,36.0
215569,11,4,4300414.0,2021,9,16,5,3,1,5,0,1,1,0,0,0,0,0,"791849,0464","5826699,583","13,30152016","52,5121146",,,4547.0,11.0
215568,11,1,1300732.0,2021,9,7,5,3,0,2,0,1,0,0,0,0,1,0,"797567,928","5832754,624","13,39096588","52,56330085",,,4964.0,49.0
215567,11,6,6400843.0,2021,9,11,3,3,5,2,0,0,1,0,0,0,0,0,"791103,9771","5819243,641","13,28406282","52,4456699",,,2932.0,61.0
215566,11,5,5200630.0,2021,9,15,4,3,5,3,0,0,1,0,0,0,1,0,"784475,6916","5827747,358","13,19406184","52,52540467",,,4757.0,11.0
215565,11,12,12500929.0,2021,8,20,5,2,6,4,2,0,1,1,0,0,0,1,"793668,344","5837853,313","13,33812251","52,61112441",,,3448.0,49.0
215564,11,4,4200207.0,2021,8,12,3,3,1,5,0,1,1,0,0,0,0,0,"789145,8859","5825171,762","13,26047195","52,4998569",,,7035.0,48.0
215563,11,1,1100308.0,2021,9,21,6,3,6,2,2,0,1,1,0,0,0,0,"796859,8042","5828110,904","13,37640017","52,52206172",,,5236.0,65.0
215562,11,2,2300419.0,2021,9,17,5,2,0,7,0,1,0,0,0,0,0,0,"801512,9365","5826000,498","13,44286379","52,50059291",,,2160.0,45.0
215561,11,3,3500936.0,2021,9,13,4,3,1,5,0,1,1,0,0,0,0,0,"802411,9755","5831109,493","13,46071324","52,545887",,,3058.0,38.0
215560,11,7,7601544.0,2021,9,12,1,3,2,2,0,0,1,0,0,0,0,0,"799765,1417","5813974,857","13,4064021","52,39376267",,,5952.0,37.0
215559,11,10,10200421.0,2021,9,17,4,3,5,3,0,1,1,0,0,0,0,0,"812469,4854","5830971,191","13,60842276","52,538973",,,3353.0,38.0
215558,11,6,6100207.0,2021,9,17,2,3,0,1,0,0,0,0,0,0,1,0,"793759,0128","5819819,378","13,32352198","52,4494112",,,4446.0,12.0
215557,11,2,2100102.0,2021,9,4,1,3,5,3,2,1,1,0,0,0,0,0,"798353,8784","5825559,863","13,39606925","52,49837954",,,7030.0,52.0
215556,11,10,10200418.0,2021,8,14,1,3,5,2,0,0,1,0,0,0,0,1,"811294,3049","5831566,826","13,59170942","52,54498317",,,3746.0,57.0
215555,11,8,8100310.0,2021,9,16,5,3,2,6,0,1,0,0,0,0,1,0,"800582,4846","5825135,55","13,42841742","52,4933534",,,4169.0,60.0
215554,11,3,3500932.0,2021,9,7,6,3,0,6,0,0,0,0,1,0,1,1,"801463,4428","5833141,995","13,44861362","52,56463001",,,1726.0,62.0
215553,11,9,9200511.0,2021,9,17,4,3,5,3,0,0,1,0,0,0,0,1,"807853,1108","5822055,482","13,53233084","52,46169783",,,3650.0,32.0
215552,11,9,9100304.0,2021,9,9,5,3,2,2,0,0,1,0,0,0,0,0,"804392,8168","5821739,793","13,48126938","52,46080681",,,5562.0,61.0
215551,11,3,3500936.0,2021,8,14,6,3,1,5,0,1,1,0,0,0,0,1,"802121,8657","5831293,835","13,45661575","52,5477002",,,5662.0,47.0
215550,11,3,3200207.0,2021,8,19,4,3,2,6,0,0,1,0,0,0,0,0,"799074,7031","5835860,079","13,41592992","52,59031066",,,2975.0,54.0
215549,11,1,1100415.0,2021,9,14,7,3,5,2,0,1,1,0,0,0,0,0,"798111,9523","5829342,855","13,39590535","52,53242141",,,5345.0,59.0
215548,11,4,4400833.0,2021,9,8,5,3,5,3,0,0,1,0,1,0,0,0,"792527,6815","5821880,679","13,30726132","52,46855072",,,4446.0,12.0
215547,11,8,8100415.0,2021,9,17,6,3,1,5,0,0,1,0,0,0,0,0,"801841,4718","5823343,76","13,44528279","52,47659861",,,3847.0,40.0
215546,11,2,2300315.0,2021,9,17,4,3,5,3,0,1,1,0,0,0,0,0,"800401,3436","5825790,454","13,42634795","52,49932326",,,5449.0,56.0
215545,11,1,1400942.0,2021,9,13,2,3,5,3,0,0,1,0,0,0,1,0,"795506,7591","5830752,772","13,35886492","52,54647872",,,6247.0,60.0
215544,11,11,11100309.0,2021,9,17,3,3,5,2,0,0,1,0,1,0,0,0,"806039,5586","5832840,244","13,51563751","52,55937279",,,4745.0,46.0
215543,11,1,1100101.0,2021,9,22,2,3,5,3,2,0,1,0,0,0,0,1,"795327,1033","5826268,689","13,35224065","52,50638001",,,3567.0,10.0
215542,11,1,1100207.0,2021,8,17,2,3,5,2,0,1,0,0,0,0,0,0,"798771,2571","5827481,151","13,40392366","52,51537291",,,7461.0,52.0
215541,11,7,7400927.0,2021,9,15,6,3,5,3,0,0,1,0,0,0,0,1,"798627,1168","5820662,877","13,39569747","52,45433482",,,3450.0,48.0
215540,11,1,1100415.0,2021,9,21,4,3,2,5,2,0,1,0,1,0,0,0,"798468,5931","5829106,37","13,40093513","52,53010649",,,1674.0,65.0
215539,11,2,2500831.0,2021,8,9,2,3,5,3,0,1,1,0,0,0,0,1,"803269,2986","5827427,392","13,46995871","52,51240868",,,4651.0,31.0
215538,11,8,8100310.0,2021,8,11,6,3,5,3,0,1,1,0,0,0,0,0,"800572,4382","5825151,906","13,42828464","52,49350553",,,5242.0,49.0
215537,11,4,4300623.0,2021,9,17,2,3,2,7,0,1,1,0,0,0,0,0,"792189,3627","5826485,487","13,30633268","52,51001309",,,6948.0,63.0
215536,11,4,4500937.0,2021,9,13,7,3,1,5,0,0,1,0,0,0,0,0,"791117,4589","5824760,818","13,28907513","52,49512458",,,4459.0,28.0
215535,11,12,12200515.0,2021,8,9,3,3,3,6,0,1,0,0,1,0,0,0,"790296,5815","5835428,541","13,28634046","52,59119807",,,3925.0,65.0
215534,11,8,8100102.0,2021,9,20,6,3,5,7,2,0,1,0,1,0,0,0,"800086,806","5823629,523","13,41978237","52,48012694",,,3849.0,22.0
215533,11,9,9200819.0,2021,10,14,6,3,0,1,0,1,0,0,0,0,0,0,"810713,5117","5818933,722","13,57139456","52,432103",,,5755.0,49.0
215532,11,4,4501150.0,2021,9,18,3,3,5,2,0,1,1,0,0,0,0,0,"793433,0921","5823941,657","13,32236525","52,4865411",,,4055.0,49.0
215531,11,4,4400835.0,2021,9,22,4,3,5,3,2,0,1,0,1,0,0,0,"793355,6108","5822853,373","13,32026984","52,47682666",,,3853.0,44.0
215530,11,6,6100205.0,2021,9,15,3,3,6,4,0,0,1,1,0,0,0,0,"795879,4892","5819858,704","13,35466829","52,44862023",,,4067.0,9.0
215529,11,3,3300516.0,2021,8,7,5,3,6,4,0,0,1,1,0,0,0,0,"800657,9869","5834002,757","13,43754674","52,57279051",,,5039.0,34.0
215528,11,7,7601544.0,2021,8,15,3,3,2,6,0,0,0,0,1,0,1,0,"798714,8077","5814467,09","13,39145082","52,39874878",,,4674.0,48.0
215527,11,6,6400844.0,2021,9,19,6,3,1,1,1,1,1,0,0,0,0,0,"791728,8151","5821503,98","13,29520518","52,46560081",,,5790.0,63.0
215526,11,5,5100211.0,2021,9,15,4,3,6,4,0,0,1,1,0,0,0,0,"783605,2981","5829514,514","13,18277466","52,5417028",,,1659.0,46.0
215525,11,4,4200311.0,2021,9,16,3,3,0,1,0,1,0,0,0,0,0,0,"790522,5907","5826320,044","13,28169787","52,50942013",,,3071.0,39.0
215524,11,5,5200527.0,2021,9,17,2,3,5,7,0,0,1,0,0,0,1,0,"782921,5791","5826962,16","13,17054755","52,51917307",,,2056.0,62.0
215523,11,6,6400735.0,2021,9,11,4,3,5,3,0,0,1,0,0,0,0,0,"782603,0232","5815805,386","13,15641433","52,41930083",,,5429.0,59.0
215522,11,12,12100101.0,2021,9,12,7,3,2,2,0,0,1,0,0,0,0,1,"795779,571","5832576,86","13,36450159","52,56268184",,,3077.0,63.0
215521,11,4,4300623.0,2021,8,20,7,2,6,7,0,0,0,1,0,0,1,0,"792708,4319","5826110,523","13,31362954","52,50637337",,,3148.0,24.0
215520,11,1,1200518.0,2021,9,12,5,2,5,7,0,0,1,0,1,0,0,0,"793588,373","5828525,436","13,32868808","52,52754908",,,4121.0,65.0
215519,11,12,12100103.0,2021,9,13,6,3,6,4,0,0,1,1,0,0,0,0,"795811,2698","5833675,097","13,36594724","52,5725092",,,1661.0,51.0
215518,11,11,11200514.0,2021,9,16,4,2,2,6,0,0,1,0,0,0,0,1,"803550,5235","5830194,372","13,47661561","52,53705192",,,4069.0,34.0
215517,11,1,1400938.0,2021,9,15,4,3,2,6,0,0,1,0,0,0,1,1,"794006,9539","5830163,324","13,3362894","52,54200617",,,4335.0,53.0
215516,11,9,9100409.0,2021,8,5,6,3,2,6,2,0,1,0,0,0,0,1,"805901,5943","5819001,016","13,50089946","52,43541806",,,3149.0,47.0
215515,11,3,3701657.0,2021,8,14,4,3,5,3,0,1,0,0,1,0,0,0,"800247,5713","5830320,578","13,42817829","52,54001286",,,4068.0,46.0
215514,11,9,9200715.0,2021,9,7,6,3,5,2,0,1,1,0,0,0,0,0,"809067,0814","5818190,767","13,54656777","52,42637728",,,3149.0,47.0
215513,11,9,9501736.0,2021,9,8,5,3,2,6,0,0,1,0,0,0,0,0,"812242,9466","5821370,886","13,59609523","52,45307253",,,2429.0,57.0
215512,11,7,7100206.0,2021,9,21,3,2,3,6,2,0,1,0,1,0,0,0,"796539,1619","5824860,809","13,36879289","52,49310228",,,3567.0,10.0
215511,11,7,7601546.0,2021,9,12,2,3,6,7,0,0,0,1,0,0,1,0,"799071,4037","5813121,989","13,39547614","52,38649685",,,3966.0,55.0
215510,11,3,3400721.0,2021,9,18,5,2,6,4,0,0,1,1,0,0,0,0,"798077,6937","5832625,97","13,39834843","52,56186881",,,7363.0,56.0
215509,11,12,12100204.0,2021,9,15,2,3,0,4,0,0,0,1,1,0,0,0,"794954,0584","5832714,778","13,35248126","52,56436598",,,5638.0,53.0
215508,11,12,12601031.0,2021,9,15,1,3,3,2,0,0,1,0,1,0,0,0,"793348,399","5836519,91","13,33222911","52,59934415",,,4445.0,43.0
215507,11,4,4200311.0,2021,8,10,2,3,3,6,0,0,1,0,0,0,0,1,"790115,6025","5825349,505","13,27487212","52,50093571",,,4550.0,26.0
215506,11,3,3601450.0,2021,9,7,5,3,6,2,0,0,0,1,0,0,1,0,"802348,0825","5829204,233","13,45804043","52,52884581",,,5735.0,60.0
215505,11,12,12200412.0,2021,9,18,6,3,5,2,0,0,1,0,1,0,0,0,"791167,2172","5834028,064","13,29792589","52,57817777",,,3228.0,32.0
215504,11,1,1300835.0,2021,9,19,4,3,0,1,2,0,0,0,1,0,0,1,"796988,6151","5830497,814","13,38042577","52,54338753",,,6524.0,59.0
215503,11,11,11200515.0,2021,9,10,5,3,0,5,0,0,0,0,0,0,1,0,"805241,4337","5830580,199","13,50182331","52,53956545",,,3876.0,49.0
215502,11,6,6400737.0,2021,8,13,7,2,2,7,0,1,1,0,0,0,0,0,"784596,4544","5819979,04","13,18920194","52,45568991",,,3242.0,39.0
215501,11,8,8100209.0,2021,8,16,4,3,5,2,0,1,1,0,0,0,0,0,"801751,64","5822052,833","13,44279651","52,46507742",,,3647.0,52.0
215500,11,2,2200209.0,2021,9,1,7,2,5,2,2,1,1,0,0,0,0,0,"797749,362","5824034,295","13,38582718","52,48503473",,,3834.0,50.0
215499,11,9,9501940.0,2021,9,11,7,3,5,2,0,0,1,0,1,0,0,1,"811155,1083","5821574,38","13,58032793","52,45551642",,,5040.0,48.0
215498,11,1,1100101.0,2021,9,13,3,3,5,3,0,0,1,0,0,0,0,0,"795328,1181","5826269,169","13,35225598","52,50638376",,,7030.0,52.0
215497,11,9,9501737.0,2021,9,19,2,3,6,7,1,0,1,1,0,0,0,0,"814186,9656","5821717,068","13,6249352","52,45506086",,,5038.0,31.0
215496,11,7,7400824.0,2021,9,9,3,3,1,5,0,1,1,0,0,0,0,0,"797643,121","5822027,194","13,38247596","52,46710119",,,5132.0,38.0
215495,11,8,8100312.0,2021,8,13,2,3,1,5,0,1,1,0,0,0,0,1,"801397,2357","5824483,336","13,43979197","52,48705821",,,6430.0,58.0