ObjectID,State,District,LOR_ab_2021,AccidentYear,AccidentMonth,AccidentHour,DayOfWeek,AccidentCategory,AccidentType,AccidentTypeDetail,LightingCondition,InvolvingBike,InvolvingCar,InvolvingPedestrian,InvolvingMotorcycle,InvolvingHGV,InvolvingOther,RoadCondition,GraphicCoord1,GraphicCoord2,LongitudeWGS84,LatitudeWGS84,quadrant,quadrant_rank
214641,11,4,4300517.0,2021,8,15,5,3,5,2,0,0,1,0,0,0,0,0,"791470,1404","5828283,692","13,29734061","52,52651854",,,3738.0,53.0
214640,11,1,1100205.0,2021,8,17,4,3,5,2,0,1,1,0,0,0,0,0,"797050,7992","5826550,944","13,37781432","52,50797437",,,4964.0,49.0
214639,11,2,2200213.0,2021,8,18,3,3,5,7,0,1,0,0,0,0,1,0,"800300,1887","5824577,491","13,42376896","52,48850668",,,3649.0,23.0
214638,11,1,1401045.0,2021,8,20,2,3,2,6,2,0,1,0,0,1,0,1,"796701,7839","5831920,282","13,37747959","52,55629462",,,7956.0,63.0
214637,11,4,4501040.0,2021,7,10,4,2,5,2,0,0,1,0,1,0,0,0,"792713,2066","5825479,109","13,3131446","52,50071038",,,4645.0,45.0
214636,11,10,10100311.0,2021,8,12,1,3,0,6,0,0,1,0,1,0,0,0,"806341,2919","5830125,879","13,51757096","52,5348766",,,5258.0,62.0
214635,11,2,2500835.0,2021,7,20,7,3,5,2,0,1,1,0,0,0,0,0,"802473,0508","5826374,695","13,45730475","52,50341551",,,2742.0,61.0
214634,11,6,6100204.0,2021,8,16,6,3,2,6,0,0,1,0,0,0,0,0,"795424,2798","5820707,819","13,34874075","52,45647818",,,2160.0,45.0
214633,11,8,8100415.0,2021,8,9,2,3,1,5,0,1,1,0,0,0,0,0,"801246,3099","5823693,87","13,43686257","52,48006533",,,3451.0,50.0
214632,11,4,4300623.0,2021,8,16,6,3,5,3,0,0,1,0,0,0,0,0,"792270,5892","5826005,539","13,30710473","52,50566695",,,4648.0,37.0
214631,11,8,8100209.0,2021,7,18,3,3,1,5,0,0,0,0,0,1,1,0,"801431,7695","5822268,008","13,43829666","52,46718265",,,4364.0,39.0
214630,11,10,10100315.0,2021,8,18,5,3,2,2,0,0,1,0,1,0,0,0,"809842,9995","5830997,392","13,56984522","52,54070743",,,4558.0,14.0
214629,11,11,11300722.0,2021,7,10,4,3,5,2,0,1,0,0,0,1,0,0,"803811,7858","5827754,484","13,47822666","52,51503844",,,1658.0,8.0
214628,11,4,4501042.0,2021,7,13,5,3,1,5,0,0,1,0,0,0,0,0,"794303,7172","5825806,498","13,33679746","52,50278975",,,4756.0,48.0
214627,11,6,6300528.0,2021,8,19,4,3,8,1,1,0,1,0,0,0,0,0,"790516,8093","5815559,318","13,2722471","52,41295123",,,2432.0,65.0
214626,11,2,2100104.0,2021,8,8,3,3,2,6,0,0,1,0,0,0,0,0,"799283,4469","5825964,919","13,41008589","52,50150131",,,3830.0,60.0
214625,11,5,5100208.0,2021,7,11,4,3,5,2,0,0,1,0,0,0,0,0,"782367,0195","5830503,443","13,16540521","52,55121303",,,5240.0,57.0
214624,11,6,6400737.0,2021,8,7,4,3,5,3,0,1,0,0,0,0,0,0,"784241,8703","5815910,034","13,1805373","52,41939041",,,4965.0,61.0
214623,11,3,3400828.0,2021,7,8,2,3,5,2,0,1,1,0,0,0,0,0,"799722,881","5832510,41","13,42244157","52,55992991",,,3551.0,40.0
214622,11,2,2100103.0,2021,8,21,2,3,5,3,2,0,1,0,0,0,0,1,"798549,3843","5826264,219","13,39957216","52,50458624",,,4658.0,28.0
214621,11,2,2300314.0,2021,8,2,7,3,0,1,2,0,0,0,1,0,0,0,"799955,3867","5826087,372","13,42006557","52,50222997",,,7032.0,50.0
214620,11,1,1100313.0,2021,7,21,3,3,0,2,2,1,1,0,0,0,0,0,"800472,6856","5826682,945","13,42820112","52,50728368",,,3362.0,60.0
214619,11,7,7601544.0,2021,8,16,3,3,6,4,0,0,1,1,0,0,0,0,"799883,4008","5813190,846","13,40743345","52,38667027",,,3849.0,22.0
214618,11,3,3400620.0,2021,8,14,7,3,0,7,0,0,1,0,0,0,0,0,"797727,776","5833788,402","13,39424496","52,57247988",,,3863.0,41.0
214617,11,12,12601235.0,2021,7,18,5,3,1,5,0,0,1,0,1,0,0,1,"794659,9501","5836273,579","13,35131855","52,59642687",,,2751.0,29.0
214616,11,7,7501135.0,2021,7,15,6,3,1,7,0,0,1,0,0,0,0,0,"798651,9687","5816979,958","13,3927715","52,42130816",,,2160.0,45.0
214615,11,6,6400844.0,2021,8,8,4,2,5,2,0,1,1,0,0,0,0,0,"791835,2215","5821376,206","13,29665531","52,46439849",,,5356.0,13.0
214614,11,8,8100103.0,2021,7,20,5,2,5,7,0,0,1,0,1,0,0,0,"800682,607","5822960,961","13,42792631","52,47380666",,,4234.0,52.0
214613,11,1,1100102.0,2021,8,11,5,3,1,6,0,1,1,0,0,0,0,0,"796111,109","5826639,456","13,364088","52,50927865",,,3745.0,36.0
214612,11,1,1100309.0,2021,8,13,5,3,5,2,0,1,1,0,0,0,0,0,"798867,767","5828555,395","13,40630682","52,5249491",,,4135.0,49.0
214611,11,1,1200517.0,2021,8,12,3,3,2,6,0,0,1,0,0,0,0,1,"793520,6146","5829272,243","13,32835155","52,53428031",,,4547.0,11.0
214610,11,1,1100311.0,2021,7,20,7,3,5,2,1,0,1,0,0,0,1,0,"800053,3457","5828509,404","13,4236882","52,5238857",,,3228.0,32.0
214609,11,9,9200819.0,2021,8,0,1,2,9,1,2,0,0,0,1,0,0,0,"810476,9524","5820285,15","13,56918142","52,44434839",,,718.0,63.0
214608,11,3,3300516.0,2021,7,15,4,3,1,5,0,0,1,0,0,0,1,0,"800278,1392","5832681,426","13,43076259","52,56115686",,,4328.0,63.0
214607,11,10,10100311.0,2021,8,13,2,3,2,6,0,0,0,0,1,1,0,0,"806357,2975","5830199,088","13,51787367","52,53552371",,,3674.0,59.0
214606,11,11,11200411.0,2021,7,14,7,3,5,3,0,0,1,0,0,0,1,0,"805621,2581","5831683,431","13,5084213","52,54924006",,,2454.0,58.0
214605,11,1,1100205.0,2021,7,18,5,2,5,2,1,0,1,0,1,0,0,0,"797300,228","5827233,905","13,38208869","52,51396047",,,3634.0,50.0
214604,11,12,12200515.0,2021,8,7,6,3,0,7,0,1,0,0,0,0,0,0,"790609,8927","5834443,477","13,29008853","52,58219982",,,4555.0,52.0
214603,11,1,1300834.0,2021,8,11,2,3,0,3,0,0,1,0,1,0,0,0,"797832,7177","5830453,039","13,39279598","52,54252543",,,4041.0,37.0
214602,11,1,1100311.0,2021,8,9,6,3,0,7,0,0,1,0,1,0,0,0,"800058,342","5827408,941","13,42276904","52,5140191",,,4534.0,61.0
214601,11,7,7501029.0,2021,8,14,3,3,2,6,0,0,1,0,0,0,0,0,"797755,0079","5819064,478","13,38147647","52,44048259",,,3546.0,33.0
214600,11,9,9401534.0,2021,7,9,5,3,2,2,0,0,1,0,0,0,1,0,"811005,0034","5820318,651","13,57695684","52,44434854",,,4651.0,31.0
214599,11,3,3601245.0,2021,7,14,5,3,0,7,0,0,0,0,0,0,1,0,"800465,7551","5831498,673","13,43245139","52,55045212",,,4036.0,65.0
214598,11,4,4400727.0,2021,8,13,3,2,5,2,0,1,1,0,0,0,0,0,"791122,5998","5823173,218","13,28776378","52,48088897",,,4256.0,57.0
214597,11,12,12100102.0,2021,7,13,4,3,0,5,0,0,1,0,0,0,1,0,"796613,3477","5833524,179","13,37761279","52,57071989",,,6656.0,56.0
214596,11,2,2100102.0,2021,7,14,7,3,2,6,0,0,1,0,0,0,1,0,"798329,7314","5825557,894","13,39571283","52,49837509",,,4462.0,55.0
214595,11,8,8100314.0,2021,8,13,6,3,2,6,0,0,1,0,0,0,0,0,"800666,8152","5824322,328","13,42892209","52,48601778",,,4538.0,53.0
214594,11,3,3601243.0,2021,8,20,2,3,0,1,0,1,0,0,0,0,0,0,"799862,895","5831584,993","13,42366483","52,55155803",,,7343.0,65.0
214593,11,10,10100208.0,2021,8,13,7,3,5,3,0,1,1,0,0,0,0,0,"809230,8588","5831992,501","13,56177434","52,54997292",,,4146.0,50.0
214592,11,4,4200311.0,2021,7,18,3,3,2,7,0,0,1,0,1,0,0,0,"790364,2497","5827256,362","13,28018836","52,5178986",,,3665.0,54.0
214591,11,4,4300620.0,2021,8,10,4,3,5,2,0,0,1,0,0,0,0,0,"793410,4781","5827392,602","13,32507392","52,51748954",,,5347.0,57.0
214590,11,12,12500825.0,2021,7,17,5,3,5,2,0,1,1,0,0,0,0,1,"792156,3111","5834913,11","13,3132612","52,58558172",,,3339.0,61.0
214589,11,4,4501148.0,2021,7,8,6,3,0,2,0,1,1,0,0,0,0,0,"793328,4986","5823397,967","13,32035088","52,48172332",,,4879.0,64.0
214588,11,9,9100306.0,2021,8,13,4,3,2,6,0,0,1,0,1,0,0,0,"803836,935","5820977,637","13,47241922","52,45428505",,,4453.0,15.0
214587,11,9,9200715.0,2021,8,15,2,3,5,2,0,0,1,0,0,0,0,0,"808469,3995","5819056,425","13,53860396","52,43447265",,,3750.0,33.0
214586,11,10,10300734.0,2021,8,12,6,3,5,3,0,1,1,0,0,0,0,0,"809576,8768","5825608,93","13,56092024","52,49256921",,,2846.0,54.0
214585,11,5,5300736.0,2021,8,17,4,2,0,3,0,0,1,0,1,0,0,0,"786320,9982","5829463,475","13,22266572","52,53982491",,,4173.0,65.0
214584,11,5,5200528.0,2021,8,18,2,3,5,2,0,0,1,0,0,0,0,1,"783895,4082","5826614,63","13,18456466","52,51555093",,,5435.0,61.0
214583,11,7,7200413.0,2021,7,16,4,3,0,3,0,1,1,0,0,0,0,0,"795942,8561","5823774,308","13,35907057","52,48368633",,,7835.0,51.0
214582,11,4,4300619.0,2021,8,23,1,3,0,1,2,0,0,0,0,0,1,0,"792407,646","5827207,506","13,31017433","52,51636883",,,3756.0,4.0
214581,11,4,4300517.0,2021,7,18,7,3,5,2,0,0,1,0,0,0,0,0,"791792,1853","5828226,49","13,302024","52,52583347",,,6444.0,53.0
214580,11,8,8200623.0,2021,8,15,6,3,5,2,0,1,1,0,0,0,0,0,"802800,5922","5820810,83","13,45706342","52,45336502",,,4623.0,43.0
214579,11,5,5100208.0,2021,8,16,3,2,6,4,0,0,1,1,0,0,0,0,"781278,5792","5830763,763","13,14961525","52,55411039",,,4446.0,12.0
214578,11,11,11200512.0,2021,8,6,7,3,5,2,0,0,1,0,0,0,0,0,"802881,4656","5831209,155","13,46770645","52,54651945",,,2553.0,40.0
214577,11,12,12500927.0,2021,7,12,2,3,5,3,0,1,0,0,0,0,0,0,"792754,1405","5836274,443","13,32326315","52,59746395",,,4236.0,55.0
214576,11,5,5100316.0,2021,8,13,4,3,5,2,0,0,1,0,1,0,0,0,"784843,3103","5829239,898","13,20074491","52,5385948",,,4656.0,41.0
214575,11,9,9501939.0,2021,7,5,4,3,0,6,0,0,1,0,0,0,1,1,"811026,5788","5821822,297","13,57867341","52,45781128",,,4160.0,4.0
214574,11,5,5100208.0,2021,7,14,5,2,2,2,0,0,1,0,1,0,0,0,"781686,361","5830662,778","13,15552824","52,55299415",,,1748.0,65.0
214573,11,10,10100102.0,2021,8,17,4,3,5,3,0,0,1,0,0,0,1,0,"809450,9369","5834611,829","13,56745225","52,57332116",,,2934.0,62.0
214572,11,1,1100309.0,2021,8,16,2,3,5,2,0,1,0,0,0,0,1,0,"798680,7464","5828664,115","13,40365602","52,5260261",,,5359.0,51.0
214571,11,4,4300412.0,2021,7,20,5,3,1,5,0,1,1,0,0,0,0,0,"791622,9054","5827530,844","13,29892589","52,51968769",,,7461.0,52.0
214570,11,4,4500936.0,2021,8,16,4,2,5,3,0,1,1,0,0,0,0,0,"792086,7129","5825777,003","13,30420282","52,50371665",,,5441.0,34.0
214569,11,2,2100104.0,2021,8,21,3,3,5,3,2,1,1,0,0,0,0,0,"799284,2209","5826218,753","13,4103254","52,50377613",,,5040.0,48.0
214568,11,1,1300836.0,2021,8,14,2,3,5,3,0,1,1,0,0,0,0,0,"796541,0812","5830342,351","13,37370703","52,54223773",,,3429.0,56.0
214567,11,1,1100102.0,2021,8,9,7,3,5,3,0,1,1,0,0,0,0,0,"796560,4901","5826867,607","13,37089335","52,51107969",,,1959.0,49.0
214566,11,4,4300517.0,2021,7,14,3,3,2,6,0,0,1,0,1,0,0,0,"791702,1456","5827824,303","13,30034779","52,52227611",,,2553.0,40.0
214565,11,4,4300412.0,2021,8,10,3,3,5,2,0,1,1,0,0,0,0,0,"791666,0043","5827509,944","13,29954096","52,51947728",,,4048.0,46.0
214564,11,8,8100312.0,2021,8,12,1,3,1,5,0,1,1,0,0,0,0,0,"801522,2144","5823981,407","13,44117297","52,48249032",,,4755.0,4.0
214563,11,5,5100104.0,2021,7,12,5,3,5,2,0,1,1,0,0,0,0,0,"785669,4179","5831760,654","13,21506089","52,56076293",,,3533.0,65.0
214562,11,10,10400938.0,2021,7,20,6,3,2,2,1,0,1,0,0,0,0,0,"813228,1847","5828956,591","13,61767496","52,52048479",,,3556.0,48.0
214561,11,12,12100204.0,2021,8,8,5,2,5,3,0,0,1,0,1,0,0,0,"794906,7752","5832890,901","13,35194227","52,56597039",,,6153.0,63.0
214560,11,7,7200410.0,2021,7,15,5,3,0,2,0,0,1,0,0,0,1,0,"795715,2343","5824029,317","13,35595459","52,48609561",,,3445.0,43.0
214559,11,1,1100309.0,2021,8,17,5,3,1,5,0,1,1,0,0,0,0,0,"798904,9961","5828632,617","13,40692335","52,52562087",,,3071.0,39.0
214558,11,2,2400624.0,2021,7,22,7,2,1,5,2,1,1,0,0,0,0,0,"802004,979","5827175,473","13,45115623","52,51085219",,,5450.0,55.0
214557,11,5,5100210.0,2021,8,9,5,3,1,5,0,0,1,0,0,0,1,0,"784127,5183","5830399,275","13,19121119","52,54936355",,,4069.0,34.0
214556,11,1,1100415.0,2021,8,10,3,3,5,3,0,1,1,0,0,0,0,0,"798296,6679","5829369,914","13,39864469","52,53256291",,,4558.0,14.0
214555,11,9,9200717.0,2021,8,12,1,3,2,6,0,1,1,0,0,0,0,0,"809448,3304","5818695,194","13,55262369","52,43068244",,,3149.0,47.0
214554,11,6,6300632.0,2021,7,19,4,3,1,5,0,1,1,0,0,0,0,0,"792081,9048","5817140,574","13,29657315","52,42629439",,,6231.0,63.0
214553,11,7,7200414.0,2021,8,22,1,3,0,1,2,0,1,0,0,0,0,1,"796533,8227","5823968,698","13,36792065","52,48510824",,,3368.0,49.0
214552,11,11,11200410.0,2021,7,0,1,3,6,4,2,0,0,1,0,0,1,0,"805859,2505","5832362,995","13,51254626","52,55519689",,,2283.0,58.0
214551,11,7,7501031.0,2021,8,13,5,3,1,7,0,0,1,0,0,0,1,0,"798205,158","5819912,863","13,38883653","52,44784215",,,4951.0,32.0
214550,11,12,12100205.0,2021,7,8,2,3,2,6,0,0,1,0,0,0,0,1,"794195,3132","5835426,23","13,34372597","52,58908262",,,5535.0,53.0
214549,11,9,9100101.0,2021,8,10,6,3,5,2,0,1,0,0,0,1,0,0,"802360,3822","5825339,234","13,4547099","52,49419712",,,4147.0,61.0
214548,11,8,8100311.0,2021,8,11,2,3,5,2,0,0,1,0,0,0,1,0,"800527,3112","5824459,954","13,42699791","52,48732817",,,3666.0,49.0
214547,11,5,5300840.0,2021,8,13,6,3,2,6,0,0,1,0,0,0,0,0,"789409,1821","5828668,419","13,26738134","52,5310657",,,2659.0,45.0
214546,11,2,2400521.0,2021,7,8,2,2,5,2,0,1,0,0,0,0,1,0,"800484,7835","5828469,214","13,42999194","52,52328788",,,4656.0,41.0
214545,11,11,11501238.0,2021,8,16,4,3,2,6,0,0,1,0,1,0,0,0,"803818,2156","5826158,094","13,47686416","52,50072687",,,3882.0,65.0
214544,11,2,2400625.0,2021,7,10,4,3,3,6,0,1,0,0,0,0,0,0,"801731,9069","5826196,335","13,44625726","52,50222719",,,5452.0,39.0
214543,11,9,9502042.0,2021,7,15,6,3,0,7,0,0,1,0,0,0,0,0,"811341,9464","5821981,044","13,5834479","52,45905434",,,3063.0,49.0
214542,11,2,2200209.0,2021,8,23,3,3,6,2,2,0,1,1,0,0,0,0,"797771,93","5824035,095","13,38615926","52,4850296",,,4056.0,47.0
214541,11,4,4200308.0,2021,7,22,6,3,5,2,2,0,1,0,0,0,0,0,"790354,7108","5827306,385","13,28009184","52,51835215",,,6437.0,60.0
214540,11,4,4501043.0,2021,7,0,2,2,0,1,2,0,0,0,0,0,1,0,"792725,5422","5824764,655","13,31269791","52,49429889",,,4334.0,51.0
214539,11,5,5100316.0,2021,8,16,6,2,5,2,0,1,1,0,0,0,0,0,"783781,1294","5829110,653","13,18501545","52,53799017",,,2874.0,52.0
214538,11,1,1100310.0,2021,8,7,2,3,1,7,0,1,1,0,0,0,0,0,"799113,2614","5828861,606","13,41019002","52,52755919",,,4558.0,14.0
214537,11,2,2100106.0,2021,8,23,6,3,5,7,2,0,1,0,0,0,0,1,"798589,104","5825565,765","13,39952936","52,4983038",,,3566.0,39.0
214536,11,4,4200311.0,2021,7,22,5,2,5,2,2,0,1,0,0,0,0,0,"790449,35","5825976,206","13,28032171","52,5063766",,,5072.0,61.0
214535,11,1,1100416.0,2021,7,11,6,3,5,3,0,1,1,0,0,0,0,0,"798528,2501","5830051,652","13,402661","52,53854694",,,7660.0,47.0
214534,11,1,1100310.0,2021,8,9,3,3,0,3,0,1,0,0,0,0,0,0,"799097,8864","5828925,685","13,4100217","52,528142",,,3370.0,55.0
214533,11,4,4300622.0,2021,8,16,3,3,5,3,0,0,1,0,0,0,0,0,"793900,9527","5826241,139","13,33126453","52,50690318",,,2127.0,65.0
214532,11,8,8100105.0,2021,7,13,5,2,5,3,0,1,1,0,0,0,0,0,"801173,8241","5821800,452","13,43408906","52,46313405",,,4553.0,29.0
214531,11,10,10200627.0,2021,8,15,5,3,5,3,0,1,1,0,0,0,0,0,"811307,1471","5829839,997","13,5902806","52,52950126",,,3634.0,50.0
214530,11,3,3601452.0,2021,8,11,4,2,5,2,0,0,1,0,0,0,0,0,"801602,3657","5829351,909","13,44721505","52,53058251",,,3649.0,23.0
214529,11,10,10400940.0,2021,8,13,2,3,6,4,0,0,1,1,0,0,0,0,"813075,6572","5826560,434","13,61318062","52,49910038",,,5065.0,44.0
214528,11,10,10100311.0,2021,8,11,7,3,5,2,0,1,1,0,0,0,0,0,"806351,5754","5830182,35","13,51777415","52,53537692",,,3445.0,43.0
214527,11,3,3601142.0,2021,7,18,4,3,5,2,0,1,1,0,0,0,0,0,"799170,5119","5830744,165","13,41272611","52,54440205",,,2759.0,59.0
214526,11,6,6300634.0,2021,8,11,3,3,3,6,0,1,1,0,0,0,0,0,"792925,3759","5817732,448","13,30946113","52,43114954",,,4941.0,65.0
214525,11,1,1200625.0,2021,8,14,7,3,5,2,0,0,1,0,0,0,0,0,"794717,4491","5828443,15","13,3452104","52,52620224",,,3242.0,39.0
214524,11,9,9100408.0,2021,7,11,6,3,5,2,0,0,1,0,1,0,0,0,"806744,3525","5820291,485","13,51444213","52,44651178",,,1058.0,58.0
214523,11,3,3601450.0,2021,7,5,7,3,0,1,1,0,1,0,0,0,0,0,"802387,3813","5829247,76","13,45865756","52,52921413",,,1557.0,28.0
214522,11,1,1100308.0,2021,8,8,4,3,1,5,0,1,1,0,0,0,0,0,"797553,8366","5828698,749","13,38712523","52,52695276",,,5738.0,63.0
214521,11,4,4300622.0,2021,7,15,5,3,3,6,0,0,1,0,0,0,0,0,"793414,5141","5826573,041","13,32441058","52,51014036",,,1154.0,55.0
214520,11,6,6100102.0,2021,8,11,5,3,2,6,0,0,1,0,1,0,0,0,"793771,2505","5821123,669","13,32484905","52,46109713",,,4455.0,27.0
214519,11,7,7200307.0,2021,8,12,5,3,5,2,0,0,1,0,0,0,0,0,"794947,35","5824323,662","13,34493935","52,48914959",,,5452.0,39.0
214518,11,12,12400617.0,2021,8,11,4,3,1,5,0,1,1,0,0,0,0,0,"785873,0017","5838582,631","13,22394365","52,62181951",,,6456.0,63.0
214517,11,12,12200412.0,2021,7,18,4,3,0,6,0,0,1,0,0,0,1,0,"791208,3911","5834071,657","13,2985701","52,57854655",,,3057.0,55.0
214516,11,1,1100415.0,2021,7,18,7,3,4,6,0,1,0,0,0,0,1,0,"797383,1888","5829151,575","13,38502226","52,53110491",,,5781.0,61.0
214515,11,3,3300516.0,2021,8,15,4,3,5,3,0,1,1,0,0,0,0,0,"801165,8157","5833191,795","13,44428119","52,56524109",,,4734.0,59.0
214514,11,9,9501737.0,2021,8,8,4,2,6,4,0,0,1,1,0,0,0,0,"814172,9906","5821924,747","13,6249256","52,45692989",,,4047.0,22.0
214513,11,4,4300414.0,2021,8,13,2,3,1,5,0,0,1,0,0,0,1,0,"791685,104","5827419,632","13,29974246","52,51865742",,,4153.0,36.0
214512,11,11,11401135.0,2021,8,16,7,3,2,6,0,0,1,0,1,0,0,0,"806002,1635","5825512,15","13,50834413","52,49371746",,,4454.0,36.0
214511,11,1,1300733.0,2021,7,15,3,3,2,6,0,1,1,0,0,0,0,0,"797396,9831","5831239,294","13,38709376","52,54981124",,,1558.0,34.0
214510,11,10,10100312.0,2021,8,11,3,2,0,7,0,0,1,0,0,0,0,0,"807681,8508","5830166,332","13,53731021","52,53448405",,,6628.0,57.0
214509,11,5,5100208.0,2021,7,8,3,3,0,7,0,0,1,0,0,0,1,0,"781533,3063","5830266,837","13,15294104","52,54952308",,,4757.0,11.0
214508,11,5,5200528.0,2021,8,14,1,3,6,7,0,1,0,1,0,0,0,0,"782638,962","5826825,329","13,16627721","52,51809275",,,4025.0,60.0
214507,11,4,4501040.0,2021,7,15,7,3,5,2,0,0,1,0,1,0,0,0,"792418,6555","5825410,99","13,3087579","52,50025763",,,4386.0,61.0
214506,11,2,2500830.0,2021,7,18,7,3,5,2,0,1,1,0,0,0,0,0,"802544,634","5827393,275","13,45928188","52,5125053",,,4735.0,61.0
214505,11,4,4500938.0,2021,8,17,5,3,5,2,0,1,1,0,0,0,0,0,"791572,9432","5824602,589","13,29562688","52,49346292",,,3768.0,64.0
214504,11,8,8300934.0,2021,7,11,6,3,5,3,0,0,1,0,0,0,0,0,"803272,7936","5818323,337","13,46173367","52,43080786",,,5755.0,49.0
214503,11,4,4300412.0,2021,8,16,5,2,2,7,0,1,1,0,0,0,0,0,"790790,5272","5827406,769","13,28658439","52,51901987",,,4257.0,20.0
214502,11,5,5200630.0,2021,7,13,7,2,2,2,0,0,1,0,0,0,0,0,"783395,9214","5827681,737","13,17813281","52,52537866",,,3155.0,63.0
214501,11,3,3601142.0,2021,8,8,5,3,5,2,0,1,1,0,0,0,0,0,"798877,4168","5831047,155","13,40868956","52,54727876",,,2854.0,17.0
214500,11,11,11300722.0,2021,8,14,3,3,5,2,0,1,1,0,0,0,0,0,"804254,8493","5827660,041","13,4846494","52,51394501",,,4863.0,28.0
214499,11,9,9501939.0,2021,8,19,1,3,0,1,0,0,0,0,1,0,0,0,"810420,9211","5821263,099","13,56926841","52,45314426",,,5638.0,53.0
214498,11,9,9100408.0,2021,7,11,4,2,5,2,0,0,1,0,1,0,0,0,"806736,1325","5820287,559","13,51431795","52,4464812",,,4435.0,61.0
214497,11,9,9401329.0,2021,8,22,1,2,5,3,2,0,1,0,0,0,0,1,"812185,173","5818670,125","13,59272507","52,428903",,,4243.0,50.0
214496,11,10,10300734.0,2021,7,13,7,3,2,6,0,0,1,0,0,0,0,0,"809659,7085","5826344,182","13,56281981","52,49911133",,,4068.0,46.0
214495,11,7,7400826.0,2021,7,7,2,3,2,6,0,1,1,0,0,0,0,0,"796375,887","5819730,898","13,36183777","52,44720568",,,5655.0,61.0
214494,11,8,8100521.0,2021,8,18,6,3,5,3,0,1,1,0,0,0,0,0,"802952,9866","5822470,626","13,46080555","52,46815734",,,4755.0,4.0
214493,11,12,12500825.0,2021,8,9,2,3,1,5,0,1,1,0,0,0,0,0,"791828,5708","5834818,999","13,30835459","52,58491395",,,5055.0,41.0
214492,11,7,7601341.0,2021,8,18,6,3,0,1,0,1,0,0,0,0,0,1,"798091,2792","5814994,03","13,38278229","52,403812",,,4875.0,65.0
214491,11,1,1100416.0,2021,7,16,2,3,5,3,0,1,0,0,0,0,0,0,"798573,7064","5829253,97","13,40261263","52,53137195",,,4245.0,40.0
214490,11,2,2100104.0,2021,8,16,4,3,3,6,0,1,0,0,1,0,0,0,"799280,7385","5826124,754","13,41018976","52,50293548",,,3445.0,43.0
214489,11,11,11200512.0,2021,7,11,5,2,5,7,0,0,1,0,0,0,1,0,"803026,8402","5830775,114","13,46944777","52,54254841",,,2876.0,40.0
214488,11,1,1100312.0,2021,7,8,5,3,5,2,0,1,1,0,0,0,0,0,"799517,7026","5826714,166","13,41420065","52,50808865",,,4419.0,64.0
214487,11,1,1300834.0,2021,8,17,4,3,6,7,0,1,0,1,0,0,0,0,"797534,7214","5830997,827","13,3889028","52,54757158",,,4870.0,61.0
214486,11,6,6200313.0,2021,8,19,3,3,5,3,0,1,1,0,0,0,0,0,"794988,2699","5818425,367","13,3403272","52,43625274",,,3928.0,64.0
214485,11,9,9200819.0,2021,7,14,3,3,5,3,0,0,1,0,0,0,1,0,"810496,8481","5820097,275","13,56929864","52,44265342",,,3945.0,34.0
214484,11,9,9200715.0,2021,7,8,2,3,5,2,0,1,0,0,0,0,1,0,"807718,4983","5818728,525","13,52729145","52,43195686",,,4749.0,23.0
214483,11,2,2400520.0,2021,8,7,2,3,5,2,0,1,1,0,0,0,0,0,"800327,2834","5828827,183","13,42800076","52,52658323",,,5756.0,56.0
214482,11,2,2500833.0,2021,8,14,7,3,5,2,0,1,1,0,0,0,0,0,"802523,1333","5827271,42","13,45885525","52,51142505",,,5956.0,61.0
214481,11,9,9100305.0,2021,8,6,3,3,6,4,0,0,0,1,1,0,0,0,"804964,5066","5822520,387","13,49037102","52,46748427",,,4757.0,11.0
214480,11,10,10100209.0,2021,8,14,7,3,2,6,0,0,1,0,0,0,0,0,"810001,5346","5832237,118","13,5733324","52,55172704",,,5429.0,59.0
214479,11,1,2100104.0,2021,7,16,5,3,5,3,0,1,1,0,0,0,0,1,"799366,1489","5826336,252","13,41163447","52,5047844",,,5282.0,56.0
214478,11,9,9100305.0,2021,7,8,6,3,6,2,0,0,1,1,0,0,0,0,"805020,4799","5822709,495","13,49136531","52,46914792",,,3264.0,52.0
214477,11,2,2400623.0,2021,8,5,5,3,5,3,0,1,1,0,0,0,0,0,"800357,801","5827846,593","13,42756374","52,51777709",,,4769.0,58.0
214476,11,3,3100103.0,2021,7,13,5,3,5,3,0,0,1,0,0,0,0,0,"804255,1964","5840479,651","13,49641515","52,62884008",,,7659.0,42.0
214475,11,4,4501042.0,2021,8,13,5,3,0,7,0,0,0,0,1,0,1,1,"793915,9473","5825563,629","13,33088675","52,50082157",,,7266.0,65.0
214474,11,6,6400844.0,2021,8,17,4,2,5,2,0,1,1,0,0,0,0,0,"792381,1402","5820930,835","13,30427805","52,46011395",,,1766.0,46.0
214473,11,7,7400928.0,2021,8,7,3,3,5,2,0,1,1,0,0,0,0,1,"800259,2952","5821588,251","13,42047743","52,46173528",,,4242.0,52.0
214472,11,7,7601236.0,2021,7,11,7,3,2,2,0,0,1,0,0,0,0,0,"797200,8871","5817146,33","13,37164343","52,42358953",,,4070.0,60.0
214471,11,6,6400843.0,2021,8,12,1,3,5,3,0,0,1,0,0,0,0,0,"791204,402","5819702,079","13,28593589","52,44972637",,,4244.0,54.0