ObjectID,State,District,LOR_ab_2021,AccidentYear,AccidentMonth,AccidentHour,DayOfWeek,AccidentCategory,AccidentType,AccidentTypeDetail,LightingCondition,InvolvingBike,InvolvingCar,InvolvingPedestrian,InvolvingMotorcycle,InvolvingHGV,InvolvingOther,RoadCondition,GraphicCoord1,GraphicCoord2,LongitudeWGS84,LatitudeWGS84,quadrant,quadrant_rank
214128,11,1,1100310.0,2021,8,17,6,3,6,7,0,0,0,1,0,0,1,0,"799243,625","5828219,486","13,41152815","52,52173202",,,3452.0,33.0
214127,11,7,7100205.0,2021,7,7,7,3,8,1,0,0,1,0,0,0,0,0,"796346,3102","5824888,964","13,36598569","52,49345941",,,3660.0,50.0
214126,11,1,1300733.0,2021,8,21,4,3,5,2,2,1,0,0,0,0,0,0,"797680,8768","5831315,245","13,39133638","52,55033697",,,2059.0,42.0
214125,11,9,,2021,8,10,2,3,0,1,0,0,1,0,0,0,0,0,"808645,9485","5815247,518","13,53768007","52,40023729",,,3542.0,38.0
214124,11,8,8301036.0,2021,7,5,5,2,5,2,0,1,0,0,0,0,1,0,"804102,244","5817517,22","13,47316327","52,4231223",,,4252.0,53.0
214123,11,1,1200520.0,2021,7,17,5,3,4,6,0,0,1,0,0,0,0,0,"794210,4224","5828541,592","13,33784538","52,52735856",,,3137.0,62.0
214122,11,8,8100417.0,2021,8,13,3,2,6,4,0,0,1,1,0,0,0,0,"802409,0644","5823033,72","13,45333334","52,47350574",,,3345.0,42.0
214121,11,8,8100417.0,2021,7,13,4,3,5,3,0,1,1,0,0,0,0,0,"802276,2266","5822845,251","13,45121277","52,47188999",,,3032.0,48.0
214120,11,2,2400625.0,2021,7,21,7,3,0,1,1,0,0,0,1,0,0,0,"801740,7985","5826789,547","13,44692547","52,50753929",,,4255.0,45.0
214119,11,1,1100311.0,2021,8,20,6,2,3,6,1,1,0,0,0,0,0,0,"799723,2902","5827709,321","13,41811702","52,51689576",,,5080.0,61.0
214118,11,1,1100312.0,2021,8,16,3,3,5,3,0,1,1,0,0,0,0,0,"799645,0669","5827049,772","13,41637378","52,5110269",,,6055.0,63.0
214117,11,12,12200309.0,2021,8,22,6,3,8,1,2,0,1,0,0,0,0,1,"793303,1777","5832563,102","13,32806177","52,56389818",,,4135.0,49.0
214116,11,7,7400824.0,2021,7,20,3,2,5,3,1,1,1,0,0,0,0,0,"797844,7457","5822041,914","13,38544836","52,46712326",,,6137.0,47.0
214115,11,7,7200409.0,2021,8,10,4,3,1,5,0,1,1,0,0,0,0,0,"795454,5525","5824070,702","13,35216341","52,48660772",,,4363.0,22.0
214114,11,5,5100316.0,2021,7,14,5,3,5,2,0,0,1,0,0,0,0,0,"783941,4701","5828984,132","13,18726507","52,53677225",,,7052.0,57.0
214113,11,5,5300736.0,2021,7,17,7,3,5,2,0,1,1,0,0,0,0,0,"786086,118","5829145,207","13,21893788","52,53709477",,,3923.0,60.0
214112,11,4,4100102.0,2021,8,18,4,2,6,4,0,0,1,1,0,0,0,0,"791482,4568","5829459,625","13,29855281","52,537054",,,5253.0,35.0
214111,11,4,4300620.0,2021,8,11,4,3,5,7,0,0,1,0,0,0,0,0,"793563,718","5827766,991","13,32765618","52,52076328",,,5155.0,43.0
214110,11,6,6100208.0,2021,7,20,4,3,1,5,1,0,1,0,0,0,1,0,"794326,6847","5820601,035","13,33253992","52,45611308",,,3929.0,55.0
214109,11,2,2500727.0,2021,8,9,4,3,5,3,0,1,1,0,0,0,0,0,"802588,9899","5827779,649","13,46028483","52,51594374",,,3756.0,4.0
214108,11,3,3400826.0,2021,8,16,3,3,5,7,0,1,1,0,0,0,0,0,"798228,5794","5832288,958","13,40026486","52,55876536",,,1762.0,53.0
214107,11,2,2400522.0,2021,8,21,2,3,6,2,2,0,0,1,0,0,1,1,"801626,3374","5828319,585","13,44663099","52,52131646",,,3476.0,57.0
214106,11,5,5300841.0,2021,8,20,7,3,0,1,1,0,0,0,1,0,0,0,"789462,5983","5829340,923","13,2687523","52,53706645",,,2844.0,55.0
214105,11,7,7601442.0,2021,7,11,4,3,5,2,0,1,1,0,0,0,0,0,"799275,186","5816272,853","13,4012765","52,41462937",,,4240.0,51.0
214104,11,12,12200412.0,2021,8,22,3,3,5,2,1,0,1,0,0,0,0,1,"791167,9437","5834020,894","13,29793028","52,5781131",,,4447.0,16.0
214103,11,4,4300619.0,2021,8,9,7,2,5,2,0,1,1,0,0,0,0,0,"791905,1561","5827432,304","13,30298745","52,51865328",,,4645.0,45.0
214102,11,12,12500929.0,2021,7,14,7,3,5,3,0,1,1,0,0,0,0,0,"794029,325","5838135,29","13,34368894","52,61345695",,,1557.0,28.0
214101,11,2,2100102.0,2021,7,10,7,3,1,5,0,1,1,0,0,0,0,0,"797928,8471","5826416,462","13,39059305","52,5062901",,,4556.0,46.0
214100,11,6,6300526.0,2021,8,13,5,3,6,4,0,0,0,1,0,0,1,0,"789483,0859","5817610,06","13,25886567","52,43188476",,,3933.0,51.0
214099,11,1,1100416.0,2021,8,15,3,3,0,1,0,0,0,0,1,0,0,0,"798730,1172","5829565,848","13,40519186","52,53408179",,,2324.0,61.0
214098,11,1,1100102.0,2021,8,15,7,3,0,2,0,1,1,0,0,0,0,0,"796635,3528","5826670,841","13,37181786","52,50927518",,,5260.0,59.0
214097,11,4,4501042.0,2021,7,19,3,2,0,1,0,0,0,0,0,0,1,0,"793789,6465","5825826,187","13,32926311","52,50324329",,,7262.0,61.0
214096,11,1,1100416.0,2021,8,7,4,3,5,2,0,1,0,0,0,0,0,0,"798797,3019","5829185,931","13,4058379","52,53063956",,,3054.0,54.0
214095,11,7,7100205.0,2021,7,18,4,3,5,3,0,1,1,0,0,0,0,0,"796414,1173","5824875,605","13,36696963","52,49330284",,,4648.0,37.0
214094,11,7,7601341.0,2021,7,11,5,3,5,7,0,0,1,0,0,0,1,0,"797079,863","5815605,879","13,36850143","52,40984639",,,8410.0,65.0
214093,11,4,4501040.0,2021,8,19,3,3,1,5,0,1,1,0,0,0,0,0,"792550,9886","5825545,066","13,3108196","52,50138866",,,4073.0,63.0
214092,11,11,11200410.0,2021,8,17,2,2,6,4,0,0,1,1,0,0,0,0,"805848,5237","5832345,584","13,51237249","52,55504688",,,5750.0,59.0
214091,11,9,9200715.0,2021,7,8,4,2,5,2,0,0,1,0,1,0,0,0,"809065,9387","5818189,452","13,54654981","52,42636614",,,5934.0,54.0
214090,11,1,1400942.0,2021,8,10,4,3,5,3,0,0,1,0,1,0,0,0,"795260,4665","5830714,677","13,35520954","52,54627077",,,5562.0,61.0
214089,11,8,8200623.0,2021,7,12,3,3,6,2,0,0,1,1,0,0,0,0,"801563,1961","5820649,607","13,4387635","52,45260398",,,1660.0,30.0
214088,11,3,3601346.0,2021,8,13,2,3,1,5,0,1,1,0,0,0,0,0,"799466,8513","5831032,364","13,41734281","52,54682249",,,3849.0,22.0
214087,11,3,3200310.0,2021,8,17,7,2,5,7,0,1,1,0,0,0,0,0,"799222,7674","5838175,452","13,42020169","52,61098258",,,5637.0,57.0
214086,11,11,11300721.0,2021,7,13,3,3,5,2,0,1,1,0,0,0,0,0,"805532,163","5830048,844","13,50560819","52,53464035",,,3440.0,55.0
214085,11,5,5100211.0,2021,8,16,3,2,5,2,0,0,1,0,1,0,0,0,"783247,0673","5830290,215","13,17816808","52,54884424",,,5265.0,58.0
214084,11,3,3300411.0,2021,8,17,1,3,6,4,0,0,1,1,0,0,0,0,"803902,1006","5839613,801","13,49041848","52,62127766",,,3560.0,52.0
214083,11,1,1200627.0,2021,7,19,5,3,0,2,0,1,1,0,0,0,0,1,"795501,6161","5828373,914","13,35667408","52,52515713",,,5243.0,34.0
214082,11,1,1200521.0,2021,7,1,6,2,0,1,2,1,0,0,0,0,0,0,"793686,4421","5828141,747","13,32979066","52,52405669",,,2849.0,40.0
214081,11,8,8100416.0,2021,8,9,4,3,2,6,0,0,1,0,0,0,0,0,"801996,1559","5823274,566","13,44749074","52,47589291",,,5256.0,48.0
214080,11,1,1100308.0,2021,7,17,6,2,0,1,0,1,0,0,0,0,0,0,"797136,4792","5827820,236","13,38020641","52,51930551",,,3025.0,58.0
214079,11,12,12100102.0,2021,7,13,6,3,5,3,0,1,0,0,1,0,0,0,"796654,968","5833325,511","13,37804741","52,56891638",,,3968.0,60.0
214078,11,3,3500934.0,2021,8,15,5,3,2,6,0,1,1,0,0,0,0,0,"801252,5794","5831813,38","13,4443062","52,5528383",,,3371.0,40.0
214077,11,10,10200423.0,2021,8,9,5,3,2,3,0,1,1,0,0,0,0,0,"813015,8101","5831217,009","13,61668333","52,54086225",,,1054.0,55.0
214076,11,4,4400726.0,2021,8,13,3,3,5,3,0,0,1,0,1,0,0,1,"791220,1559","5824087,093","13,2899947","52,48902984",,,4255.0,45.0
214075,11,1,1401045.0,2021,7,16,7,3,3,6,0,0,1,0,0,0,0,0,"797045,2621","5831893,486","13,38250711","52,55586719",,,4648.0,37.0
214074,11,8,8200831.0,2021,8,12,1,3,5,3,0,0,1,0,0,0,0,0,"799907,8181","5816245,149","13,41052556","52,4140348",,,7660.0,47.0
214073,11,4,4501042.0,2021,7,22,4,3,5,2,2,0,1,0,0,0,0,0,"794480,0413","5825855,631","13,3394311","52,50313507",,,1155.0,58.0
214072,11,8,8300934.0,2021,8,15,1,3,2,6,0,0,1,0,1,0,0,0,"802723,4477","5818752,115","13,45406647","52,4349553",,,7268.0,62.0
214071,11,5,5300736.0,2021,7,15,6,3,5,3,0,0,1,0,0,0,0,0,"786012,6131","5829295,037","13,21798606","52,5384767",,,2353.0,65.0
214070,11,7,7200411.0,2021,8,12,5,3,6,4,0,1,0,1,0,0,0,0,"796206,0614","5824231,807","13,36334179","52,48764469",,,9327.0,65.0
214069,11,12,12400723.0,2021,7,18,1,3,6,7,0,0,1,1,0,0,0,1,"791872,2994","5838189,252","13,31196938","52,61510342",,,3551.0,40.0
214068,11,7,7100102.0,2021,8,7,6,3,2,2,0,1,1,0,0,0,0,0,"795411,226","5824986,15","13,35233879","52,49483748",,,4263.0,51.0
214067,11,6,6100210.0,2021,8,21,1,3,5,3,2,1,1,0,0,0,0,1,"794713,8148","5821563,387","13,33907045","52,46453145",,,2633.0,63.0
214066,11,2,2400623.0,2021,8,16,6,3,8,1,0,0,0,0,0,0,1,0,"800527,8596","5826894,38","13,42920249","52,50914845",,,4067.0,9.0
214065,11,8,8100314.0,2021,7,7,2,3,6,4,0,0,1,1,0,0,0,1,"801092,1917","5823811,608","13,43470637","52,48120564",,,3050.0,39.0
214064,11,1,1100101.0,2021,8,7,4,3,0,7,0,1,1,0,0,0,0,0,"794676,3537","5826179,417","13,34260148","52,50593162",,,5256.0,48.0
214063,11,11,11501341.0,2021,7,10,5,3,5,3,0,1,1,0,0,0,0,0,"807185,5161","5823813,502","13,52415416","52,47782924",,,3648.0,35.0
214062,11,11,11300725.0,2021,7,15,5,3,6,4,0,0,0,1,0,0,1,0,"805214,5167","5828177,794","13,49922231","52,5180492",,,4558.0,14.0
214061,11,5,5300737.0,2021,8,11,3,3,2,6,0,0,1,0,0,0,0,0,"787788,87","5829403,297","13,24419739","52,53851213",,,4062.0,45.0
214060,11,1,1300733.0,2021,7,7,4,3,5,2,0,1,1,0,0,0,0,0,"797576,6408","5831889,949","13,39031873","52,55554541",,,3756.0,4.0
214059,11,6,6300633.0,2021,7,9,2,3,2,7,0,1,1,0,0,0,0,0,"792446,0689","5818815,296","13,30337861","52,44111364",,,6148.0,63.0
214058,11,3,3200310.0,2021,8,22,6,3,6,4,2,0,1,1,0,0,0,0,"799442,6121","5838263,817","13,42351874","52,61165355",,,6565.0,55.0
214057,11,6,6400736.0,2021,8,10,2,3,5,2,0,1,1,0,0,0,0,0,"787513,0785","5816890,419","13,22935029","52,4264716",,,4746.0,53.0
214056,11,4,4501041.0,2021,8,10,6,3,2,6,0,0,1,0,0,0,0,0,"792931,4997","5825530,487","13,31639644","52,50105383",,,5539.0,57.0
214055,11,4,4501042.0,2021,7,17,5,3,5,7,0,0,1,0,1,0,0,0,"794540,321","5825962,503","13,34041114","52,50406057",,,6163.0,63.0
214054,11,7,7601545.0,2021,7,16,6,3,1,5,0,1,1,0,0,0,0,0,"800060,6259","5813307,16","13,41013389","52,38761585",,,4947.0,51.0
214053,11,11,11501340.0,2021,8,11,4,3,1,5,0,1,1,0,0,0,0,0,"808133,96","5825376,044","13,53951939","52,49129849",,,4749.0,23.0
214052,11,12,12100206.0,2021,8,11,3,3,2,6,0,0,1,0,0,0,1,0,"793958,9328","5833467,404","13,33850955","52,57165097",,,5754.0,53.0
214051,11,5,5100207.0,2021,7,19,5,2,5,3,0,1,1,0,0,0,0,0,"779992,1118","5830307,606","13,13030541","52,55068307",,,5147.0,55.0
214050,11,2,2400521.0,2021,7,10,7,3,5,3,0,1,0,0,0,0,1,0,"800480,385","5828223,902","13,42970568","52,5210915",,,5143.0,6.0
214049,11,4,4500939.0,2021,8,11,5,3,5,3,0,0,1,0,0,0,0,0,"792203,8685","5824081,113","13,30443628","52,48845059",,,4430.0,31.0
214048,11,12,12200309.0,2021,8,16,4,3,6,2,0,0,1,1,0,0,0,0,"793353,0243","5832940,497","13,32912876","52,56725446",,,2323.0,65.0
214047,11,1,1200522.0,2021,8,13,2,3,4,5,0,1,0,0,0,0,1,0,"794314,4923","5828157,229","13,33903482","52,52385682",,,4757.0,11.0
214046,11,1,1100310.0,2021,8,6,7,3,0,1,0,1,0,0,0,0,0,0,"799647,2923","5828695,539","13,41788882","52,52577741",,,3349.0,12.0
214045,11,8,8100102.0,2021,7,17,4,3,1,5,0,1,1,0,0,0,0,0,"800464,0737","5823634,33","13,42532524","52,4799626",,,3860.0,55.0
214044,11,1,1100313.0,2021,8,8,3,3,5,3,0,1,0,0,0,0,1,0,"799899,3251","5826525,054","13,41963636","52,50618391",,,3152.0,19.0
214043,11,7,7200414.0,2021,8,0,1,2,0,3,2,1,0,0,1,0,0,1,"796257,079","5823954,758","13,3638447","52,48513351",,,7232.0,31.0
214042,11,7,7601341.0,2021,7,16,6,3,5,3,0,1,1,0,0,0,0,0,"798071,7948","5814227,608","13,38181477","52,39695237",,,2261.0,57.0
214041,11,5,5200418.0,2021,7,17,7,3,0,5,0,0,1,0,0,0,0,0,"780689,6329","5829143,035","13,13958152","52,53988177",,,4864.0,14.0
214040,11,5,5300735.0,2021,8,7,4,3,0,1,0,0,1,0,1,0,0,0,"786442,3675","5830474,722","13,22532246","52,54882764",,,4444.0,62.0
214039,11,6,6100101.0,2021,7,17,5,3,1,1,0,0,1,0,1,0,0,1,"792653,5584","5821314,192","13,30861226","52,46340486",,,3864.0,60.0
214038,11,2,2300418.0,2021,8,12,6,3,5,7,0,0,1,0,0,0,1,0,"801131,8076","5825069,786","13,43642471","52,49246117",,,5045.0,46.0
214037,11,4,4300517.0,2021,8,17,5,3,0,6,0,0,1,0,1,0,0,1,"791453,932","5828302,94","13,29711924","52,52669977",,,6053.0,51.0
214036,11,9,9200716.0,2021,8,15,3,3,0,1,0,0,0,0,1,0,0,0,"809049,4155","5819175,753","13,54721907","52,43521468",,,2886.0,60.0
214035,11,6,6100103.0,2021,8,16,1,3,6,7,0,1,0,1,0,0,0,0,"793804,8092","5821022,576","13,32525259","52,46017283",,,5563.0,50.0
214034,11,6,6100101.0,2021,7,10,4,2,1,7,0,0,1,0,0,0,0,0,"793286,4234","5820759,306","13,31741342","52,45809115",,,5856.0,52.0
214033,11,4,4200203.0,2021,8,16,1,2,8,1,0,1,0,0,0,0,0,1,"788286,669","5826920,484","13,24936406","52,51598958",,,4762.0,48.0
214032,11,12,12100204.0,2021,7,11,3,3,5,2,0,0,1,0,0,0,1,0,"795065,4169","5832467,607","13,35389955","52,56208997",,,5838.0,58.0
214031,11,10,10100311.0,2021,7,6,6,3,8,1,0,0,0,0,1,0,0,0,"806736,5248","5830280,929","13,52352277","52,5360439",,,4458.0,48.0
214030,11,5,5200633.0,2021,7,5,2,2,5,2,0,0,1,0,1,0,0,0,"783949,9326","5826591,51","13,18534628","52,51531525",,,4949.0,42.0
214029,11,9,9100304.0,2021,7,11,1,3,5,2,0,0,1,0,0,0,0,0,"804385,7086","5821738,033","13,48116348","52,46079499",,,4470.0,56.0
214028,11,10,10100311.0,2021,8,22,6,2,5,7,2,1,0,0,0,0,1,0,"806792,5108","5830324,581","13,52438591","52,5364036",,,5132.0,38.0
214027,11,8,8401243.0,2021,8,10,2,3,8,1,0,0,0,0,1,0,0,0,"805426,0682","5817272,818","13,492348","52,42019456",,,4973.0,61.0
214026,11,1,1100309.0,2021,8,19,6,3,0,1,0,1,0,0,1,0,0,1,"798987,1716","5828832,112","13,40831039","52,52736399",,,3136.0,49.0
214025,11,1,1200520.0,2021,7,0,1,2,0,7,2,0,0,0,0,0,1,0,"794253,87","5829270,563","13,33912923","52,53386987",,,3379.0,65.0
214024,11,7,7601340.0,2021,7,11,6,3,5,2,0,1,1,0,0,0,0,0,"796134,2938","5815933,292","13,35493031","52,41329371",,,5334.0,54.0
214023,11,2,2500830.0,2021,8,18,5,2,0,7,0,1,0,0,0,0,0,0,"802563,0704","5827389,369","13,45954917","52,51246007",,,3247.0,45.0
214022,11,3,3100103.0,2021,8,8,5,3,0,3,0,1,0,0,1,0,0,0,"804063,3094","5839912,313","13,49306702","52,62386284",,,4235.0,48.0
214021,11,1,1100313.0,2021,8,6,3,3,5,3,0,0,1,0,1,0,0,0,"800473,1898","5826684,246","13,4282097","52,50729506",,,5058.0,45.0
214020,11,10,10100311.0,2021,8,14,7,3,5,2,0,1,1,0,0,0,0,0,"807500,9481","5829177,511","13,53373699","52,52572434",,,4250.0,52.0
214019,11,11,11501340.0,2021,7,11,4,2,5,7,0,0,1,0,0,0,1,0,"807259,2956","5824366,744","13,52574689","52,482746",,,4146.0,50.0
214018,11,1,1100308.0,2021,8,4,1,3,1,5,2,0,1,0,0,0,1,0,"797032,2374","5828919,783","13,37965669","52,52921851",,,3660.0,50.0
214017,11,7,7300619.0,2021,7,8,1,3,5,2,0,1,1,0,0,0,0,0,"795243,269","5822270,82","13,34746722","52,4705873",,,2951.0,33.0
214016,11,5,5200633.0,2021,7,11,2,3,2,6,0,0,1,0,0,0,0,0,"784053,4997","5827184,802","13,187375","52,52058086",,,5751.0,57.0
214015,11,12,12400720.0,2021,8,8,6,3,2,6,0,1,1,0,0,0,0,0,"789100,8885","5840188,662","13,27289891","52,63450958",,,4452.0,21.0
214014,11,9,9501737.0,2021,8,13,2,3,5,2,0,1,1,0,0,0,0,0,"813766,4822","5821746,257","13,61879482","52,45556393",,,2064.0,55.0
214013,11,1,1100205.0,2021,8,13,6,3,3,2,0,0,1,0,0,0,0,0,"796974,044","5827042,638","13,37712543","52,51242367",,,2651.0,45.0
214012,11,7,7100102.0,2021,7,18,2,2,5,7,0,1,1,0,0,0,0,0,"795282,4422","5825402,331","13,35081627","52,49863793",,,3251.0,57.0
214011,11,5,5300737.0,2021,8,1,4,3,0,1,2,0,0,0,0,0,1,1,"786993,1211","5830135,176","13,23312914","52,54549352",,,6359.0,27.0
214010,11,3,3601245.0,2021,7,10,4,3,4,5,0,1,1,0,0,0,0,0,"800655,4435","5831074,772","13,43485678","52,54654797",,,3656.0,44.0
214009,11,7,7200308.0,2021,7,8,5,3,2,2,0,1,1,0,0,0,0,0,"795216,2091","5823199,434","13,34789196","52,47892633",,,6921.0,65.0
214008,11,11,11200514.0,2021,8,17,2,3,5,3,0,1,1,0,0,0,0,0,"805035,3975","5830436,264","13,49866266","52,53839081",,,4961.0,45.0
214007,11,4,4300518.0,2021,7,12,3,3,5,2,0,0,0,0,1,0,1,1,"792208,8334","5828619,337","13,30849322","52,52913208",,,2828.0,57.0
214006,11,11,11200410.0,2021,7,14,2,3,6,4,0,0,0,1,0,0,1,0,"805820,2516","5832299,696","13,51191451","52,55465149",,,5046.0,45.0
214005,11,3,3400831.0,2021,8,23,6,2,9,1,2,0,1,0,0,0,0,0,"799760,4202","5833788,45","13,42414844","52,57136468",,,3331.0,61.0
214004,11,2,2300316.0,2021,8,19,3,3,3,6,0,0,1,0,1,0,0,0,"801453,2412","5826046,53","13,44202871","52,50103848",,,5044.0,14.0
214003,11,1,1100416.0,2021,8,21,6,3,0,1,2,1,0,0,0,0,0,1,"798679,7307","5829463,114","13,40435891","52,53318855",,,3641.0,57.0
214002,11,5,5300737.0,2021,7,15,5,3,5,3,0,0,1,0,0,0,0,0,"787940,4067","5830041,989","13,2469791","52,54415822",,,7844.0,65.0
214001,11,2,2400623.0,2021,7,17,6,3,2,1,0,0,1,0,0,0,0,0,"800560,8188","5827024,98","13,4298046","52,51030089",,,7659.0,42.0
214000,11,2,2100106.0,2021,8,3,5,3,5,2,2,0,1,0,0,0,0,0,"798598,3849","5825578,664","13,39967723","52,49841434",,,4146.0,50.0
213999,11,11,11300722.0,2021,7,12,5,3,1,5,0,1,1,0,0,0,0,0,"803806,5179","5827751,317","13,47814638","52,51501299",,,2651.0,45.0
213998,11,4,4100101.0,2021,7,15,7,3,1,5,0,1,0,0,0,0,1,0,"790183,7014","5829822,631","13,27977502","52,54100149",,,2850.0,46.0
213997,11,1,1100308.0,2021,8,15,5,3,2,6,0,0,1,0,0,0,0,0,"796775,6115","5828816,313","13,37579245","52,52843079",,,3936.0,50.0
213996,11,6,6300528.0,2021,8,16,4,3,5,3,0,0,1,0,0,0,0,0,"789298,2011","5816083,361","13,25483337","52,41829494",,,5126.0,38.0
213995,11,1,1100308.0,2021,8,17,3,3,5,2,0,1,0,0,0,0,1,0,"796939,8385","5828909,033","13,37828902","52,52917249",,,4047.0,22.0
213994,11,3,3400618.0,2021,8,10,1,3,0,1,0,1,1,0,0,0,0,0,"796127,3753","5836570,617","13,37318555","52,59829241",,,4534.0,61.0
213993,11,9,9401534.0,2021,7,12,4,3,3,6,0,0,1,0,1,0,0,0,"811419,3436","5820140,284","13,58286716","52,4425143",,,4859.0,52.0
213992,11,1,1200626.0,2021,8,18,3,3,3,6,0,1,1,0,0,0,0,0,"795498,4946","5828219,487","13,35649098","52,52377451",,,4134.0,59.0
213991,11,12,12100205.0,2021,8,12,1,2,0,1,0,0,0,0,1,0,0,0,"793957,7597","5835301,516","13,34011883","52,58809309",,,1751.0,61.0
213990,11,9,9501737.0,2021,7,12,7,3,6,4,0,0,1,1,0,0,0,0,"814274,7015","5821931,971","13,62642438","52,45693615",,,5252.0,55.0
213989,11,5,5100316.0,2021,7,14,1,2,9,1,0,1,0,0,0,0,0,0,"785082,3084","5829425,398","13,20441841","52,540133",,,6935.0,43.0
213988,11,1,1200629.0,2021,8,14,5,3,5,7,0,0,1,0,0,0,0,0,"794558,2689","5827507,997","13,34204264","52,51790525",,,2847.0,41.0
213987,11,7,7501030.0,2021,7,14,6,2,6,4,0,0,1,1,0,0,0,0,"797980,096","5819783,295","13,38541915","52,44680342",,,5175.0,62.0
213986,11,7,7100101.0,2021,8,19,5,3,0,1,0,0,0,0,1,0,0,0,"794763,2558","5825631,203","13,34339283","52,5009703",,,3547.0,43.0
213985,11,9,9401635.0,2021,8,16,5,3,5,3,0,1,1,0,0,0,0,0,"816646,7761","5817431,712","13,6569564","52,41524237",,,2232.0,63.0
213984,11,2,2200209.0,2021,8,16,4,2,5,2,0,1,1,0,0,0,0,0,"796813,2806","5823979,519","13,37203367","52,48505339",,,7132.0,48.0
213983,11,6,6100206.0,2021,8,20,2,3,2,6,2,0,1,0,0,0,0,1,"794097,9248","5819501,008","13,32821432","52,44637492",,,5356.0,13.0
213982,11,9,9100304.0,2021,7,14,4,2,6,4,0,0,1,1,0,0,0,0,"804554,5438","5822498,96","13,48433517","52,46752089",,,4755.0,4.0
213981,11,2,2300316.0,2021,8,20,1,3,1,7,1,0,1,1,0,0,0,0,"801245,4069","5825972,867","13,43890955","52,50049299",,,5649.0,33.0
213980,11,10,10400940.0,2021,7,15,1,3,4,1,0,1,0,0,0,0,0,0,"812379,3956","5824090,429","13,60064214","52,47736513",,,7331.0,39.0
213979,11,4,4501148.0,2021,8,22,6,3,5,2,2,1,1,0,0,0,0,0,"793346,8252","5823084,35","13,32034405","52,47890201",,,5376.0,65.0
213978,11,4,4300416.0,2021,8,15,2,2,5,2,0,1,1,0,0,0,0,0,"791789,6026","5826098,099","13,30011941","52,5067542",,,7327.0,63.0
213977,11,2,2300316.0,2021,8,15,6,3,5,2,0,1,1,0,0,0,0,0,"801470,7316","5826044,79","13,44228402","52,50101322",,,760.0,65.0
213976,11,6,6400838.0,2021,7,16,2,3,1,5,0,0,1,0,0,0,1,0,"788743,5143","5820142,69","13,25020626","52,45498204",,,5356.0,13.0
213975,11,6,6100210.0,2021,8,9,5,3,1,5,0,1,1,0,0,0,0,0,"794800,7346","5821009,597","13,33985706","52,45952013",,,3748.0,42.0
213974,11,11,11200513.0,2021,7,22,4,3,5,3,2,0,1,0,0,0,0,0,"804575,1476","5831042,677","13,4924535","52,5440832",,,5264.0,60.0
213973,11,4,1200522.0,2021,7,14,5,2,0,6,0,0,1,0,1,0,0,0,"793642,6589","5827967,82","13,3289936","52,5225211",,,6426.0,51.0
213972,11,1,1100101.0,2021,8,0,4,3,0,1,2,1,0,0,0,0,0,0,"794655,3333","5826066,733","13,34219295","52,50493283",,,5245.0,60.0
213971,11,1,1401045.0,2021,8,17,2,3,6,7,0,1,0,1,0,0,0,0,"796703,4795","5831647,904","13,37726107","52,55385214",,,3676.0,38.0
213970,11,6,6200315.0,2021,7,12,6,3,0,6,0,0,1,0,1,0,0,0,"795251,1361","5817502,282","13,34336773","52,42783595",,,5466.0,58.0
213969,11,4,4300415.0,2021,7,15,2,3,3,6,0,0,1,0,1,0,0,0,"791005,3102","5826324,579","13,28879448","52,5092035",,,3837.0,64.0
213968,11,2,2300314.0,2021,8,8,2,3,5,3,0,0,1,0,0,0,1,0,"800280,9176","5826091,469","13,42485067","52,50208765",,,4658.0,28.0
213967,11,1,1100312.0,2021,8,20,7,3,5,2,1,1,1,0,0,0,0,0,"799651,2417","5827045,792","13,41646091","52,51098784",,,5147.0,55.0
213966,11,10,10200418.0,2021,7,11,2,3,5,2,0,0,1,0,0,0,0,0,"811288,6004","5831560,788","13,59161992","52,54493232",,,5361.0,59.0
213965,11,8,8100105.0,2021,8,18,2,3,5,2,0,1,1,0,0,0,0,0,"800944,4966","5822300,867","13,43117498","52,46774579",,,2062.0,63.0
213964,11,4,4300623.0,2021,8,15,6,3,5,7,0,1,1,0,0,0,0,0,"792725,01","5826102,048","13,31386565","52,5062885",,,1263.0,61.0
213963,11,12,12601031.0,2021,7,0,6,3,8,1,2,0,1,0,0,0,0,0,"793547,4123","5836903,072","13,33549878","52,60267152",,,9229.0,65.0
213962,11,2,2400625.0,2021,7,20,6,3,5,2,1,1,1,0,0,0,0,0,"801765,3262","5826249,693","13,44679646","52,50268697",,,4848.0,3.0
213961,11,6,6200421.0,2021,8,12,5,3,3,6,0,0,1,0,1,0,0,0,"793149,0187","5817665,558","13,31268257","52,43043008",,,6839.0,56.0
213960,11,4,4200308.0,2021,7,17,4,2,1,1,0,0,1,0,1,0,0,0,"788328,3027","5827899,799","13,25082481","52,52474754",,,4156.0,34.0
213959,11,5,5100315.0,2021,8,15,5,3,2,2,0,0,1,0,0,0,1,0,"784560,1971","5829789,936","13,197053","52,54367436",,,3666.0,49.0
213958,11,12,12500824.0,2021,8,14,3,3,5,3,0,1,1,0,0,0,0,0,"790625,4505","5835955,499","13,29164394","52,59574654",,,3345.0,42.0