ObjectID,State,District,LOR_ab_2021,AccidentYear,AccidentMonth,AccidentHour,DayOfWeek,AccidentCategory,AccidentType,AccidentTypeDetail,LightingCondition,InvolvingBike,InvolvingCar,InvolvingPedestrian,InvolvingMotorcycle,InvolvingHGV,InvolvingOther,RoadCondition,GraphicCoord1,GraphicCoord2,LongitudeWGS84,LatitudeWGS84,quadrant,quadrant_rank
213786,11,2,2100101.0,2021,8,14,6,3,5,2,0,1,1,0,0,0,0,0,"797389,4403","5826181,767","13,38245944","52,50448062",,,3062.0,44.0
213785,11,4,4501152.0,2021,8,12,2,3,0,1,0,0,0,0,1,0,0,0,"793994,1197","5824221,246","13,33085038","52,48874567",,,3764.0,45.0
213784,11,10,10200629.0,2021,8,14,6,3,5,7,0,1,1,0,0,0,0,0,"811123,1119","5828638,372","13,58645234","52,51883816",,,7430.0,57.0
213783,11,2,2500832.0,2021,7,14,1,3,2,6,0,0,1,0,0,0,0,0,"803653,823","5827412,532","13,47559397","52,51206158",,,2628.0,59.0
213782,11,12,12100205.0,2021,8,17,4,3,0,1,0,1,1,0,0,0,0,0,"794958,0233","5833112,53","13,35289323","52,56792934",,,6024.0,50.0
213781,11,7,7300515.0,2021,7,12,4,3,5,2,0,1,1,0,0,0,0,0,"793898,6713","5822405,714","13,3278483","52,47252163",,,4755.0,4.0
213780,11,2,2300419.0,2021,7,10,5,3,3,6,0,1,1,0,0,0,0,0,"801367,2517","5825876,977","13,44061232","52,49956625",,,5139.0,41.0
213779,11,2,2500836.0,2021,8,10,3,3,5,2,0,1,1,0,0,0,0,0,"803615,3134","5825610,68","13,47338524","52,49593344",,,4551.0,40.0
213778,11,11,11200410.0,2021,8,20,2,2,3,6,0,0,1,0,1,0,0,0,"804631,224","5832794,487","13,4948851","52,55975236",,,4360.0,52.0
213777,11,8,8100209.0,2021,7,12,3,3,5,3,0,0,1,0,0,0,0,0,"801367,4181","5821958,636","13,43707284","52,46444516",,,5347.0,57.0
213776,11,8,8401244.0,2021,7,8,3,3,5,3,0,1,1,0,0,0,0,0,"806093,9948","5816589,358","13,50151421","52,41369586",,,5638.0,53.0
213775,11,1,1100205.0,2021,8,8,2,3,1,5,0,1,1,0,0,0,0,0,"797421,1114","5826919,789","13,38358407","52,51107888",,,2846.0,54.0
213774,11,11,11400929.0,2021,8,12,7,2,5,3,0,0,1,0,1,0,0,0,"804871,4407","5826264,843","13,49242977","52,50109623",,,1358.0,51.0
213773,11,2,2100101.0,2021,8,14,2,3,5,2,0,1,0,0,0,0,1,0,"797763,085","5826046,03","13,38782671","52,50306012",,,6427.0,48.0
213772,11,1,1300834.0,2021,8,18,7,3,5,2,0,1,1,0,0,0,0,0,"797904,744","5831002,94","13,39434811","52,54741519",,,5064.0,24.0
213771,11,1,1100206.0,2021,7,15,6,3,5,3,0,0,1,0,1,0,0,0,"797717,7343","5828156,265","13,38904838","52,52200058",,,5054.0,36.0
213770,11,1,1401046.0,2021,7,13,6,3,2,6,0,0,1,0,0,0,0,0,"794698,2018",5829992,"13,34630075","52,54009695",,,5661.0,61.0
213769,11,2,2200210.0,2021,8,9,5,3,5,3,0,0,1,0,0,0,1,0,"798318,9359","5824984,689","13,39504095","52,49324294",,,3551.0,40.0
213768,11,4,4200203.0,2021,7,10,5,3,5,3,0,0,1,0,0,0,1,0,"787588,3555","5827969,734","13,24000876","52,52576537",,,4157.0,57.0
213767,11,1,1100310.0,2021,8,23,5,3,0,1,2,1,0,0,0,0,0,0,"799719,9207","5828660,88","13,41892493","52,52542682",,,2551.0,50.0
213766,11,5,5200629.0,2021,8,17,4,2,0,6,0,0,1,0,0,0,1,0,"783905,6144","5828701,123","13,18649607","52,53425344",,,3850.0,33.0
213765,11,3,3701556.0,2021,8,14,3,3,5,3,0,1,1,0,0,0,0,0,"799695,6264","5829224,722","13,41907613","52,53049413",,,3949.0,53.0
213764,11,4,4300518.0,2021,8,18,1,3,6,7,0,0,1,1,0,0,0,0,"792574,5559","5828074,223","13,3133894","52,52404915",,,5249.0,5.0
213763,11,2,2200210.0,2021,7,18,4,3,3,6,0,0,1,0,1,0,0,0,"797968,1037","5824895,048","13,38980857","52,49263104",,,4849.0,28.0
213762,11,1,1100308.0,2021,8,12,3,3,1,5,0,1,1,0,0,0,0,0,"797114,8487","5829245,328","13,38116186","52,53209163",,,5261.0,46.0
213761,11,7,7100101.0,2021,8,21,7,3,6,2,2,0,1,1,0,0,0,1,"794965,0962","5824893,375","13,3457043","52,4942471",,,3875.0,59.0
213760,11,9,9401329.0,2021,7,14,7,3,0,3,0,0,1,0,0,0,1,0,"811976,0401","5819352,768","13,590296","52,43513974",,,4632.0,59.0
213759,11,2,2200211.0,2021,8,12,5,3,0,3,0,0,1,0,1,0,0,0,"797812,3793","5824588,546","13,38724773","52,48996858",,,5961.0,51.0
213758,11,4,4500938.0,2021,7,16,6,3,5,3,0,1,1,0,0,0,0,0,"791591,1519","5825066,576","13,29630048","52,4976128",,,5239.0,47.0
213757,11,2,2500728.0,2021,8,19,5,3,6,7,0,1,0,1,0,0,0,0,"803101,245","5827718,009","13,46775461","52,51510684",,,6830.0,43.0
213756,11,1,1100310.0,2021,8,20,4,2,0,1,1,0,0,0,1,0,0,0,"798819,0234","5828245,443","13,405312","52,52219753",,,5264.0,60.0
213755,11,11,11200513.0,2021,8,17,4,3,5,3,0,0,1,0,0,0,0,0,"804670,6005","5830738,263","13,49357754","52,54130154",,,1760.0,43.0
213754,11,4,4300622.0,2021,8,16,2,3,0,6,0,0,1,0,0,0,1,0,"793782,4144","5826063,116","13,32936593","52,50537113",,,5162.0,47.0
213753,11,3,3300514.0,2021,7,10,4,3,2,6,0,1,1,0,0,0,0,0,"801614,2393","5836183,221","13,45359851","52,59180476",,,1560.0,63.0
213752,11,2,2100101.0,2021,8,11,2,3,5,3,0,0,1,0,0,0,1,0,"797393,2599","5826189,305","13,38252228","52,5045461",,,3153.0,49.0
213751,11,4,4300517.0,2021,8,13,2,3,5,2,0,0,1,0,0,0,0,0,"791469,7196","5828283,586","13,29733433","52,52651781",,,5452.0,39.0
213750,11,3,3601245.0,2021,8,16,7,3,5,2,0,0,1,0,0,0,1,0,"800565,9422","5831408,389","13,43384281","52,54958762",,,4446.0,12.0
213749,11,11,11300721.0,2021,7,15,3,3,3,6,0,0,1,0,0,0,0,0,"804350,7906","5829884,669","13,48809465","52,53382988",,,5451.0,41.0
213748,11,7,7300619.0,2021,8,1,3,3,0,1,2,0,0,0,1,0,0,0,"796075,4265","5822848,696","13,36019522","52,47531711",,,3157.0,62.0
213747,11,11,11100206.0,2021,8,12,1,2,6,4,0,1,0,1,0,0,0,0,"805214,3315","5834352,082","13,50489309","52,57338549",,,4358.0,45.0
213746,11,12,12500825.0,2021,7,16,6,3,0,1,0,0,0,0,1,0,0,1,"792079,6122","5834850,602","13,31207724","52,58506254",,,3248.0,24.0
213745,11,4,4500937.0,2021,7,19,1,3,6,4,0,0,1,1,0,0,0,1,"791272,6516","5824998,497","13,29156247","52,49717256",,,3256.0,49.0
213744,11,3,3200206.0,2021,8,13,5,2,5,2,0,1,0,0,0,1,0,0,"798470,157","5834860,83","13,40613227","52,58168599",,,3876.0,49.0
213743,11,2,2400521.0,2021,7,11,5,3,5,3,0,1,1,0,0,0,0,0,"801251,6609","5827850,98","13,44070112","52,5173234",,,4352.0,37.0
213742,11,10,10200423.0,2021,7,19,6,3,6,4,0,0,1,1,0,0,0,0,"813222,866","5831123,279","13,61963807","52,53990338",,,3279.0,63.0
213741,11,6,6200421.0,2021,8,19,5,3,3,6,0,0,1,0,1,0,0,0,"793289,1002","5817691,731","13,31476","52,43058964",,,4856.0,19.0
213740,11,8,8200727.0,2021,8,15,5,2,5,3,0,0,1,0,1,0,0,1,"802556,2014","5819114,577","13,45194184","52,43829664",,,3569.0,53.0
213739,11,1,1100103.0,2021,8,17,3,3,5,2,0,1,1,0,0,0,0,1,"795335,9489","5826147,945","13,35226349","52,50529284",,,4763.0,56.0
213738,11,2,2500830.0,2021,8,14,7,3,5,3,0,0,1,0,1,0,0,0,"802435,6013","5827419,305","13,45770376","52,51279907",,,3428.0,60.0
213737,11,6,6100204.0,2021,7,20,5,3,3,6,1,0,1,0,1,0,0,0,"795433,159","5820396,679","13,34859576","52,45368421",,,4652.0,24.0
213736,11,3,3601141.0,2021,8,20,1,3,0,7,1,1,1,0,0,0,0,1,"798990,5676","5831815,793","13,41104537","52,55410633",,,3756.0,4.0
213735,11,5,5100316.0,2021,7,18,7,2,2,6,0,0,1,0,1,0,0,0,"785317,8676","5829279,614","13,20775708","52,53870262",,,3454.0,49.0
213734,11,8,8200623.0,2021,8,11,5,2,5,3,0,0,1,0,0,0,0,0,"802673,7243","5820767,607","13,45516295","52,45304788",,,4852.0,45.0
213733,11,1,1300836.0,2021,8,12,6,3,5,3,0,1,0,0,0,0,1,0,"797150,8611","5831087,345","13,38333864","52,54858351",,,3949.0,53.0
213732,11,5,5200629.0,2021,8,12,2,3,2,6,0,0,1,0,0,0,0,0,"784727,238","5828635,305","13,19852011","52,53323469",,,4447.0,16.0
213731,11,7,7601442.0,2021,8,12,6,3,6,2,0,0,1,1,0,0,0,0,"798697,6529","5816021,247","13,39258564","52,41268946",,,2634.0,40.0
213730,11,7,7200307.0,2021,7,15,1,3,5,2,0,1,1,0,0,0,0,0,"794961,5179","5824328,087","13,34515132","52,48918161",,,4236.0,55.0
213729,11,1,1200626.0,2021,8,17,4,3,0,1,0,1,0,0,0,0,0,0,"794971,0323","5827987,175","13,34853301","52,52197763",,,3945.0,34.0
213728,11,1,1200517.0,2021,7,13,4,3,0,7,0,0,1,0,0,0,0,0,"794876,2039","5829526,906","13,34850504","52,53583145",,,6362.0,63.0
213727,11,8,8100311.0,2021,7,9,5,3,3,6,0,1,0,0,0,0,0,0,"800504,0242","5824471,695","13,42666657","52,48744623",,,1427.0,63.0
213726,11,10,10100102.0,2021,8,14,4,3,5,2,0,0,1,0,0,0,0,0,"809346,0536","5834284,202","13,56560394","52,57044474",,,3130.0,63.0
213725,11,7,7400823.0,2021,8,11,3,3,0,1,0,0,0,0,1,0,0,0,"797326,6603","5821848,255","13,37767176","52,46566949",,,2256.0,58.0
213724,11,9,9200819.0,2021,7,11,2,3,5,3,0,0,1,0,1,0,0,0,"810044,494","5819412,893","13,56202984","52,43677678",,,4864.0,14.0
213723,11,11,11501339.0,2021,8,11,2,3,2,6,0,0,1,0,0,1,0,0,"807291,7999","5825401,491","13,52717804","52,49200125",,,3449.0,40.0
213722,11,4,4501042.0,2021,8,13,7,2,0,1,0,1,0,0,0,0,0,0,"793980,0235","5825547,147","13,33181344","52,5006393",,,5628.0,61.0
213721,11,12,12100101.0,2021,7,8,2,3,1,5,0,0,1,0,0,0,1,0,"796217,7288","5832374,705","13,37076612","52,56063155",,,4553.0,29.0
213720,11,1,1300733.0,2021,8,19,3,3,3,3,0,0,1,0,0,0,1,0,"797506,7139","5831285,862","13,38874903","52,55016874",,,5985.0,65.0
213719,11,3,3400618.0,2021,8,22,6,3,5,2,2,1,1,0,0,0,0,1,"795812,0466","5836444,331","13,36843071","52,59733201",,,3036.0,63.0
213718,11,2,2500832.0,2021,7,17,5,2,2,6,0,0,1,0,1,0,0,1,"803653,823","5827412,532","13,47559397","52,51206158",,,3551.0,40.0
213717,11,2,2200212.0,2021,7,10,6,3,0,5,0,0,1,0,0,0,0,0,"799570,8214","5824507,749","13,41299651","52,48828225",,,8625.0,65.0
213716,11,1,1100308.0,2021,8,10,5,3,0,1,0,1,0,0,0,0,0,0,"796852,2878","5828107,478","13,37628666","52,52203511",,,4270.0,63.0
213715,11,1,1401046.0,2021,7,6,5,3,0,1,1,1,0,0,0,0,0,0,"795331,964","5830378,769","13,35596217","52,54322089",,,4134.0,59.0
213714,11,6,6300629.0,2021,8,12,5,3,6,4,0,0,1,1,0,0,0,0,"792556,4171","5819602,683","13,30568687","52,44811345",,,3126.0,63.0
213713,11,9,9200511.0,2021,8,17,5,3,5,7,0,0,1,0,0,0,1,0,"807285,1328","5821795,389","13,52375776","52,45968648",,,4431.0,51.0
213712,11,1,1300732.0,2021,8,18,3,3,0,1,0,1,0,0,0,0,0,1,"797232,5877","5832076,241","13,38542571","52,55740316",,,4919.0,65.0
213711,11,1,3601142.0,2021,8,18,1,3,2,6,0,0,1,0,0,0,0,0,"798574,661","5830259,339","13,40352989","52,54038313",,,7658.0,55.0
213710,11,8,8200727.0,2021,7,12,4,3,5,7,0,0,1,0,1,0,0,0,"801308,1311","5819536,81","13,4340177","52,44277026",,,3040.0,60.0
213709,11,10,10100209.0,2021,8,7,3,3,6,4,0,0,1,1,0,0,0,0,"810009,8144","5832292,469","13,5735058","52,55221836",,,2836.0,62.0
213708,11,1,1401049.0,2021,8,3,1,3,0,7,2,0,0,0,0,0,1,1,"796204,1594","5831951,515","13,37018884","52,55684547",,,5637.0,57.0
213707,11,5,5200631.0,2021,7,13,6,3,3,6,0,0,1,0,1,0,0,0,"784769,1151","5827082,931","13,1978063","52,51929422",,,4573.0,56.0
213706,11,6,6400844.0,2021,8,14,5,3,0,5,0,0,1,0,0,0,0,0,"791483,2297","5821624,838","13,29170595","52,46681537",,,3627.0,63.0
213705,11,4,4200311.0,2021,7,10,6,3,5,3,0,1,1,0,0,0,0,0,"790492,367","5826123,116","13,28108192","52,50767076",,,1758.0,63.0
213704,11,4,4400728.0,2021,8,7,6,3,5,2,0,1,1,0,0,0,0,0,"790732,5704","5823473,786","13,28229885","52,48379139",,,3976.0,55.0
213703,11,9,9200715.0,2021,8,11,2,3,2,6,0,0,1,0,1,0,0,0,"807714,1472","5818297,934","13,52683145","52,42810026",,,4342.0,53.0
213702,11,2,2500726.0,2021,8,16,6,2,5,3,0,1,1,0,0,0,0,0,"801889,867","5828454,222","13,45062546","52,52237738",,,2824.0,63.0
213701,11,8,8100311.0,2021,8,12,4,3,1,5,0,1,1,0,0,0,0,0,"800569,9648","5824655,6","13,42780064","52,48905834",,,6352.0,56.0
213700,11,6,6300528.0,2021,8,9,2,3,2,6,0,0,1,0,0,0,0,0,"790837,1026","5817587,579","13,2787062","52,430965",,,4553.0,29.0
213699,11,1,1200626.0,2021,7,15,4,3,0,5,0,1,0,0,0,0,1,0,"795063,4678","5828274,087","13,35014599","52,52449955",,,6629.0,41.0
213698,11,1,1100308.0,2021,8,13,2,3,5,2,0,1,1,0,0,0,0,0,"796781,7288","5828830,452","13,37589498","52,52855419",,,3542.0,38.0
213697,11,8,8100105.0,2021,7,21,6,2,6,2,2,0,1,1,0,0,0,0,"800996,0199","5822155,497","13,43180003","52,46641441",,,2634.0,40.0
213696,11,1,1100309.0,2021,7,18,1,3,0,4,0,0,0,1,1,0,0,1,"798233,6733","5828407,135","13,39685516","52,52396735",,,4853.0,18.0
213695,11,2,2200210.0,2021,8,7,6,3,5,3,0,1,1,0,0,0,0,0,"797990,6562","5825270,06","13,3904752","52,49598026",,,2355.0,58.0
213694,11,5,5300839.0,2021,8,15,3,3,2,6,0,0,1,0,1,0,0,0,"788780,2614","5830379,209","13,25962259","52,54673698",,,3350.0,22.0
213693,11,3,3601141.0,2021,8,22,6,3,9,1,2,0,1,0,0,0,0,1,"799234,99","5831772,365","13,41460059","52,55358284",,,3250.0,40.0
213692,11,1,1100308.0,2021,7,16,3,3,0,7,0,1,0,0,0,0,0,0,"796869,321","5828791,451","13,37714757","52,5281569",,,6137.0,47.0
213691,11,9,9401534.0,2021,8,7,4,3,1,5,0,1,1,0,0,0,0,0,"810864,0527","5820557,859","13,57511226","52,44657238",,,4268.0,58.0
213690,11,2,2200210.0,2021,7,1,5,3,5,3,2,1,1,0,0,0,0,0,"798851,7004","5825115,225","13,40298195","52,49412158",,,1761.0,52.0
213689,11,9,9301025.0,2021,7,17,5,3,5,3,0,1,1,0,0,0,0,0,"811154,7775","5814910,859","13,57412491","52,39580075",,,7934.0,54.0
213688,11,11,11401136.0,2021,8,15,4,3,5,3,0,0,1,0,0,0,0,0,"805819,4464","5825881,062","13,50599985","52,4971262",,,1258.0,63.0
213687,11,1,1300732.0,2021,8,16,2,3,5,2,0,1,1,0,0,0,0,0,"797310,1946","5832297,141","13,38676497","52,55934089",,,4460.0,59.0
213686,11,11,11200410.0,2021,7,12,4,2,5,3,0,1,0,0,0,0,0,0,"805562,4584","5832831,403","13,50861343","52,55956147",,,4251.0,2.0
213685,11,1,1100415.0,2021,7,8,6,3,2,6,0,0,1,0,0,0,0,0,"797446,3377","5829212,236","13,38600472","52,53161421",,,5342.0,38.0
213684,11,7,7300515.0,2021,8,15,4,2,5,3,0,1,0,0,0,0,0,0,"793778,4188","5822836,7","13,32646261","52,47644993",,,3730.0,44.0
213683,11,12,12200309.0,2021,7,10,3,3,3,6,0,0,1,0,0,0,0,0,"793545,4713","5832382,843","13,33146654","52,56215169",,,5040.0,48.0
213682,11,5,5100312.0,2021,8,19,2,3,0,2,0,0,1,0,1,0,0,1,"784621,8895","5830949,367","13,19895406","52,55403756",,,4959.0,58.0
213681,11,7,7501029.0,2021,8,16,7,2,5,3,0,0,0,0,1,0,1,0,"797105,7495","5819476,86","13,3723195","52,44453234",,,5039.0,34.0
213680,11,1,1100312.0,2021,7,18,3,3,5,3,0,1,1,0,0,0,0,0,"798916,6627","5826698,645","13,40535725","52,50827917",,,4646.0,50.0
213679,11,1,1100309.0,2021,6,14,4,3,0,5,0,0,1,0,0,0,1,0,"798931,2538","5828697,284","13,40736737","52,52618612",,,7457.0,61.0
213678,11,5,5100208.0,2021,5,11,2,3,5,2,0,0,1,0,0,0,0,0,"782365,917","5830499,132","13,16538532","52,55117495",,,5926.0,63.0
213677,11,4,4300623.0,2021,6,14,2,3,2,7,0,0,1,0,1,0,0,0,"792744,6672","5826609,582","13,31460081","52,51082784",,,4848.0,3.0
213676,11,2,2400521.0,2021,7,17,2,3,3,6,0,0,0,0,1,0,1,0,"800401,1672","5827979,524","13,42832095","52,51894471",,,4724.0,63.0
213675,11,3,3500932.0,2021,7,19,6,3,5,2,0,1,1,0,0,0,0,0,"802070,7717","5832780,481","13,45721725","52,56105319",,,3348.0,36.0
213674,11,4,4400832.0,2021,7,13,6,3,6,7,0,0,1,1,0,0,0,1,"791318,3472","5822359,719","13,28992738","52,47349155",,,3278.0,65.0
213673,11,2,2200210.0,2021,6,9,5,3,0,1,0,0,0,0,1,0,0,0,"798309,5014","5825284,981","13,39517129","52,49593983",,,3335.0,47.0
213672,11,4,4200308.0,2021,6,12,5,3,3,6,0,1,0,0,0,0,1,0,"790268,8486","5827913,453","13,27935977","52,52384026",,,2876.0,40.0
213671,11,10,10200525.0,2021,6,12,2,3,5,3,0,1,1,0,0,0,0,0,"812926,4104","5830027,661","13,61424964","52,53025589",,,3747.0,53.0
213670,11,1,1100310.0,2021,5,13,2,3,3,6,0,1,0,0,0,0,0,0,"799455,2567","5827562,255","13,41404641","52,51572477",,,3644.0,62.0
213669,11,2,2300316.0,2021,6,19,6,3,5,2,0,1,0,0,0,0,0,0,"800737,0969","5826529,821","13,43194689","52,5057655",,,5071.0,60.0
213668,11,10,10100102.0,2021,6,16,5,3,6,4,0,0,1,1,0,0,0,0,"809480,9099","5834221,106","13,56752852","52,56980266",,,4658.0,28.0
213667,11,1,1200522.0,2021,7,6,6,3,5,2,0,1,1,0,0,0,0,1,"793684,327","5828104,47","13,32972665","52,52372366",,,3677.0,61.0
213666,11,4,4501148.0,2021,6,8,4,3,3,6,0,1,0,0,0,0,1,0,"792485,9072","5823597,066","13,30815344","52,48396017",,,3677.0,61.0
213665,11,6,6400843.0,2021,5,17,6,3,6,4,0,0,1,1,0,0,0,0,"791004,4574","5819297,381","13,28264948","52,44620467",,,3764.0,45.0
213664,11,8,8100419.0,2021,6,19,4,3,5,3,0,1,1,0,0,0,0,0,"802397,0976","5824036,207","13,45406675","52,48249771",,,7031.0,63.0
213663,11,12,12500926.0,2021,7,0,2,3,1,5,2,1,1,0,0,0,0,0,"793686,7617","5836139,043","13,33687276","52,5957473",,,4232.0,61.0
213662,11,1,1200517.0,2021,5,13,3,3,2,6,0,0,1,0,0,0,0,1,"793660,3233","5828117,137","13,32938506","52,52385014",,,7232.0,31.0
213661,11,1,1200520.0,2021,6,12,3,3,1,7,0,0,1,0,0,0,0,0,"794562,2335","5828887,068","13,34332239","52,53026554",,,7945.0,65.0
213660,11,5,5300736.0,2021,7,17,2,3,4,3,0,0,1,0,0,0,0,0,"786103,006","5829154,931","13,21919457","52,53717309",,,3861.0,37.0
213659,11,5,5100316.0,2021,7,14,3,3,2,7,0,0,1,0,0,0,0,0,"784961,232","5829428,306","13,20264048","52,54022241",,,7559.0,63.0
213658,11,10,10100312.0,2021,5,21,6,3,0,1,1,0,0,0,1,0,0,1,"808580,05","5830116,067","13,55046374","52,53352582",,,4951.0,32.0
213657,11,4,4501041.0,2021,6,11,4,3,0,6,0,0,0,0,0,0,1,0,"793052,8352","5825586,897","13,31822847","52,50149437",,,5047.0,51.0
213656,11,1,1100206.0,2021,7,17,7,3,5,2,0,1,1,0,0,0,0,0,"797159,5286","5827691,301","13,38042994","52,51813719",,,1054.0,55.0
213655,11,11,11300620.0,2021,6,13,3,3,5,7,0,0,1,0,0,0,1,0,"803670,8885","5829504,272","13,47775431","52,53079973",,,3863.0,41.0
213654,11,4,4501151.0,2021,6,16,6,3,2,6,0,0,1,0,0,0,0,0,"793742,6111","5823088,66","13,32615885","52,4787279",,,7360.0,59.0
213653,11,4,4200310.0,2021,6,9,3,3,5,3,0,0,1,0,0,0,0,0,"789878,7223","5826218,88","13,27214918","52,50885571",,,6024.0,50.0
213652,11,5,5300840.0,2021,6,4,3,3,0,7,1,0,0,0,1,0,0,1,"788076,2685","5829041,051","13,24810914","52,53511258",,,3782.0,63.0
213651,11,5,5100316.0,2021,6,18,7,3,2,6,0,0,1,0,0,0,0,0,"785279,746","5829297,226","13,20721165","52,53888049",,,5780.0,50.0
213650,11,4,4501045.0,2021,6,10,6,3,5,2,0,1,1,0,0,0,0,0,"793967,5361","5824934,109","13,33108894","52,49515045",,,1426.0,65.0
213649,11,4,4500936.0,2021,7,15,6,2,0,1,0,0,0,0,1,0,0,0,"792253,2244","5825476,936","13,30638565","52,50093745",,,3442.0,43.0
213648,11,9,9200715.0,2021,6,12,7,3,5,2,0,0,1,0,0,0,0,0,"808643,2493","5819165,42","13,54125377","52,43535141",,,7749.0,63.0
213647,11,10,10200524.0,2021,5,15,3,1,6,4,0,0,0,1,0,0,1,0,"812608,8911","5830318,532","13,60985766","52,53304456",,,7236.0,45.0
213646,11,8,8100311.0,2021,6,16,4,3,0,1,0,1,0,0,0,0,0,1,"800548,1945","5824804,397","13,42761517","52,49040405",,,634.0,63.0
213645,11,3,3400828.0,2021,7,15,3,3,5,2,0,0,1,0,1,0,0,0,"799829,1278","5831979,991","13,42352503","52,55511712",,,3538.0,44.0
213644,11,10,10400837.0,2021,7,4,4,3,1,5,1,0,1,0,0,0,0,1,"811236,7152","5826738,004","13,58634428","52,50174347",,,4237.0,59.0
213643,11,9,9200715.0,2021,6,14,5,3,2,6,0,0,1,0,1,0,0,0,"807860,2984","5818113,778","13,52880472","52,4263676",,,5248.0,21.0
213642,11,2,2200210.0,2021,5,17,2,3,5,3,0,1,1,0,0,0,0,0,"798427,5585","5824793,411","13,39646482","52,49146899",,,5143.0,6.0
213641,11,1,1100309.0,2021,6,10,5,3,3,7,0,1,1,0,0,0,0,0,"797803,8594","5828823,214","13,39091128","52,52793191",,,5046.0,45.0
213640,11,9,9100407.0,2021,6,10,5,3,5,2,0,1,0,0,0,0,1,0,"806320,4984","5820907,375","13,50878991","52,45226927",,,3966.0,55.0
213639,11,1,1100309.0,2021,6,16,3,3,1,5,0,1,1,0,0,0,0,0,"798351,2011","5828607,352","13,39876195","52,52569773",,,4146.0,50.0
213638,11,4,4300619.0,2021,6,19,1,3,3,6,0,0,1,0,1,0,0,0,"792036,0832","5827372,961","13,30485943","52,51805119",,,6066.0,60.0
213637,11,12,12500824.0,2021,6,7,4,2,5,3,0,1,1,0,0,0,0,0,"790704,0018","5835380,527","13,2922957","52,59055003",,,6427.0,48.0
213636,11,10,10300731.0,2021,6,17,4,3,2,6,0,0,1,0,0,0,0,0,"809258,8935","5829710,117","13,56006222","52,52950312",,,4757.0,11.0
213635,11,3,3500934.0,2021,6,15,2,3,6,4,0,0,1,1,0,0,0,0,"800634,4926","5832185,125","13,4355541","52,55651181",,,4352.0,37.0
213634,11,7,7200412.0,2021,7,9,2,3,5,2,0,1,0,0,0,0,1,1,"796269,261","5822956,827","13,36313682","52,47618131",,,722.0,65.0
213633,11,4,4501042.0,2021,6,23,7,3,5,3,2,0,1,0,0,0,1,0,"793528,6141","5825739,717","13,32535225","52,50260861",,,4256.0,57.0
213632,11,1,1300733.0,2021,6,23,4,2,5,3,2,0,1,0,0,0,1,1,"797154,4119","5831919,72","13,38413583","52,55604281",,,1554.0,46.0
213631,11,4,4100101.0,2021,7,6,5,2,5,2,0,0,1,0,0,0,1,0,"791286,3327","5830682,758","13,29674188","52,54812406",,,4322.0,52.0
213630,11,1,1100310.0,2021,6,13,6,3,6,4,0,0,0,1,1,0,0,0,"799723,45","5827459,837","13,41789463","52,51465943",,,4451.0,11.0
213629,11,4,4500937.0,2021,6,14,2,3,2,2,0,0,1,0,0,0,0,0,"791253,2323","5824992,311","13,29127181","52,49712746",,,3554.0,52.0
213628,11,5,5100210.0,2021,5,15,2,3,1,5,0,0,1,0,0,0,0,0,"783997,1288","5830089,705","13,18902864","52,54665592",,,3538.0,44.0
213627,11,7,7400928.0,2021,6,15,6,2,5,2,0,1,1,0,0,0,0,0,"799817,8729","5821320,554","13,41375924","52,45957812",,,1658.0,8.0
213626,11,6,6400839.0,2021,6,8,6,2,5,3,0,1,1,0,0,0,0,0,"787511,329","5817717,569","13,23003583","52,43388857",,,5145.0,46.0
213625,11,5,5100316.0,2021,6,15,3,3,2,2,0,0,1,0,0,0,0,0,"784783,1673","5828813,39","13,19949502","52,53480218",,,4546.0,40.0
213624,11,2,2300315.0,2021,6,19,6,2,4,6,0,0,1,0,0,0,0,0,"800283,764","5825835,612","13,42466177","52,49979274",,,3336.0,54.0
213623,11,2,2300316.0,2021,6,20,2,3,5,2,0,1,1,0,0,0,0,0,"801471,2191","5826031,622","13,44227926","52,50089493",,,4961.0,45.0
213622,11,1,1300835.0,2021,5,0,5,2,6,4,2,0,0,1,0,0,1,1,"797356,9737","5829964,422","13,38536419","52,53840541",,,4464.0,34.0
213621,11,11,11401136.0,2021,6,10,4,3,5,3,0,1,1,0,0,0,0,0,"806163,6857","5826005,164","13,51116894","52,49804545",,,4245.0,40.0
213620,11,1,1100310.0,2021,7,20,7,3,0,2,0,1,1,0,0,0,0,0,"799326,5602","5828429,861","13,41293619","52,52357219",,,3674.0,59.0
213619,11,4,4200311.0,2021,5,16,2,2,9,1,0,0,0,0,1,0,0,0,"790260,4268","5825468,359","13,27710326","52,50192424",,,4451.0,11.0
213618,11,2,2300419.0,2021,6,20,3,3,4,6,1,1,1,0,0,0,0,1,"800873,739","5825772,368","13,43326964","52,49890092",,,5261.0,46.0
213617,11,1,1200521.0,2021,7,12,3,2,6,7,0,1,0,1,0,0,0,0,"793675,6609","5828321,967","13,32979136","52,52567807",,,5637.0,57.0
213616,11,2,2200211.0,2021,7,16,6,3,0,1,0,0,0,0,1,0,0,1,"798396,7343","5824510,813","13,39575911","52,48895271",,,4452.0,21.0