ObjectID,State,District,LOR_ab_2021,AccidentYear,AccidentMonth,AccidentHour,DayOfWeek,AccidentCategory,AccidentType,AccidentTypeDetail,LightingCondition,InvolvingBike,InvolvingCar,InvolvingPedestrian,InvolvingMotorcycle,InvolvingHGV,InvolvingOther,RoadCondition,GraphicCoord1,GraphicCoord2,LongitudeWGS84,LatitudeWGS84,quadrant,quadrant_rank
212078,11,5,5200528.0,2021,6,11,2,3,5,3,0,1,1,0,0,0,0,0,"783232,5034","5826382,931","13,17462455","52,51381813",,,3148.0,24.0
212077,11,2,2200210.0,2021,6,21,6,3,0,3,0,1,1,0,0,0,0,0,"798850,3772","5825111,956","13,40295958","52,49409301",,,2226.0,65.0
212076,11,3,3500936.0,2021,6,19,5,3,5,3,0,1,1,0,0,0,0,0,"802075,8788","5831353,968","13,45599432","52,54826466",,,6446.0,50.0
212075,11,1,1300730.0,2021,6,19,3,3,5,7,0,0,1,0,1,0,0,0,"796636,6728","5832356,231","13,37691163","52,56023787",,,6819.0,63.0
212074,11,1,1100308.0,2021,6,12,3,2,3,6,0,1,1,0,0,0,0,0,"797140,8937","5829214,932","13,38151752","52,53180496",,,6249.0,59.0
212073,11,11,11401137.0,2021,6,15,1,3,1,5,0,0,1,0,0,0,0,0,"806775,7591","5825678,113","13,51985589","52,49477064",,,4462.0,55.0
212072,11,1,1100309.0,2021,6,20,7,3,0,6,1,1,1,0,0,0,0,0,"798406,1491","5828440,453","13,39941972","52,52417164",,,7065.0,59.0
212071,11,1,1401048.0,2021,7,18,7,3,6,7,0,1,0,1,0,0,0,0,"795154,0656","5831277,707","13,35414543","52,55137551",,,4772.0,55.0
212070,11,7,7100101.0,2021,6,9,4,3,1,5,0,0,1,0,0,0,1,0,"794595,4294","5825230,78","13,3405734","52,49747138",,,5143.0,6.0
212069,11,11,11200512.0,2021,6,14,6,3,5,2,0,1,0,0,0,0,1,0,"802919,7774","5831214,381","13,46827447","52,54654499",,,5749.0,42.0
212068,11,2,2100102.0,2021,6,8,4,3,5,2,0,1,1,0,0,0,0,0,"798453,3364","5826533,154","13,39840237","52,50704944",,,1965.0,61.0
212067,11,4,4501042.0,2021,5,14,3,3,5,7,0,1,1,0,0,0,0,1,"794389,9534","5825708,635","13,33797774","52,50186595",,,1763.0,57.0
212066,11,10,10400938.0,2021,6,10,4,3,2,2,0,0,0,0,0,1,1,1,"813001,6963","5828495,254","13,61391376","52,51648078",,,958.0,48.0
212065,11,10,10300731.0,2021,7,9,2,3,5,3,0,0,1,0,0,0,0,0,"808747,4168","5828184,341","13,55112999","52,51611937",,,3536.0,43.0
212064,11,6,6300524.0,2021,7,18,4,3,5,3,0,1,0,0,0,0,0,0,"787438,9286","5816274,021","13,22773311","52,42098404",,,5548.0,37.0
212063,11,1,1100102.0,2021,6,14,4,3,5,3,0,1,1,0,0,0,0,0,"795293,4545","5827357,456","13,35271235","52,51615818",,,5567.0,63.0
212062,11,3,3100103.0,2021,5,11,7,3,5,3,0,1,1,0,0,0,0,0,"804362,4649","5840421,901","13,49794192","52,62826241",,,4853.0,18.0
212061,11,4,4501045.0,2021,6,9,5,2,6,4,0,0,1,1,0,0,0,0,"793507,5016","5825218,68","13,32458289","52,4979491",,,3840.0,51.0
212060,11,12,12200412.0,2021,6,15,4,3,5,2,0,0,1,0,0,0,1,0,"791832,6711","5833974,466","13,30767134","52,57734081",,,5666.0,59.0
212059,11,2,2500726.0,2021,6,17,3,3,2,2,0,1,1,0,0,0,0,0,"801863,1718","5828440,948","13,45022115","52,52227319",,,5042.0,54.0
212058,11,11,11401034.0,2021,6,14,7,3,5,3,0,1,1,0,0,0,0,0,"807405,0153","5827437,274","13,53071946","52,51018237",,,3656.0,44.0
212057,11,4,4200311.0,2021,6,15,3,3,0,1,0,0,0,0,1,0,0,0,"790424,6445","5825950,566","13,27993636","52,50615989",,,3452.0,33.0
212056,11,10,10200420.0,2021,6,12,4,3,5,3,0,1,1,0,0,0,0,0,"811854,8455","5831272,169","13,59967207","52,54202217",,,5052.0,43.0
212055,11,11,11200514.0,2021,6,8,2,3,0,1,0,1,0,0,0,0,0,0,"803358,6276","5830082,687","13,47369305","52,53615777",,,6268.0,60.0
212054,11,4,4300518.0,2021,6,2,1,3,5,3,2,0,1,0,0,0,0,0,"792076,7605","5828222,656","13,30620338","52,52564671",,,4853.0,18.0
212053,11,10,10100102.0,2021,7,12,7,3,5,2,0,1,1,0,0,0,0,0,"809483,3951","5834643,1","13,56795885","52,57358294",,,5748.0,59.0
212052,11,3,3500936.0,2021,6,17,1,3,2,7,0,0,1,0,1,0,0,0,"802643,9899","5831597,211","13,46456872","52,5501295",,,4952.0,44.0
212051,11,8,8100206.0,2021,6,11,1,3,6,4,0,0,1,1,0,0,0,0,"800944,0553","5823674,038","13,43240743","52,48005422",,,7430.0,57.0
212050,11,8,8100103.0,2021,5,21,4,3,2,6,2,0,1,0,0,0,0,0,"800634,4012","5823082,501","13,42732827","52,47492261",,,7659.0,42.0
212049,11,4,4501045.0,2021,7,14,5,3,0,7,0,1,0,0,0,0,0,1,"794429,8845","5825438,3","13,33832531","52,49942101",,,3247.0,45.0
212048,11,9,9501939.0,2021,7,7,3,2,5,2,0,1,1,0,0,0,0,0,"810939,1221","5821589,149","13,57717329","52,45577167",,,5039.0,34.0
212047,11,10,10400939.0,2021,7,15,5,3,5,3,0,0,1,0,0,0,0,0,"813016,8031","5827639,415","13,61333074","52,50880293",,,4660.0,51.0
212046,11,1,1200517.0,2021,6,9,5,2,0,1,0,1,0,0,0,0,0,0,"794579,194","5829726,416","13,34431562","52,53778054",,,5149.0,46.0
212045,11,8,8100207.0,2021,5,16,2,3,2,6,0,0,1,0,1,0,0,0,"801022,3832","5823501,27","13,43340135","52,47846248",,,4946.0,51.0
212044,11,12,12500928.0,2021,6,7,6,3,2,6,0,0,1,0,1,0,0,0,"792512,401","5837613,429","13,32088756","52,60959733",,,5351.0,36.0
212043,11,8,8100102.0,2021,6,13,5,3,1,5,0,1,1,0,0,0,0,1,"800463,8161","5823635,277","13,42532231","52,47997122",,,6062.0,52.0
212042,11,12,12200515.0,2021,6,12,3,3,5,3,0,0,1,0,0,0,0,0,"790275,5435","5835517,881","13,28610906","52,59201023",,,6433.0,65.0
212041,11,1,1200628.0,2021,6,19,2,3,5,2,0,1,1,0,0,0,0,0,"795519,788","5828199,137","13,35678584","52,52358055",,,3368.0,49.0
212040,11,10,11300721.0,2021,5,12,5,3,2,6,0,0,1,0,0,0,1,0,"806291,1748","5830171,687","13,5168766","52,53531531",,,5637.0,57.0
212039,11,9,9300920.0,2021,6,11,4,2,5,2,0,1,1,0,0,0,0,0,"808091,9096","5816922,276","13,53110319","52,41555878",,,3859.0,62.0
212038,11,4,4200308.0,2021,5,12,2,3,3,6,0,0,1,0,0,0,0,0,"789799,4729","5827393,444","13,27200772","52,51942799",,,4755.0,4.0
212037,11,3,3601142.0,2021,6,17,3,3,0,2,0,1,1,0,0,0,0,1,"799151,3472","5830837,45","13,41252836","52,54524873",,,2621.0,57.0
212036,11,4,4501041.0,2021,7,9,2,3,0,5,0,0,1,0,0,0,1,1,"793289,4425","5825454,285","13,32158739","52,50017843",,,534.0,65.0
212035,11,8,8100520.0,2021,6,15,5,3,5,3,0,1,1,0,0,0,0,0,"803216,9492","5822727,135","13,46491255","52,47030999",,,4259.0,40.0
212034,11,6,6200421.0,2021,7,17,6,3,3,6,0,0,1,0,0,0,1,0,"793724,2081","5817616,128","13,32107499","52,42967844",,,3929.0,55.0
212033,11,1,1401045.0,2021,7,12,6,3,5,2,0,0,1,0,0,0,0,1,"796673,3935","5831929,769","13,37707053","52,55639513",,,7645.0,61.0
212032,11,3,3601449.0,2021,6,21,5,3,1,5,2,0,1,0,0,0,1,0,"801285,3322","5830324,761","13,44343748","52,53947759",,,7331.0,39.0
212031,11,3,3601348.0,2021,6,18,4,3,5,3,0,1,1,0,0,0,0,0,"799843,8632","5830812,16","13,42268721","52,54464137",,,7542.0,53.0
212030,11,12,12200412.0,2021,6,14,2,3,5,2,0,0,1,0,0,0,1,0,"791383,9702","5833111,182","13,30030986","52,56984214",,,3950.0,58.0
212029,11,1,1100308.0,2021,5,8,2,3,6,4,0,0,1,1,0,0,0,0,"797023,4445","5828492,647","13,3791459","52,52539451",,,4942.0,18.0
212028,11,7,7300619.0,2021,6,16,6,3,6,2,1,0,1,1,0,0,0,0,"795081,4509","5821610,167","13,34450763","52,46475238",,,5451.0,41.0
212027,11,6,6200314.0,2021,6,5,6,2,0,3,1,0,1,0,1,0,0,0,"794748,2112","5817787,482","13,33624372","52,43066382",,,3855.0,43.0
212026,11,10,10200417.0,2021,6,14,3,3,5,2,0,1,1,0,0,0,0,0,"811304,707","5831661,52","13,59195107","52,5458258",,,4235.0,48.0
212025,11,11,11200410.0,2021,6,16,6,3,5,7,0,0,1,0,0,0,1,0,"804626,5136","5832775,01","13,49479795","52,55958043",,,3541.0,57.0
212024,11,1,1300733.0,2021,5,16,6,3,2,6,0,0,1,0,0,0,0,1,"797098,7698","5831702,189","13,38312283","52,55412326",,,3750.0,33.0
212023,11,9,9200819.0,2021,6,14,4,3,2,6,0,0,1,0,0,0,0,0,"810040,3022","5819480,358","13,56203095","52,43738377",,,3856.0,49.0
212022,11,2,2200210.0,2021,7,16,1,3,5,3,0,0,0,0,0,0,1,0,"798539,116","5825340,475","13,39859325","52,49631172",,,2954.0,41.0
212021,11,9,9200715.0,2021,5,19,3,2,5,3,1,0,1,0,0,0,0,0,"809317,5845","5818507,462","13,55053309","52,42907393",,,4174.0,59.0
212020,11,2,2500830.0,2021,6,9,3,3,0,1,0,1,0,0,0,0,0,0,"802315,5407","5827477,763","13,45599307","52,51338958",,,5151.0,39.0
212019,11,1,1300733.0,2021,7,11,2,3,1,5,0,1,1,0,0,0,0,0,"797211,2069","5831323,766","13,38443759","52,55066982",,,4745.0,46.0
212018,11,8,8100520.0,2021,7,5,3,3,0,7,0,0,0,0,1,0,0,1,"802817,7616","5822926,656","13,45923491","52,47231971",,,5629.0,61.0
212017,11,2,2400521.0,2021,7,9,7,2,0,1,0,0,0,0,1,0,0,1,"800400,706","5827977,743","13,42831257","52,518929",,,4962.0,45.0
212016,11,3,3500934.0,2021,6,15,3,3,0,2,0,1,1,0,0,0,0,0,"800902,2666","5832078,93","13,43939568","52,55541209",,,4257.0,20.0
212015,11,11,11300721.0,2021,6,10,7,3,2,6,0,0,1,0,0,0,1,0,"804632,2678","5829929,499","13,49227266","52,53407443",,,6729.0,59.0
212014,11,6,6200421.0,2021,6,15,2,3,2,6,0,0,1,0,0,0,0,0,"793320,8522","5816974,536","13,31459669","52,42414311",,,7435.0,58.0
212013,11,7,7100102.0,2021,6,14,3,3,6,4,0,0,1,1,0,0,0,0,"794974,9205","5825093,931","13,34602617","52,49603964",,,2634.0,40.0
212012,11,9,9200510.0,2021,6,18,1,3,5,2,0,1,1,0,0,0,0,0,"806601,3717","5822076,5","13,5139838","52,46258992",,,3445.0,43.0
212011,11,4,4200308.0,2021,6,10,6,3,6,4,0,0,1,1,0,0,0,0,"790347,6394","5827464,296","13,28012574","52,51977159",,,3964.0,39.0
212010,11,7,7601546.0,2021,7,18,7,3,0,6,0,1,0,0,0,0,1,0,"799334,1922","5812673,153","13,39892533","52,38233005",,,6426.0,51.0
212009,11,7,7601341.0,2021,6,16,6,3,2,6,0,0,1,0,1,0,0,0,"796912,2246","5815695,617","13,36612369","52,41074176",,,3327.0,59.0
212008,11,2,2500833.0,2021,5,13,4,3,1,5,0,1,1,0,0,0,0,0,"802891,9581","5826916,852","13,46395075","52,50804244",,,5150.0,59.0
212007,11,6,6200421.0,2021,6,16,4,3,2,6,0,0,1,0,0,0,0,1,"793389,5118","5817713,709","13,31625195","52,43073282",,,4855.0,25.0
212006,11,1,1100310.0,2021,7,6,3,3,2,2,0,0,1,0,0,0,1,0,"799503,278","5828823,32","13,41588748","52,5270019",,,6141.0,65.0
212005,11,1,1300836.0,2021,7,18,4,3,2,7,0,0,1,0,1,0,0,0,"796567,5412","5829848,765","13,37365548","52,53779886",,,2951.0,33.0
212004,11,9,9501941.0,2021,6,9,4,3,0,3,0,1,0,0,0,1,0,0,"810823,527","5821238,507","13,57515122","52,45269511",,,4445.0,43.0
212003,11,10,10100311.0,2021,5,6,6,3,5,2,0,1,0,0,0,1,0,0,"806528,9061","5829127,299","13,51940763","52,52582169",,,4237.0,59.0
212002,11,3,3200308.0,2021,6,15,5,3,1,5,0,0,1,0,1,0,0,0,"799915,0135","5837039,095","13,42936482","52,60041572",,,3759.0,54.0
212001,11,4,4200310.0,2021,6,12,4,3,6,4,0,0,1,1,0,0,0,0,"789258,1875","5826850,324","13,2635803","52,51484618",,,5249.0,5.0
212000,11,1,1100104.0,2021,6,19,4,3,2,6,0,0,1,0,0,0,0,0,"796649,802","5826169,804","13,37158366","52,50477602",,,5135.0,57.0
211999,11,8,8100310.0,2021,6,20,1,3,4,6,1,1,0,0,0,0,1,0,"800986,7464","5824955,17","13,43419101","52,49151384",,,3527.0,52.0
211998,11,2,2100106.0,2021,6,13,3,3,6,7,0,0,1,1,0,0,0,0,"799042,851","5825538,589","13,40616918","52,49781176",,,6090.0,65.0
211997,11,8,8200725.0,2021,6,12,3,3,0,1,0,1,0,0,0,0,0,0,"800764,6807","5819721,912","13,42621289","52,44472859",,,3749.0,17.0
211996,11,1,1100415.0,2021,6,19,2,3,6,7,0,0,0,1,0,0,1,0,"798017,5396","5829801,989","13,3949293","52,53658858",,,3047.0,56.0
211995,11,4,4300518.0,2021,7,20,1,2,0,7,0,1,0,0,0,0,0,0,"792111,2224","5827685,373","13,30623799","52,52081164",,,2380.0,65.0
211994,11,11,11501238.0,2021,6,19,7,3,2,6,0,0,1,0,0,0,0,0,"804201,4511","5825924,514","13,48227916","52,49841987",,,3422.0,64.0
211993,11,6,6100208.0,2021,7,9,5,3,5,3,0,1,1,0,0,0,0,1,"793933,4312","5820785,568","13,32693155","52,45797898",,,6531.0,61.0
211992,11,1,1100416.0,2021,7,18,5,3,1,5,0,1,1,0,0,0,0,1,"798598,9835","5829306,039","13,40303092","52,53182483",,,4850.0,38.0
211991,11,7,7400822.0,2021,6,1,5,3,1,3,2,1,1,0,0,0,0,0,"796413,7573","5820706,596","13,3632593","52,45593149",,,1558.0,34.0
211990,11,3,3400827.0,2021,5,16,1,2,5,3,0,1,1,0,0,0,0,0,"799446,8634","5832468,508","13,41834426","52,55970618",,,7926.0,65.0
211989,11,6,6400841.0,2021,6,10,6,3,5,2,0,1,1,0,0,0,0,0,"789656,177","5818475,72","13,26215463","52,43955412",,,3348.0,36.0
211988,11,10,10200630.0,2021,6,5,4,3,8,1,0,0,1,0,0,0,0,0,"811296,739","5829136,616","13,58946923","52,523204",,,2562.0,63.0
211987,11,11,11401136.0,2021,6,17,3,2,5,3,0,0,1,0,0,0,1,0,"805390,1549","5826053,513","13,49985391","52,49891216",,,5341.0,41.0
211986,11,2,2200208.0,2021,6,8,2,3,4,6,0,1,0,0,0,0,1,0,"797569,258","5824994,301","13,38403993","52,4937383",,,4948.0,23.0
211985,11,11,11401137.0,2021,5,18,7,3,2,6,0,0,1,0,1,0,1,0,"807113,5638","5825786,229","13,52491572","52,49554963",,,6446.0,50.0
211984,11,4,4501153.0,2021,6,14,5,3,2,6,0,0,1,0,0,0,0,0,"794167,2637","5823110,318","13,33241271","52,47869349",,,5341.0,41.0
211983,11,11,11401137.0,2021,6,15,4,3,2,6,0,0,1,0,0,0,0,0,"807125,7175","5825760,379","13,52507035","52,49531113",,,5133.0,32.0
211982,11,1,1100313.0,2021,6,19,3,3,1,5,0,1,0,0,1,0,0,0,"800040,8475","5826461,905","13,42165832","52,50554007",,,3145.0,38.0
211981,11,3,3200204.0,2021,6,20,7,3,0,1,0,0,0,0,1,0,0,0,"799290,8632","5840514,093","13,42332108","52,63190684",,,4450.0,25.0
211980,11,4,4300624.0,2021,6,14,3,2,4,6,0,0,0,0,0,0,1,0,"793012,3289","5826100,828","13,31808571","52,50612334",,,5133.0,32.0
211979,11,4,4501152.0,2021,6,18,3,3,5,2,0,1,0,0,0,0,1,0,"793979,3401","5824652,073","13,33101344","52,49261578",,,2851.0,8.0
211978,11,1,1100206.0,2021,6,10,2,3,5,2,0,1,1,0,0,0,0,0,"798036,7829","5827394,248","13,3930542","52,51499578",,,4363.0,22.0
211977,11,9,9501737.0,2021,6,12,7,3,8,1,0,0,1,0,0,0,0,0,"814277,2992","5822659,055","13,62714696","52,46345001",,,3540.0,51.0
211976,11,8,8100206.0,2021,7,22,7,3,2,6,2,1,1,0,0,0,0,0,"800682,459","5824037,702","13,42889504","52,48345796",,,5347.0,57.0
211975,11,4,4300517.0,2021,6,19,1,2,0,7,1,1,0,0,0,0,0,0,"791500,1331","5828178,188","13,29768897","52,52555668",,,4766.0,48.0
211974,11,6,6400735.0,2021,6,11,1,2,0,2,0,0,1,0,1,0,0,0,"784052,4148","5816126,23","13,17794245","52,42142728",,,3639.0,45.0
211973,11,6,6100103.0,2021,7,6,5,3,0,1,0,0,0,0,1,0,0,1,"793043,574","5821514,946","13,3145129","52,46499554",,,3135.0,63.0
211972,11,2,2500833.0,2021,7,15,3,3,0,1,0,1,0,0,0,0,0,0,"802259,1204","5827115,916","13,45483556","52,51017762",,,4657.0,9.0
211971,11,9,9100304.0,2021,7,9,5,3,3,6,0,0,1,0,0,1,0,0,"804700,6511","5822213,561","13,48621874","52,4648815",,,3855.0,43.0
211970,11,2,2100101.0,2021,6,15,5,3,2,6,0,0,1,0,0,0,0,0,"797758,7819","5826056,915","13,38777323","52,50316004",,,4553.0,29.0
211969,11,4,4501042.0,2021,5,1,2,3,0,6,2,0,1,0,0,0,1,0,"794413,7624","5825875,375","13,33847492","52,50334783",,,4338.0,47.0
211968,11,7,7200307.0,2021,6,12,6,3,5,2,0,1,1,0,0,0,0,0,"794986,2529","5824072,07","13,34528795","52,48687322",,,3257.0,57.0
211967,11,2,2300314.0,2021,6,20,4,3,5,3,0,1,1,0,0,0,0,0,"799703,4217","5826014,64","13,41629921","52,50171649",,,3743.0,63.0
211966,11,2,2200213.0,2021,6,8,3,3,5,3,0,1,1,0,0,0,0,0,"799392,2779","5825135,961","13,41093929","52,49401121",,,3445.0,43.0
211965,11,2,2200207.0,2021,6,6,1,3,0,1,0,0,0,0,1,0,0,0,"797081,0255","5824719,362","13,37662455","52,49153971",,,4558.0,14.0
211964,11,8,8100415.0,2021,5,15,5,3,6,7,0,0,1,1,0,0,0,1,"802026,1302","5823292,945","13,44794738","52,47604107",,,4264.0,38.0
211963,11,7,7300619.0,2021,6,17,4,3,1,5,0,1,1,0,0,0,0,0,"794777,003","5821788,546","13,34019676","52,46651578",,,4849.0,28.0
211962,11,6,6200312.0,2021,5,17,1,2,5,2,0,1,0,0,1,0,0,0,"795163,9311","5818817,153","13,34324972","52,43967011",,,5551.0,40.0
211961,11,2,2100106.0,2021,6,14,2,3,6,4,0,0,0,1,1,0,0,0,"799039,7005","5825530,842","13,40611596","52,49774404",,,4062.0,45.0
211960,11,4,4500939.0,2021,7,22,2,3,0,1,2,1,0,0,0,0,0,0,"792517,9388","5824472,154","13,30939189","52,49178798",,,3661.0,43.0
211959,11,1,1100102.0,2021,7,17,6,3,5,3,0,1,1,0,0,0,0,0,"796636,1741","5826884,059","13,37201996","52,51118601",,,4456.0,28.0
211958,11,1,1100207.0,2021,7,9,6,3,5,3,0,1,1,0,0,0,0,1,"798481,2148","5826666,162","13,39893117","52,50822643",,,3847.0,40.0
211957,11,3,3601450.0,2021,6,8,5,3,0,1,0,1,0,0,0,0,0,0,"802036,8703","5829628,765","13,45385247","52,53282339",,,2960.0,63.0
211956,11,1,1100310.0,2021,6,19,5,3,5,3,0,1,0,0,0,0,0,0,"799185,8691","5828685,432","13,41109861","52,52594022",,,3559.0,22.0
211955,11,9,9501737.0,2021,6,19,2,3,2,6,0,0,1,0,0,0,1,0,"814219,9681","5821931,253","13,62562083","52,45696119",,,3650.0,32.0
211954,11,7,7601339.0,2021,5,12,2,3,0,3,0,0,1,0,1,0,0,0,"795631,086","5815646,647","13,34730017","52,4109961",,,3460.0,57.0
211953,11,2,2200213.0,2021,6,16,6,3,6,4,0,0,1,1,0,0,0,0,"800095,5492","5824977,163","13,42112407","52,49220164",,,3578.0,61.0
211952,11,1,1401047.0,2021,6,15,6,3,5,2,0,1,1,0,0,0,0,0,"795262,3403","5830464,549","13,35501474","52,54402758",,,5449.0,56.0
211951,11,8,8100102.0,2021,7,6,6,3,5,3,0,0,1,0,0,0,0,1,"800324,9887","5823142,931","13,42284084","52,47563448",,,7828.0,64.0
211950,11,6,6400843.0,2021,6,13,3,3,5,3,0,0,1,0,0,0,0,0,"791543,895","5819551,349","13,29078576","52,44819412",,,4344.0,28.0
211949,11,8,8100521.0,2021,5,13,6,2,5,3,0,0,1,0,0,0,0,1,"803788,5","5821807,192","13,47246344","52,46174716",,,4655.0,41.0
211948,11,6,6100103.0,2021,6,17,4,2,4,6,0,0,1,0,0,0,0,0,"793114,2379","5821485,51","13,31552423","52,46469375",,,3062.0,44.0
211947,11,5,5100211.0,2021,7,20,1,2,5,7,0,0,1,0,0,0,0,0,"783136,2903","5830317,527","13,17656202","52,54914673",,,7135.0,62.0
211946,11,7,7501029.0,2021,5,11,3,3,1,2,0,0,1,0,0,0,1,0,"797539,533","5819904,582","13,37906392","52,44813057",,,4650.0,45.0
211945,11,12,12500927.0,2021,6,15,3,3,1,5,0,0,1,0,0,0,1,0,"792817,3668","5836750,273","13,32461479","52,60169544",,,4463.0,27.0
211944,11,4,4500938.0,2021,7,18,2,3,6,7,0,0,1,1,0,0,0,0,"791580,2646","5824975,368","13,29606071","52,49680094",,,2947.0,18.0
211943,11,3,3400619.0,2021,7,13,3,3,1,5,0,0,1,0,1,0,0,0,"795788,7031","5835140,771","13,36692305","52,5856597",,,6137.0,47.0
211942,11,1,1401044.0,2021,5,16,6,3,1,7,0,1,1,0,0,0,0,1,"796369,3728","5831049,24","13,37181325","52,54866766",,,1866.0,59.0
211941,11,12,12200412.0,2021,6,14,4,3,5,2,0,1,1,0,0,0,0,0,"791270,7865","5834145,512","13,2995532","52,57917524",,,4261.0,37.0
211940,11,3,3500934.0,2021,7,8,7,3,2,6,0,1,1,0,0,0,0,1,"800377,3888","5831679,203","13,43131537","52,55211899",,,2634.0,40.0
211939,11,1,1100415.0,2021,6,15,2,3,2,6,0,1,1,0,0,0,0,0,"797868,8056","5829071,001","13,39208781","52,53011752",,,4358.0,45.0
211938,11,4,4501153.0,2021,6,22,6,3,5,2,1,1,1,0,0,0,0,0,"794187,8536","5823111,548","13,3327161","52,47869341",,,4760.0,20.0
211937,11,5,5100104.0,2021,6,9,3,3,5,3,0,0,1,0,1,0,0,0,"785675,5916","5831759,59","13,2151508","52,56075015",,,3058.0,38.0
211936,11,4,4100101.0,2021,6,17,3,2,0,7,0,0,1,0,0,0,0,0,"790194,553","5829345,637","13,27951799","52,53671944",,,6359.0,27.0
211935,11,4,4501042.0,2021,6,16,2,3,5,5,0,1,1,0,0,0,0,0,"794060,198","5826256,564","13,33361769","52,50695564",,,5256.0,48.0
211934,11,3,3400620.0,2021,6,20,7,2,1,1,0,0,1,0,1,0,0,0,"796911,7902","5833837,477","13,3822839","52,57336552",,,4856.0,19.0
211933,11,2,2100105.0,2021,7,15,7,3,5,3,0,0,1,0,0,0,1,0,"798943,731","5825871,555","13,40501228","52,50085064",,,5346.0,61.0
211932,11,2,2400623.0,2021,6,11,7,3,0,1,0,1,0,0,0,0,0,0,"800599,5224","5827145,334","13,43048188","52,51135833",,,2355.0,58.0
211931,11,3,3701660.0,2021,5,9,4,3,1,5,0,1,1,0,0,0,0,0,"800831,4394","5829593,563","13,43610328","52,53317449",,,3628.0,54.0
211930,11,1,1300733.0,2021,6,14,4,3,2,6,0,0,1,0,0,1,0,1,"797918,0224","5831825,547","13,39528143","52,55478149",,,4768.0,57.0
211929,11,1,1300732.0,2021,7,18,3,3,5,7,0,0,1,0,1,0,0,0,"797269,2239","5832199,585","13,38607499","52,55848879",,,5149.0,46.0
211928,11,1,1100312.0,2021,7,8,4,3,5,3,0,0,1,0,0,0,1,1,"799457,3888","5827067,339","13,41363238","52,51128743",,,5361.0,59.0
211927,11,8,8100415.0,2021,6,0,4,2,5,3,2,1,0,0,1,0,0,0,"802027,469","5823472,862","13,44812997","52,47765295",,,4755.0,4.0
211926,11,3,3501037.0,2021,5,11,6,3,5,3,0,0,1,0,0,0,1,0,"802445,3101","5832692,381","13,46264526","52,56005567",,,4559.0,31.0
211925,11,7,7200307.0,2021,6,15,5,3,3,6,0,1,1,0,0,0,0,0,"794940,7471","5824409,875","13,34491869","52,489926",,,5958.0,60.0
211924,11,9,9200717.0,2021,6,7,5,3,5,3,0,0,1,0,0,0,0,1,"809468,862","5819066,445","13,5532683","52,43399794",,,5984.0,65.0
211923,11,4,4300619.0,2021,6,12,3,3,5,3,0,0,1,0,0,0,0,0,"791852,9521","5827429,478","13,30221778","52,51865588",,,4846.0,41.0
211922,11,4,4400835.0,2021,6,20,1,3,1,5,0,1,1,0,0,0,0,0,"792836,877","5821749,228","13,31168464","52,46720664",,,7462.0,45.0
211921,11,2,2300417.0,2021,6,13,3,3,0,5,0,0,1,0,0,0,1,0,"800714,3796","5825427,792","13,43061808","52,49590021",,,4255.0,45.0
211920,11,8,8100415.0,2021,6,9,4,3,6,4,0,1,0,1,0,0,0,0,"801505,983","5823647,047","13,44063232","52,47950234",,,3255.0,52.0
211919,11,7,7601442.0,2021,6,10,2,3,6,4,0,0,1,1,0,0,0,0,"799255,705","5816320,206","13,40103326","52,41506449",,,4526.0,46.0
211918,11,2,2200208.0,2021,7,10,1,3,6,7,0,0,1,1,0,0,0,0,"797350,9995","5825050,145","13,38088442","52,49435783",,,4431.0,51.0
211917,11,4,4100101.0,2021,6,10,1,3,5,2,0,1,1,0,0,0,0,0,"790421,5571","5829043,064","13,28259106","52,53388594",,,5358.0,56.0
211916,11,5,5100105.0,2021,7,12,5,3,0,3,0,0,1,0,1,0,0,1,"784234,6949","5831109,354","13,19339551","52,55567422",,,4345.0,48.0
211915,11,1,1100102.0,2021,7,10,5,3,1,5,0,1,0,0,0,1,0,0,"795380,2241","5826468,925","13,35319871","52,50814621",,,5640.0,62.0
211914,11,8,8100521.0,2021,6,16,5,3,5,3,0,0,1,0,0,0,0,0,"802979,9426","5821806,443","13,46059817","52,46218934",,,2773.0,65.0
211913,11,4,4300517.0,2021,5,6,2,3,0,1,0,0,0,0,1,0,0,0,"791467,3774","5828282,992","13,29729938","52,52651374",,,4638.0,48.0
211912,11,12,12400618.0,2021,6,14,6,2,5,3,0,0,1,0,0,0,1,0,"786998,888","5838292,045","13,24027762","52,61862071",,,4271.0,64.0
211911,11,12,12601235.0,2021,6,16,5,3,3,6,0,0,1,0,0,0,1,0,"794937,2807","5836316,1","13,35543897","52,59665769",,,4061.0,48.0
211910,11,5,5400943.0,2021,6,8,3,3,2,2,0,1,1,0,0,0,0,0,"779858,5942","5820900,29","13,12043154","52,46639745",,,4950.0,49.0
211909,11,5,5300841.0,2021,6,18,2,3,2,6,0,0,1,0,1,0,0,0,"789348,7638","5829302,439","13,26704511","52,53678188",,,7164.0,58.0
211908,11,11,11501340.0,2021,6,12,2,3,4,5,0,1,1,0,0,0,0,0,"808139,8143","5825644,418","13,53985354","52,49370034",,,4250.0,52.0