ObjectID,State,District,LOR_ab_2021,AccidentYear,AccidentMonth,AccidentHour,DayOfWeek,AccidentCategory,AccidentType,AccidentTypeDetail,LightingCondition,InvolvingBike,InvolvingCar,InvolvingPedestrian,InvolvingMotorcycle,InvolvingHGV,InvolvingOther,RoadCondition,GraphicCoord1,GraphicCoord2,LongitudeWGS84,LatitudeWGS84,quadrant,quadrant_rank
211907,11,2,2100101.0,2021,5,14,5,3,2,6,0,0,1,0,0,0,0,1,"797519,085","5826032,749","13,38423071","52,50307417",,,4056.0,47.0
211906,11,11,11400929.0,2021,6,9,4,3,5,3,0,1,1,0,0,0,0,0,"805479,6775","5826963,75","13,50200362","52,50701999",,,6959.0,61.0
211905,11,9,9200613.0,2021,5,19,1,3,5,2,0,1,1,0,0,0,0,0,"806884,7324","5821187,624","13,5173245","52,45446449",,,4652.0,24.0
211904,11,8,8100415.0,2021,6,14,2,3,3,2,0,1,0,0,0,0,1,0,"802018,3643","5823479,355","13,4480022","52,47771618",,,3145.0,38.0
211903,11,11,11401136.0,2021,7,19,2,2,6,2,0,0,1,1,0,0,0,0,"805887,7308","5825855,283","13,50697891","52,49685689",,,3336.0,54.0
211902,11,11,11200411.0,2021,7,6,6,2,5,3,0,1,1,0,0,0,0,1,"805712,8335","5831387,526","13,50949526","52,5465367",,,1456.0,61.0
211901,11,9,9401534.0,2021,6,11,6,3,0,7,0,1,0,0,0,0,0,0,"811569,4044","5820058,365","13,58499142","52,44169471",,,4854.0,36.0
211900,11,9,9300920.0,2021,6,12,5,3,0,2,0,1,1,0,0,0,0,0,"807694,6701","5817793,64","13,52608202","52,42359161",,,3555.0,16.0
211899,11,1,1200519.0,2021,6,23,2,3,2,6,2,1,1,0,0,0,0,0,"793718,1241","5828623,543","13,33068187","52,52835867",,,4265.0,5.0
211898,11,8,8200624.0,2021,5,17,2,3,5,7,0,0,1,0,0,0,0,0,"801416,0152","5820731,086","13,43667771","52,45341548",,,3858.0,57.0
211897,11,3,3601243.0,2021,6,21,6,3,2,6,1,1,1,0,0,0,0,0,"799303,751","5831409,776","13,41528488","52,55029502",,,2657.0,65.0
211896,11,6,6400735.0,2021,6,13,7,2,2,6,0,1,0,0,0,0,0,0,"780734,1575","5816521,85","13,12960682","52,42668725",,,5143.0,6.0
211895,11,3,3701554.0,2021,7,0,7,2,3,6,2,1,1,0,0,0,0,0,"798907,7716","5829905,659","13,40810882","52,5370303",,,3821.0,61.0
211894,11,1,1100205.0,2021,6,16,4,3,5,2,0,0,1,0,1,0,0,0,"797250,927","5827361,744","13,38147853","52,51513328",,,5351.0,36.0
211893,11,1,1400940.0,2021,6,19,6,2,3,6,0,1,1,0,0,0,0,0,"794944,7342","5832082,954","13,3517825","52,55870727",,,3438.0,56.0
211892,11,12,12200310.0,2021,6,7,2,3,5,3,0,0,1,0,0,0,0,0,"792091,748","5832947,339","13,31057901","52,56799401",,,3062.0,44.0
211891,11,1,1100309.0,2021,5,7,6,2,5,2,0,1,1,0,0,0,0,1,"799060,9276","5829008,321","13,40955285","52,52890299",,,4817.0,59.0
211890,11,3,3601245.0,2021,6,11,4,3,6,2,0,0,0,1,1,0,0,0,"800316,7217","5831582,241","13,43033558","52,55128335",,,7746.0,63.0
211889,11,9,9401329.0,2021,7,10,1,3,5,3,0,0,1,0,0,0,0,0,"812082,4576","5819040,541","13,59156491","52,43228105",,,5053.0,45.0
211888,11,10,10100205.0,2021,5,6,3,3,0,3,0,0,0,0,1,0,1,1,"808402,0777","5833051,21","13,55057364","52,55993064",,,2434.0,65.0
211887,11,6,6200422.0,2021,6,18,3,3,5,3,0,1,1,0,0,0,0,0,"794730,8482","5816711,108","13,33504063","52,42102395",,,4167.0,59.0
211886,11,6,6200422.0,2021,7,9,3,3,5,3,0,1,1,0,0,0,0,0,"794225,3852","5817034,275","13,3279133","52,42419303",,,1158.0,56.0
211885,11,7,7100103.0,2021,7,14,3,3,0,4,0,1,0,1,0,0,0,0,"795975,0069","5824977,057","13,36061087","52,49445055",,,7030.0,52.0
211884,11,8,8100105.0,2021,5,11,7,3,4,6,0,1,0,0,0,0,1,0,"800275,8731","5822130,223","13,42120833","52,46658412",,,5548.0,37.0
211883,11,5,5100316.0,2021,6,13,5,3,0,6,0,0,1,0,0,0,1,0,"784825,0352","5828939,489","13,20021868","52,5359109",,,5252.0,55.0
211882,11,4,4300415.0,2021,6,19,4,3,6,4,0,1,0,1,0,0,0,0,"790662,4103","5825991,194","13,28346511","52,5063975",,,7252.0,60.0
211881,11,3,3601142.0,2021,4,18,3,3,5,3,0,0,1,0,0,0,0,0,"799211,7293","5831107,862","13,41365974","52,54763939",,,4242.0,52.0
211880,11,5,5100209.0,2021,3,17,2,2,5,3,0,1,1,0,0,0,0,0,"783703,248","5830178,973","13,18478266","52,54760943",,,3861.0,37.0
211879,11,12,12601134.0,2021,4,16,5,3,0,7,0,0,0,0,0,0,1,0,"794971,4468","5837269,046","13,35679099","52,60518141",,,5665.0,61.0
211878,11,4,4400830.0,2021,5,14,3,3,1,5,0,0,1,0,0,0,0,0,"791267,505","5822662,336","13,28944525","52,47623163",,,4660.0,51.0
211877,11,3,3701555.0,2021,5,19,3,3,1,5,0,1,1,0,0,0,0,0,"799460,605","5829891,205","13,41622235","52,53659725",,,2854.0,17.0
211876,11,7,7501029.0,2021,4,11,5,2,6,4,0,0,1,1,0,0,0,0,"797473,1605","5819285,079","13,3775386","52,44261345",,,5131.0,45.0
211875,11,7,7400823.0,2021,5,10,7,3,3,6,0,0,1,0,1,0,0,0,"797267,7169","5821073,836","13,37611694","52,45875966",,,4749.0,23.0
211874,11,11,11501238.0,2021,4,21,1,3,2,6,2,0,1,0,0,0,0,0,"803732,3068","5826228,835","13,47566698","52,50140872",,,4547.0,11.0
211873,11,1,1100309.0,2021,5,6,5,3,0,6,0,0,1,0,1,0,0,1,"798562,5981","5829082,374","13,40229524","52,52983992",,,3643.0,61.0
211872,11,6,6100210.0,2021,4,11,3,3,6,7,0,1,0,1,0,0,0,0,"794857,2075","5821524,315","13,34114052","52,46410383",,,5464.0,62.0
211871,11,3,3601450.0,2021,3,4,3,3,2,6,2,0,1,0,0,0,0,1,"802302,8507","5829184,92","13,45735813","52,52869779",,,6062.0,52.0
211870,11,5,5200527.0,2021,5,17,6,2,5,2,0,0,1,0,0,0,0,0,"782604,4697","5827476,95","13,1663239","52,52395331",,,4545.0,52.0
211869,11,6,6400838.0,2021,4,9,4,3,1,5,0,0,1,0,0,0,1,0,"788150,3429","5818776,883","13,24032273","52,44304976",,,4068.0,46.0
211868,11,8,8100418.0,2021,3,12,2,3,6,4,0,0,1,1,0,0,0,0,"802245,1975","5823836,31","13,4516555","52,48079011",,,4954.0,49.0
211867,11,3,3400831.0,2021,4,17,1,3,1,5,0,0,1,0,0,0,0,0,"799142,7117","5833281,041","13,41460354","52,56715641",,,4558.0,14.0
211866,11,8,8200726.0,2021,3,14,6,3,2,2,0,0,1,0,0,0,0,0,"801272,524","5819693,962","13,4336371","52,44419849",,,4364.0,39.0
211865,11,5,5100313.0,2021,5,16,2,3,5,2,0,1,1,0,0,0,0,0,"785384,9319","5830272,178","13,20959597","52,54756669",,,3629.0,62.0
211864,11,9,9501737.0,2021,5,16,5,3,2,6,0,0,1,0,0,0,0,1,"813780,6296","5821752,468","13,61900818","52,45561147",,,4559.0,31.0
211863,11,12,12200411.0,2021,5,0,4,3,5,2,2,0,1,0,0,0,0,0,"792901,9306","5832166,888","13,32180944","52,56056233",,,4558.0,14.0
211862,11,2,2500729.0,2021,4,14,5,3,6,4,0,1,0,1,0,0,0,0,"803461,9285","5827764,297","13,47309576","52,51532116",,,4936.0,65.0
211861,11,8,8100314.0,2021,4,11,6,3,4,6,0,1,0,0,0,0,1,0,"800328,3403","5824359,119","13,42398555","52,48653384",,,5334.0,54.0
211860,11,2,2200212.0,2021,4,15,3,3,0,1,0,1,0,0,0,0,0,0,"800078,4648","5824444,87","13,42039386","52,48743985",,,3549.0,24.0
211859,11,7,7501029.0,2021,3,20,4,3,5,3,2,0,1,0,0,0,0,0,"797197,8046","5818632,509","13,37291906","52,43691348",,,4550.0,26.0
211858,11,1,1401045.0,2021,4,11,6,3,0,7,0,1,0,0,0,0,0,0,"796468,1855","5831933,077","13,37405547","52,55653653",,,5934.0,54.0
211857,11,6,6100205.0,2021,5,16,7,3,1,5,0,1,1,0,0,0,0,0,"795626,9852","5819940,278","13,35103584","52,44948809",,,5039.0,34.0
211856,11,3,3501038.0,2021,4,10,3,3,5,2,0,1,1,0,0,0,0,0,"803872,9977","5832204,32","13,48319433","52,55488658",,,5253.0,35.0
211855,11,7,7400721.0,2021,5,5,3,3,0,7,0,1,0,0,0,0,0,0,"798730,9147","5823948,28","13,40016206","52,48372758",,,7032.0,50.0
211854,11,2,2200208.0,2021,5,17,6,3,5,2,0,1,1,0,0,0,0,1,"797280,8278","5824851,188","13,37967633","52,49261261",,,6335.0,57.0
211853,11,5,5100210.0,2021,5,13,5,3,2,6,0,0,1,0,0,0,0,0,"783656,168","5829529,057","13,18353517","52,54180671",,,6634.0,61.0
211852,11,8,8100313.0,2021,4,8,1,3,0,1,0,0,0,0,1,0,0,1,"801386,891","5824767,909","13,43989743","52,48961461",,,4452.0,21.0
211851,11,7,7200409.0,2021,3,13,4,3,5,3,0,1,0,0,0,0,1,0,"795275,7266","5824146,708","13,34960482","52,48738581",,,2862.0,65.0
211850,11,10,10200417.0,2021,5,11,3,3,2,6,0,0,1,0,0,0,0,0,"811309,4179","5831962,649","13,59230256","52,54852159",,,7057.0,55.0
211849,11,4,4501045.0,2021,3,18,2,3,0,2,0,1,1,0,0,0,0,0,"794205,6033","5824940,674","13,33459134","52,49508103",,,2160.0,45.0
211848,11,4,4400835.0,2021,4,6,4,3,5,3,0,1,1,0,0,0,0,0,"793147,6985","5821760,457","13,31625689","52,46714062",,,3622.0,63.0
211847,11,1,1100311.0,2021,3,18,5,3,5,7,0,0,1,0,0,0,1,0,"800038,5538","5828500,877","13,42346314","52,52381741",,,4439.0,53.0
211846,11,1,1200522.0,2021,5,12,3,3,2,2,0,1,0,0,0,0,1,0,"793700,7256","5828112,183","13,32997448","52,52378397",,,7530.0,63.0
211845,11,9,9100306.0,2021,4,20,1,3,5,2,1,1,1,0,0,0,0,1,"805456,0519","5820485,245","13,49572252","52,4489696",,,3730.0,44.0
211844,11,6,6300526.0,2021,5,15,2,3,5,3,0,0,1,0,0,0,0,0,"789504,3073","5817698,045","13,25925313","52,43266235",,,4950.0,49.0
211843,11,3,3701657.0,2021,4,10,5,3,2,1,0,0,1,0,0,1,0,1,"799988,0565","5830257,979","13,42430674","52,5395947",,,4547.0,11.0
211842,11,5,5100316.0,2021,5,12,1,3,0,2,0,0,0,0,0,0,1,0,"785029,9118","5829398,737","13,20362505","52,53992137",,,5628.0,61.0
211841,11,5,5100104.0,2021,5,12,6,3,0,2,0,0,1,0,0,0,1,0,"785202,4951","5831186,729","13,20769844","52,55586198",,,4239.0,42.0
211840,11,10,10300731.0,2021,4,7,2,3,5,2,0,1,1,0,0,0,0,0,"809587,9951","5828532,516","13,56380196","52,51876312",,,4663.0,62.0
211839,11,12,12200411.0,2021,4,12,6,2,6,2,0,0,1,1,0,0,0,0,"793063,4453","5832214,084","13,32422691","52,56089852",,,4772.0,55.0
211838,11,12,12200309.0,2021,4,15,4,3,5,7,0,0,1,0,0,0,0,0,"793410,5162","5832399,17","13,32949581","52,56237079",,,4035.0,64.0
211837,11,6,6300634.0,2021,5,14,5,3,5,2,0,1,1,0,0,0,0,1,"792932,89","5817744,362","13,30958178","52,43125232",,,3350.0,22.0
211836,11,1,1100206.0,2021,4,16,3,3,5,3,0,1,1,0,0,0,0,0,"798028,5168","5827394,418","13,39293291","52,51500182",,,4647.0,52.0
211835,11,6,6300524.0,2021,3,13,3,3,5,3,0,0,1,0,0,0,0,0,"787530,5101","5817386,136","13,23003217","52,43090694",,,1558.0,34.0
211834,11,6,6200422.0,2021,4,13,6,2,6,4,0,0,1,1,0,0,0,0,"793983,7729","5816399,64","13,32381265","52,41863358",,,4437.0,60.0
211833,11,2,2500830.0,2021,3,19,7,3,0,1,2,1,1,0,0,0,0,1,"802414,284","5827429,684","13,45740002","52,51290392",,,4852.0,45.0
211832,11,12,12100205.0,2021,5,21,4,2,6,4,2,0,1,1,0,0,0,0,"794552,077","5832992,353","13,34681446","52,56707186",,,3551.0,40.0
211831,11,6,6300633.0,2021,5,13,2,2,0,5,0,0,1,0,0,0,1,0,"793214,1986","5819726,81","13,31544691","52,44887384",,,3055.0,62.0
211830,11,10,10100311.0,2021,4,16,5,3,2,6,0,0,1,0,0,0,0,0,"806748,1769","5829126,813","13,52262913","52,52569401",,,5662.0,47.0
211829,11,6,6100209.0,2021,4,10,3,3,7,7,0,1,0,0,0,0,0,0,"794768,4075","5820940,837","13,33932193","52,45892118",,,4749.0,23.0
211828,11,4,4501148.0,2021,4,6,3,3,5,2,0,0,1,0,0,0,1,0,"792824,1533","5823228,333","13,31279641","52,48047329",,,4559.0,31.0
211827,11,2,2500833.0,2021,5,1,7,3,0,1,2,1,0,0,0,0,0,0,"802146,3413","5827142,239","13,45320272","52,51047603",,,4749.0,23.0
211826,11,2,2200210.0,2021,4,13,4,3,5,3,0,1,0,0,0,0,0,0,"798306,2435","5824808,459","13,39469678","52,49167019",,,4073.0,63.0
211825,11,6,6200421.0,2021,3,9,3,3,2,6,0,0,1,0,0,0,0,0,"793453,4089","5817169,62","13,31671167","52,42582092",,,3649.0,23.0
211824,11,6,6100207.0,2021,4,14,6,3,5,2,0,1,1,0,0,0,0,0,"793557,1185","5820075,365","13,32078468","52,45181449",,,5338.0,54.0
211823,11,8,8401241.0,2021,5,20,6,3,5,2,0,0,1,0,0,0,0,0,"804859,9629","5818616,335","13,48527368","52,43255181",,,4654.0,10.0
211822,11,1,1100310.0,2021,5,17,6,3,5,7,0,0,1,0,0,0,0,1,"799114,1309","5828500,758","13,40987822","52,52432426",,,3543.0,59.0
211821,11,6,6200421.0,2021,3,18,4,3,6,7,0,0,0,1,0,0,1,0,"793297,611","5817693,444","13,31488632","52,43060043",,,3251.0,57.0
211820,11,2,2400624.0,2021,4,13,7,3,1,5,0,1,1,0,0,0,0,0,"801943,6054","5827050,685","13,45014143","52,50976768",,,5063.0,29.0
211819,11,2,2400625.0,2021,3,12,7,3,2,6,0,0,1,0,0,0,0,1,"801732,2779","5826259,39","13,44631984","52,50279215",,,3961.0,48.0
211818,11,9,9501838.0,2021,5,13,2,2,0,5,0,1,1,0,0,0,0,0,"818499,0977","5820388,113","13,68691518","52,44065785",,,3634.0,50.0
211817,11,3,3300515.0,2021,5,12,6,2,5,2,0,0,1,0,0,0,1,1,"801237,5981","5835250,69","13,44720746","52,58365524",,,4852.0,45.0
211816,11,2,2100106.0,2021,5,7,4,3,5,3,0,0,1,0,0,0,0,0,"798589,5909","5825567,004","13,39953762","52,49831463",,,3782.0,63.0
211815,11,7,7400824.0,2021,4,14,7,3,0,3,0,0,1,0,0,0,1,0,"797732,8264","5821349,383","13,3831879","52,46097647",,,1567.0,62.0
211814,11,7,7400823.0,2021,5,15,7,3,5,3,0,1,0,0,1,0,0,0,"797235,626","5820709,561","13,37532173","52,45551174",,,5242.0,49.0
211813,11,12,12100103.0,2021,4,15,4,3,6,4,0,0,1,1,0,0,0,0,"795340,0229","5833838,474","13,35915941","52,57422963",,,6081.0,65.0
211812,11,5,5100316.0,2021,3,17,4,3,1,5,0,0,1,0,1,0,0,0,"783874,4979","5829091,737","13,18637223","52,53777194",,,5139.0,41.0
211811,11,2,2100103.0,2021,4,9,2,3,5,3,0,1,0,0,0,0,1,0,"798415,3004","5825797,694","13,39718447","52,50047781",,,4945.0,47.0
211810,11,7,7501031.0,2021,4,16,2,3,2,6,0,0,1,0,0,0,0,0,"798127,0372","5819918,333","13,38769533","52,44793379",,,3661.0,43.0
211809,11,11,11100204.0,2021,5,14,7,3,5,3,0,1,0,0,0,0,1,0,"806535,8503","5833561,571","13,52360189","52,56555825",,,3827.0,59.0
211808,11,8,8100102.0,2021,5,11,7,3,1,5,0,1,1,0,0,0,0,0,"800511,4157","5823455,245","13,42585885","52,47833133",,,4064.0,52.0
211807,11,9,9200613.0,2021,4,22,2,3,2,6,2,1,1,0,0,0,0,0,"807032,6653","5821159,693","13,51946903","52,45413109",,,4318.0,65.0
211806,11,10,10200627.0,2021,5,18,3,3,5,2,0,1,1,0,0,0,0,0,"811158,3031","5829178,339","13,5874744","52,52365691",,,7061.0,57.0
211805,11,4,4300415.0,2021,5,17,7,3,5,7,0,1,1,0,0,0,0,0,"791227,3799","5826056,027","13,29182238","52,50667743",,,4056.0,47.0
211804,11,11,11100308.0,2021,5,7,5,3,6,7,0,1,0,1,0,0,0,0,"804458,3638","5833717,886","13,49319036","52,56812495",,,3350.0,22.0
211803,11,6,6200313.0,2021,4,8,2,3,5,3,0,1,1,0,0,0,0,0,"795384,8353","5818264,381","13,34600163","52,43459557",,,5960.0,57.0
211802,11,8,8301037.0,2021,3,13,4,2,5,7,0,0,1,0,0,0,1,0,"804372,2295","5817823,903","13,47740048","52,42572095",,,3758.0,50.0
211801,11,1,1300733.0,2021,4,11,3,3,5,2,0,0,1,0,0,0,1,0,"797169,8834","5831904,357","13,38434961","52,55589665",,,3849.0,22.0
211800,11,2,2100104.0,2021,5,20,3,3,5,3,0,0,1,0,0,0,1,0,"799022,5481","5826071,627","13,40634959","52,50260082",,,3349.0,12.0
211799,11,7,7400822.0,2021,4,8,3,3,5,2,0,1,1,0,0,0,0,0,"796816,4331","5821984,187","13,37030412","52,46716542",,,4222.0,53.0
211798,11,2,2400623.0,2021,3,16,2,2,5,2,0,1,1,0,0,0,0,0,"800672,4979","5827569,805","13,43193747","52,51512276",,,4343.0,38.0
211797,11,2,2200208.0,2021,4,23,5,2,6,2,2,0,1,1,0,0,0,0,"797921,602","5825262,537","13,3894543","52,49595052",,,5137.0,55.0
211796,11,12,12100204.0,2021,3,11,5,3,5,2,0,1,1,0,0,0,0,0,"793826,8347","5832711,075","13,33589601","52,56494231",,,4745.0,46.0
211795,11,1,1401044.0,2021,5,6,3,3,5,3,0,1,1,0,0,0,0,0,"796202,7565","5830765,371","13,36911004","52,54621369",,,5057.0,58.0
211794,11,7,7200409.0,2021,5,17,7,3,1,5,0,1,1,0,0,0,0,0,"795719,2853","5824249,111","13,3562091","52,4880637",,,3962.0,49.0
211793,11,9,9401432.0,2021,4,12,3,3,0,7,0,0,1,0,0,0,1,0,"812362,4841","5820087,177","13,59664841","52,44150051",,,6950.0,63.0
211792,11,11,11401137.0,2021,3,19,4,3,0,6,2,0,1,0,1,0,0,0,"807130,6548","5825749,962","13,52513325","52,49521499",,,4363.0,22.0
211791,11,2,2100102.0,2021,4,13,5,3,5,2,0,1,1,0,0,0,0,0,"798448,5041","5826534,963","13,39833301","52,50706829",,,4235.0,48.0
211790,11,3,3701657.0,2021,4,14,2,3,0,1,0,1,0,0,0,0,0,0,"800080,802","5830573,708","13,42595531","52,5423736",,,3250.0,40.0
211789,11,3,3400828.0,2021,5,1,1,2,1,5,2,1,1,0,0,0,0,0,"800056,6013","5832600,657","13,42743127","52,56055503",,,4464.0,34.0
211788,11,9,9100407.0,2021,5,21,7,2,6,6,1,0,1,1,0,0,0,0,"805552,586","5819209,107","13,49597168","52,43747817",,,1554.0,46.0
211787,11,4,4300518.0,2021,4,0,1,3,2,6,2,1,0,0,0,0,0,0,"792387,1929","5828253,219","13,31079301","52,5257543",,,5833.0,63.0
211786,11,1,1401047.0,2021,5,1,3,3,0,1,2,0,0,0,0,0,1,0,"795451,0466","5830548,455","13,35786397","52,54467741",,,3449.0,40.0
211785,11,3,3300412.0,2021,5,13,6,3,6,4,0,0,1,1,0,0,0,0,"802054,2637","5838173,048","13,46188983","52,60939496",,,4242.0,52.0
211784,11,3,3400721.0,2021,5,8,5,3,5,2,0,1,1,0,0,0,0,0,"797886,9743","5833072,841","13,39594445","52,56597877",,,4450.0,25.0
211783,11,1,1400939.0,2021,4,23,1,3,0,7,2,0,1,0,0,0,0,1,"795275,4963","5831734,277","13,35633724","52,55540244",,,3177.0,62.0
211782,11,8,8200730.0,2021,3,15,4,3,3,6,0,1,0,0,0,0,1,0,"801466,4387","5817949,965","13,43490879","52,42845958",,,4852.0,45.0
211781,11,4,4501149.0,2021,4,17,3,3,5,3,0,1,0,0,0,0,0,0,"793482,9274","5824497,246","13,32358636","52,49149495",,,4620.0,65.0
211780,11,9,9501838.0,2021,5,18,3,3,2,6,0,0,1,0,0,0,1,0,"821520,2779","5819418,802","13,73027787","52,43020555",,,2634.0,40.0
211779,11,6,6200312.0,2021,3,13,2,2,5,2,0,0,1,0,0,0,0,0,"794973,6426","5819208,318","13,34080368","52,44327937",,,4041.0,37.0
211778,11,1,1300836.0,2021,4,9,4,3,5,2,0,1,1,0,0,0,0,0,"796447,9768","5829962,939","13,37199963","52,53888736",,,3470.0,55.0
211777,11,3,3601140.0,2021,3,18,5,3,5,2,0,1,1,0,0,0,0,0,"798412,0792","5831802,075","13,40252594","52,55430063",,,7226.0,60.0
211776,11,12,12100204.0,2021,5,17,2,3,1,5,0,0,1,0,0,0,0,1,"795537,4858","5833116,473","13,36142135","52,56765041",,,3540.0,51.0
211775,11,4,4500937.0,2021,4,13,1,3,0,1,0,1,0,0,0,0,0,0,"790739,9504","5825038,632","13,28377263","52,49781642",,,5050.0,37.0
211774,11,10,10100315.0,2021,5,7,2,3,5,3,0,1,1,0,0,0,0,0,"809472,1253","5831215,094","13,5645969","52,54286913",,,3348.0,36.0
211773,11,9,9200510.0,2021,4,14,4,3,2,6,0,0,1,0,0,0,1,0,"806224,1819","5823176,994","13,50945919","52,47266448",,,3748.0,42.0
211772,11,5,5200629.0,2021,5,14,7,3,5,2,0,1,0,0,0,0,1,0,"784638,155","5828422,793","13,19702836","52,53137584",,,7049.0,63.0
211771,11,3,3701554.0,2021,4,10,3,3,5,5,0,0,1,0,1,0,0,0,"799140,9917","5829204,771","13,41090633","52,53061994",,,3778.0,60.0
211770,11,1,1300733.0,2021,4,13,7,3,2,6,0,0,1,0,0,0,0,0,"797071,6451","5831455,831","13,38250349","52,55192975",,,4235.0,48.0
211769,11,5,5100211.0,2021,5,12,6,2,5,2,0,0,1,0,1,0,0,0,"781906,6519","5829568,57","13,15783984","52,54306902",,,7169.0,62.0
211768,11,11,11300724.0,2021,4,9,3,3,0,2,0,0,1,0,0,0,1,0,"804833,521","5827749,377","13,49323226","52,51442259",,,5653.0,57.0
211767,11,5,5200423.0,2021,4,16,6,2,5,2,0,0,1,0,1,0,0,0,"780873,8535","5828325,022","13,14159926","52,53245201",,,5939.0,38.0
211766,11,1,1300733.0,2021,4,17,3,2,6,2,0,0,1,1,0,0,0,1,"797680,6729","5831319,602","13,39133729","52,55037614",,,5466.0,58.0
211765,11,11,11401137.0,2021,5,14,4,3,0,1,0,1,1,0,0,0,0,0,"806869,3566","5826349,661","13,52184891","52,50073658",,,4961.0,45.0
211764,11,5,5200629.0,2021,4,10,4,2,5,2,0,0,0,0,0,1,1,0,"784740,7589","5828586,431","13,19867703","52,53278942",,,5657.0,53.0
211763,11,1,1200624.0,2021,3,15,3,3,5,2,0,1,1,0,0,0,0,0,"795668,661","5829732,691","13,36033767","52,53724679",,,4849.0,28.0
211762,11,7,7200409.0,2021,4,18,6,3,2,7,0,0,1,0,1,0,0,0,"795734,6604","5824492,627","13,35665098","52,49023829",,,3154.0,20.0
211761,11,3,3300411.0,2021,3,11,6,2,5,3,0,1,1,0,0,0,0,0,"803706,2362","5839176,433","13,48713242","52,61746729",,,4535.0,59.0
211760,11,1,1400942.0,2021,5,15,4,3,5,3,0,0,1,0,0,0,0,0,"794649,942","5830519,738","13,34605931","52,54485383",,,5039.0,34.0
211759,11,4,4501149.0,2021,5,15,3,2,5,7,0,1,1,0,0,0,0,0,"793563,4807","5824049,408","13,32437488","52,48743695",,,2735.0,58.0
211758,11,5,5100211.0,2021,4,9,6,3,5,2,0,1,1,0,0,0,0,0,"783181,3437","5830290,894","13,17720198","52,54888451",,,4843.0,62.0
211757,11,11,11300620.0,2021,4,7,3,3,6,7,0,0,1,1,0,0,0,0,"803665,3009","5829510,643","13,47767801","52,53085994",,,4945.0,47.0
211756,11,4,4300416.0,2021,5,9,7,3,5,2,0,0,1,0,1,0,0,0,"791944,5169","5826105,609","13,30240199","52,50673864",,,3075.0,58.0
211755,11,8,8100419.0,2021,4,19,3,3,1,5,0,1,1,0,0,0,0,0,"802527,9226","5824024,896","13,4559771","52,48232386",,,3242.0,39.0
211754,11,1,1400938.0,2021,3,10,3,3,0,6,0,1,1,0,0,0,0,0,"793726,257","5830543,702","13,33249864","52,54556742",,,5282.0,56.0
211753,11,7,7400823.0,2021,4,16,5,3,2,6,0,0,1,0,1,0,0,1,"797094,923","5822140,085","13,37453042","52,46841153",,,1058.0,58.0
211752,11,2,2500835.0,2021,5,10,6,3,5,2,0,0,1,0,0,0,0,1,"803074,9153","5825942,486","13,46575137","52,49920772",,,4455.0,27.0
211751,11,9,9100407.0,2021,5,22,6,3,5,2,2,0,1,0,1,0,0,0,"805685,065","5821719,154","13,50021136","52,45990054",,,2876.0,40.0
211750,11,10,10100210.0,2021,3,18,4,3,5,3,0,1,1,0,0,0,0,0,"809197,3475","5831711,685","13,56102023","52,54747538",,,5046.0,45.0
211749,11,8,8100417.0,2021,4,23,3,3,0,1,2,0,0,0,0,0,1,0,"802222,5926","5822725,05","13,45031667","52,4708423",,,5439.0,56.0
211748,11,12,12200412.0,2021,3,8,7,3,5,3,0,1,1,0,0,0,0,1,"791381,7091","5833135,636","13,30029808","52,57006258",,,4569.0,47.0
211747,11,9,9501939.0,2021,5,18,2,3,2,6,0,0,1,0,0,0,0,0,"809901,7919","5821606,24","13,56197181","52,45651395",,,6444.0,53.0
211746,11,12,12200412.0,2021,5,15,5,3,5,3,0,0,1,0,0,0,0,0,"790780,9572","5834328,263","13,29250506","52,58107554",,,3755.0,63.0
211745,11,5,5100317.0,2021,5,6,4,2,5,3,0,0,0,0,1,0,1,0,"787203,6092","5828341,888","13,23467464","52,52930477",,,2133.0,65.0
211744,11,8,8100415.0,2021,4,22,6,3,5,2,2,0,1,0,0,0,1,0,"801821,5104","5823631,712","13,44525039","52,47919061",,,4955.0,53.0
211743,11,9,9200511.0,2021,5,16,1,3,0,1,0,1,0,0,0,0,0,0,"807010,6281","5821938,2","13,51986159","52,46112067",,,7330.0,61.0
211742,11,8,8100208.0,2021,4,17,4,3,5,3,0,1,1,0,0,0,0,0,"801362,1601","5822928,784","13,43787194","52,47314376",,,4853.0,18.0
211741,11,6,6200313.0,2021,3,11,4,3,0,6,0,0,1,0,0,0,1,0,"795380,2346","5818431,443","13,34608176","52,43609567",,,3552.0,52.0
211740,11,3,3400721.0,2021,4,20,6,3,6,6,0,1,0,1,0,0,0,0,"798132,2403","5833146,535","13,39961849","52,56650508",,,3871.0,53.0
211739,11,5,5400943.0,2021,4,18,2,3,1,5,1,0,1,0,0,0,0,0,"782158,0644","5820628,699","13,15396135","52,46277947",,,4338.0,47.0
211738,11,10,10100205.0,2021,5,16,2,3,5,5,0,0,1,0,1,0,0,0,"807291,5665","5832472,089","13,53370741","52,55536837",,,3546.0,33.0
211737,11,5,5200630.0,2021,5,13,7,3,2,6,0,0,1,0,0,0,0,0,"784548,4794","5828158,301","13,19548353","52,52905121",,,3949.0,53.0