ObjectID,State,District,LOR_ab_2021,AccidentYear,AccidentMonth,AccidentHour,DayOfWeek,AccidentCategory,AccidentType,AccidentTypeDetail,LightingCondition,InvolvingBike,InvolvingCar,InvolvingPedestrian,InvolvingMotorcycle,InvolvingHGV,InvolvingOther,RoadCondition,GraphicCoord1,GraphicCoord2,LongitudeWGS84,LatitudeWGS84,quadrant,quadrant_rank
211736,11,4,4300416.0,2021,5,14,3,3,5,3,0,1,1,0,0,0,0,0,"791291,3096","5826066,028","13,29277039","52,50673296",,,3649.0,23.0
211735,11,11,11401136.0,2021,5,7,6,3,6,4,0,1,0,1,0,0,0,0,"806110,6492","5825797,268","13,51019905","52,49621196",,,3253.0,43.0
211734,11,1,1100206.0,2021,4,8,3,3,2,6,0,1,1,0,0,0,0,0,"797788,4591","5827353,161","13,38936883","52,51476313",,,4463.0,27.0
211733,11,9,9200510.0,2021,5,15,5,3,5,3,0,1,1,0,0,0,0,0,"806199,2845","5823260,598","13,50917052","52,47342773",,,3326.0,55.0
211732,11,3,3500932.0,2021,4,17,1,3,2,7,0,0,1,0,0,0,0,0,"801777,3777","5832411,685","13,45256693","52,55791037",,,4350.0,52.0
211731,11,5,5100316.0,2021,4,11,5,3,6,4,0,0,1,1,0,0,0,0,"783900,0327","5829084,294","13,18674135","52,5376919",,,955.0,60.0
211730,11,1,1200629.0,2021,4,15,3,3,0,4,0,1,0,1,0,0,0,0,"794150,7121","5827240,336","13,33581696","52,5157258",,,6048.0,59.0
211729,11,6,6200312.0,2021,5,20,5,2,2,1,0,0,1,0,0,0,0,1,"794380,5055","5819086,789","13,33199518","52,44250956",,,3660.0,50.0
211728,11,7,7200413.0,2021,4,21,3,3,1,5,2,0,0,0,1,0,0,0,"796033,2382","5823627,715","13,36026748","52,48232325",,,3865.0,47.0
211727,11,12,12100204.0,2021,3,13,1,2,9,1,0,0,1,0,0,0,0,0,"795501,4394","5832474,689","13,36031944","52,561917",,,3480.0,38.0
211726,11,11,11100204.0,2021,4,13,6,3,2,6,0,0,1,0,0,0,0,0,"806024,97","5833553,286","13,51608058","52,56577139",,,5949.0,55.0
211725,11,1,1300836.0,2021,3,15,5,3,1,5,0,1,1,0,0,0,0,0,"796680,4027","5830392,474","13,37580014","52,54261118",,,5660.0,65.0
211724,11,2,2300315.0,2021,5,12,2,3,5,2,0,1,0,0,0,0,1,0,"800787,4327","5825815,22","13,43204078","52,49933259",,,7235.0,47.0
211723,11,1,1100207.0,2021,4,20,2,3,2,7,2,0,1,0,0,0,0,0,"798914,8644","5827027,154","13,40562585","52,51122478",,,7244.0,65.0
211722,11,10,10200418.0,2021,5,18,2,3,5,3,0,0,1,0,0,0,1,0,"811137,5218","5831143,1","13,58900804","52,54127559",,,6238.0,43.0
211721,11,9,9200717.0,2021,4,17,4,3,2,6,0,0,1,0,0,0,0,0,"809660,114","5819030,476","13,55603926","52,43356737",,,4332.0,40.0
211720,11,6,6400735.0,2021,5,15,1,3,5,3,0,0,1,0,1,0,0,0,"781431,7216","5815504,867","13,13898343","52,41720975",,,3758.0,50.0
211719,11,6,6100205.0,2021,5,18,5,3,0,1,0,1,0,0,0,0,0,0,"795075,2394","5820013,414","13,34300522","52,45044179",,,4951.0,32.0
211718,11,12,12100205.0,2021,4,8,3,3,6,7,0,0,1,1,0,0,0,0,"794907,1616","5833263,466","13,35227919","52,56930991",,,7057.0,55.0
211717,11,9,9200510.0,2021,4,17,5,2,9,1,0,0,0,0,1,0,0,0,"806214,3134","5823182,951","13,50931982","52,47272339",,,3154.0,20.0
211716,11,11,11100204.0,2021,4,15,3,3,5,3,0,0,1,0,1,0,0,0,"806403,8346","5833723,16","13,52180955","52,56708074",,,4350.0,52.0
211715,11,12,12100205.0,2021,4,17,3,2,5,3,0,1,0,0,1,0,0,0,"794554,8435","5833969,997","13,34772349","52,57583415",,,3046.0,37.0
211714,11,12,12200413.0,2021,5,14,6,3,5,3,0,1,1,0,0,0,0,1,"790803,7493","5834063,528","13,29260823","52,57869006",,,7232.0,31.0
211713,11,6,6200315.0,2021,4,0,5,2,1,7,2,0,1,0,0,0,1,0,"795438,1412","5817893,463","13,34645572","52,43124172",,,6544.0,55.0
211712,11,5,5300735.0,2021,3,13,2,2,5,2,0,0,0,0,0,0,1,0,"786445,7695","5831168,056","13,22597069","52,55504204",,,2161.0,59.0
211711,11,8,8200832.0,2021,4,19,7,3,0,7,0,0,1,0,0,0,0,0,"800913,8499","5817450,344","13,42635647","52,42428545",,,3853.0,44.0
211710,11,2,2100102.0,2021,3,8,6,3,5,7,0,0,1,0,1,0,0,1,"798295,2187","5826524,998","13,39607229","52,50706281",,,3861.0,37.0
211709,11,12,12100205.0,2021,5,22,3,3,5,2,2,0,1,0,1,0,0,1,"794786,7663","5834236,663","13,35137312","52,57809901",,,3181.0,65.0
211708,11,1,1100101.0,2021,5,14,3,3,6,4,0,0,1,1,0,0,0,0,"795053,4023","5825931,368","13,3479208","52,50350426",,,4749.0,23.0
211707,11,2,2200210.0,2021,4,18,5,3,5,2,0,1,1,0,0,0,0,0,"798287,3693","5825472,086","13,3950138","52,49762908",,,6430.0,58.0
211706,11,12,12200515.0,2021,4,17,2,3,5,3,0,0,1,0,1,0,0,0,"789990,7426","5834765,014","13,28125756","52,58541274",,,5244.0,47.0
211705,11,4,4200207.0,2021,5,13,2,3,5,3,0,1,0,0,0,0,0,0,"789622,6424","5824817,348","13,26716746","52,49642667",,,1659.0,46.0
211704,11,3,3601245.0,2021,4,8,4,2,5,2,0,1,1,0,0,0,0,0,"800874,0821","5831048,438","13,43804747","52,54619123",,,4458.0,48.0
211703,11,8,8100417.0,2021,5,12,7,2,6,4,0,1,0,1,0,0,0,0,"802099,4542","5822982,519","13,44874252","52,47321813",,,3555.0,16.0
211702,11,1,1200628.0,2021,4,16,1,3,0,7,0,0,0,0,1,0,0,0,"796229,1371","5828292,517","13,36729382","52,52403269",,,3662.0,65.0
211701,11,1,1300732.0,2021,5,13,6,3,5,2,0,1,1,0,0,0,0,0,"797541,5503","5832722,186","13,3905488","52,5630245",,,2059.0,42.0
211700,11,3,3701555.0,2021,4,12,2,3,5,3,0,1,0,0,0,0,1,0,"799721,3083","5830080,395","13,42022521","52,53814972",,,4357.0,21.0
211699,11,1,1100308.0,2021,4,9,7,3,5,3,0,1,1,0,0,0,0,0,"797038,3558","5829319,449","13,38010374","52,53279773",,,4461.0,54.0
211698,11,10,10300734.0,2021,5,15,5,3,9,1,0,0,1,0,0,0,0,1,"810269,901","5827096,785","13,5724811","52,50550926",,,6954.0,63.0
211697,11,7,7601544.0,2021,4,10,4,3,5,7,0,0,1,0,0,0,0,0,"799485,4308","5813590,913","13,40196058","52,39047407",,,7542.0,53.0
211696,11,1,1200628.0,2021,3,16,3,3,5,2,0,0,1,0,1,0,0,0,"796250,4152","5828523,856","13,36781263","52,52609486",,,7326.0,60.0
211695,11,4,4500939.0,2021,4,10,1,3,5,3,0,0,1,0,0,0,0,0,"792513,0497","5824503,746","13,30934782","52,49207382",,,3676.0,38.0
211694,11,4,4400728.0,2021,3,10,6,3,5,2,0,1,1,0,0,0,0,0,"790677,4228","5822708,534","13,28082185","52,47696018",,,4045.0,42.0
211693,11,2,2200213.0,2021,5,16,4,3,5,3,0,1,1,0,0,0,0,0,"800146,8407","5825072,034","13,42196273","52,4930238",,,4240.0,51.0
211692,11,11,2500835.0,2021,5,15,3,3,6,4,0,1,1,1,0,0,0,0,"803307,3104","5826309,522","13,46949862","52,50236829",,,5375.0,58.0
211691,11,10,10200417.0,2021,4,18,6,3,5,2,0,0,1,0,0,0,0,0,"811353,9886","5831952,941","13,59294865","52,54840913",,,5238.0,46.0
211690,11,1,1100313.0,2021,5,15,6,3,5,3,0,1,0,0,1,0,0,0,"799475,1867","5826559,791","13,41343721","52,50672825",,,1663.0,55.0
211689,11,8,8401244.0,2021,4,12,4,3,4,5,0,1,1,0,0,0,0,0,"805970,8421","5816013,649","13,499183","52,40860486",,,2832.0,63.0
211688,11,9,9200818.0,2021,3,11,3,3,2,6,0,0,1,0,0,0,0,0,"809765,4971","5820694,734","13,55912695","52,44842248",,,4252.0,53.0
211687,11,5,5100105.0,2021,4,12,6,3,8,1,0,0,0,0,1,0,0,0,"784915,3918","5831131,579","13,20342776","52,55551779",,,4575.0,58.0
211686,11,1,1100309.0,2021,4,12,3,3,4,6,0,1,1,0,0,0,0,0,"798714,7069","5828981,115","13,4044399","52,52884895",,,4657.0,9.0
211685,11,2,2100102.0,2021,5,18,7,3,5,7,0,0,1,0,1,0,0,1,"797941,5881","5826336,176","13,39070837","52,50556348",,,5447.0,55.0
211684,11,1,1300836.0,2021,5,15,6,3,1,6,0,0,1,0,1,0,0,0,"797345,8446","5831180,622","13,38628925","52,54931323",,,1729.0,63.0
211683,11,10,10100311.0,2021,3,15,4,3,5,2,0,1,0,0,0,1,0,0,"806317,4421","5830170,419","13,51726149","52,53528918",,,2852.0,40.0
211682,11,9,9100101.0,2021,4,13,2,3,5,2,0,1,0,0,0,1,0,0,"802351,4626","5824749,185","13,45404352","52,48891343",,,861.0,63.0
211681,11,4,4400728.0,2021,5,15,2,3,5,3,0,1,1,0,0,0,0,0,"789830,2699","5823564,219","13,26912732","52,48508185",,,4645.0,45.0
211680,11,7,7501029.0,2021,5,9,5,3,0,1,0,0,0,0,1,0,0,1,"797525,1797","5820002,067","13,37894017","52,44901224",,,3764.0,45.0
211679,11,6,6100205.0,2021,5,18,4,3,5,3,0,0,1,0,0,0,0,0,"795530,1703","5819894,941","13,34957527","52,44913401",,,4251.0,2.0
211678,11,4,4300416.0,2021,4,2,7,3,2,6,2,1,1,0,0,0,0,0,"791804,1861","5825894,688","13,30015538","52,50492285",,,8036.0,63.0
211677,11,2,2300314.0,2021,3,8,3,3,5,2,0,1,1,0,0,0,0,0,"800285,2009","5826091,69","13,42491378","52,50208727",,,5038.0,31.0
211676,11,5,5300840.0,2021,5,5,2,2,5,2,1,1,1,0,0,0,0,1,"790058,6026","5829166,396","13,27736274","52,5351849",,,5249.0,5.0
211675,11,4,4300416.0,2021,5,7,4,2,5,3,0,1,1,0,0,0,0,0,"791830,8976","5826109,919","13,30073648","52,50683807",,,4557.0,40.0
211674,11,8,8401241.0,2021,4,8,4,2,0,1,0,1,0,0,0,0,0,0,"803843,3175","5818864,747","13,47059148","52,43534392",,,3443.0,52.0
211673,11,7,7100205.0,2021,3,9,4,3,0,2,0,0,0,0,0,0,1,0,"796046,354","5825344,573","13,36198534","52,49770631",,,1557.0,28.0
211672,11,11,11100204.0,2021,5,16,7,3,6,7,0,1,0,1,0,0,0,0,"805940,1718","5833720,126","13,51498728","52,5673143",,,6188.0,57.0
211671,11,6,6200420.0,2021,4,13,1,3,3,6,0,1,1,0,0,0,0,0,"793058,2524","5816619,253","13,31043464","52,42109875",,,5435.0,61.0
211670,11,3,3400619.0,2021,5,8,2,3,5,7,0,0,1,0,0,0,0,0,"795357,6016","5835082,753","13,36052676","52,58537385",,,6949.0,65.0
211669,11,3,3601142.0,2021,5,12,2,3,0,7,0,0,1,0,0,0,1,0,"799162,6143","5831006,428","13,41284621","52,54675716",,,5451.0,41.0
211668,11,1,1100311.0,2021,5,10,6,3,1,5,0,1,1,0,0,0,0,1,"800207,093","5827659,005","13,42518009","52,51617866",,,3148.0,24.0
211667,11,7,7100102.0,2021,5,10,5,3,2,6,0,0,1,0,0,0,0,0,"794964,3118","5825220,647","13,34598257","52,4971813",,,6729.0,59.0
211666,11,3,3100102.0,2021,4,13,3,3,5,3,0,0,1,0,0,0,0,0,"804945,8038","5841291,422","13,50733601","52,63572805",,,5331.0,63.0
211665,11,8,8100209.0,2021,4,12,1,3,2,6,0,0,1,0,0,0,1,1,"801960,5474","5822410,174","13,44618562","52,46816492",,,4953.0,49.0
211664,11,3,3500933.0,2021,4,11,6,3,5,3,0,0,1,0,0,0,0,0,"802829,5611","5832033,113","13,46769477","52,55393326",,,4265.0,5.0
211663,11,6,6400737.0,2021,4,13,4,2,5,3,0,0,1,0,0,0,0,0,"785768,8138","5816919,597","13,2037921","52,42764706",,,4950.0,49.0
211662,11,2,2300315.0,2021,5,17,4,3,5,3,0,0,1,0,1,0,0,0,"800504,0863","5826012,19","13,42805701","52,50125419",,,2947.0,18.0
211661,11,1,1100310.0,2021,4,12,3,2,1,5,0,1,1,0,0,0,0,0,"799069,3587","5828931,532","13,40960769","52,52821006",,,1154.0,55.0
211660,11,7,7100206.0,2021,3,19,2,2,5,3,0,1,1,0,0,0,0,0,"796869,8266","5824297,634","13,37314729","52,48787424",,,4454.0,36.0
211659,11,9,9401534.0,2021,4,12,5,3,5,3,0,1,1,0,0,0,0,0,"810885,4949","5820660,769","13,5755225","52,44748242",,,6056.0,54.0
211658,11,6,6300629.0,2021,3,12,5,3,5,2,0,0,1,0,0,0,0,0,"791751,3033","5819295,966","13,29360595","52,44579397",,,3551.0,40.0
211657,11,1,1200626.0,2021,5,19,4,3,0,6,0,0,1,0,1,0,0,1,"795142,9674","5828262,815","13,35130439","52,52435548",,,4857.0,54.0
211656,11,3,3601141.0,2021,5,19,3,3,2,6,0,1,1,0,0,0,0,0,"799193,3441","5831774,93","13,41399048","52,55362871",,,5988.0,63.0
211655,11,4,4200310.0,2021,4,9,5,3,2,6,0,0,1,0,0,0,1,1,"789786,6698","5826385,158","13,27094141","52,51039534",,,5048.0,24.0
211654,11,12,12200412.0,2021,5,15,1,3,2,6,0,0,1,0,0,0,0,0,"788628,8514","5833066,611","13,25973317","52,57091047",,,4653.0,53.0
211653,11,8,8200623.0,2021,4,17,7,3,6,6,0,1,0,1,0,0,0,0,"801606,1467","5820669,737","13,43941182","52,45276072",,,4851.0,50.0
211652,11,10,10200524.0,2021,5,18,5,3,6,4,0,0,0,1,1,0,0,0,"813444,2626","5830359,177","13,62217121","52,53292906",,,1325.0,65.0
211651,11,7,7400720.0,2021,4,18,2,3,5,2,0,1,1,0,0,0,0,0,"797392,2355","5823661,568","13,38025093","52,48188827",,,5237.0,45.0
211650,11,8,8100208.0,2021,3,13,3,3,1,5,0,1,1,0,0,0,0,0,"801311,1709","5822907,949","13,43710469","52,47298514",,,5052.0,43.0
211649,11,1,1401044.0,2021,4,18,4,2,1,5,0,0,1,0,0,0,1,1,"796148,9272","5831457,732","13,36893601","52,55244926",,,2545.0,65.0
211648,11,7,7501032.0,2021,5,14,6,2,0,7,0,0,1,0,0,0,0,0,"799988,2399","5820425,423","13,41545502","52,45146109",,,6459.0,59.0
211647,11,12,12601133.0,2021,4,17,5,3,5,3,0,0,1,0,0,0,0,0,"795732,1172","5837041,346","13,36778735","52,60272708",,,1064.0,63.0
211646,11,8,8100310.0,2021,3,9,2,3,3,6,0,1,1,0,0,0,0,0,"800564,6287","5825143,715","13,42816257","52,49343641",,,4436.0,56.0
211645,11,4,4300624.0,2021,4,19,7,3,5,3,0,1,1,0,0,0,0,0,"793352,4692","5826070,589","13,32305618","52,50566947",,,3249.0,57.0
211644,11,9,9300923.0,2021,3,15,6,2,6,4,0,0,1,1,0,0,0,0,"808962,8849","5815215,832","13,54229453","52,39977463",,,3656.0,44.0
211643,11,9,9300920.0,2021,5,7,2,2,5,2,0,1,1,0,0,0,0,0,"808075,5021","5816934,102","13,53087359","52,415674",,,5727.0,61.0
211642,11,3,3601449.0,2021,5,12,5,3,5,7,0,0,1,0,0,0,0,0,"801911,3304","5830333,347","13,4526474","52,53920809",,,9026.0,65.0
211641,11,2,2100106.0,2021,5,17,4,2,5,3,0,0,1,0,0,0,0,0,"798584,515","5825563,788","13,39946018","52,49828858",,,4536.0,56.0
211640,11,9,9200510.0,2021,4,14,5,2,6,4,0,0,0,1,1,0,0,0,"806407,7931","5822247,407","13,51130031","52,46423023",,,4848.0,3.0
211639,11,7,7100102.0,2021,4,11,6,3,5,3,0,1,1,0,0,0,0,0,"795390,5743","5825193,034","13,35221893","52,49670323",,,3548.0,45.0
211638,11,7,7400721.0,2021,4,19,3,3,1,5,0,0,1,0,0,0,0,0,"797717,0087","5822530,884","13,38400988","52,47157597",,,4352.0,37.0
211637,11,7,7200409.0,2021,3,9,4,3,2,6,0,1,1,0,0,0,0,0,"795576,4502","5824251,868","13,35411406","52,48816576",,,4363.0,22.0
211636,11,7,7300517.0,2021,4,21,6,2,5,2,2,1,0,0,1,0,0,0,"794565,5161","5822580,347","13,33779171","52,47372792",,,4350.0,52.0
211635,11,9,9100305.0,2021,5,17,1,3,1,5,0,0,1,0,0,0,0,0,"804874,1213","5823156,83","13,48962619","52,4732389",,,4260.0,59.0
211634,11,6,6400737.0,2021,3,17,4,3,1,5,0,1,1,0,0,0,0,0,"785817,0619","5817638,197","13,20511402","52,43406488",,,5740.0,54.0
211633,11,11,11100308.0,2021,4,10,2,3,1,7,0,0,1,0,0,1,0,0,"804351,7175","5834175,292","13,49204146","52,57228405",,,1666.0,63.0
211632,11,3,3300516.0,2021,5,12,2,3,5,3,0,0,1,0,0,0,0,0,"800778,799","5833548,648","13,43891222","52,56865355",,,4068.0,46.0
211631,11,1,1200519.0,2021,5,7,6,3,6,4,0,0,1,1,0,0,0,1,"793748,6035","5828917,531","13,33138964","52,53097769",,,5860.0,62.0
211630,11,9,9502043.0,2021,5,12,4,2,6,4,0,0,0,1,0,0,1,0,"811155,8513","5822077,607","13,58080779","52,46002567",,,3770.0,57.0
211629,11,1,1401046.0,2021,5,16,5,3,2,6,0,1,1,0,0,0,0,0,"794617,0368","5829855,854","13,34498673","52,5389204",,,3149.0,47.0
211628,11,7,7200413.0,2021,4,12,6,3,5,3,0,1,1,0,0,0,0,0,"796273,0414","5823231,042","13,36343594","52,47863736",,,5854.0,49.0
211627,11,1,1100103.0,2021,4,15,5,2,5,3,0,1,1,0,0,0,0,0,"795385,453","5826006,82","13,35286552","52,50400097",,,7164.0,58.0
211626,11,10,10100102.0,2021,5,19,3,3,5,3,0,1,1,0,0,0,0,0,"809450,6271","5834611,939","13,56744779","52,57332232",,,1362.0,55.0
211625,11,3,3601450.0,2021,3,18,2,3,0,6,0,0,0,0,1,0,1,0,"802494,7299","5829266,773","13,46025249","52,52932499",,,3349.0,12.0
211624,11,7,7100206.0,2021,4,8,5,3,6,4,0,0,1,1,0,0,0,0,"796110,058","5824881,838","13,36250968","52,49352374",,,3549.0,24.0
211623,11,12,12601235.0,2021,3,11,5,3,5,2,0,1,1,0,0,0,0,0,"795164,2555","5836348,582","13,35880919","52,59682572",,,6426.0,51.0
211622,11,7,7601238.0,2021,5,15,3,3,5,3,0,0,1,0,0,0,0,0,"798326,6641","5816896,563","13,38792759","52,42073805",,,5079.0,56.0
211621,11,5,5300735.0,2021,4,17,1,2,0,1,0,0,0,0,1,0,0,0,"786527,8339","5830641,028","13,22672296","52,55027372",,,6628.0,57.0
211620,11,4,4200311.0,2021,5,12,2,3,2,6,0,0,1,0,0,0,0,0,"790394,973","5825615,548","13,27920821","52,50317221",,,2662.0,61.0
211619,11,4,4500938.0,2021,4,16,4,3,5,3,0,1,1,0,0,0,0,0,"791434,5973","5824917,816","13,29387069","52,4963628",,,2622.0,54.0
211618,11,9,9301126.0,2021,3,6,3,3,5,7,0,0,1,0,0,0,1,0,"811307,5457","5817551,931","13,57881812","52,41938226",,,4033.0,40.0
211617,11,3,3100101.0,2021,4,6,6,3,3,6,0,0,1,0,1,0,1,0,"801538,3154","5839683,097","13,45567002","52,62321573",,,5635.0,63.0
211616,11,8,8100104.0,2021,5,14,7,3,5,3,0,0,1,0,1,0,0,0,"800844,8889","5822538,093","13,429927","52,46992699",,,5254.0,63.0
211615,11,2,2300314.0,2021,5,14,7,3,5,2,0,1,1,0,0,0,0,0,"800141,2163","5825758,732","13,42249886","52,49918205",,,4255.0,45.0
211614,11,9,9200819.0,2021,3,18,3,3,2,6,0,0,1,0,0,0,0,0,"810055,4659","5819450,307","13,56222543","52,43710586",,,3251.0,57.0
211613,11,8,8100521.0,2021,4,20,2,3,0,1,2,1,0,0,0,0,0,0,"803816,8378","5822121,158","13,47316505","52,46454543",,,3350.0,22.0
211612,11,7,7300515.0,2021,5,20,2,2,5,2,2,1,0,0,0,0,0,0,"793501,1304","5822489,424","13,32208602","52,47348581",,,4559.0,31.0
211611,11,3,3100101.0,2021,5,6,5,3,5,3,0,0,1,0,0,0,0,0,"800855,69","5838761,31","13,44477772","52,61533224",,,5340.0,54.0
211610,11,4,4500936.0,2021,5,8,4,3,1,5,0,1,0,0,0,1,0,0,"792063,1768","5825715,096","13,30380275","52,50317426",,,3346.0,47.0
211609,11,2,2400623.0,2021,4,14,6,3,5,3,0,1,1,0,0,0,0,0,"800613,2944","5827116,859","13,43065848","52,51109551",,,6642.0,65.0
211608,11,5,5100316.0,2021,4,13,5,3,5,2,0,1,1,0,0,0,0,1,"784838,222","5829254,063","13,20068223","52,53872447",,,4048.0,46.0
211607,11,6,6100208.0,2021,4,9,6,3,6,2,0,0,1,1,0,0,0,0,"794335,0981","5820577,777","13,33264288","52,45590006",,,3352.0,26.0
211606,11,3,3100101.0,2021,5,20,3,2,2,6,0,0,0,0,1,0,0,0,"803857,3249","5841431,15","13,49142984","52,63759046",,,4864.0,14.0
211605,11,11,11100204.0,2021,4,16,4,3,5,3,0,1,1,0,0,0,0,0,"806641,1306","5832913,114","13,52455102","52,55968746",,,6424.0,65.0
211604,11,3,3200205.0,2021,3,7,4,3,0,3,0,1,0,0,0,0,0,0,"797419,9991","5835029,425","13,39083032","52,58377227",,,4151.0,37.0
211603,11,6,6200422.0,2021,5,11,3,3,5,3,0,0,1,0,0,0,0,0,"794483,9081","5816586,577","13,33131018","52,42004052",,,3948.0,43.0
211602,11,2,2500833.0,2021,4,19,2,3,5,3,0,1,1,0,0,0,0,0,"802855,1533","5826929,195","13,46342135","52,50817349",,,3548.0,45.0
211601,11,8,8401241.0,2021,5,16,2,3,0,1,0,0,0,0,1,0,0,0,"805178,8864","5818515,689","13,48985837","52,43147192",,,4646.0,50.0
211600,11,1,1400938.0,2021,5,23,2,3,1,5,2,0,1,0,0,0,0,0,"794376,2963","5830522,858","13,34203843","52,54502973",,,2950.0,60.0
211599,11,2,2500833.0,2021,5,20,6,3,2,6,0,1,1,0,0,0,0,1,"802634,3477","5827000,03","13,46024228","52,50893091",,,1362.0,55.0
211598,11,4,4300624.0,2021,5,16,5,3,5,2,0,1,1,0,0,0,0,0,"792857,1934","5826090,307","13,31579729","52,50611231",,,4165.0,55.0
211597,11,1,1100312.0,2021,4,8,2,3,0,6,0,1,1,0,0,0,0,1,"799708,8277","5827296,176","13,41753239","52,5132005",,,3648.0,35.0
211596,11,1,1401049.0,2021,4,17,5,3,5,2,0,0,1,0,0,0,0,0,"795901,897","5831931,811","13,36572578","52,55683316",,,4357.0,21.0
211595,11,12,12200412.0,2021,5,14,4,3,3,6,0,0,1,0,1,0,0,0,"791112,1445","5833942,748","13,29704053","52,5774424",,,1728.0,61.0
211594,11,12,12500929.0,2021,4,13,3,3,5,2,0,0,1,0,1,0,0,0,"793479,0954","5838662,114","13,33605319","52,61847695",,,4146.0,50.0
211593,11,5,5300735.0,2021,3,15,1,3,5,2,0,0,1,0,0,0,0,0,"786565,7245","5830552,436","13,22720379","52,54945951",,,5152.0,56.0
211592,11,3,3200308.0,2021,4,7,5,2,6,4,1,0,1,1,0,0,0,0,"798850,1502","5837921,388","13,4144856","52,60891033",,,4846.0,41.0
211591,11,10,10100209.0,2021,3,11,5,3,2,6,0,0,1,0,0,0,0,0,"809978,5062","5832083,168","13,57285013","52,55036053",,,5224.0,60.0
211590,11,12,12100206.0,2021,5,9,4,3,5,3,0,0,1,0,0,0,0,0,"794442,4669","5833796,913","13,34591626","52,5743434",,,6236.0,62.0
211589,11,3,3701555.0,2021,5,11,3,3,0,6,0,1,1,0,0,0,0,1,"799355,0143","5830145,186","13,414899","52,53893181",,,4538.0,53.0
211588,11,5,5400943.0,2021,4,7,5,3,0,3,0,0,1,0,1,0,0,1,"780783,8618","5820419,579","13,13361158","52,46161224",,,2632.0,59.0
211587,11,8,8200726.0,2021,5,14,1,3,2,7,0,0,1,0,0,0,0,0,"802574,796","5819932,361","13,45295499","52,44561625",,,2841.0,54.0
211586,11,2,2100102.0,2021,4,11,2,3,5,3,0,0,1,0,0,0,0,1,"798181,1114","5826513,326","13,39438557","52,50702055",,,5961.0,51.0
211585,11,10,10300731.0,2021,5,9,6,3,0,3,0,1,1,0,0,0,0,0,"809637,4912","5829700,862","13,56561682","52,52920528",,,6544.0,55.0
211584,11,8,8300934.0,2021,4,15,3,3,2,6,0,0,1,0,0,0,0,0,"803492,5939","5818202,486","13,46484703","52,42960278",,,5349.0,29.0
211583,11,9,9100304.0,2021,3,13,3,3,5,2,0,0,1,0,0,0,1,0,"804658,1715","5822148,069","13,48553559","52,46431819",,,5428.0,49.0
211582,11,5,5300736.0,2021,4,4,3,2,9,1,2,0,1,0,0,0,0,0,"785966,1705","5829222,343","13,21724059","52,53784931",,,4563.0,65.0
211581,11,2,2200212.0,2021,5,17,6,3,3,6,0,0,1,0,1,0,0,0,"799300,5541","5824562,138","13,40907684","52,48891801",,,3861.0,37.0
211580,11,11,11501341.0,2021,4,13,4,2,0,7,0,0,1,0,0,0,0,0,"807244,5907","5824185,306","13,52536383","52,48112819",,,6935.0,43.0
211579,11,2,2200209.0,2021,3,18,3,3,5,2,0,1,1,0,0,0,0,0,"796816,5557","5823974,873","13,37207762","52,48500996",,,5952.0,37.0
211578,11,6,6300629.0,2021,4,13,6,2,2,6,0,0,1,0,1,0,0,0,"792126,816","5819547,881","13,29933565","52,44785187",,,1658.0,8.0
211577,11,1,1300732.0,2021,3,11,7,3,2,6,0,0,1,0,0,0,0,1,"797318,9467","5832315,888","13,38691049","52,55950415",,,4222.0,53.0
211576,11,1,1100310.0,2021,5,10,2,3,2,6,0,0,1,0,0,0,0,0,"799177,9284","5827592,492","13,40999887","52,51614799",,,3345.0,42.0
211575,11,2,2200210.0,2021,5,17,5,3,5,2,0,1,1,0,0,0,0,1,"798288,3621","5825472,037","13,39502834","52,4976281",,,5131.0,45.0
211574,11,12,12200412.0,2021,5,19,4,3,5,7,0,0,1,0,0,1,1,0,"791185,4824","5834208,991","13,29835361","52,57978996",,,3770.0,57.0
211573,11,1,1100207.0,2021,4,18,6,3,5,3,0,0,1,0,0,0,0,0,"798021,5577","5826590,019","13,39211035","52,50779519",,,4049.0,39.0
211572,11,6,6400844.0,2021,5,14,7,3,5,3,0,0,1,0,0,0,0,0,"791185,246","5820067,926","13,28597377","52,45301643",,,4339.0,29.0
211571,11,4,4300623.0,2021,4,13,4,2,5,5,0,0,1,0,1,0,0,0,"792728,9021","5826173,711","13,31398584","52,50692885",,,3046.0,37.0
211570,11,7,7601544.0,2021,3,12,4,3,1,5,0,0,1,0,0,0,1,0,"799988,4794","5813243,746","13,40902018","52,38708693",,,7052.0,57.0
211569,11,2,2400625.0,2021,4,13,5,3,5,3,0,1,1,0,0,0,0,0,"801467,1492","5827266,505","13,44333771","52,51196561",,,6133.0,57.0
211568,11,3,3601142.0,2021,5,9,7,3,5,2,0,1,1,0,0,0,0,0,"799135,8157","5830601,412","13,41208744","52,54314154",,,4062.0,45.0
211567,11,11,11300620.0,2021,5,18,7,3,5,3,0,0,1,0,0,0,0,1,"804220,9808","5829078,515","13,4854491","52,52667713",,,3248.0,24.0
211566,11,4,4200310.0,2021,4,12,2,3,6,4,0,0,0,1,0,1,0,0,"789112,878","5826963,65","13,26154339","52,51593923",,,3071.0,39.0