ObjectID,State,District,LOR_ab_2021,AccidentYear,AccidentMonth,AccidentHour,DayOfWeek,AccidentCategory,AccidentType,AccidentTypeDetail,LightingCondition,InvolvingBike,InvolvingCar,InvolvingPedestrian,InvolvingMotorcycle,InvolvingHGV,InvolvingOther,RoadCondition,GraphicCoord1,GraphicCoord2,LongitudeWGS84,LatitudeWGS84,quadrant,quadrant_rank
211565,11,5,5200630.0,2021,5,17,3,2,6,2,0,0,1,1,0,0,0,0,"784696,3146","5827631,427","13,19720578","52,52425006",,,3452.0,33.0
211564,11,1,1200522.0,2021,5,23,6,3,0,2,2,1,1,0,0,0,0,0,"794316,1346","5828380,212","13,3392563","52,52585483",,,3762.0,55.0
211563,11,11,11501340.0,2021,5,17,4,3,0,3,0,0,1,0,0,0,1,0,"807719,199","5825393,705","13,53344612","52,49169072",,,6359.0,27.0
211562,11,1,1300835.0,2021,4,20,4,3,0,1,2,0,0,0,1,0,0,0,"797684,5792","5829635,104","13,38988524","52,53527464",,,3436.0,49.0
211561,11,12,12200411.0,2021,4,18,1,3,2,6,0,0,1,0,0,0,0,1,"792919,822","5832171,963","13,32207709","52,5605982",,,5129.0,63.0
211560,11,1,1100206.0,2021,3,14,4,3,0,1,0,1,0,0,0,0,0,0,"798228,9018","5827933,277","13,39636016","52,51972246",,,4942.0,18.0
211559,11,2,2300419.0,2021,5,11,3,3,1,5,0,1,0,0,0,1,0,0,"801400,3962","5825811,048","13,44103945","52,49895701",,,3539.0,53.0
211558,11,5,5200526.0,2021,3,11,1,2,6,4,0,0,1,1,0,0,0,0,"782179,2692","5827218,948","13,15985439","52,52186019",,,2622.0,54.0
211557,11,8,8100208.0,2021,4,12,5,3,3,6,0,0,1,0,1,0,0,0,"801645,2681","5822562,106","13,44169584","52,46970088",,,2754.0,42.0
211556,11,3,3100101.0,2021,3,8,5,3,5,2,0,0,1,0,0,0,1,0,"803011,2345","5842058,66","13,47954076","52,64368729",,,4452.0,21.0
211555,11,4,4501043.0,2021,5,8,3,3,3,6,0,0,1,0,1,0,0,0,"792642,458","5825123,139","13,31179254","52,49755715",,,4437.0,60.0
211554,11,12,12500824.0,2021,4,10,2,3,5,2,0,1,0,0,0,0,1,0,"790679,4598","5835379,04","13,29193313","52,59054982",,,3978.0,63.0
211553,11,1,1100101.0,2021,5,8,2,3,5,2,0,0,0,0,0,0,1,0,"794595,0926","5826092,445","13,34133073","52,50519585",,,3749.0,17.0
211552,11,4,4400726.0,2021,4,19,4,2,5,2,0,1,1,0,0,0,0,0,"790852,4825","5823807,721","13,2843511","52,48672128",,,4265.0,5.0
211551,11,3,3400721.0,2021,5,13,7,3,6,7,0,1,0,1,0,0,0,0,"798026,5255","5833258,957","13,39816443","52,56757065",,,5126.0,38.0
211550,11,3,3601347.0,2021,5,13,5,3,5,3,0,0,1,0,0,0,0,0,"799480,6922","5830651,651","13,41720305","52,54340241",,,4262.0,53.0
211549,11,12,12400722.0,2021,4,11,3,3,6,7,0,1,0,1,0,0,0,0,"791617,3638","5838233,947","13,30825408","52,61564096",,,3936.0,50.0
211548,11,4,4200311.0,2021,4,14,6,3,5,2,0,0,1,0,0,0,0,0,"790395,3001","5825654,182","13,27924671","52,5035184",,,3654.0,56.0
211547,11,6,6400839.0,2021,4,13,4,3,5,3,0,0,1,0,0,0,0,0,"789184,0622","5818568,049","13,25530839","52,44063175",,,5249.0,5.0
211546,11,4,4200308.0,2021,5,13,4,3,2,6,0,0,1,0,1,0,0,0,"790411,2711","5827311,184","13,28092725","52,51836505",,,3255.0,52.0
211545,11,2,2500728.0,2021,4,13,3,3,6,4,0,0,1,1,0,0,0,0,"802937,0536","5827843,192","13,46545637","52,51632005",,,3251.0,57.0
211544,11,1,1200625.0,2021,3,15,3,3,2,7,0,0,1,0,0,0,1,0,"795105,99","5828774,852","13,35121537","52,52896551",,,5759.0,55.0
211543,11,2,2200211.0,2021,4,16,5,3,5,3,0,1,0,0,0,0,0,0,"798574,3371","5824514,73","13,39837056","52,48889072",,,4766.0,48.0
211542,11,12,12601235.0,2021,3,17,7,3,6,4,0,0,1,1,0,0,0,0,"795113,8456","5836341,201","13,35806053","52,59678691",,,6231.0,63.0
211541,11,11,11501238.0,2021,5,16,4,3,2,6,0,0,1,0,0,0,0,0,"805608,4651","5824292,463","13,50144479","52,48300665",,,3932.0,63.0
211540,11,3,3500934.0,2021,5,15,3,3,6,2,0,0,1,1,0,0,0,0,"801068,4322","5831436,692","13,44125684","52,54956383",,,5132.0,38.0
211539,11,2,2200212.0,2021,4,6,6,3,6,4,0,1,0,1,0,0,0,0,"799222,6299","5824586,469","13,40795446","52,48917882",,,3953.0,55.0
211538,11,6,6400843.0,2021,4,7,3,2,5,3,0,1,1,0,0,0,0,0,"791203,6634","5819702,451","13,28592537","52,4497301",,,6061.0,59.0
211537,11,8,8401242.0,2021,5,7,7,3,5,3,0,0,1,0,0,0,0,1,"804454,6008","5816943,35","13,4778069","52,41778287",,,4325.0,61.0
211536,11,1,1400942.0,2021,4,10,4,3,5,7,0,1,1,0,0,0,0,0,"794480,7581","5830671,779","13,34370646","52,54630824",,,4365.0,7.0
211535,11,1,1100309.0,2021,3,18,2,3,0,7,0,1,0,0,0,0,0,0,"798630,389","5828380,884","13,40266161","52,52351492",,,3549.0,24.0
211534,11,12,12100205.0,2021,4,10,5,3,5,3,0,0,1,0,0,0,0,1,"794503,8382","5834749,328","13,34766538","52,58284782",,,4363.0,22.0
211533,11,9,9502043.0,2021,5,13,7,2,5,2,0,1,1,0,0,0,0,0,"810991,5924","5821981,77","13,5783087","52,45926031",,,4849.0,28.0
211532,11,7,7601546.0,2021,5,14,6,3,5,3,0,0,1,0,0,0,1,0,"798379,7769","5813628,995","13,38579489","52,39141872",,,3335.0,47.0
211531,11,4,4400727.0,2021,4,17,1,3,1,5,0,1,1,0,0,0,0,1,"790926,5257","5823503,475","13,28517291","52,48395424",,,1554.0,46.0
211530,11,1,1401047.0,2021,4,11,6,3,5,2,0,0,1,0,0,0,0,0,"795517,809","5830743,695","13,35901932","52,54639136",,,4749.0,23.0
211529,11,7,7400721.0,2021,5,9,5,3,0,6,0,0,1,0,1,0,0,1,"797863,5499","5823990,039","13,38746426","52,48457575",,,3157.0,62.0
211528,11,11,11200515.0,2021,4,17,3,3,5,3,0,0,1,0,1,0,0,0,"805714,2907","5830899,184","13,50906725","52,54215922",,,2064.0,55.0
211527,11,3,3100101.0,2021,3,11,3,3,0,5,0,0,1,0,0,0,0,0,"804137,6749","5841825,171","13,4959227","52,64096485",,,6247.0,60.0
211526,11,7,7501029.0,2021,4,9,6,3,5,3,0,0,1,0,0,0,1,0,"797595,0218","5818740,112","13,37884093","52,43766205",,,1429.0,63.0
211525,11,5,5100207.0,2021,3,17,6,3,6,7,0,0,0,1,0,0,1,0,"780270,7235","5830306,458","13,13440275","52,55052948",,,1763.0,57.0
211524,11,1,1100312.0,2021,5,18,4,3,5,3,0,1,1,0,0,0,0,1,"799458,893","5827068,327","13,41365536","52,51129546",,,3566.0,39.0
211523,11,9,9301126.0,2021,5,17,3,3,5,3,0,1,1,0,0,0,0,0,"811426,7366","5817361,517","13,58038795","52,41760805",,,5243.0,34.0
211522,11,4,4500937.0,2021,4,11,6,3,0,4,0,0,0,1,0,0,1,0,"791520,6029","5825077,297","13,29527357","52,49774661",,,2654.0,58.0
211521,11,10,10100209.0,2021,4,14,3,2,6,4,0,0,1,1,0,0,0,0,"810010,9178","5832299,846","13,57352891","52,55228384",,,4853.0,18.0
211520,11,12,12200412.0,2021,5,17,6,3,2,6,0,0,1,0,1,0,0,0,"790416,0556","5833695,86","13,28658075","52,57560101",,,3374.0,61.0
211519,11,6,6100209.0,2021,4,13,3,3,5,7,0,0,1,0,1,0,0,0,"794765,8742","5821102,842","13,3394278","52,46037484",,,3977.0,59.0
211518,11,5,5200528.0,2021,3,16,2,3,2,2,0,0,1,0,0,0,0,0,"783903,2932","5826601,837","13,18466963","52,51543212",,,4951.0,32.0
211517,11,7,7100101.0,2021,4,12,5,3,5,2,0,1,1,0,0,0,0,0,"794607,4089","5825435,795","13,3409307","52,49930274",,,3241.0,61.0
211516,11,11,11400929.0,2021,5,18,6,3,1,5,0,1,1,0,0,0,0,0,"805462,5928","5826923,351","13,50171561","52,50666748",,,3326.0,55.0
211515,11,4,4300415.0,2021,3,17,4,3,5,2,0,1,0,0,0,0,1,0,"790999,1924","5825628,764","13,28809637","52,50296879",,,3062.0,44.0
211514,11,1,1300836.0,2021,4,18,6,3,0,5,0,0,1,0,0,0,1,0,"796621,8629","5830480,456","13,37501802","52,54343172",,,4559.0,31.0
211513,11,2,2500831.0,2021,3,16,7,3,6,4,0,0,1,1,0,0,0,0,"803270,2817","5827427,296","13,46997306","52,51240728",,,6038.0,59.0
211512,11,7,7400822.0,2021,5,19,2,3,5,3,0,1,1,0,0,0,0,0,"796818,993","5822182,167","13,37051781","52,46893873",,,4357.0,21.0
211511,11,1,1100308.0,2021,5,19,5,3,5,7,0,0,1,0,0,0,0,0,"797255,5153","5828242,189","13,38233268","52,52302296",,,4755.0,4.0
211510,11,7,7601544.0,2021,5,21,4,3,1,5,1,1,1,0,0,0,0,0,"799487,6618","5812930,399","13,40140321","52,38455211",,,1959.0,49.0
211509,11,5,5200630.0,2021,4,15,6,3,2,6,0,0,1,0,0,0,0,0,"784154,9099","5827303,931","13,18896737","52,52159615",,,4817.0,59.0
211508,11,11,11400929.0,2021,5,22,7,3,5,7,2,1,1,0,0,0,0,0,"805034,9195","5826695,665","13,49522531","52,50486612",,,6238.0,43.0
211507,11,11,11501339.0,2021,4,13,4,3,5,2,0,1,1,0,0,0,0,0,"807328,6992","5825284,537","13,52761195","52,49093233",,,3559.0,22.0
211506,11,3,3601141.0,2021,3,23,4,3,5,3,2,1,1,0,0,0,0,0,"799220,3551","5831806,003","13,41441569","52,55389239",,,4943.0,45.0
211505,11,6,6100205.0,2021,4,12,7,3,1,5,0,0,1,0,0,0,1,0,"796249,962","5819646,549","13,35991552","52,4465178",,,5749.0,42.0
211504,11,7,7400823.0,2021,5,17,1,3,5,2,0,1,1,0,0,0,0,0,"796908,831","5822294,284","13,37193623","52,46989494",,,3342.0,52.0
211503,11,3,3701556.0,2021,5,22,7,3,5,3,2,0,1,0,0,0,1,0,"799868,8187","5829785,737","13,42212774","52,53542746",,,5664.0,53.0
211502,11,8,8401244.0,2021,4,8,3,3,2,2,0,0,1,0,0,0,0,0,"806235,3316","5816373,616","13,50338843","52,41168321",,,3549.0,24.0
211501,11,9,9200510.0,2021,5,6,3,3,0,1,1,0,0,0,1,0,0,0,"806333,3358","5823098,645","13,51098923","52,47190108",,,6959.0,61.0
211500,11,1,1200518.0,2021,5,10,6,3,5,7,0,0,1,0,1,0,0,1,"793579,0669","5828635,296","13,3286483","52,52853893",,,3349.0,12.0
211499,11,1,1100310.0,2021,4,8,4,3,5,2,0,1,0,0,0,1,0,0,"799110,6574","5828465,987","13,4097959","52,52401449",,,3761.0,56.0
211498,11,5,5400943.0,2021,5,10,5,3,3,6,0,1,0,0,0,0,0,0,"780585,46","5819429,818","13,12986717","52,45283908",,,7130.0,61.0
211497,11,6,6300631.0,2021,4,8,2,3,6,4,0,0,1,1,0,0,0,0,"792990,9096","5817715,58","13,31040751","52,43096323",,,3953.0,55.0
211496,11,2,2500835.0,2021,4,12,5,3,2,6,0,1,1,0,0,0,0,0,"802458,316","5826320,162","13,4570388","52,5029349",,,2875.0,57.0
211495,11,8,8100102.0,2021,5,19,4,3,1,5,0,1,1,0,0,0,0,1,"800570,1577","5823270,455","13,42655463","52,47664266",,,5538.0,64.0
211494,11,1,1100311.0,2021,4,18,3,3,3,6,0,0,1,0,0,0,0,0,"799722,7333","5827561,074","13,41797529","52,51556726",,,3849.0,22.0
211493,11,2,2100103.0,2021,3,14,2,3,3,6,0,1,1,0,0,0,0,0,"798526,2775","5826212,853","13,39918668","52,50413846",,,2951.0,33.0
211492,11,8,8100313.0,2021,4,15,5,3,1,7,0,0,1,0,0,0,0,0,"801670,8118","5824343,339","13,44368207","52,4856523",,,4322.0,52.0
211491,11,5,5200629.0,2021,3,12,5,2,6,4,0,1,0,1,0,0,0,0,"784620,2291","5828426,815","13,19676825","52,53142126",,,5063.0,29.0
211490,11,1,1401045.0,2021,5,15,2,3,0,4,0,0,0,1,1,0,0,0,"796841,6116","5831548,441","13,37920353","52,5528853",,,5535.0,53.0
211489,11,8,8300934.0,2021,4,10,2,3,5,3,0,0,1,0,0,0,0,1,"803273,6698","5818322,877","13,4617461","52,43080325",,,3362.0,60.0
211488,11,7,7200414.0,2021,5,19,2,3,1,5,0,1,0,0,0,0,1,1,"796125,9411","5824025,544","13,36198201","52,48583918",,,3041.0,60.0
211487,11,1,1100415.0,2021,4,20,4,3,4,6,1,1,0,0,0,0,1,0,"798473,5618","5829097,869","13,40100053","52,53002757",,,7243.0,65.0
211486,11,2,2400521.0,2021,5,16,7,3,5,3,0,0,1,0,0,0,0,0,"800860,0563","5828310,416","13,43536287","52,5216576",,,3454.0,49.0
211485,11,4,4200308.0,2021,4,19,1,3,5,2,0,0,1,0,0,0,0,0,"790547,9223","5827351,088","13,28297035","52,51865001",,,3558.0,50.0
211484,11,4,4500937.0,2021,5,11,6,3,0,1,0,1,0,0,0,0,0,0,"790985,3724","5824852,235","13,28721486","52,49601456",,,3742.0,48.0
211483,11,7,7100103.0,2021,4,15,2,3,1,5,0,0,1,0,1,0,0,0,"795791,1437","5824965,479","13,35790024","52,49444643",,,4845.0,36.0
211482,11,6,6400844.0,2021,4,14,6,3,2,6,0,0,1,0,0,0,0,0,"790379,1468","5820874,209","13,27484591","52,46067377",,,7035.0,48.0
211481,11,1,1200517.0,2021,4,7,3,2,5,3,0,0,1,0,1,0,0,1,"793551,608","5829800,218","13,32927356","52,53899663",,,337.0,65.0
211480,11,7,7601340.0,2021,5,11,4,3,2,6,1,0,1,0,0,0,0,0,"796138,696","5815932,827","13,35499443","52,41328717",,,4848.0,3.0
211479,11,6,6200313.0,2021,4,9,4,3,2,6,0,0,1,0,0,0,0,0,"795252,1737","5818641,4","13,34438887","52,43804696",,,7461.0,52.0
211478,11,10,10300731.0,2021,3,14,3,3,2,6,0,0,1,0,0,0,1,0,"809589,4779","5828368,047","13,5636707","52,51728837",,,8133.0,62.0
211477,11,1,1200520.0,2021,4,19,1,3,3,6,1,1,1,0,0,0,0,0,"794574,2627","5828482,152","13,34314045","52,52662925",,,7329.0,64.0
211476,11,9,9200613.0,2021,3,9,6,3,5,2,0,1,1,0,0,0,0,1,"805925,8098","5821837,094","13,50385174","52,46082287",,,5327.0,45.0
211475,11,10,10200629.0,2021,5,15,4,3,3,6,0,0,0,0,1,0,1,0,"810978,6162","5828216,636","13,58393548","52,51514124",,,4650.0,45.0
211474,11,4,4200311.0,2021,5,14,3,3,5,7,0,0,1,0,0,0,0,0,"790310,1709","5825634,744","13,27797911","52,50338944",,,5084.0,63.0
211473,11,11,11300721.0,2021,4,19,5,3,0,1,0,0,0,0,1,0,0,1,"805149,4635","5829977,867","13,49991838","52,53421862",,,4852.0,45.0
211472,11,12,12200309.0,2021,5,18,6,3,5,2,0,0,1,0,0,0,1,0,"793486,551","5832426,841","13,33063875","52,56257787",,,5241.0,60.0
211471,11,1,1100205.0,2021,4,19,3,3,0,2,0,0,1,0,0,0,1,0,"796966,2942","5826758,178","13,37675775","52,50987801",,,4651.0,31.0
211470,11,6,6200421.0,2021,3,12,3,3,5,7,0,0,1,0,1,0,0,0,"793687,7875","5817634,49","13,32055697","52,4298626",,,4429.0,58.0
211469,11,9,9200819.0,2021,4,14,6,3,5,3,0,1,1,0,0,0,0,0,"810207,3646","5819629,33","13,56461894","52,4386241",,,5139.0,41.0
211468,11,1,1300733.0,2021,5,17,6,3,5,3,0,0,1,0,0,0,0,0,"797000,3397","5831505,962","13,38149975","52,552418",,,4949.0,42.0
211467,11,12,12400618.0,2021,5,7,6,2,5,3,0,1,1,0,0,0,0,0,"786981,4012","5838305,69","13,24003187","52,61875228",,,3371.0,40.0
211466,11,9,9200512.0,2021,3,8,4,3,1,5,0,1,1,0,0,0,0,0,"807736,0032","5821516,781","13,53011603","52,45693587",,,3350.0,22.0
211465,11,1,1401044.0,2021,4,16,2,3,0,7,0,1,0,0,0,0,0,0,"796120,2609","5831444,694","13,36850282","52,55234797",,,1557.0,28.0
211464,11,2,2400521.0,2021,5,15,2,3,1,5,0,1,1,0,0,0,0,0,"801175,1019","5828058,537","13,43976416","52,51922605",,,4550.0,26.0
211463,11,11,11300826.0,2021,5,14,5,3,5,3,0,1,0,0,0,0,1,0,"803818,0769","5827212,528","13,47782433","52,51017754",,,4045.0,42.0
211462,11,2,2500834.0,2021,5,8,4,3,2,6,0,1,1,0,0,0,0,0,"802279,1196","5826858,534","13,45489562","52,50785963",,,5664.0,53.0
211461,11,1,1300733.0,2021,4,8,6,3,0,7,0,0,1,0,0,0,0,0,"797271,481","5831290,411","13,38529405","52,55033794",,,2876.0,40.0
211460,11,11,11300725.0,2021,4,5,6,3,6,7,2,0,1,1,0,0,0,0,"805416,3945","5827628,105","13,5016837","52,51300965",,,5526.0,58.0
211459,11,4,4400832.0,2021,4,8,4,3,2,7,0,0,1,0,1,0,0,0,"791658,9018","5822621,658","13,29515612","52,47565809",,,4370.0,59.0
211458,11,2,2400623.0,2021,3,17,4,3,5,2,0,1,1,0,0,0,0,0,"800722,0798","5826936,406","13,43209359","52,50941811",,,4849.0,28.0
211457,11,3,3701660.0,2021,5,14,7,2,5,3,0,1,0,0,0,0,0,0,"800973,9125","5829235,02","13,43787274","52,52988216",,,3839.0,63.0
211456,11,1,1100308.0,2021,4,5,1,2,6,2,2,0,0,1,0,0,1,1,"797376,3035","5828941,196","13,38473287","52,52922287",,,5164.0,53.0
211455,11,2,2100105.0,2021,5,6,1,3,9,1,0,0,1,0,0,0,0,0,"799877,2905","5825747,578","13,41861251","52,49922716",,,4944.0,25.0
211454,11,11,11200514.0,2021,5,18,7,2,6,4,0,0,1,1,0,0,0,1,"804925,3148","5830518,864","13,4971204","52,53919271",,,6061.0,59.0
211453,11,10,10200526.0,2021,5,7,3,2,2,6,0,0,1,0,0,0,0,0,"812599,8203","5830287,127","13,60969484","52,53276834",,,6953.0,63.0
211452,11,12,12500930.0,2021,5,15,7,3,0,7,0,1,0,1,0,0,0,0,"793004,2339","5835171,376","13,32596918","52,5874409",,,7245.0,63.0
211451,11,4,4300619.0,2021,4,18,6,2,3,2,0,1,0,0,0,0,0,0,"792979,324","5827563,946","13,31888895","52,51925737",,,3245.0,33.0
211450,11,6,6300634.0,2021,4,7,3,3,5,3,0,1,1,0,0,0,0,0,"792512,5495","5817836,097","13,303497","52,43229965",,,3436.0,49.0
211449,11,8,8401243.0,2021,5,20,5,2,0,1,2,1,0,0,0,0,0,1,"805584,5721","5818629,337","13,49591083","52,43226405",,,2728.0,63.0
211448,11,7,7400823.0,2021,5,6,6,3,5,2,0,0,1,0,1,0,0,0,"797237,7548","5820695,437","13,37534039","52,45538398",,,3764.0,45.0
211447,11,9,9100101.0,2021,3,17,3,3,0,6,0,1,1,0,0,0,0,0,"802346,1844","5825322,502","13,45448623","52,49405501",,,4335.0,53.0
211446,11,8,8100520.0,2021,4,21,7,3,6,4,2,0,1,1,0,0,0,0,"803189,3013","5822700,756","13,4644828","52,4700889",,,6756.0,65.0
211445,11,1,1100101.0,2021,3,11,1,3,9,1,0,0,0,0,1,0,0,0,"794597,9653","5826125,987","13,34140261","52,50549498",,,7236.0,45.0
211444,11,2,2500726.0,2021,5,11,2,3,6,2,0,0,1,1,0,0,0,0,"801948,319","5829058,675","13,45203319","52,52776273",,,2530.0,60.0
211443,11,3,3300516.0,2021,5,15,6,3,5,2,0,1,0,0,0,0,1,1,"801110,7337","5834128,188","13,44432109","52,57366447",,,3064.0,60.0
211442,11,1,1100416.0,2021,5,21,4,3,1,5,2,1,1,0,0,0,0,0,"798743,8879","5829593,799","13,4054194","52,53432479",,,5249.0,5.0
211441,11,12,12400721.0,2021,4,16,5,3,6,7,0,0,0,1,0,0,1,0,"791061,9014","5841502,092","13,3029514","52,64523651",,,3960.0,55.0
211440,11,6,6400843.0,2021,5,15,1,3,5,2,0,1,1,0,0,0,0,1,"792356,741","5820774,74","13,30378325","52,45872763",,,4464.0,34.0
211439,11,8,8200832.0,2021,4,11,3,3,5,3,0,0,1,0,0,0,0,0,"801612,2886","5816705,006","13,43592505","52,4172202",,,4942.0,18.0
211438,11,4,4300623.0,2021,4,11,5,2,5,2,0,0,1,0,1,0,0,0,"792739,5839","5826466,409","13,31440019","52,50954706",,,3350.0,22.0
211437,11,8,8100415.0,2021,3,15,4,3,0,3,0,1,1,0,0,0,0,0,"801533,6589","5823622,683","13,44101657","52,47926868",,,5640.0,62.0
211436,11,1,1300733.0,2021,4,19,1,3,5,2,1,1,1,0,0,0,0,0,"797134,204","5831802,409","13,38373363","52,55500228",,,4664.0,42.0
211435,11,10,10400835.0,2021,5,15,2,2,0,1,0,1,0,0,0,0,0,0,"811916,1572","5829746,257","13,59914122","52,52831314",,,5138.0,54.0
211434,11,12,12100205.0,2021,5,13,7,2,0,1,0,0,0,0,0,0,1,0,"793444,7778","5832584,982","13,33016413","52,56401803",,,7434.0,57.0
211433,11,5,5200420.0,2021,4,18,2,3,6,2,0,0,1,1,0,0,0,0,"782466,0479","5828513,022","13,16516935","52,53331486",,,5052.0,43.0
211432,11,12,12200310.0,2021,5,12,2,3,5,2,0,0,1,0,1,0,0,0,"792156,4744","5833950,041","13,31241468","52,57694811",,,3441.0,51.0
211431,11,2,2100106.0,2021,5,14,7,3,5,3,0,1,1,0,0,0,0,0,"799788,4662","5825717,573","13,41728093","52,49900702",,,4365.0,7.0
211430,11,2,2100104.0,2021,4,13,4,3,5,3,0,1,1,0,0,0,0,0,"799115,0493","5826268,597","13,40788524","52,50431568",,,3249.0,57.0
211429,11,3,3400830.0,2021,5,10,5,3,6,3,0,0,1,1,0,0,0,0,"800034,51","5833421,877","13,42784899","52,56792799",,,3047.0,56.0
211428,11,2,2300418.0,2021,4,10,2,3,0,7,0,1,0,0,0,0,0,0,"800921,4637","5825537,853","13,43375869","52,49677259",,,3072.0,57.0
211427,11,9,9401635.0,2021,3,14,4,3,1,5,0,1,1,0,0,0,0,0,"817055,2396","5817048,885","13,66257957","52,41157561",,,5628.0,61.0
211426,11,7,7400927.0,2021,4,15,4,3,0,7,0,1,1,0,0,0,0,0,"798325,5303","5821000,733","13,39157424","52,45752799",,,5357.0,55.0
211425,11,7,7601546.0,2021,5,11,4,3,6,6,0,1,0,1,0,0,0,0,"799088,2147","5813142,658","13,39574086","52,38667295",,,7858.0,63.0
211424,11,8,8300934.0,2021,4,15,3,3,6,4,0,0,1,1,0,0,0,0,"803660,0665","5818238,347","13,46733525","52,42983128",,,7135.0,62.0
211423,11,5,5200631.0,2021,3,17,2,3,6,2,0,0,1,1,0,0,0,0,"784715,3487","5827637,357","13,19749065","52,5242933",,,4253.0,46.0
211422,11,5,5100210.0,2021,4,8,6,2,5,2,0,1,1,0,0,0,0,0,"784171,9729","5830042,133","13,19155943","52,54613821",,,4970.0,56.0
211421,11,2,2300316.0,2021,3,17,6,3,2,6,1,0,1,0,0,0,0,0,"801161,7506","5825929,466","13,43764162","52,50015016",,,4245.0,40.0
211420,11,12,12200309.0,2021,5,8,2,3,5,3,0,0,1,0,0,1,0,0,"793347,1851","5832401,286","13,32856608","52,56242388",,,5540.0,55.0
211419,11,5,5200423.0,2021,5,17,2,3,0,6,0,0,1,0,0,0,1,0,"781787,6305","5828444,833","13,1551364","52,53305464",,,7456.0,63.0
211418,11,2,2100103.0,2021,4,15,4,3,5,2,0,1,1,0,0,0,0,0,"798669,055","5826451,223","13,40149779","52,50619698",,,7550.0,63.0
211417,11,4,4501042.0,2021,5,0,7,3,0,7,2,0,1,0,0,0,1,0,"793671,0156","5825881,713","13,32756937","52,50380491",,,5134.0,50.0
211416,11,11,11401136.0,2021,4,3,2,3,5,3,2,0,1,0,0,0,0,0,"805250,7797","5826117,9","13,49786613","52,4995672",,,5759.0,55.0
211415,11,9,9200715.0,2021,5,13,6,2,5,2,0,0,1,0,0,0,0,0,"807217,9609","5818289,597","13,51954899","52,42830437",,,3649.0,23.0
211414,11,5,5200629.0,2021,4,12,3,2,0,6,0,0,1,0,0,0,1,0,"784712,4205","5828610,174","13,19828072","52,53301711",,,5137.0,55.0
211413,11,1,1300836.0,2021,4,12,7,3,1,5,0,1,1,0,0,0,0,0,"796869,5664","5831353,7","13,37944051","52,55112444",,,4155.0,51.0
211412,11,1,1100310.0,2021,4,16,3,3,2,2,0,0,1,0,1,0,0,0,"799480,7397","5828849,001","13,41557938","52,52724447",,,5268.0,60.0
211411,11,8,8100417.0,2021,5,18,5,3,0,2,0,1,1,0,0,0,0,1,"802364,1718","5823232,499","13,4528546","52,47531226",,,5375.0,58.0
211410,11,12,12500926.0,2021,4,9,5,3,2,6,0,0,1,0,0,0,0,0,"792952,9973","5835420,62","13,32543546","52,58970283",,,4755.0,4.0
211409,11,11,11300620.0,2021,3,8,2,3,5,2,0,1,1,0,0,0,0,0,"803849,363","5829049,735","13,47996186","52,52662642",,,3657.0,63.0
211408,11,5,5100315.0,2021,4,14,1,2,5,2,0,0,1,0,0,0,0,0,"784662,1437","5829703,45","13,19847814","52,54284567",,,3345.0,42.0
211407,11,9,9100306.0,2021,3,22,6,3,3,6,2,0,1,0,0,0,0,0,"804709,9976","5820341,895","13,48464785","52,44810111",,,4951.0,32.0
211406,11,8,8200730.0,2021,5,16,3,3,2,6,0,0,1,0,0,0,0,0,"801479,276","5817962,747","13,43510855","52,42856708",,,4155.0,51.0
211405,11,3,3400619.0,2021,5,13,3,3,0,2,0,1,1,0,0,0,0,0,"795821,949","5835221,284","13,36748421","52,58636334",,,3088.0,63.0
211404,11,7,7601442.0,2021,4,14,5,3,5,2,0,1,1,0,0,0,0,0,"799252,336","5816261,186","13,4009311","52,41453729",,,2854.0,17.0
211403,11,9,9401329.0,2021,5,8,6,3,5,3,0,0,1,0,0,0,0,0,"811702,1776","5818435,274","13,58542532","52,42707376",,,5048.0,24.0
211402,11,1,1100308.0,2021,4,14,4,3,5,2,0,1,1,0,0,0,0,0,"797001,8501","5828943,906","13,37923161","52,52945131",,,4848.0,3.0
211401,11,1,1100415.0,2021,3,11,3,3,2,6,0,0,1,0,0,0,0,0,"798191,298","5829353,873","13,39708151","52,53247678",,,5327.0,45.0
211400,11,2,2300316.0,2021,4,12,6,3,1,5,0,1,1,0,0,0,0,0,"800586,7697","5826621,389","13,42982139","52,50666909",,,4533.0,65.0
211399,11,4,4300415.0,2021,5,15,2,3,5,7,0,1,0,0,0,0,1,0,"791212,4261","5826054,427","13,29160128","52,50667107",,,6628.0,57.0
211398,11,2,2100105.0,2021,3,16,3,2,1,5,0,1,0,0,0,0,1,0,"799180,6807","5825881,837","13,40850181","52,50081295",,,640.0,64.0
211397,11,2,2500727.0,2021,4,11,2,3,0,1,0,1,0,0,0,0,0,0,"802208,5503","5827742,753","13,45466192","52,51582398",,,6446.0,50.0
211396,11,4,4501045.0,2021,5,8,2,2,1,7,0,0,1,0,0,0,0,0,"793798,329","5824930,616","13,32860063","52,49521025",,,3983.0,63.0