ObjectID,State,District,LOR_ab_2021,AccidentYear,AccidentMonth,AccidentHour,DayOfWeek,AccidentCategory,AccidentType,AccidentTypeDetail,LightingCondition,InvolvingBike,InvolvingCar,InvolvingPedestrian,InvolvingMotorcycle,InvolvingHGV,InvolvingOther,RoadCondition,GraphicCoord1,GraphicCoord2,LongitudeWGS84,LatitudeWGS84,quadrant,quadrant_rank
211395,11,10,10100316.0,2021,5,6,5,2,5,2,0,1,1,0,0,0,0,0,"810055,6315","5831663,247","13,57359192","52,54655353",,,3946.0,62.0
211394,11,1,1200517.0,2021,5,21,4,3,5,3,2,0,1,0,0,0,1,0,"793270,1988","5829027,283","13,32445414","52,53221916",,,5057.0,58.0
211393,11,7,7400927.0,2021,4,18,4,3,1,5,0,1,1,0,0,0,0,0,"798420,3233","5821278,677","13,39321366","52,45996768",,,4059.0,30.0
211392,11,12,12601236.0,2021,4,17,6,3,3,6,0,0,1,0,1,0,0,0,"794403,5117","5835700,093","13,34703374","52,59142494",,,4656.0,41.0
211391,11,5,5100316.0,2021,4,15,5,3,1,7,0,1,1,0,0,0,0,0,"785312,9783","5829418,773","13,20780469","52,53995287",,,2549.0,65.0
211390,11,10,10300732.0,2021,5,14,2,3,5,3,0,1,1,0,0,0,0,0,"810185,7962","5827959,032","13,5720494","52,51328414",,,2377.0,65.0
211389,11,7,7400824.0,2021,5,19,4,3,0,7,0,0,0,0,1,0,0,1,"797612,8063","5821388,426","13,3814614","52,46139182",,,4760.0,20.0
211388,11,9,9501941.0,2021,4,6,4,2,6,4,0,0,0,1,0,0,1,0,"812098,6099","5821374,185","13,59398115","52,45318451",,,4617.0,61.0
211387,11,4,4501153.0,2021,3,1,4,2,6,4,2,0,0,1,0,0,1,0,"793878,5514","5823120,498","13,3281828","52,47894018",,,5239.0,47.0
211386,11,12,12500930.0,2021,5,11,2,3,2,6,0,0,1,0,0,0,0,0,"793249,3534","5835172,273","13,32957774","52,58731686",,,3861.0,37.0
211385,11,3,3400830.0,2021,4,19,2,3,5,2,0,0,1,0,0,0,0,0,"800020,4836","5833422,406","13,42764315","52,56794047",,,2852.0,40.0
211384,11,5,5100316.0,2021,5,9,2,3,5,2,0,0,1,0,0,0,1,0,"783654,0495","5829497,64","13,18347719","52,54152612",,,1658.0,8.0
211383,11,2,2200210.0,2021,5,19,2,3,2,6,0,0,1,0,0,0,0,0,"798279,8766","5825471,28","13,39490303","52,49762595",,,1761.0,52.0
211382,11,10,10200420.0,2021,5,11,6,3,2,1,0,0,1,0,0,0,0,1,"811960,996","5830560,461","13,6005641","52,5355837",,,3750.0,33.0
211381,11,12,12500930.0,2021,4,9,3,3,2,7,0,0,1,0,0,0,0,0,"792856,9853","5835154,801","13,32378726","52,58737161",,,5063.0,29.0
211380,11,1,1200628.0,2021,5,14,5,3,1,5,0,1,1,0,0,0,0,0,"795511,0542","5828108,778","13,3565772","52,52277529",,,4759.0,53.0
211379,11,1,1100415.0,2021,4,7,2,3,3,6,0,1,0,0,0,0,1,0,"797406,5417","5829163,138","13,38537585","52,53119582",,,6325.0,65.0
211378,11,5,5200524.0,2021,4,13,6,2,5,2,0,1,1,0,0,0,0,0,"780346,9255","5827611,581","13,13324983","52,52632606",,,3950.0,58.0
211377,11,6,6300526.0,2021,5,20,5,3,2,2,0,0,1,0,0,0,0,1,"789327,3825","5817264,104","13,25628249","52,42886546",,,3929.0,55.0
211376,11,5,5300841.0,2021,4,12,4,3,1,5,0,1,1,0,0,0,0,0,"789674,2552","5829357,241","13,27187844","52,53710028",,,4256.0,57.0
211375,11,12,12200309.0,2021,3,15,2,3,2,2,0,0,1,0,1,0,0,0,"793484,534","5832424,648","13,33060714","52,56255929",,,3641.0,57.0
211374,11,10,10200524.0,2021,4,17,5,3,5,2,0,0,1,0,0,0,0,0,"812590,1908","5830316,198","13,60958067","52,53303437",,,4657.0,9.0
211373,11,2,2200213.0,2021,3,9,5,3,5,2,0,1,1,0,0,0,0,0,"799569,7053","5824913,174","13,41334459","52,49191691",,,5055.0,41.0
211372,11,12,12601236.0,2021,5,13,4,3,6,4,0,0,1,1,0,0,0,0,"794406,1798","5836251,396","13,34756307","52,59636546",,,2876.0,40.0
211371,11,5,5300736.0,2021,5,14,2,3,5,2,0,0,1,0,0,0,1,0,"786381,7807","5829182,398","13,22331723","52,53727292",,,5441.0,34.0
211370,11,10,10100313.0,2021,4,16,4,3,2,6,0,0,1,0,0,0,0,0,"808516,0021","5831179,298","13,55050962","52,54309052",,,4430.0,31.0
211369,11,7,7300517.0,2021,5,10,7,3,1,5,0,1,1,0,0,0,0,0,"794059,9703","5822612,185","13,33039819","52,47428573",,,4660.0,51.0
211368,11,6,6400735.0,2021,4,19,1,3,2,6,1,1,0,0,1,0,0,0,"783086,6078","5817263,213","13,1647402","52,43212258",,,5051.0,33.0
211367,11,6,6100205.0,2021,5,19,5,3,1,5,0,0,1,0,0,0,0,0,"794822,0554","5820057,11","13,33932896","52,4509701",,,4755.0,4.0
211366,11,3,3300411.0,2021,4,12,2,3,2,7,0,0,1,0,0,0,0,0,"803456,2862","5839322,103","13,48358547","52,61891249",,,4464.0,34.0
211365,11,10,10100311.0,2021,3,22,3,2,3,7,2,0,1,0,0,0,1,0,"806954,6044","5830402,932","13,52684063","52,53701452",,,4251.0,2.0
211364,11,7,7100102.0,2021,4,15,4,3,5,2,0,1,1,0,0,0,0,0,"794924,5976","5825609,708","13,34574377","52,50069043",,,4449.0,28.0
211363,11,7,7300618.0,2021,5,12,6,3,5,3,0,1,1,0,0,0,0,1,"794498,5234","5821873,935","13,33618464","52,46743143",,,5079.0,56.0
211362,11,3,3300517.0,2021,5,13,5,3,0,5,0,0,1,0,1,0,0,0,"802303,5674","5833811,86","13,46158076","52,57016807",,,4653.0,53.0
211361,11,11,11300620.0,2021,4,1,1,3,3,6,2,1,1,0,0,0,0,1,"803971,7438","5829823,668","13,48246787","52,53349468",,,4063.0,55.0
211360,11,2,2500833.0,2021,3,14,4,3,5,3,0,0,0,0,1,0,1,0,"802100,4351","5827357,295","13,45272356","52,51242901",,,6368.0,50.0
211359,11,6,6200420.0,2021,4,15,4,3,5,3,0,0,1,0,1,0,0,0,"792860,3164","5816468,237","13,30740005","52,41985087",,,4656.0,41.0
211358,11,4,4300416.0,2021,5,17,4,3,0,1,0,0,0,0,1,0,0,0,"791977,3948","5826020,073","13,30281001","52,50595423",,,4556.0,46.0
211357,11,1,1100206.0,2021,4,19,3,3,1,5,0,0,1,0,0,0,0,0,"798514,5144","5827851,427","13,4004836","52,51883251",,,3249.0,57.0
211356,11,7,7501031.0,2021,3,17,1,3,5,3,0,0,1,0,0,0,0,0,"799466,4506","5820504,662","13,40787068","52,45245744",,,4550.0,26.0
211355,11,12,12601236.0,2021,4,22,5,3,1,5,2,0,1,0,0,1,0,0,"794375,8551","5835899,943","13,34680427","52,5932314",,,5356.0,13.0
211354,11,1,1401045.0,2021,3,16,5,3,2,6,0,0,1,0,0,0,0,0,"796613,7122","5831735,146","13,37601889","52,55468306",,,2870.0,60.0
211353,11,8,8401246.0,2021,5,18,2,3,6,4,0,0,1,1,0,0,0,1,"805794,7974","5816849,405","13,49736641","52,41619378",,,3535.0,50.0
211352,11,4,4300619.0,2021,5,11,2,3,3,6,0,0,1,0,1,0,0,0,"792412,6992","5827205,258","13,31024661","52,51634596",,,5143.0,6.0
211351,11,7,7400928.0,2021,4,17,4,3,5,3,0,1,0,0,0,0,0,0,"799986,5856","5821312,438","13,41622764","52,45941279",,,3238.0,58.0
211350,11,1,1300836.0,2021,5,20,1,3,5,2,0,1,1,0,0,0,0,0,"796713,0434","5830439,633","13,37632216","52,54301614",,,6831.0,61.0
211349,11,4,4100102.0,2021,5,11,5,3,3,2,0,0,1,0,0,0,0,0,"791143,844","5829115,658","13,29327312","52,53415139",,,3639.0,45.0
211348,11,5,5100317.0,2021,4,11,3,3,2,6,0,0,1,0,0,0,0,0,"787571,5034","5828028,3","13,23981169","52,52629933",,,6953.0,63.0
211347,11,4,4500937.0,2021,4,7,5,3,5,2,0,1,1,0,0,0,0,0,"790985,0636","5824831,917","13,28719257","52,49583258",,,3956.0,59.0
211346,11,9,9200511.0,2021,4,16,4,3,5,7,0,1,1,0,0,0,0,0,"807292,846","5821790,603","13,52386653","52,45963926",,,3443.0,52.0
211345,11,9,9401431.0,2021,5,13,6,2,1,5,0,1,1,0,0,0,0,0,"811872,5961","5820583,086","13,58992731","52,44622414",,,5749.0,42.0
211344,11,4,4400726.0,2021,4,12,5,3,5,3,0,1,1,0,0,0,0,0,"790853,0565","5823648,402","13,2842205","52,48529266",,,6827.0,50.0
211343,11,11,11300722.0,2021,3,12,3,3,0,7,0,0,1,0,0,0,0,0,"803734,1624","5828298,151","13,47758261","52,5199544",,,4263.0,51.0
211342,11,3,3601244.0,2021,4,15,6,3,5,2,0,1,1,0,0,0,0,0,"800083,6956","5831671,617","13,42698987","52,55221287",,,3054.0,54.0
211341,11,7,7100206.0,2021,3,13,6,3,1,5,0,1,0,0,0,0,1,0,"796688,3945","5824637,258","13,37078546","52,49101727",,,4055.0,49.0
211340,11,2,2100102.0,2021,5,19,3,3,5,2,0,0,1,0,0,0,0,1,"798210,9628","5826319,642","13,3946506","52,50526811",,,3650.0,32.0
211339,11,3,3701660.0,2021,5,7,3,3,2,7,0,1,1,0,0,0,0,1,"800743,7049","5829441,288","13,43467597","52,53185803",,,3444.0,24.0
211338,11,1,1200517.0,2021,4,8,5,3,3,6,0,0,1,0,0,0,0,0,"793522,2977","5829255,593","13,32836159","52,53413014",,,4956.0,45.0
211337,11,8,8100417.0,2021,4,20,6,3,0,6,1,0,1,0,0,0,1,0,"802565,7469","5823092,709","13,4556866","52,4739477",,,860.0,65.0
211336,11,3,3601141.0,2021,4,16,3,3,2,6,0,0,1,0,0,0,0,0,"798828,6206","5831727,243","13,40858413","52,55340149",,,6730.0,64.0
211335,11,8,8300935.0,2021,3,14,3,3,1,5,0,1,1,0,0,0,0,0,"802293,7897","5817977,616","13,44706529","52,42825093",,,5143.0,6.0
211334,11,5,5100316.0,2021,4,12,6,3,0,2,0,0,1,0,0,0,1,0,"784846,919","5829229,771","13,20078929","52,53850211",,,3654.0,56.0
211333,11,5,5200629.0,2021,5,21,7,3,5,2,1,1,1,0,0,0,0,0,"784552,4967","5828178,438","13,19555983","52,52922967",,,5888.0,64.0
211332,11,7,7100102.0,2021,3,18,3,2,5,3,0,1,0,0,1,0,0,0,"794963,5428","5825408,793","13,34613789","52,49886831",,,2748.0,55.0
211331,11,6,6400839.0,2021,4,15,2,3,2,6,0,0,1,0,0,0,0,0,"788267,1589","5818648,137","13,24192557","52,4418339",,,6524.0,59.0
211330,11,2,2400521.0,2021,5,23,1,3,1,5,2,1,1,0,0,0,0,0,"800463,5993","5828314,052","13,42954047","52,52190878",,,5450.0,55.0
211329,11,1,1200522.0,2021,5,10,5,3,5,2,0,1,1,0,0,0,0,0,"794207,8318","5827711,513","13,33707297","52,51991881",,,4135.0,49.0
211328,11,2,2400625.0,2021,5,19,4,2,6,4,0,0,1,1,0,0,0,1,"800917,2899","5826830,983","13,43486597","52,50836553",,,3830.0,60.0
211327,11,2,2200208.0,2021,5,14,5,3,5,2,0,1,1,0,0,0,0,0,"797546,9419","5825062,032","13,38377269","52,4943576",,,2742.0,61.0
211326,11,8,8100313.0,2021,4,18,4,3,5,2,0,1,1,0,0,0,0,0,"801397,4833","5824766,376","13,44005158","52,48959502",,,4063.0,55.0
211325,11,4,4300623.0,2021,4,11,6,3,1,5,0,1,0,0,0,0,1,0,"791962,9081","5826453,547","13,30297737","52,509848",,,3447.0,60.0
211324,11,11,11300722.0,2021,4,15,5,2,5,3,0,1,1,0,0,0,0,0,"803991,9761","5827772,249","13,4808901","52,51509726",,,5046.0,45.0
211323,11,8,8100418.0,2021,5,22,3,3,2,2,2,1,1,0,0,0,0,0,"802409,7879","5823720,969","13,45396713","52,47966519",,,5038.0,31.0
211322,11,11,11400929.0,2021,3,14,2,3,5,3,0,0,1,0,0,0,0,0,"805269,0955","5827008,632","13,49895172","52,5075401",,,3737.0,55.0
211321,11,1,1401048.0,2021,4,13,5,3,5,2,0,0,1,0,0,0,1,0,"795188,4739","5831340,184","13,35470698","52,55191692",,,5851.0,63.0
211320,11,12,12100101.0,2021,3,16,5,3,5,2,0,1,0,0,0,0,1,0,"795790,9554","5832581,907","13,36467355","52,5627209",,,5039.0,34.0
211319,11,4,4501150.0,2021,5,17,2,3,0,3,0,1,1,0,0,0,0,0,"793696,6221","5823939,424","13,32623315","52,48637939",,,5463.0,46.0
211318,11,1,1100308.0,2021,4,13,2,2,5,2,0,1,1,0,0,0,0,0,"797038,2048","5829319,343","13,38010142","52,53279687",,,3338.0,53.0
211317,11,1,1401047.0,2021,5,17,2,3,1,5,0,1,1,0,0,0,0,0,"795870,9725","5830473,416","13,36397147","52,54377688",,,4251.0,2.0
211316,11,2,2400521.0,2021,4,13,5,3,3,6,0,0,1,0,0,1,0,0,"800591,1299","5828480,157","13,43156458","52,52332734",,,4263.0,51.0
211315,11,11,11400931.0,2021,5,10,1,3,2,6,0,0,1,0,1,0,0,0,"806657,5312","5827054,891","13,51938762","52,50717607",,,6660.0,39.0
211314,11,9,9501939.0,2021,5,12,6,3,6,7,0,0,1,1,0,0,0,0,"811005,1442","5821742,815","13,57828493","52,4571112",,,4455.0,27.0
211313,11,3,3300517.0,2021,4,15,2,3,4,6,0,1,1,0,0,0,0,0,"802918,5197","5834134,635","13,4709214","52,57271916",,,5038.0,31.0
211312,11,2,2200209.0,2021,4,12,5,3,0,3,0,1,1,0,0,0,0,0,"797509,1495","5824744,112","13,38293378","52,49152841",,,3549.0,24.0
211311,11,2,2500835.0,2021,5,19,4,3,5,2,0,1,1,0,0,0,0,1,"803020,0729","5825762,14","13,46478187","52,49762176",,,3849.0,22.0
211310,11,4,4200206.0,2021,4,19,3,3,5,3,0,0,1,0,1,0,0,0,"786235,0585","5826007,712","13,21842747","52,50888653",,,6143.0,61.0
211309,11,4,4200308.0,2021,3,12,3,2,5,3,0,1,1,0,0,0,0,0,"789476,2186","5827467,544","13,2673214","52,52026401",,,3451.0,50.0
211308,11,2,2200207.0,2021,4,21,5,2,8,1,2,0,1,0,0,0,0,0,"797088,9067","5824720,697","13,37674148","52,49154739",,,3436.0,49.0
211307,11,3,3300516.0,2021,3,12,6,3,5,2,0,1,1,0,0,0,0,1,"801362,1614","5833159,04","13,44713941","52,56483885",,,4164.0,52.0
211306,11,1,1400942.0,2021,5,12,4,3,5,2,0,1,1,0,0,0,0,0,"795117,694","5830865,557","13,35324426","52,54770064",,,4456.0,28.0
211305,11,4,4100101.0,2021,5,16,4,3,5,2,0,1,0,0,0,0,1,0,"790400,2808","5829029,246","13,28226619","52,5337734",,,4856.0,19.0
211304,11,2,2100106.0,2021,4,18,5,3,5,3,0,0,1,0,0,0,1,0,"798595,5902","5825582,386","13,39963952","52,49844923",,,4455.0,27.0
211303,11,1,1300836.0,2021,4,14,3,3,6,4,0,0,1,1,0,0,0,1,"796514,5789","5830924,205","13,3738368","52,54746785",,,6359.0,27.0
211302,11,1,1100205.0,2021,5,22,6,3,0,1,2,1,0,0,0,0,0,0,"797247,0082","5827371,914","13,38143003","52,51522658",,,4257.0,20.0
211301,11,9,9300922.0,2021,4,13,2,3,5,3,0,0,1,0,0,0,0,0,"808170,7128","5815764,477","13,53119254","52,405138",,,3250.0,40.0
211300,11,9,9200510.0,2021,3,9,3,3,2,6,0,0,1,0,0,0,0,0,"806226,0479","5822179,262","13,50857091","52,46372137",,,7935.0,61.0
211299,11,6,6400841.0,2021,4,12,3,3,5,3,0,0,1,0,0,0,0,0,"789855,4458","5818753,807","13,26531915","52,44194169",,,4849.0,28.0
211298,11,11,11200411.0,2021,5,18,6,2,6,4,0,0,0,1,0,0,1,0,"805417,4113","5831622,228","13,50536805","52,54880586",,,4336.0,60.0
211297,11,9,9501838.0,2021,4,9,4,2,0,7,0,1,0,0,0,0,0,0,"817053,037","5821179,896","13,66646354","52,44859279",,,4262.0,53.0
211296,11,6,6400838.0,2021,3,5,4,2,0,7,2,1,0,0,0,0,0,0,"787494,4799","5817560,831","13,22965388","52,43249214",,,4918.0,59.0
211295,11,3,3601245.0,2021,4,17,6,3,5,3,0,0,1,0,0,0,1,0,"800483,3466","5831254,78","13,43248936","52,54825636",,,6146.0,58.0
211294,11,12,12601133.0,2021,3,14,7,3,6,4,0,0,1,1,0,0,0,1,"795250,4606","5836561,499","13,36026806","52,59868751",,,2130.0,45.0
211293,11,2,2200213.0,2021,5,14,2,2,3,6,0,0,1,0,1,0,0,0,"799271,3972","5825000,96","13,40904282","52,4928674",,,5063.0,29.0
211292,11,6,6300524.0,2021,5,18,5,3,5,3,0,1,0,0,0,0,0,0,"788422,7191","5816597,556","13,24243892","52,42336712",,,3539.0,53.0
211291,11,5,5100208.0,2021,5,11,4,3,5,3,0,1,0,0,0,0,1,0,"782361,4199","5830480,729","13,16530353","52,55101227",,,4769.0,58.0
211290,11,1,1200624.0,2021,4,11,7,3,3,6,0,0,1,0,1,0,0,0,"795498,8007","5829595,07","13,35771818","52,53610527",,,4449.0,28.0
211289,11,4,4501043.0,2021,5,15,1,3,5,3,0,1,1,0,0,0,0,1,"792326,6078","5825267,398","13,30727971","52,49901967",,,3569.0,53.0
211288,11,12,12500930.0,2021,4,6,3,3,5,7,0,1,1,0,0,0,0,0,"793546,762","5834253,109","13,33314091","52,57891676",,,6237.0,55.0
211287,11,7,7601545.0,2021,3,13,4,3,6,4,0,0,1,1,0,0,0,0,"800736,2987","5813970,819","13,42062797","52,39319419",,,5654.0,60.0
211286,11,7,7501134.0,2021,4,18,7,3,5,3,0,0,1,0,0,0,1,0,"799168,0446","5819063,928","13,40220239","52,4397065",,,5662.0,47.0
211285,11,12,12100205.0,2021,5,17,7,2,1,5,0,0,1,0,0,0,0,1,"794288,8813","5832922,51","13,34288055","52,56658811",,,4664.0,42.0
211284,11,2,2300314.0,2021,5,23,7,3,1,5,2,1,1,0,0,0,0,0,"800343,6746","5826261,184","13,42592552","52,50357432",,,5526.0,58.0
211283,11,4,4300623.0,2021,4,17,2,3,5,3,0,1,1,0,0,0,0,0,"792534,6946","5826123,986","13,31108889","52,50658725",,,4968.0,61.0
211282,11,2,2500727.0,2021,5,15,3,3,2,6,0,0,1,0,1,0,0,0,"802221,104","5827724,703","13,45482996","52,51565524",,,5249.0,5.0
211281,11,7,7100103.0,2021,5,15,7,2,1,5,0,1,1,0,0,0,0,0,"795969,6614","5825147,869","13,36068412","52,49598463",,,5142.0,45.0
211280,11,1,1100416.0,2021,5,8,5,3,1,5,0,1,1,0,0,0,0,1,"798808,1797","5829313,223","13,4061122","52,53177459",,,4449.0,28.0
211279,11,3,3200308.0,2021,4,7,2,3,6,4,0,0,1,1,0,0,0,1,"800173,57","5836595,828","13,43276911","52,59629999",,,4555.0,52.0
211278,11,3,3400724.0,2021,3,14,4,2,0,1,0,1,0,0,0,0,0,0,"799766,6193","5834835,588","13,42518638","52,58074704",,,6629.0,41.0
211277,11,6,6100205.0,2021,4,13,4,3,2,6,0,0,1,0,0,0,1,0,"796144,1608","5819557,513","13,35828441","52,44577698",,,5840.0,59.0
211276,11,9,9501737.0,2021,3,10,2,3,0,3,0,1,1,0,0,0,0,0,"814242,2069","5822313,542","13,62630686","52,46037407",,,3933.0,51.0
211275,11,12,12200308.0,2021,4,15,7,3,1,7,0,0,1,0,1,0,0,0,"792703,9618","5833508,305","13,32008103","52,57269396",,,6444.0,53.0
211274,11,11,11400929.0,2021,3,14,6,3,0,4,0,1,0,1,0,0,0,0,"804830,9695","5826495,116","13,49204619","52,50318267",,,3736.0,61.0
211273,11,4,4501148.0,2021,5,9,2,2,5,2,0,0,1,0,1,0,0,0,"793347,5271","5823072,654","13,32034406","52,47879678",,,4360.0,52.0
211272,11,11,11300616.0,2021,5,15,5,2,6,4,0,0,1,1,1,0,0,0,"803215,8623","5830003,234","13,47152214","52,5355251",,,3756.0,4.0
211271,11,1,1100415.0,2021,5,9,4,3,5,2,0,1,1,0,0,0,0,0,"798309,2921","5829374,771","13,39883461","52,53259954",,,5153.0,47.0
211270,11,7,7100101.0,2021,4,9,5,2,5,3,0,1,1,0,0,0,0,0,"794589,3843","5825438,74","13,34066855","52,49933888",,,3745.0,36.0
211269,11,6,6400737.0,2021,4,17,5,3,5,7,0,0,1,0,0,0,0,0,"784891,2812","5817548,676","13,19145672","52,43374519",,,7746.0,63.0
211268,11,9,9301126.0,2021,4,0,3,3,3,6,2,0,1,0,0,1,0,0,"810172,1341","5817696,985","13,56231013","52,42132684",,,7252.0,60.0
211267,11,4,4200203.0,2021,3,15,4,2,0,3,0,0,1,0,1,0,0,0,"788310,1191","5826875,6","13,24966979","52,51557478",,,1959.0,49.0
211266,11,1,1401047.0,2021,4,19,6,3,1,5,0,1,1,0,0,0,0,0,"795423,4491","5830618,317","13,35752033","52,54531863",,,5849.0,58.0
211265,11,3,3601142.0,2021,5,15,7,3,2,6,0,1,1,0,0,0,0,0,"798261,3498","5830916,532","13,3995139","52,54644554",,,5138.0,54.0
211264,11,2,2100102.0,2021,3,17,3,3,3,6,0,0,0,0,0,0,1,0,"798196,9419","5825522,24","13,39373059","52,49812807",,,5254.0,63.0
211263,11,7,7300515.0,2021,4,13,2,3,1,5,0,1,0,0,0,0,1,0,"793759,0696","5822941,201","13,32627059","52,47739714",,,3760.0,45.0
211262,11,1,1401047.0,2021,5,6,3,3,1,5,0,0,1,0,1,0,0,0,"795665,1584","5830549,943","13,36101348","52,54457461",,,5163.0,58.0
211261,11,10,10100316.0,2021,5,19,6,3,5,3,0,0,1,0,0,0,0,1,"810101,7883","5831390,921","13,57401618","52,54408682",,,5883.0,63.0
211260,11,4,4200203.0,2021,5,19,4,3,8,1,0,0,1,0,0,0,0,1,"788044,1573","5826858,408","13,24574635","52,51556118",,,5551.0,40.0
211259,11,1,1400938.0,2021,5,12,5,3,5,7,0,1,1,0,0,0,0,0,"794814,31","5831331,888","13,34919714","52,55204519",,,4363.0,22.0
211258,11,8,8200624.0,2021,4,21,6,3,3,6,2,0,1,0,0,0,0,0,"801218,0586","5820572,702","13,43363053","52,45210495",,,6146.0,58.0
211257,11,5,5200631.0,2021,3,10,4,3,5,3,0,0,1,0,0,0,0,0,"784643,0988","5827975,001","13,19671763","52,52735835",,,5453.0,1.0
211256,11,8,8100521.0,2021,4,21,3,3,2,6,2,0,1,0,0,0,0,0,"803769,2073","5822188,322","13,47252723","52,46517389",,,3749.0,17.0
211255,11,6,6200422.0,2021,4,15,3,3,2,6,0,1,1,0,0,0,0,0,"794216,3909","5816862,109","13,32762999","52,42265446",,,3845.0,63.0
211254,11,5,5200630.0,2021,5,9,3,3,6,7,0,1,0,1,0,0,0,0,"784439,8031","5827586,209","13,19339643","52,52397852",,,1358.0,51.0
211253,11,12,12400618.0,2021,3,18,2,3,3,6,0,1,0,0,0,0,0,0,"786909,8814","5838379,451","13,23904233","52,61945134",,,4558.0,14.0
211252,11,4,4501042.0,2021,4,17,4,2,5,2,0,0,1,0,0,0,0,0,"794349,984","5826074,583","13,33771412","52,50516802",,,4752.0,45.0
211251,11,3,3300412.0,2021,3,17,5,3,5,3,0,0,1,0,0,0,0,0,"802621,5204","5838062,988","13,47014089","52,60809303",,,3245.0,33.0
211250,11,1,1100207.0,2021,5,8,3,3,5,3,0,1,1,0,0,0,0,0,"798154,8935","5826711,902","13,39417829","52,50881487",,,4061.0,48.0
211249,11,12,12500930.0,2021,4,16,7,3,2,2,0,0,1,0,0,0,0,0,"792476,0501","5834307,667","13,3174328","52,5799824",,,2634.0,40.0
211248,11,8,8401245.0,2021,5,16,2,3,5,3,0,0,1,0,0,0,0,0,"806606,9344","5815508,621","13,50804272","52,40372272",,,4447.0,16.0
211247,11,3,3200205.0,2021,4,10,4,3,5,3,0,0,1,0,0,0,0,0,"797314,227","5835283,202","13,38950147","52,58610485",,,4357.0,21.0
211246,11,8,8100102.0,2021,5,9,7,3,2,6,0,0,1,0,0,0,1,0,"799503,5093","5823753,936","13,41133082","52,48156234",,,5064.0,24.0
211245,11,1,1100309.0,2021,5,18,6,3,5,2,0,1,0,0,0,0,0,1,"798251,2945","5828942,15","13,39759399","52,52875341",,,7835.0,51.0
211244,11,7,7100206.0,2021,4,15,3,3,3,6,0,0,1,0,0,0,0,0,"796662,6654","5824826,482","13,3705761","52,49272746",,,4446.0,12.0
211243,11,2,2200207.0,2021,4,12,6,2,5,2,0,1,0,0,0,0,1,0,"797090,1129",5824709,"13,37674876","52,49144188",,,4756.0,48.0
211242,11,12,12500928.0,2021,5,15,4,3,5,3,0,0,1,0,0,0,0,0,"792234,3926","5837196,882","13,31642575","52,60601273",,,1225.0,49.0
211241,11,5,5100316.0,2021,4,11,3,3,2,6,0,0,1,0,0,0,0,0,"784969,7716","5829414,779","13,20275445","52,54009666",,,3757.0,51.0
211240,11,11,11300724.0,2021,3,13,3,3,5,3,0,1,1,0,0,0,0,0,"804603,699","5827475,729","13,48960553","52,5120984",,,3053.0,54.0
211239,11,9,9200819.0,2021,4,12,6,3,1,5,0,1,1,0,0,0,0,0,"810487,763","5820173,614","13,56923633","52,44334269",,,3444.0,24.0
211238,11,10,10400836.0,2021,3,14,6,3,5,3,0,0,1,0,0,0,0,0,"811571,4337","5827389,854","13,59186941","52,50739389",,,5145.0,46.0
211237,11,1,1100205.0,2021,5,7,3,3,0,2,0,1,1,0,0,0,0,0,"796995,1329","5826616,928","13,37705541","52,50859615",,,4853.0,18.0
211236,11,11,11100203.0,2021,5,15,3,3,6,2,0,0,1,1,0,0,0,0,"806824,0124","5833826,248","13,52808471","52,56776796",,,5548.0,37.0
211235,11,4,4300414.0,2021,4,15,6,3,0,2,0,1,0,0,0,0,1,0,"791560,542","5826638,844","13,29722772","52,51172437",,,5662.0,47.0
211234,11,4,4300623.0,2021,4,14,3,3,2,6,0,0,1,0,0,0,0,0,"792174,8292","5826124,67","13,30580243","52,50678623",,,4461.0,54.0
211233,11,3,3500936.0,2021,5,10,6,2,6,2,0,0,1,1,0,0,0,0,"801854,3019","5831374,821","13,45275547","52,54857438",,,3550.0,28.0
211232,11,1,1100313.0,2021,4,8,3,3,5,3,0,1,0,0,0,0,1,0,"799700,5133","5827210,012","13,41733264","52,51243275",,,2953.0,57.0
211231,11,8,8200622.0,2021,3,9,3,3,5,2,0,0,1,0,0,0,0,0,"801225,2158","5821682,469","13,43473675","52,4620482",,,4648.0,37.0
211230,11,4,4100102.0,2021,4,16,4,3,3,6,0,0,1,0,0,0,0,1,"791132,4193","5829158,751","13,29314291","52,53454382",,,4564.0,57.0
211229,11,4,4501041.0,2021,5,22,6,3,2,2,2,0,1,0,0,0,0,0,"793300,1376","5825665,794","13,32193078","52,50206878",,,6935.0,43.0
211228,11,2,2200207.0,2021,3,18,4,3,5,2,0,1,1,0,0,0,0,0,"797257,0234","5824804,713","13,37928529","52,49220898",,,4033.0,40.0
211227,11,8,8100314.0,2021,4,18,7,3,5,2,0,1,1,0,0,0,0,0,"800365,9658","5824353,417","13,42453285","52,48646203",,,734.0,65.0
211226,11,9,9200510.0,2021,3,11,7,2,5,3,0,1,0,0,0,0,1,0,"805905,6177","5822714,449","13,50435965","52,46869743",,,1867.0,58.0
211225,11,9,9100202.0,2021,5,16,2,3,5,7,0,0,1,0,0,0,0,0,"803228,09","5823857,471","13,46610371","52,4804349",,,6427.0,48.0