ObjectID,State,District,LOR_ab_2021,AccidentYear,AccidentMonth,AccidentHour,DayOfWeek,AccidentCategory,AccidentType,AccidentTypeDetail,LightingCondition,InvolvingBike,InvolvingCar,InvolvingPedestrian,InvolvingMotorcycle,InvolvingHGV,InvolvingOther,RoadCondition,GraphicCoord1,GraphicCoord2,LongitudeWGS84,LatitudeWGS84,quadrant,quadrant_rank
211224,11,4,4300517.0,2021,5,15,6,3,2,6,0,0,1,0,0,0,0,1,"791452,282","5828309,436","13,29710068","52,52675888",,,2954.0,41.0
211223,11,5,5200422.0,2021,5,14,4,3,5,2,0,0,1,0,1,0,0,0,"780075,953","5828700,069","13,13018323","52,53622559",,,4557.0,40.0
211222,11,1,1200623.0,2021,4,12,6,3,5,7,0,0,1,0,0,0,0,0,"795432,4634","5829538,317","13,35669253","52,53563249",,,7025.0,64.0
211221,11,9,9501737.0,2021,5,9,1,3,0,7,0,0,1,0,0,0,0,1,"814831,2065","5823997,861","13,63653647","52,47512795",,,6426.0,51.0
211220,11,6,6300634.0,2021,4,19,4,2,0,1,1,0,0,0,1,0,0,0,"792171,945","5817834,435","13,29849983","52,43246677",,,5428.0,49.0
211219,11,1,1200626.0,2021,3,16,4,2,5,3,0,1,1,0,0,0,0,0,"795082,9372","5827876,295","13,3500792","52,52092312",,,4451.0,11.0
211218,11,11,10100205.0,2021,4,5,2,3,5,3,2,1,0,0,0,0,1,1,"807664,6435","5833598,85","13,5402375","52,56525565",,,4026.0,63.0
211217,11,2,2100102.0,2021,5,13,1,3,5,2,0,1,1,0,0,0,0,1,"798371,7883","5826337,013","13,39702863","52,50533589",,,3744.0,45.0
211216,11,2,2300314.0,2021,5,10,7,3,0,3,0,1,0,0,1,0,0,0,"800040,9237","5826344,066","13,42155325","52,50448379",,,958.0,48.0
211215,11,10,10100205.0,2021,4,6,2,3,5,3,0,0,1,0,0,0,0,0,"808294,3436","5832811,218","13,54876651","52,55784088",,,3748.0,42.0
211214,11,6,6100207.0,2021,5,9,3,3,2,7,0,0,1,0,0,0,0,0,"793810,616","5819376,33","13,32388946","52,4454117",,,1749.0,65.0
211213,11,4,4300623.0,2021,5,17,7,3,5,2,0,1,1,0,0,0,0,0,"792541,5636","5826115,416","13,31118228","52,50650674",,,3851.0,47.0
211212,11,8,8100207.0,2021,5,17,5,3,6,4,0,0,1,1,0,0,0,0,"801016,5573","5823341,835","13,43317192","52,47703663",,,4265.0,5.0
211211,11,2,2500726.0,2021,4,16,1,3,6,4,0,0,0,1,0,0,1,1,"801753,1902","5828656,304","13,44880044","52,5242643",,,6167.0,41.0
211210,11,12,12601235.0,2021,4,13,5,3,2,2,0,0,1,0,0,0,0,0,"794465,8966","5836244,992","13,34843647","52,59627573",,,6828.0,55.0
211209,11,12,12500825.0,2021,5,22,4,3,0,1,2,0,0,0,1,0,0,1,"792370,4924","5835079,931","13,31656072","52,58696212",,,4547.0,11.0
211208,11,1,1100311.0,2021,4,16,3,2,3,6,0,1,0,0,0,0,0,0,"799719,6565","5827797,125","13,41814273","52,51768477",,,4750.0,40.0
211207,11,3,3200308.0,2021,3,15,2,3,2,6,0,1,1,0,0,0,0,0,"800143,3173","5836329,695","13,43208262","52,59393131",,,4234.0,52.0
211206,11,1,1100102.0,2021,4,16,5,2,5,3,0,1,1,0,0,0,0,0,"796034,1781","5826691,256","13,36300384","52,50978474",,,5064.0,24.0
211205,11,7,7601339.0,2021,3,5,5,2,5,2,1,0,1,0,1,0,0,0,"795809,1168","5816026,344","13,35024548","52,41430368",,,5346.0,61.0
211204,11,1,1100416.0,2021,5,8,2,3,1,5,0,1,1,0,0,0,0,0,"798492,2876","5829457,047","13,40159827","52,53323684",,,4266.0,52.0
211203,11,1,1300834.0,2021,4,15,1,3,5,3,0,0,1,0,0,0,1,0,"797760,1092","5830894,708","13,39212441","52,54652411",,,3850.0,33.0
211202,11,4,4400728.0,2021,5,10,2,3,5,2,0,0,1,0,0,1,0,0,"790666,2093","5823281,257","13,28115648","52,48210068",,,4946.0,51.0
211201,11,9,9200819.0,2021,4,11,4,3,5,2,0,1,1,0,0,0,0,0,"810486,4123","5820325,897","13,56935802","52,44470818",,,1225.0,49.0
211200,11,4,4300623.0,2021,5,15,1,3,1,5,0,0,1,0,0,0,1,0,"791997,0485","5826242,314","13,30329369","52,50793606",,,3050.0,39.0
211199,11,6,6400737.0,2021,4,18,7,3,5,3,0,0,1,0,0,0,0,0,"786119,3566","5816873,711","13,20889439","52,42705243",,,4450.0,25.0
211198,11,6,6400841.0,2021,5,12,6,3,2,2,0,0,1,0,0,0,0,0,"789832,0282","5818728,695","13,26495381","52,44172896",,,3849.0,22.0
211197,11,4,4501148.0,2021,4,11,2,3,5,2,0,1,1,0,0,0,0,0,"793346,9412","5823082,417","13,32034405","52,47888462",,,1867.0,58.0
211196,11,1,1401045.0,2021,4,9,7,3,2,6,0,0,1,0,0,0,0,0,"796662,9018","5831673,026","13,37668678","52,55409943",,,3650.0,32.0
211195,11,7,7501029.0,2021,4,16,4,3,0,6,0,0,0,0,1,0,0,1,"797735,4825","5819132,06","13,38125028","52,44109903",,,4161.0,54.0
211194,11,1,1100205.0,2021,5,15,4,2,2,6,0,0,0,0,1,0,1,0,"797459,5819","5826827,173","13,3840665","52,51022771",,,7556.0,65.0
211193,11,4,4501043.0,2021,4,12,4,2,0,5,0,1,1,0,0,0,0,0,"793065,8394","5824814,253","13,31773965","52,4945609",,,4048.0,46.0
211192,11,5,5300736.0,2021,3,14,3,3,5,3,0,1,1,0,0,0,0,0,"785713,1657","5829289,726","13,21357836","52,53858617",,,5133.0,32.0
211191,11,1,1100103.0,2021,4,15,6,3,2,6,0,0,1,0,1,0,0,0,"796277,0547","5826264,625","13,36619239","52,50582854",,,3228.0,32.0
211190,11,6,6400844.0,2021,3,10,6,3,5,3,0,0,1,0,0,0,0,0,"790314,4007","5820353,988","13,27344323","52,45604427",,,4144.0,57.0
211189,11,1,1401047.0,2021,5,0,3,3,5,3,2,1,1,0,0,0,0,1,"795341,8706","5830382,797","13,35611141","52,54325163",,,5126.0,38.0
211188,11,4,4501042.0,2021,5,19,3,3,2,6,1,1,1,0,0,0,0,0,"794188,3239","5825979,062","13,33525481","52,50439892",,,5256.0,48.0
211187,11,8,8200623.0,2021,3,20,2,3,5,2,2,0,1,0,0,0,0,0,"801544,2511","5820646,983","13,43848319","52,45259092",,,6023.0,59.0
211186,11,9,9200715.0,2021,4,11,5,3,5,2,0,1,1,0,0,0,0,0,"808645,9373","5819162,442","13,54129044","52,4353232",,,7032.0,50.0
211185,11,10,10400940.0,2021,3,15,5,3,5,3,0,0,1,0,0,0,1,0,"812234,7074","5824581,412","13,5989784","52,48184768",,,4546.0,40.0
211184,11,1,1100102.0,2021,5,12,2,3,5,2,0,0,1,0,0,0,0,0,"796578,3024","5826873,197","13,37116003","52,51112012",,,3732.0,63.0
211183,11,8,8100415.0,2021,4,14,7,2,6,4,0,0,1,1,0,0,0,0,"801719,8586","5823692,128","13,44381282","52,47978829",,,4135.0,49.0
211182,11,6,6300528.0,2021,5,12,2,3,2,6,0,0,1,0,0,0,0,0,"790247,299","5815103,383","13,26790041","52,40900657",,,3944.0,21.0
211181,11,5,5100101.0,2021,4,13,5,2,6,4,0,0,0,1,0,0,1,0,"784869,1131","5832591,653","13,20400054","52,56863286",,,9328.0,63.0
211180,11,5,5100317.0,2021,5,13,1,3,2,6,0,1,1,0,0,0,0,0,"786992,4826","5828157,007","13,23141132","52,52775839",,,4749.0,23.0
211179,11,5,5100314.0,2021,5,23,5,3,1,7,2,0,1,0,0,0,0,0,"785227,4724","5830286,524","13,20729249","52,54777778",,,3264.0,52.0
211178,11,9,9401432.0,2021,4,14,3,3,5,2,0,0,1,0,0,0,0,0,"812133,8133","5820399,908","13,5935872","52,44443356",,,3262.0,61.0
211177,11,1,1100309.0,2021,4,15,6,3,0,1,0,1,0,0,0,0,0,0,"797748,1908","5828573,284","13,38986931","52,52572201",,,5826.0,49.0
211176,11,11,11200411.0,2021,4,16,4,3,6,4,0,0,1,1,0,0,0,0,"805153,7951","5831646,443","13,50151461","52,54917061",,,4262.0,53.0
211175,11,1,1200517.0,2021,4,7,3,3,0,7,0,0,1,0,0,0,0,0,"792683,5797","5828275,236","13,31516869","52,52579264",,,5166.0,65.0
211174,11,8,8200624.0,2021,5,13,4,3,6,7,0,1,0,1,0,0,0,0,"800956,6063","5820837,408","13,43003325","52,45462161",,,5162.0,47.0
211173,11,12,12500824.0,2021,4,13,3,3,1,5,0,1,1,0,0,0,0,0,"790957,3405","5836982,189","13,29743225","52,60477309",,,6151.0,48.0
211172,11,7,7601544.0,2021,3,11,2,2,5,2,0,0,1,0,0,0,0,0,"799795,083","5813977,465","13,40684314","52,39376966",,,5551.0,40.0
211171,11,1,1100102.0,2021,4,0,6,3,8,1,2,0,1,0,0,0,0,0,"796800,558","5827964,03","13,37539846","52,5207774",,,3329.0,57.0
211170,11,1,1100309.0,2021,3,18,6,2,3,6,0,0,1,0,1,0,0,0,"798514,7433","5829027,578","13,40154269","52,52937496",,,5248.0,21.0
211169,11,10,10100313.0,2021,5,15,4,3,6,2,0,0,1,1,0,0,0,0,"809382,021","5831053,064","13,56312159","52,54146824",,,5253.0,35.0
211168,11,1,1300733.0,2021,5,14,3,3,5,2,0,0,1,0,0,1,0,0,"796992,0459","5831473,976","13,38134918","52,55213581",,,4750.0,40.0
211167,11,12,12200412.0,2021,4,22,5,3,4,6,2,0,1,0,0,0,0,1,"789068,4864","5833650,097","13,26671065","52,57590821",,,5563.0,50.0
211166,11,2,2100102.0,2021,4,19,2,3,5,7,0,0,1,0,1,0,0,0,"798269,5522","5826520,876","13,39569155","52,50703989",,,6238.0,43.0
211165,11,5,5100317.0,2021,5,10,6,3,2,7,0,0,1,0,1,0,0,0,"787343,257","5828099,895","13,23651841","52,52706157",,,5144.0,42.0
211164,11,12,12100205.0,2021,4,12,4,3,5,2,0,0,1,0,0,0,1,0,"794555,3835","5834265,459","13,34799395","52,57848243",,,7635.0,61.0
211163,11,4,4501148.0,2021,3,17,2,3,5,2,0,0,1,0,0,0,1,0,"793020,481","5823394,206","13,31582486","52,48185498",,,4547.0,11.0
211162,11,1,1100207.0,2021,4,20,5,3,3,6,2,0,1,0,0,0,0,0,"798844,5709","5827282,074","13,40482205","52,5135483",,,6359.0,27.0
211161,11,3,3400620.0,2021,4,21,3,3,0,3,2,1,1,0,0,0,0,1,"797411,7617","5833971,81","13,38976021","52,57429667",,,1453.0,50.0
211160,11,8,8100102.0,2021,5,9,6,3,5,3,0,1,1,0,0,0,0,1,"800136,234","5823278,068","13,42019168","52,47694953",,,2282.0,59.0
211159,11,4,4400835.0,2021,5,23,6,3,5,3,2,0,1,0,0,0,0,0,"793343,4003","5822283,048","13,31958897","52,47172045",,,3647.0,52.0
211158,11,2,2200208.0,2021,3,20,4,2,0,7,1,1,0,0,0,0,0,0,"797652,9418","5824944,91","13,38522478","52,49324994",,,6024.0,50.0
211157,11,9,9100306.0,2021,4,12,2,3,8,7,0,0,1,0,0,0,0,0,"804527,2324","5820035,002","13,48168716","52,44545233",,,4534.0,61.0
211156,11,1,1100415.0,2021,3,16,1,3,5,2,0,1,1,0,0,0,0,0,"798319,0271","5829378,895","13,3989814","52,53263117",,,2858.0,52.0
211155,11,2,2500727.0,2021,5,11,2,3,0,2,0,0,0,0,1,0,0,1,"802710,2445","5828216,149","13,46246345","52,51978876",,,5351.0,36.0
211154,11,7,7300618.0,2021,5,10,5,3,5,2,0,1,1,0,0,0,0,0,"794543,9448","5822496,721","13,33740119","52,47298989",,,3247.0,45.0
211153,11,10,10200627.0,2021,5,17,4,3,3,6,0,0,1,0,0,0,0,0,"811270,773","5829690,135","13,58960584","52,52817908",,,3142.0,64.0
211152,11,7,7400928.0,2021,4,17,6,3,7,7,0,0,0,0,1,0,0,0,"799950,4048","5821334,884","13,41571689","52,45963385",,,4653.0,53.0
211151,11,8,8100102.0,2021,5,15,1,3,2,6,0,0,1,0,0,0,0,1,"800465,3085","5823629,793","13,42533928","52,47992125",,,4547.0,11.0
211150,11,8,8401241.0,2021,4,17,4,2,5,7,0,0,1,0,0,0,1,0,"804660,6771","5818332,91","13,48209319","52,43012255",,,5244.0,47.0
211149,11,11,11501341.0,2021,3,21,4,2,5,2,2,0,1,0,0,0,0,0,"805667,8096","5824335,066","13,50235503","52,48335526",,,5457.0,20.0
211148,11,12,12200412.0,2021,5,16,7,3,0,3,0,1,1,0,0,0,0,0,"790806,9425","5834063,75","13,29265541","52,57869035",,,6932.0,64.0
211147,11,6,6300526.0,2021,4,9,2,3,2,6,0,0,1,0,0,1,0,0,"789562,0301","5817345,443","13,25979446","52,42947056",,,6827.0,50.0
211146,11,9,9100101.0,2021,4,16,2,3,0,6,0,1,1,0,0,0,1,0,"802429,2097","5824317,903","13,45479374","52,48500478",,,6227.0,61.0
211145,11,1,1100205.0,2021,5,16,2,3,5,2,0,1,1,0,0,0,0,0,"797575,1338","5826531,828","13,38550009","52,50751727",,,7322.0,65.0
211144,11,1,1400937.0,2021,5,12,3,3,6,2,0,0,1,1,0,0,0,0,"794225,8741","5831625,46","13,34080363","52,55499505",,,4387.0,63.0
211143,11,1,1200628.0,2021,5,17,7,3,0,2,0,1,1,0,0,0,0,0,"796560,7253","5828691,003","13,37252234","52,52742445",,,2954.0,41.0
211142,11,3,3200309.0,2021,5,21,4,2,9,1,2,0,1,0,0,0,0,0,"800794,201","5837036,681","13,44230473","52,59990845",,,4845.0,36.0
211141,11,4,4200308.0,2021,4,16,7,3,6,4,0,0,1,1,0,0,0,0,"790380,2491","5827306,166","13,28046696","52,51833658",,,3448.0,49.0
211140,11,1,1100415.0,2021,3,11,4,2,3,6,0,1,0,0,0,0,0,0,"797696,7862","5829242,278","13,38971285","52,53174677",,,1866.0,59.0
211139,11,12,12400720.0,2021,5,18,5,3,5,3,0,1,1,0,0,0,0,1,"790174,0937","5840068,789","13,28860731","52,63286256",,,3863.0,41.0
211138,11,4,4100101.0,2021,4,13,3,3,2,6,0,0,1,0,0,0,0,0,"793363,685","5829644,845","13,3263735","52,53770499",,,5054.0,36.0
211137,11,11,11100206.0,2021,3,4,2,3,6,2,2,0,1,1,0,0,0,0,"805083,0249","5834620,828","13,5032088","52,57586768",,,5045.0,46.0
211136,11,5,5400943.0,2021,4,11,6,3,5,3,0,1,1,0,0,0,0,0,"780059,2193","5819583,062","13,12227188","52,45448311",,,5662.0,47.0
211135,11,12,12200515.0,2021,3,14,5,3,5,3,0,0,1,0,0,0,1,0,"790250,9722","5835042,205","13,28533058","52,58775895",,,6836.0,61.0
211134,11,3,3400618.0,2021,5,14,2,3,0,3,0,0,1,0,1,0,0,0,"795891,5867","5836456,259","13,36961227","52,59739566",,,6363.0,65.0
211133,11,8,8200726.0,2021,4,19,2,3,2,2,0,1,1,0,0,0,0,0,"802298,5906","5820579,586","13,44948913","52,4515702",,,1652.0,59.0
211132,11,9,9401534.0,2021,5,16,2,3,0,1,0,1,0,0,0,0,0,0,"810870,5352","5820664,507","13,57530656","52,44752442",,,4353.0,37.0
211131,11,7,7200307.0,2021,4,13,4,3,2,6,0,0,1,0,0,0,0,0,"794965,2074","5824050,584","13,34495989","52,48669197",,,2130.0,45.0
211130,11,4,4400728.0,2021,5,9,1,3,9,1,0,1,0,0,0,0,0,0,"789752,9333","5823504,462","13,26793966","52,48458716",,,5153.0,47.0
211129,11,7,7300516.0,2021,4,21,7,3,5,2,2,1,0,0,0,0,0,0,"794038,8804","5821940,463","13,32949651","52,4682754",,,5025.0,57.0
211128,11,1,1100207.0,2021,5,8,5,3,0,6,0,0,0,0,0,0,1,0,"798391,3419","5827472,465","13,39833382","52,51550303",,,3435.0,54.0
211127,11,9,9501939.0,2021,4,9,3,3,5,2,0,1,1,0,0,0,0,0,"810944,6759","5821588,805","13,57725445","52,45576544",,,5340.0,54.0
211126,11,11,11501238.0,2021,4,20,5,3,5,3,2,0,1,0,0,0,1,0,"803701,5665","5826243,367","13,47522876","52,50155608",,,3071.0,39.0
211125,11,2,2200209.0,2021,4,10,4,3,2,6,0,0,1,0,0,0,1,1,"797092,8325","5824684,453","13,37676682","52,49122037",,,4455.0,27.0
211124,11,2,2300316.0,2021,5,8,6,3,5,3,0,1,1,0,0,0,0,1,"800984,2432","5826066,843","13,43515871","52,50147943",,,2327.0,63.0
211123,11,10,10100311.0,2021,4,15,5,3,2,6,0,0,1,0,0,0,0,0,"807013,155","5829122,49","13,52651867","52,52550613",,,4845.0,36.0
211122,11,9,9200819.0,2021,3,11,3,3,2,6,0,0,1,0,0,0,1,0,"810485,2583","5820188,293","13,56921324","52,44347567",,,4358.0,45.0
211121,11,2,2400623.0,2021,4,9,1,2,0,1,0,1,0,0,0,0,0,0,"800420,1163","5827115,939","13,42781969","52,5111937",,,3555.0,16.0
211120,11,1,1100207.0,2021,3,6,6,3,3,6,0,1,1,0,0,0,0,1,"798846,5314","5827405,156","13,4049614","52,51465048",,,2652.0,50.0
211119,11,4,4400833.0,2021,5,8,4,3,5,2,0,0,1,0,0,0,0,0,"792057,6281","5822454,29","13,3008635","52,47394458",,,4757.0,11.0
211118,11,10,10100314.0,2021,5,17,3,3,2,6,0,0,1,0,0,0,0,0,"809031,2183","5830257,504","13,55722552","52,53453774",,,6532.0,65.0
211117,11,1,1100206.0,2021,4,22,6,3,5,3,2,0,1,0,0,0,0,0,"797738,3051","5827592,267","13,38884588","52,5169338",,,6137.0,47.0
211116,11,4,4200311.0,2021,4,15,4,3,3,6,0,0,1,0,1,0,0,0,"790370,4063","5825626,562","13,2788569","52,50328403",,,1529.0,61.0
211115,11,7,7601545.0,2021,3,15,2,3,5,3,0,0,1,0,0,0,0,0,"800266,9725","5814083,875","13,41385271","52,39446503",,,4735.0,61.0
211114,11,12,12601133.0,2021,4,12,6,2,5,3,0,0,1,0,0,0,0,0,"795733,6528","5837042,579","13,36781106","52,60273729",,,664.0,65.0
211113,11,1,1100309.0,2021,4,19,3,3,5,2,1,1,1,0,0,0,0,0,"798685,3961","5828668,026","13,40372787","52,52605861",,,3855.0,43.0
211112,11,4,4500936.0,2021,5,19,1,3,6,7,0,0,1,1,0,0,0,0,"792102,1065","5825291,292","13,3040029","52,49935409",,,4265.0,5.0
211111,11,3,3601244.0,2021,3,16,4,3,5,3,0,1,1,0,0,0,0,0,"800082,228","5831671,924","13,42696857","52,55221644",,,3955.0,57.0
211110,11,8,8100314.0,2021,4,18,2,3,5,2,0,1,0,0,0,0,1,0,"800337,3338","5824337,35","13,42409798","52,48633376",,,5161.0,52.0
211109,11,3,3400724.0,2021,5,9,2,3,5,2,0,1,0,0,0,0,1,0,"800024,891","5834656,64","13,42882467","52,57900075",,,5249.0,5.0
211108,11,1,1300836.0,2021,5,17,5,3,5,3,0,0,1,0,0,0,0,0,"796672,5594","5830136,176","13,37545595","52,54031802",,,4658.0,28.0
211107,11,5,5200634.0,2021,5,18,4,3,2,6,0,0,1,0,1,0,0,0,"785033,363","5826308,488","13,20102675","52,51221251",,,4949.0,42.0
211106,11,8,8100417.0,2021,4,14,6,2,6,4,0,0,1,1,0,0,0,0,"802217,1426","5822802,689","13,45030701","52,4715412",,,5252.0,55.0
211105,11,1,1200628.0,2021,4,6,5,2,5,3,0,0,1,0,0,0,1,0,"795697,3044","5828178,941","13,35937674","52,52330327",,,457.0,54.0
211104,11,8,8100312.0,2021,4,16,6,3,0,6,0,0,1,0,0,0,1,0,"801177,8039","5824097,695","13,43622167","52,4837227",,,5040.0,48.0
211103,11,1,1100206.0,2021,5,11,3,3,1,7,0,0,1,0,0,1,0,0,"797602,696","5827695,02","13,3869452","52,51792887",,,7642.0,63.0
211102,11,8,8200623.0,2021,5,16,3,3,5,3,0,0,1,0,0,0,1,0,"802466,2732","5820720,542","13,45207679","52,45274085",,,3964.0,39.0
211101,11,7,7100102.0,2021,4,11,6,3,5,2,0,0,1,0,0,0,0,0,"794957,8779","5825654,493","13,34627229","52,50107391",,,3566.0,39.0
211100,11,8,8100521.0,2021,5,15,6,3,2,2,0,0,1,0,0,0,0,1,"802950,7521","5822468,377","13,46077072","52,46813843",,,5350.0,52.0
211099,11,4,4400726.0,2021,4,21,3,2,6,4,2,0,1,1,0,0,0,0,"790858,2788","5824648,082","13,28516977","52,49425207",,,5535.0,53.0
211098,11,6,6300524.0,2021,3,15,2,3,2,7,0,1,1,0,0,0,0,0,"788954,5289","5817125,577","13,25069417","52,42782055",,,3550.0,28.0
211097,11,4,4200310.0,2021,4,13,6,3,5,3,0,0,1,0,0,0,0,0,"789326,3865","5826835,227","13,26456938","52,51467465",,,2834.0,65.0
211096,11,7,7400721.0,2021,4,11,3,3,5,3,0,0,1,0,0,0,0,0,"797284,5334","5823161,111","13,37822343","52,47746084",,,4047.0,22.0
211095,11,7,7501031.0,2021,5,12,6,3,0,7,0,0,1,0,1,0,0,1,"799210,3481","5820044,078","13,40370059","52,44846914",,,4717.0,54.0
211094,11,7,7400824.0,2021,5,12,6,1,6,2,0,0,0,1,0,1,0,0,"797863,3141","5822206,231","13,38586758","52,46858605",,,7052.0,57.0
211093,11,7,7501029.0,2021,3,15,3,3,5,2,0,1,1,0,0,0,0,0,"797494,102","5820206,071","13,37866592","52,45085784",,,5241.0,60.0
211092,11,4,4300416.0,2021,4,11,2,3,0,7,0,1,0,0,0,0,0,0,"791560,1679","5826491,326","13,29709299","52,5104021",,,4849.0,28.0
211091,11,2,2500833.0,2021,5,13,2,2,5,3,0,1,1,0,0,0,0,0,"802251,2526","5827327,009","13,45491168","52,51207401",,,7131.0,58.0
211090,11,12,12601031.0,2021,5,13,6,3,0,7,0,0,1,0,1,0,0,0,"793845,4771","5837372,682","13,34030419","52,6067202",,,4357.0,21.0
211089,11,6,6300524.0,2021,5,8,4,3,1,5,0,1,1,0,0,0,0,0,"788536,3358","5817278,77","13,24469281","52,42941474",,,3732.0,63.0
211088,11,1,1200517.0,2021,4,13,7,3,5,2,0,0,1,0,1,0,0,0,"794585,5935","5829785,567","13,34446214","52,53830732",,,4365.0,7.0
211087,11,11,10100205.0,2021,5,20,7,3,0,7,2,0,1,0,0,0,1,0,"807363,2469","5833142,523","13,53538221","52,56133631",,,4045.0,42.0
211086,11,8,8100310.0,2021,4,14,4,3,1,5,0,1,0,0,0,0,1,0,"800989,0138","5824791,84","13,43407678","52,49004862",,,3666.0,49.0
211085,11,2,2200210.0,2021,3,8,4,2,3,6,0,1,1,0,0,0,0,0,"798198,5573","5825070,652","13,39335006","52,49407926",,,1881.0,61.0
211084,11,2,2300315.0,2021,5,18,7,3,2,6,0,1,1,0,0,0,0,0,"800153,1365","5825759,691","13,4226748","52,49918409",,,823.0,65.0
211083,11,10,10200629.0,2021,4,13,2,3,5,3,0,1,1,0,0,0,0,0,"811035,0922","5829169,091","13,58565555","52,52364433",,,1362.0,55.0
211082,11,4,4400728.0,2021,5,15,2,3,5,2,0,1,1,0,0,0,0,0,"790674,4889","5822688,019","13,28076089","52,47677782",,,1465.0,57.0
211081,11,3,3100102.0,2021,5,17,3,3,5,3,0,0,1,0,0,0,0,0,"804651,8907","5841368,133","13,50307709","52,63658051",,,5754.0,53.0
211080,11,1,1300836.0,2021,5,16,7,3,5,3,0,0,1,0,0,0,0,0,"796672,6446","5830136,189","13,37545722","52,54031809",,,4045.0,42.0
211079,11,5,5200423.0,2021,5,15,5,3,5,2,0,0,1,0,0,0,0,0,"781977,0015","5828459,821","13,15793352","52,53309108",,,5341.0,41.0
211078,11,5,5100312.0,2021,4,21,7,2,6,2,2,0,1,1,0,0,0,1,"784620,02","5830939,735","13,1989183","52,55395218",,,3444.0,24.0
211077,11,1,1100205.0,2021,3,12,4,3,5,3,0,1,1,0,0,0,0,0,"796974,8975","5826858,743","13,37697388","52,51077478",,,2836.0,62.0
211076,11,8,8100104.0,2021,4,15,3,3,3,6,0,0,1,0,1,0,0,0,"800905,544","5822390,996","13,43068458","52,46857511",,,3756.0,4.0
211075,11,2,2200210.0,2021,5,16,4,3,3,6,0,1,1,0,0,0,0,0,"798152,421","5825444,695","13,39300728","52,4974573",,,3449.0,40.0
211074,11,10,10200627.0,2021,4,17,3,3,3,6,0,1,1,0,0,0,0,0,"811292,4458","5829779,427","13,59000788","52,52896688",,,6234.0,51.0
211073,11,8,8301036.0,2021,3,16,2,3,6,2,0,0,1,1,0,0,0,0,"803347,9594","5817392,937","13,46199208","52,42242699",,,7643.0,63.0
211072,11,7,7601340.0,2021,4,19,5,3,1,5,0,0,1,0,0,0,0,0,"796497,8425","5815888,96","13,36022057","52,41269952",,,3549.0,24.0
211071,11,12,12500930.0,2021,3,10,5,3,2,6,0,0,1,0,0,0,0,0,"792487,3132","5834332,609","13,31762056","52,58019994",,,6948.0,63.0
211070,11,5,5100317.0,2021,5,17,2,3,2,6,0,0,1,0,0,0,1,0,"787996,0282","5827892,635","13,24593451","52,52485893",,,3742.0,48.0
211069,11,4,4200310.0,2021,5,18,3,3,2,6,0,0,1,0,0,0,0,0,"789346,6868","5826177,097","13,26429549","52,50876358",,,5043.0,50.0
211068,11,4,4200311.0,2021,4,15,4,3,5,2,0,1,1,0,0,0,0,0,"790506,8058","5826184,672","13,28134779","52,50821492",,,4764.0,60.0
211067,11,1,1100207.0,2021,5,9,1,2,5,3,0,1,1,0,0,0,0,0,"798559,7937","5826813,427","13,40021762","52,50950347",,,4056.0,47.0
211066,11,9,9401534.0,2021,4,17,7,3,0,1,0,0,0,0,1,0,0,1,"811057,6144","5820653,083","13,57803977","52,44731565",,,2427.0,65.0
211065,11,1,1401044.0,2021,5,18,6,2,5,7,0,0,1,0,1,0,0,0,"796180,7805","5831233,656","13,36920456","52,55042333",,,7162.0,51.0
211064,11,11,11200411.0,2021,4,11,3,3,2,7,0,0,1,0,0,0,0,0,"805135,0851","5831396,284","13,50100969","52,54693907",,,3542.0,38.0
211063,11,12,12500825.0,2021,3,16,3,3,5,3,0,0,1,0,0,0,1,1,"792411,1936","5835217,463","13,31728116","52,58817316",,,964.0,53.0
211062,11,10,10100205.0,2021,4,12,3,3,5,3,0,0,1,0,0,0,0,0,"807624,8067","5832371,179","13,5385137","52,55427592",,,3229.0,58.0
211061,11,12,12200412.0,2021,5,13,6,3,0,3,0,0,1,0,0,0,0,1,"791347,0058","5834191,762","13,30071551","52,57954905",,,6188.0,57.0
211060,11,8,8200730.0,2021,4,18,4,3,5,2,0,1,1,0,0,0,0,0,"801370,6877","5819268,199","13,43469305","52,44032814",,,4363.0,22.0
211059,11,1,1401045.0,2021,3,14,3,3,1,5,0,1,1,0,0,0,0,0,"796692,574","5831726,979","13,37717137","52,5545669",,,2870.0,60.0
211058,11,4,4500937.0,2021,4,17,6,3,1,5,0,1,1,0,0,0,0,0,"791847,8256","5825233,715","13,30021719","52,49897398",,,3776.0,60.0
211057,11,1,1300834.0,2021,3,13,6,3,3,6,0,1,1,0,0,0,0,0,"798046,399","5830869,262","13,396311","52,54613947",,,3756.0,4.0
211056,11,9,9200613.0,2021,5,18,2,3,1,5,0,1,1,0,0,0,0,0,"808157,7524","5821058,19","13,53588021","52,45258833",,,5249.0,5.0
211055,11,4,4501153.0,2021,5,16,5,3,5,2,0,1,1,0,0,0,0,0,"793944,2742","5823436,154","13,32942603","52,48173453",,,7363.0,56.0
211054,11,3,3500933.0,2021,5,19,4,3,2,6,0,1,1,0,0,0,0,0,"801939,4522","5831698,878","13,45430209","52,5514317",,,6358.0,63.0