ObjectID,State,District,LOR_ab_2021,AccidentYear,AccidentMonth,AccidentHour,DayOfWeek,AccidentCategory,AccidentType,AccidentTypeDetail,LightingCondition,InvolvingBike,InvolvingCar,InvolvingPedestrian,InvolvingMotorcycle,InvolvingHGV,InvolvingOther,RoadCondition,GraphicCoord1,GraphicCoord2,LongitudeWGS84,LatitudeWGS84,quadrant,quadrant_rank
210883,11,3,3601245.0,2021,4,19,3,3,5,3,0,1,1,0,0,0,0,0,"800230,7406","5831186,584","13,42871357","52,54778438",,,5463.0,46.0
210882,11,8,8401241.0,2021,3,17,3,3,5,3,1,1,1,0,0,0,0,0,"804304,1851","5819652,028","13,47806673","52,44214398",,,5248.0,21.0
210881,11,6,6100205.0,2021,4,14,5,3,5,2,0,0,1,0,1,0,0,0,"794987,7719","5820025,288","13,34173235","52,45059544",,,4047.0,22.0
210880,11,3,3500934.0,2021,4,11,3,3,0,1,0,0,0,0,0,0,1,0,"800438,4535","5832269,557","13,43274757","52,55737678",,,3549.0,24.0
210879,11,9,9401635.0,2021,5,20,5,3,3,6,0,1,1,0,0,0,0,1,"817812,5588","5817972,443","13,67455332","52,41941197",,,3640.0,55.0
210878,11,4,4501043.0,2021,5,17,6,3,2,7,0,0,1,0,1,0,0,0,"792471,0394","5825282,733","13,30941476","52,49907976",,,1163.0,42.0
210877,11,6,6300526.0,2021,3,21,4,3,0,2,2,0,1,0,1,0,0,0,"789341,9784","5817294,255","13,25652266","52,42912807",,,5961.0,51.0
210876,11,11,11200514.0,2021,4,11,2,3,1,5,0,0,1,0,0,0,0,0,"804816,9225","5830614,16","13,49561457","52,54010744",,,5152.0,56.0
210875,11,6,6400843.0,2021,3,12,7,3,5,2,0,0,1,0,0,0,0,0,"791104,6806","5819243,515","13,28407304","52,4456684",,,5838.0,58.0
210874,11,5,5200631.0,2021,5,18,2,3,1,5,0,0,1,0,0,0,1,0,"784734,0435","5827514,281","13,19766008","52,52318003",,,4562.0,59.0
210873,11,10,10400940.0,2021,5,13,5,3,5,3,0,0,1,0,0,0,0,1,"812367,6819","5824285,563","13,600653","52,47912047",,,3531.0,58.0
210872,11,1,1401045.0,2021,5,19,4,3,3,6,0,0,1,0,0,0,0,0,"796699,0948","5831951,332","13,37746779","52,55657442",,,4438.0,62.0
210871,11,7,7200409.0,2021,4,16,6,3,1,5,0,1,1,0,0,0,0,0,"795838,0255","5824326,337","13,3580213","52,48869163",,,3058.0,38.0
210870,11,4,4501043.0,2021,5,15,2,3,6,4,0,0,1,1,0,0,0,0,"792777,6399","5825304,208","13,31393734","52,49910787",,,1346.0,65.0
210869,11,4,4200308.0,2021,4,14,4,3,5,2,0,1,1,0,0,0,0,0,"790210,9262","5827298,062","13,27797148","52,51835407",,,4660.0,51.0
210868,11,9,9100306.0,2021,3,13,4,3,2,6,0,0,1,0,0,0,0,0,"803786,1832","5820881,645","13,47158731","52,4534529",,,4658.0,28.0
210867,11,4,4200309.0,2021,5,18,7,3,5,3,0,0,1,0,0,0,0,0,"789091,0121","5827177,988","13,26140831","52,51787242",,,3264.0,52.0
210866,11,4,4500939.0,2021,4,10,2,3,0,3,0,1,1,0,0,0,0,0,"792204,2753","5824876,433","13,30513975","52,49558027",,,5649.0,33.0
210865,11,12,12200309.0,2021,5,14,2,3,5,2,0,1,0,0,0,0,1,0,"793492,2332","5832428,374","13,33072369","52,56258855",,,5450.0,55.0
210864,11,6,6100102.0,2021,5,21,7,3,6,7,2,0,0,1,0,0,1,0,"793538,014","5820450,367","13,32083399","52,45518653",,,4656.0,41.0
210863,11,5,5100211.0,2021,5,14,3,2,2,2,0,0,1,0,1,0,0,0,"781916,1831","5829567,653","13,15797924","52,54305587",,,1959.0,49.0
210862,11,9,9200613.0,2021,5,20,7,2,8,1,1,0,1,0,0,0,0,0,"805859,753","5821778,571","13,50282889","52,46033533",,,4547.0,11.0
210861,11,4,4200311.0,2021,5,13,4,3,0,3,0,1,1,0,0,0,0,0,"790739,7919","5826718,092","13,28523697","52,51287292",,,4444.0,62.0
210860,11,10,10200420.0,2021,4,17,1,3,5,3,0,0,1,0,0,0,1,1,"811992,6029","5830703,374","13,60116274","52,53684627",,,4657.0,9.0
210859,11,9,9200819.0,2021,4,14,5,3,5,3,0,0,1,0,0,0,0,0,"810184,628","5820391,587","13,56499302","52,44546814",,,7660.0,47.0
210858,11,5,5300736.0,2021,4,12,3,3,2,6,0,0,1,0,0,0,0,0,"786818,3557","5829747,14","13,23022394","52,54210658",,,3865.0,47.0
210857,11,6,7300619.0,2021,4,11,2,3,2,6,0,0,1,0,0,0,0,0,"795121,9441","5821294,351","13,34482269","52,46189942",,,6339.0,60.0
210856,11,5,5200631.0,2021,5,20,5,3,1,5,2,0,1,0,0,0,0,1,"784792,4452","5826880,086","13,19797555","52,51746333",,,4046.0,41.0
210855,11,4,4400835.0,2021,4,19,3,3,5,3,0,0,1,0,0,0,0,0,"792825,6448","5821856,686","13,31161407","52,468176",,,5842.0,63.0
210854,11,3,3300411.0,2021,3,15,1,3,5,3,0,0,1,0,1,0,0,0,"803793,413","5839220,722","13,4884568","52,6178155",,,5157.0,60.0
210853,11,11,11200515.0,2021,4,15,5,2,1,7,0,0,1,0,0,0,0,1,"805561,7434","5830265,315","13,50624196","52,53656386",,,3749.0,17.0
210852,11,7,7100102.0,2021,3,22,5,3,6,2,2,0,1,1,0,0,0,0,"795519,8203","5825477,438","13,35436958","52,49918272",,,3948.0,43.0
210851,11,9,9200715.0,2021,5,6,3,3,0,2,0,1,0,0,0,0,1,0,"809480,6822","5818371,539","13,55279852","52,42776357",,,4652.0,24.0
210850,11,8,8200832.0,2021,4,19,1,3,1,5,2,1,1,0,0,0,0,0,"801520,8131","5816580,527","13,43447191","52,41615485",,,5856.0,52.0
210849,11,4,4300416.0,2021,5,20,2,3,0,7,1,0,0,0,1,0,0,1,"791741,0373","5826105,043","13,29941198","52,50684242",,,5854.0,49.0
210848,11,12,12100205.0,2021,4,18,4,3,5,2,0,0,1,0,0,0,1,0,"793795,136","5832735,895","13,33545168","52,56518191",,,2057.0,59.0
210847,11,9,9200715.0,2021,5,17,1,3,5,2,0,1,1,0,0,0,0,0,"809404,156","5818446,512","13,55174595","52,42847875",,,6188.0,57.0
210846,11,8,8300934.0,2021,4,14,7,3,5,2,0,0,1,0,0,0,0,0,"803160,776","5818437,406","13,46019451","52,43189235",,,6741.0,65.0
210845,11,11,2500835.0,2021,4,18,1,3,2,6,0,0,1,0,0,0,0,0,"803323,0265","5826306,262","13,46972648","52,50233033",,,3248.0,24.0
210844,11,7,7501134.0,2021,5,14,1,3,2,7,0,0,1,0,0,0,0,0,"799697,4058","5819022,722","13,40992986","52,43904732",,,2466.0,61.0
210843,11,12,12400721.0,2021,5,13,7,3,5,3,0,0,1,0,0,0,0,1,"790311,9933","5841090,889","13,29153741","52,64195175",,,3546.0,33.0
210842,11,4,4300620.0,2021,4,8,2,3,5,2,0,1,1,0,0,0,0,0,"794159,5592","5827006,593","13,33574032","52,51362566",,,4564.0,57.0
210841,11,1,1401043.0,2021,5,13,2,3,2,6,0,0,1,0,0,0,1,0,"795670,0045","5830901,793","13,36139796","52,54772598",,,5363.0,56.0
210840,11,2,2100104.0,2021,5,11,6,3,5,2,0,1,0,0,0,1,0,1,"799185,1007",5826256,"13,4089029","52,50416435",,,3753.0,58.0
210839,11,2,2400521.0,2021,5,7,5,3,5,2,0,1,0,0,0,0,1,0,"800485,7326","5828469,318","13,43000598","52,52328828",,,4059.0,30.0
210838,11,3,3601244.0,2021,4,15,2,3,5,3,0,1,1,0,0,0,0,0,"800085,06","5831671,331","13,42700967","52,55220956",,,6162.0,62.0
210837,11,3,3601244.0,2021,3,14,4,2,5,3,0,1,1,0,0,0,0,0,"800084,1161","5831671,529","13,42699597","52,55221185",,,5356.0,13.0
210836,11,3,3400618.0,2021,5,7,4,3,3,6,0,1,0,0,0,1,0,0,"796189,5773","5836498,118","13,37403638","52,59760866",,,6959.0,61.0
210835,11,1,1100207.0,2021,4,15,3,3,5,3,0,0,1,0,1,0,0,0,"798221,3573","5826622,411","13,39507452","52,50797636",,,5054.0,36.0
210834,11,8,8200832.0,2021,3,16,2,3,2,6,0,1,1,0,0,0,0,0,"801544,055","5817531,435","13,43566958","52,42466538",,,7721.0,65.0
210833,11,4,4100101.0,2021,4,16,5,3,5,2,0,0,1,0,0,0,0,0,"793352,206","5829681,351","13,32623697","52,53803842",,,4460.0,59.0
210832,11,12,12200309.0,2021,3,19,5,3,1,5,2,1,1,0,0,0,0,0,"793198,0862","5832620,806","13,32656682","52,56447208",,,4160.0,4.0
210831,11,6,6300633.0,2021,5,12,2,3,5,3,0,1,1,0,0,0,0,0,"792938,1633","5819048,805","13,3108023","52,44294362",,,4045.0,42.0
210830,11,2,2100105.0,2021,4,17,7,3,1,5,0,0,1,0,0,0,0,0,"799725,4769","5825784,297","13,41641584","52,49963969",,,6438.0,61.0
210829,11,8,8100104.0,2021,5,15,2,3,0,1,0,1,0,0,0,0,0,0,"800948,9428","5822315,26","13,43125322","52,46787235",,,4846.0,41.0
210828,11,6,6300528.0,2021,4,15,4,2,0,6,0,0,1,0,1,0,0,0,"790576,9406","5815193,11","13,27281083","52,40963614",,,4656.0,41.0
210827,11,11,11300826.0,2021,5,0,7,3,1,5,2,0,0,0,1,0,1,1,"804365,3906","5826857,869","13,4855398","52,50669378",,,4557.0,40.0
210826,11,12,12200310.0,2021,4,15,1,2,5,2,0,0,1,0,1,0,0,0,"792183,186","5832945,877","13,31192298","52,56793183",,,1054.0,55.0
210825,11,1,1100102.0,2021,5,18,5,3,2,7,0,0,1,0,0,0,1,0,"796908,4228","5826684,389","13,37584171","52,50924807",,,5925.0,47.0
210824,11,1,1401045.0,2021,4,13,3,3,2,6,0,0,1,0,0,0,0,0,"796838,7662","5831562,531","13,37917429","52,55301316",,,5250.0,54.0
210823,11,1,1400938.0,2021,4,12,7,3,2,6,0,0,1,0,0,0,0,0,"793878,5495","5830057,809","13,33430812","52,54112956",,,5249.0,5.0
210822,11,2,2200209.0,2021,4,16,3,3,5,2,0,1,0,0,0,0,1,1,"797100,5989","5824292,881","13,37653176","52,4877061",,,5349.0,29.0
210821,11,7,7300515.0,2021,5,15,4,3,5,2,0,1,1,0,0,0,0,0,"793901,0228","5822395,951","13,32787422","52,47243284",,,6239.0,62.0
210820,11,8,8200622.0,2021,4,15,5,3,0,6,0,0,0,0,0,0,1,0,"801224,3322","5821668,587","13,43471125","52,46192427",,,6088.0,54.0
210819,11,10,10100209.0,2021,3,7,3,3,2,6,0,0,1,0,0,0,0,0,"809937,6314","5831679,768","13,57187276","52,54676872",,,4658.0,28.0
210818,11,12,12400618.0,2021,4,10,1,3,0,2,0,1,0,0,1,0,0,0,"785964,148","5839248,384","13,2258623","52,62774037",,,4657.0,9.0
210817,11,10,10100311.0,2021,3,9,6,3,4,5,0,1,1,0,0,0,0,0,"807551,3097","5828280,264","13,53364738","52,5176548",,,4453.0,15.0
210816,11,10,10200627.0,2021,5,16,3,3,0,7,0,0,1,0,0,0,0,0,"811261,9852","5829653,875","13,58944277","52,52785915",,,4944.0,25.0
210815,11,10,10300734.0,2021,5,15,3,3,2,6,0,0,1,0,0,0,0,0,"809634,2576","5826400,953","13,56249886","52,49963453",,,5152.0,56.0
210814,11,8,8100419.0,2021,4,13,6,3,5,7,0,0,1,0,1,0,0,0,"802105,7012","5824413,594","13,4501308","52,48604155",,,3762.0,55.0
210813,11,4,4200310.0,2021,5,15,6,3,2,6,0,0,1,0,0,0,0,0,"789970,04","5826237,357","13,27350703","52,50897283",,,3731.0,60.0
210812,11,7,7501029.0,2021,4,14,4,3,2,6,0,0,1,0,0,0,0,0,"797478,2589","5819282,246","13,37761086","52,44258528",,,7328.0,63.0
210811,11,7,7100102.0,2021,3,12,3,3,5,7,0,0,1,0,1,0,0,0,"795442,1162","5825720,689","13,35344403","52,50140535",,,4942.0,18.0
210810,11,7,7601544.0,2021,4,5,5,3,5,3,2,1,1,0,0,0,0,1,"799062,0912","5814264,64","13,39635928","52,39674452",,,3248.0,24.0
210809,11,2,2400623.0,2021,4,12,3,3,6,4,0,0,1,1,0,0,0,0,"800578,0552","5827053,002","13,43008312","52,51054257",,,4355.0,53.0
210808,11,9,9401635.0,2021,5,15,2,3,5,3,0,1,0,0,0,0,0,0,"819487,204","5818434,732","13,69953656","52,4225792",,,3245.0,33.0
210807,11,9,9501939.0,2021,3,19,3,3,2,6,0,0,1,0,0,0,1,0,"809661,4615","5821479,075","13,55832821","52,45551052",,,4949.0,42.0
210806,11,11,11300721.0,2021,4,11,2,2,0,3,0,0,1,0,0,0,1,0,"804944,259","5828708,831","13,49573853","52,52295978",,,3248.0,24.0
210805,11,3,3601245.0,2021,5,16,2,3,5,2,0,0,1,0,0,0,0,0,"800606,2795","5831407,648","13,43443524","52,54955872",,,4872.0,61.0
210804,11,2,2200210.0,2021,5,20,4,3,5,3,2,0,1,0,0,0,0,0,"798032,8728","5824847,806","13,39071748","52,49217221",,,1759.0,52.0
210803,11,3,3701554.0,2021,5,22,4,3,1,5,2,0,1,0,1,0,0,0,"798941,5151","5829965,844","13,40865899","52,53755126",,,457.0,54.0
210802,11,2,2200212.0,2021,4,9,6,3,5,2,0,1,1,0,0,0,0,0,"800269,3621","5824383,639","13,42314167","52,48678606",,,4643.0,57.0
210801,11,5,5100317.0,2021,3,16,4,3,5,2,0,1,1,0,0,0,0,0,"785306,6709","5828678,392","13,20707626","52,533318",,,5247.0,65.0
210800,11,4,4400727.0,2021,5,19,1,3,5,2,0,0,1,0,0,0,0,1,"790958,9948","5823027,337","13,28523416","52,47966833",,,3963.0,52.0
210799,11,9,9100306.0,2021,5,13,4,3,2,5,0,0,1,0,0,0,0,0,"804338,1858","5819725,367","13,4786322","52,44278238",,,5848.0,53.0
210798,11,2,2300418.0,2021,4,9,4,2,5,5,0,1,1,0,0,0,0,0,"801137,9028","5825081,498","13,4365248","52,49256278",,,3056.0,54.0
210797,11,1,1300733.0,2021,3,8,4,2,5,3,0,0,1,0,0,0,1,0,"797075,8775","5831681,599","13,38276775","52,55395119",,,5359.0,51.0
210796,11,1,1200517.0,2021,5,13,2,3,0,7,0,1,0,0,0,0,0,0,"793542,3113","5828158,422","13,32768706","52,52428379",,,7935.0,61.0
210795,11,8,8200622.0,2021,4,13,2,3,5,3,0,1,1,0,0,0,0,0,"801651,4128","5821579,973","13,44089828","52,46089442",,,4274.0,64.0
210794,11,12,12601236.0,2021,5,15,2,3,2,6,0,0,1,0,0,0,0,0,"794327,444","5836333,187","13,3464767","52,59714127",,,6466.0,64.0
210793,11,3,3601141.0,2021,5,11,2,3,5,2,0,0,1,0,0,0,1,0,"798990,3381","5831802,613","13,41103012","52,55398832",,,4456.0,28.0
210792,11,1,1200520.0,2021,5,20,6,3,1,5,1,1,1,0,0,0,0,1,"794139,1252","5828450,758","13,33671709","52,52658276",,,3345.0,42.0
210791,11,3,3500934.0,2021,5,14,5,3,2,6,0,0,1,0,0,0,0,0,"801077,9634","5832020,127","13,44192604","52,55478794",,,4654.0,10.0
210790,11,6,6100207.0,2021,4,14,1,2,5,3,0,0,1,0,0,0,1,0,"793962,0409","5819619,771","13,32632523","52,44751267",,,958.0,48.0
210789,11,1,1300836.0,2021,4,17,5,3,1,5,0,0,1,0,1,0,0,0,"796899,1971","5831387,944","13,37990685","52,55141525",,,4356.0,64.0
210788,11,7,7400927.0,2021,5,14,4,3,5,3,0,0,0,0,1,0,1,0,"798716,2265","5821874,012","13,3980887","52,46514246",,,4863.0,28.0
210787,11,2,2300316.0,2021,4,19,4,3,4,7,0,1,0,1,0,0,0,0,"801349,19","5826123,833","13,44057043","52,50178883",,,3162.0,49.0
210786,11,4,4300622.0,2021,3,15,1,3,6,7,0,0,1,1,0,0,0,0,"793789,3264","5826287,997","13,32966593","52,50738336",,,4523.0,61.0
210785,11,8,8301036.0,2021,4,18,5,3,2,6,0,0,1,0,0,0,0,0,"803380,9345","5817498,638","13,46257137","52,42335611",,,4755.0,4.0
210784,11,7,7400822.0,2021,3,14,5,3,5,3,0,0,1,0,0,0,0,0,"796820,8675","5822180,297","13,37054366","52,46892095",,,5073.0,56.0
210783,11,4,4200310.0,2021,5,19,4,3,2,2,0,0,1,0,0,0,0,1,"790044,5208","5826673,082","13,27498112","52,51283957",,,3547.0,43.0
210782,11,5,5300737.0,2021,5,13,2,3,2,3,0,0,1,0,0,0,0,0,"787594,7293","5829401,366","13,24134114","52,53859731",,,3147.0,43.0
210781,11,8,8200729.0,2021,4,16,4,3,5,3,0,1,1,0,0,0,0,0,"799537,696","5817722,667","13,40642264","52,42748152",,,4459.0,28.0
210780,11,5,5100317.0,2021,5,23,1,3,1,5,2,1,1,0,0,0,0,0,"785263,6632","5828683,175","13,20644804","52,5333834",,,4459.0,28.0
210779,11,9,9401534.0,2021,4,17,1,3,5,2,0,1,1,0,0,0,0,0,"811358,9466","5820172,317","13,58201129","52,44283575",,,4164.0,52.0
210778,11,6,6200313.0,2021,5,19,6,3,5,3,0,0,1,0,1,0,0,0,"795304,4025","5818536,4","13,34506221","52,43707749",,,4351.0,43.0
210777,11,4,4500937.0,2021,4,13,3,3,2,6,0,0,1,0,0,0,0,0,"790893,0177","5824753,602","13,28577216","52,49517955",,,4562.0,59.0
210776,11,2,2200208.0,2021,3,19,3,3,0,2,0,1,0,0,0,0,1,0,"797913,354","5825279,649","13,38934847","52,49610841",,,1555.0,55.0
210775,11,6,6100206.0,2021,4,17,3,3,0,6,0,1,1,0,0,0,0,0,"794197,8605","5819428,554","13,3296167","52,44567164",,,2850.0,46.0
210774,11,8,8100314.0,2021,5,19,6,3,1,5,0,1,1,0,0,0,0,0,"800667,9728","5824296,121","13,42891544","52,48578224",,,2954.0,41.0
210773,11,12,12400618.0,2021,4,18,5,3,5,3,0,1,1,0,0,0,0,0,"786991,3658","5838311,044","13,2401833","52,61879502",,,1664.0,56.0
210772,11,3,3200309.0,2021,3,9,2,3,2,6,0,0,0,0,1,0,1,0,"800138,0816","5837724,339","13,43326985","52,60643456",,,5043.0,50.0
210771,11,8,8100521.0,2021,4,17,7,3,5,3,0,1,1,0,0,0,0,0,"802103,9058","5822451,565","13,44832706","52,46845666",,,3567.0,10.0
210770,11,2,2300314.0,2021,3,19,6,3,0,3,2,1,0,0,0,0,1,0,"800116,2313","5825756,834","13,42213019","52,49917878",,,3963.0,52.0
210769,11,7,7300516.0,2021,5,16,2,3,5,2,0,1,1,0,0,0,0,0,"793986,0451","5821567,684","13,32839253","52,46496203",,,4649.0,53.0
210768,11,2,2400623.0,2021,5,19,5,3,1,5,0,1,1,0,0,0,0,0,"801241,2658","5827768,991","13,44047416","52,51659426",,,3248.0,24.0
210767,11,3,3500933.0,2021,5,20,4,3,6,4,1,0,1,1,0,0,0,0,"802650,4373","5832424,402","13,4654176","52,55753986",,,3555.0,16.0
210766,11,8,8401139.0,2021,4,15,4,3,5,3,0,1,1,0,0,0,0,0,"803577,5312","5818638,677","13,46648847","52,43346523",,,7234.0,64.0
210765,11,12,12601031.0,2021,4,12,6,3,3,2,0,0,1,0,0,0,1,0,"793475,1896","5836992,618","13,33451481","52,60351323",,,6352.0,56.0
210764,11,3,3400619.0,2021,4,8,3,2,5,2,0,0,1,0,1,0,0,0,"795633,7013","5835623,174","13,36507233","52,59006819",,,4127.0,64.0
210763,11,1,1100206.0,2021,3,12,4,3,5,3,0,1,1,0,0,0,0,0,"797883,8696","5827479,959","13,39088419","52,51584761",,,6240.0,57.0
210762,11,3,3200310.0,2021,4,15,6,3,2,6,0,0,1,0,0,0,0,0,"799269,2216","5837678,515","13,42043629","52,60650283",,,4548.0,24.0
210761,11,4,4200308.0,2021,5,11,7,3,0,2,0,0,1,0,0,0,1,0,"789948,368","5827379,847","13,27418413","52,51922695",,,6442.0,53.0
210760,11,3,3601346.0,2021,5,9,6,3,1,5,0,1,1,0,0,0,0,0,"799419,6476","5830809,642","13,41644799","52,54485209",,,4769.0,58.0
210759,11,1,1300733.0,2021,4,19,2,3,5,7,0,0,1,0,1,0,0,1,"797288,5386","5831275,629","13,38553165","52,55019612",,,4357.0,21.0
210758,11,5,5300839.0,2021,4,17,5,3,0,7,0,1,0,0,0,0,0,0,"788897,9076","5830083,753","13,26109571","52,54402576",,,1765.0,64.0
210757,11,6,6400843.0,2021,4,19,3,3,0,2,1,1,1,0,0,0,0,1,"791677,0874","5820658,463","13,29370703","52,45804837",,,2651.0,45.0
210756,11,4,4300416.0,2021,4,18,3,2,5,3,0,1,0,0,1,0,0,1,"791997,7192","5825978,282","13,30307195","52,50556871",,,4674.0,48.0
210755,11,4,4501042.0,2021,5,17,5,3,0,1,0,1,0,0,0,0,0,1,"793903,6187","5826058,263","13,33114225","52,50526235",,,1465.0,57.0
210754,11,8,8100105.0,2021,4,6,4,3,5,2,0,1,0,0,0,0,1,0,"801173,8018","5821800,491","13,43408877","52,46313441",,,6825.0,65.0
210753,11,1,1400942.0,2021,3,8,2,3,6,4,0,1,0,1,0,0,0,0,"794609,3496","5830796,727","13,34570815","52,54735878",,,3862.0,51.0
210752,11,2,2500726.0,2021,4,15,6,3,5,2,0,1,1,0,0,0,0,0,"801962,1072","5828236,961","13,45148974","52,52039007",,,5064.0,24.0
210751,11,4,4300623.0,2021,3,9,6,2,5,2,0,1,1,0,0,0,0,1,"792736,2973","5826094,556","13,31402489","52,50621528",,,3145.0,38.0
210750,11,12,12500930.0,2021,5,14,3,3,2,6,0,0,1,0,0,0,0,1,"792909,6433","5835184,728","13,32458876","52,58761154",,,4761.0,38.0
210749,11,5,5200629.0,2021,5,9,2,3,5,2,0,0,1,0,0,0,0,0,"784300,0923","5828706,849","13,19230106","52,53409914",,,2729.0,59.0
210748,11,12,12100103.0,2021,4,17,5,3,6,7,0,0,1,1,0,0,0,1,"795647,1912","5833554,514","13,3634257","52,57151745",,,5044.0,14.0
210747,11,4,4501044.0,2021,4,16,3,3,0,6,0,0,1,0,1,0,0,0,"793183,0973","5824554,802","13,31923356","52,49217204",,,5742.0,57.0
210746,11,7,7400826.0,2021,3,15,3,2,4,6,0,0,1,0,0,0,0,0,"796761,2048","5819990,106","13,36772098","52,44932025",,,8810.0,62.0
210745,11,6,6300524.0,2021,4,14,6,3,6,4,0,0,1,1,0,0,0,0,"788513,2224","5816864,052","13,24399604","52,42570872",,,6158.0,57.0
210744,11,9,9100306.0,2021,4,8,3,3,2,6,0,0,1,0,0,0,1,0,"804218,5224","5821056,354","13,4780892","52,45477834",,,6168.0,60.0
210743,11,10,10200417.0,2021,5,13,7,3,5,2,0,1,1,0,0,0,0,0,"811298,162","5831620,77","13,59181667","52,54546437",,,6371.0,63.0
210742,11,1,1100207.0,2021,5,12,7,3,1,5,0,1,1,0,0,0,0,1,"798309,0806","5826736,331","13,39646531","52,50894955",,,5052.0,43.0
210741,11,11,11200514.0,2021,3,16,3,3,2,7,0,0,1,0,0,0,0,0,"805436,6294","5830302,949","13,50443764","52,53697127",,,1462.0,37.0
210740,11,9,9501939.0,2021,4,14,2,3,5,3,0,1,1,0,0,0,0,0,"810822,8129","5821366,1","13,57525949","52,45383895",,,1848.0,65.0
210739,11,6,6100101.0,2021,5,15,2,3,5,3,0,1,0,0,0,0,1,0,"793517,6294","5820653,656","13,32071357","52,4570199",,,7133.0,61.0
210738,11,3,3400620.0,2021,5,18,5,3,5,2,0,1,0,0,0,0,0,0,"797949,959","5833669,902","13,39740726","52,57129612",,,3349.0,12.0
210737,11,11,11200513.0,2021,5,18,4,3,2,6,0,0,1,0,0,0,0,0,"804350,5283","5830824,248","13,48895133","52,54225105",,,3757.0,51.0
210736,11,6,6300632.0,2021,4,10,6,3,5,3,0,0,1,0,0,0,0,0,"792504,638","5817473,217","13,30306353","52,42905069",,,3780.0,63.0
210735,11,5,5100105.0,2021,3,11,4,2,2,6,0,0,1,0,0,0,0,0,"784379,9378","5831073,071","13,19550099","52,55527308",,,5145.0,46.0
210734,11,7,7601341.0,2021,5,18,3,3,0,2,0,1,1,0,0,0,0,0,"797599,5324","5815556,719","13,3760752","52,40912347",,,4463.0,27.0
210733,11,6,6100207.0,2021,4,8,4,3,2,6,0,0,1,0,0,0,1,0,"793402,6135","5820065,231","13,31850868","52,45180659",,,5163.0,58.0
210732,11,1,1100309.0,2021,3,14,4,3,8,7,0,0,0,0,0,0,1,0,"798659,6103","5828550,589","13,40324343","52,52502007",,,4463.0,27.0
210731,11,7,7200307.0,2021,5,20,2,3,5,3,2,0,1,0,0,0,0,1,"794839,2389","5824674,058","13,34366175","52,49234907",,,2282.0,59.0
210730,11,8,8100521.0,2021,4,11,2,3,5,3,0,0,1,0,0,0,0,0,"803761,1029","5821792,987","13,4720485","52,46163508",,,4047.0,22.0
210729,11,5,5400943.0,2021,5,17,2,3,2,7,2,0,1,0,1,0,0,1,"780259,9578","5821084,826","13,12647929","52,46784643",,,3567.0,10.0
210728,11,8,8200833.0,2021,5,12,3,2,5,3,0,1,1,0,0,0,0,0,"802291,299","5816652,757","13,44583172","52,41637729",,,5044.0,14.0
210727,11,2,2100106.0,2021,5,16,7,3,3,6,0,1,1,0,0,0,0,0,"799196,2182","5825623,839","13,40849825","52,49849185",,,6472.0,65.0
210726,11,9,9200716.0,2021,5,14,6,3,5,3,0,1,1,0,0,0,0,0,"808916,4005","5819068,123","13,54516918","52,43432524",,,3858.0,57.0
210725,11,8,8200831.0,2021,4,9,2,3,2,6,0,0,1,0,0,0,1,1,"799899,7779","5816559,146","13,41068905","52,41685378",,,3848.0,36.0
210724,11,4,4400830.0,2021,4,10,6,3,5,3,0,1,1,0,0,0,0,0,"791309,672","5822998,915","13,29035837","52,47922657",,,2960.0,63.0
210723,11,2,2200210.0,2021,4,15,3,3,5,2,0,1,1,0,0,0,0,0,"798288,8761","5825321,198","13,39490081","52,49627574",,,5165.0,60.0
210722,11,1,1200517.0,2021,5,6,4,3,5,2,0,1,1,0,0,0,0,1,"793500,7226","5829379,96","13,32815425","52,53525665",,,3145.0,38.0
210721,11,5,5300736.0,2021,4,15,3,3,2,6,0,0,1,0,0,0,0,0,"786087,0864","5829144,833","13,21895179","52,53709091",,,2849.0,40.0
210720,11,3,3601142.0,2021,3,10,3,3,1,5,0,1,0,0,0,0,1,0,"799033,3107","5831080,022","13,41101131","52,54748781",,,3444.0,24.0
210719,11,5,5300841.0,2021,4,15,5,3,2,6,0,0,1,0,0,0,0,0,"789245,9695","5829300,595","13,26553216","52,53681993",,,6058.0,52.0
210718,11,4,4500939.0,2021,3,16,6,3,2,7,0,0,1,0,0,0,0,0,"791954,3249","5824170,025","13,30084942","52,48938118",,,3326.0,55.0
210717,11,1,1100310.0,2021,5,14,4,3,5,2,0,1,0,0,0,1,0,0,"799508,8506","5828834,917","13,41597982","52,52710278",,,4229.0,34.0
210716,11,10,10100207.0,2021,5,15,4,3,6,4,0,0,1,1,0,0,0,0,"810260,5632","5832047,698","13,57696351","52,54988209",,,3821.0,61.0
210715,11,11,11100203.0,2021,4,18,5,3,5,3,1,1,0,0,0,0,0,0,"806852,5446","5834050,803","13,52871208","52,56976435",,,7462.0,45.0
210714,11,1,1300836.0,2021,5,17,1,3,2,6,0,0,1,0,0,0,0,0,"796733,7103","5830469,411","13,37665262","52,54327181",,,5079.0,56.0
210713,11,5,5200629.0,2021,4,12,3,3,2,6,0,0,1,0,0,0,0,0,"784651,8568","5828611,369","13,1973913","52,53305946",,,1959.0,49.0