ObjectID,State,District,LOR_ab_2021,AccidentYear,AccidentMonth,AccidentHour,DayOfWeek,AccidentCategory,AccidentType,AccidentTypeDetail,LightingCondition,InvolvingBike,InvolvingCar,InvolvingPedestrian,InvolvingMotorcycle,InvolvingHGV,InvolvingOther,RoadCondition,GraphicCoord1,GraphicCoord2,LongitudeWGS84,LatitudeWGS84,quadrant,quadrant_rank
210199,11,9,9200510.0,2021,2,17,3,3,6,7,1,1,0,1,0,0,0,0,"806447,4401","5822249,315","13,51188382","52,4642251",,,4953.0,49.0
210198,11,8,8100102.0,2021,1,14,7,3,1,5,0,0,1,0,0,0,1,1,"800516,058","5823437,743","13,42591123","52,4781719",,,5434.0,63.0
210197,11,4,4400728.0,2021,3,17,4,2,6,4,0,0,1,1,0,0,0,0,"790037,9893","5823780,664","13,27236609","52,48691202",,,6468.0,61.0
210196,11,8,8100208.0,2021,3,8,5,3,0,2,0,1,1,0,0,0,0,1,"801637,0967","5822641,373","13,44164758","52,47041588",,,3555.0,16.0
210195,11,8,8200726.0,2021,3,17,1,3,5,2,1,0,1,0,0,0,0,0,"802369,622","5819929,247","13,44994255","52,44570184",,,3945.0,34.0
210194,11,9,9200715.0,2021,2,11,3,3,5,3,0,0,1,0,0,0,0,1,"808100,9629","5818953,636","13,53310676","52,43375908",,,2947.0,18.0
210193,11,10,10100312.0,2021,3,15,3,3,5,3,0,1,1,0,0,0,0,0,"808498,075","5829508,787","13,54869552","52,52812991",,,3138.0,63.0
210192,11,7,7100101.0,2021,1,17,5,3,1,5,2,1,1,0,0,0,0,1,"794637,7079","5825746,476","13,34165063","52,50207145",,,3373.0,65.0
210191,11,3,3400619.0,2021,2,16,4,3,5,3,0,0,1,0,0,0,0,1,"795863,1973","5835596,065","13,36842595","52,58970042",,,5667.0,54.0
210190,11,9,9501737.0,2021,3,8,6,3,0,3,0,0,1,0,0,0,0,1,"814210,1404","5821999,652","13,62554104","52,45757975",,,5557.0,49.0
210189,11,11,2500835.0,2021,2,16,4,3,2,6,0,0,1,0,0,0,1,0,"803279,5637","5826314,461","13,4690956","52,50242798",,,4251.0,2.0
210188,11,1,1200623.0,2021,1,20,2,3,6,4,2,1,0,1,0,0,0,0,"795801,1895","5829040,275","13,36166973","52,530968",,,5132.0,38.0
210187,11,3,3500936.0,2021,3,14,6,3,5,2,0,0,1,0,0,0,1,1,"802268,288","5831574,409","13,45902391","52,55013372",,,663.0,63.0
210186,11,1,1200628.0,2021,3,17,7,3,5,2,0,1,1,0,0,0,0,1,"795727,5688","5828198,207","13,35983865","52,52345957",,,7065.0,59.0
210185,11,10,10200421.0,2021,3,12,2,3,2,6,0,0,1,0,0,0,0,0,"812101,6373","5830901,662","13,60295133","52,53856073",,,2160.0,45.0
210184,11,6,6400844.0,2021,1,15,5,2,0,2,0,0,1,0,0,0,1,1,"790387,9838","5820840,414","13,27494622","52,4603661",,,4453.0,15.0
210183,11,4,4501043.0,2021,1,14,1,3,6,7,0,0,1,1,0,0,0,0,"792911,7253","5824396,527","13,31510883","52,49089884",,,6335.0,57.0
210182,11,1,1100310.0,2021,2,20,2,3,5,2,2,0,1,0,0,0,0,0,"799245,9638","5828468,918","13,41178694","52,52396652",,,4536.0,56.0
210181,11,3,3100101.0,2021,3,16,2,3,0,1,0,0,0,0,0,0,1,0,"802024,907","5840382,05","13,46347499","52,62920996",,,3247.0,45.0
210180,11,6,6100209.0,2021,1,17,4,3,6,4,2,0,1,1,0,0,0,0,"794751,6041","5821238,764","13,3393384","52,461601",,,4346.0,53.0
210179,11,12,12500825.0,2021,2,14,3,3,5,3,0,0,1,0,0,0,0,2,"791643,4513","5834492,359","13,30534255","52,58208501",,,4647.0,52.0
210178,11,7,7400721.0,2021,2,17,5,3,4,6,0,1,0,0,0,0,0,0,"798744,4908","5823946,609","13,40035989","52,48370517",,,5325.0,63.0
210177,11,4,4501152.0,2021,1,18,3,3,6,2,2,0,1,1,0,0,0,1,"793977,4897","5824447,331","13,33080562","52,49078137",,,2950.0,60.0
210176,11,3,3601142.0,2021,3,9,4,3,0,1,0,1,0,0,0,0,0,0,"799181,3164","5831224,038","13,41331723","52,54869743",,,3346.0,47.0
210175,11,9,9100304.0,2021,1,3,6,3,2,7,2,0,1,0,0,0,0,0,"804296,1294","5821790,496","13,4798969","52,46131509",,,3028.0,65.0
210174,11,7,7400720.0,2021,1,17,5,3,2,6,2,0,1,0,1,0,0,1,"797303,0841","5822582,158","13,3779797","52,47226102",,,4559.0,31.0
210173,11,1,1300834.0,2021,1,17,4,3,2,6,2,0,1,1,0,0,0,1,"798428,4466","5830218,318","13,40134352","52,54009554",,,4351.0,43.0
210172,11,9,9401534.0,2021,2,14,2,3,0,6,0,0,1,0,1,0,0,0,"810818,0403","5820307,289","13,57420433","52,44435302",,,5539.0,57.0
210171,11,8,8100206.0,2021,3,19,3,3,2,7,2,1,1,0,0,0,0,0,"800704,4886","5823897,797","13,42909228","52,48219181",,,4049.0,39.0
210170,11,7,7501031.0,2021,3,15,4,3,1,5,0,1,1,0,0,0,0,0,"797933,5161","5820446,843","13,38532767","52,45277681",,,3546.0,33.0
210169,11,7,7501133.0,2021,2,17,3,3,2,6,2,0,1,0,0,0,1,1,"798171,1886","5819016,264","13,38753809","52,43982365",,,3183.0,60.0
210168,11,3,3601141.0,2021,3,7,3,2,5,2,0,1,1,0,0,0,0,0,"798816,199","5831461,976","13,40816272","52,55103059",,,3567.0,10.0
210167,11,11,11501340.0,2021,1,18,7,2,6,4,2,0,1,1,0,0,0,0,"807240,3908","5824292,701","13,52540115","52,48209304",,,4275.0,65.0
210166,11,2,2100101.0,2021,2,8,2,3,5,2,0,1,1,0,0,0,0,0,"797666,4985","5825846,145","13,38622927","52,50132108",,,3931.0,63.0
210165,11,9,9100203.0,2021,3,8,6,3,2,7,0,0,1,0,0,0,0,0,"804255,0672","5824135,165","13,48143281","52,48235261",,,4546.0,40.0
210164,11,5,5100208.0,2021,2,13,7,3,4,1,0,0,1,0,0,0,0,2,"781570,058","5829947,589","13,15321092","52,54664156",,,4964.0,49.0
210163,11,7,7601544.0,2021,2,12,5,3,5,3,0,1,1,0,0,0,0,0,"799474,2837","5813160,221","13,4014125","52,38661951",,,4657.0,9.0
210162,11,1,1100310.0,2021,1,20,6,3,0,7,2,0,1,0,0,0,0,0,"799339,2721","5827653,452","13,41242433","52,51660588",,,4043.0,62.0
210161,11,1,1100313.0,2021,3,13,5,3,5,2,0,1,1,0,0,0,0,0,"799981,3937","5826939,188","13,4212151","52,50985085",,,4551.0,40.0
210160,11,2,2500835.0,2021,3,20,5,3,2,6,2,1,1,0,0,0,0,1,"802406,8572","5826148,662","13,45612725","52,50142627",,,5348.0,58.0
210159,11,4,4300623.0,2021,3,6,2,3,2,6,0,0,1,0,1,0,0,0,"792435,739","5826103,503","13,30961707","52,50645668",,,4855.0,25.0
210158,11,12,12100205.0,2021,2,18,6,3,2,6,2,0,1,0,0,0,0,0,"794457,3242","5832966,317","13,34539741","52,56688972",,,4230.0,54.0
210157,11,4,4300416.0,2021,1,13,6,3,5,2,0,1,1,0,0,0,0,1,"791711,0404","5826103,461","13,29896988","52,50684427",,,4547.0,11.0
210156,11,8,8100102.0,2021,3,12,3,3,5,2,0,1,1,0,0,0,0,0,"800175,464","5823650,664","13,42110297","52,48026771",,,5457.0,20.0
210155,11,10,10100101.0,2021,1,17,1,2,6,4,2,0,1,1,1,0,0,1,"809014,212","5834325,516","13,56076169","52,57100346",,,3352.0,26.0
210154,11,8,8200622.0,2021,2,5,4,3,1,5,2,0,1,0,0,0,0,1,"801240,8739","5821609,573","13,43490074","52,46138619",,,758.0,54.0
210153,11,2,2300419.0,2021,3,15,3,3,5,3,0,1,0,0,0,0,0,0,"801733,3771","5825453,594","13,44560598","52,4955691",,,6347.0,62.0
210152,11,11,11300722.0,2021,2,17,2,3,0,1,2,0,0,0,1,0,0,2,"803424,4385","5828351,966","13,47308094","52,52060915",,,6055.0,63.0
210151,11,1,1100101.0,2021,2,11,6,2,6,7,0,0,1,1,0,0,0,0,"794972,8188","5825955,877","13,34675874","52,50376753",,,7453.0,65.0
210150,11,8,8100207.0,2021,1,15,2,3,5,3,0,1,0,0,0,0,1,0,"801306,9866","5823560,345","13,43763267","52,47883503",,,3756.0,4.0
210149,11,5,5100105.0,2021,3,9,5,3,5,2,0,0,1,0,0,0,1,1,"784590,6969","5831092,077","13,19861757","52,55533339",,,3658.0,61.0
210148,11,5,5200632.0,2021,1,11,7,3,8,1,0,0,1,0,0,0,0,2,"786150,561","5827273,218","13,21827418","52,52027713",,,3538.0,44.0
210147,11,10,10100205.0,2021,3,17,1,3,5,3,1,0,1,0,0,0,0,1,"807610,1316","5832363,226","13,53829056","52,55421293",,,3546.0,33.0
210146,11,4,4300518.0,2021,1,17,2,2,5,3,2,1,1,0,0,0,0,1,"792203,9849","5828107,489","13,30797214","52,5245461",,,3843.0,36.0
210145,11,2,2100102.0,2021,1,7,3,2,5,3,2,0,1,0,0,0,0,1,"798185,0387","5826507,304","13,39443787","52,50696443",,,2854.0,17.0
210144,11,4,4200310.0,2021,2,19,2,2,1,1,2,0,1,0,0,0,0,0,"789066,3025","5826974,662","13,2608685","52,51606264",,,4453.0,15.0
210143,11,7,7601544.0,2021,3,10,3,3,5,2,0,1,0,0,1,0,0,0,"799523,285","5813992,505","13,40287409","52,39405316",,,4046.0,41.0
210142,11,2,2500728.0,2021,3,15,4,3,6,4,0,1,0,1,0,0,0,0,"803018,5046","5828285,412","13,46705582","52,52023835",,,2327.0,63.0
210141,11,12,12200515.0,2021,1,14,4,3,3,2,0,0,1,0,0,0,1,0,"790430,8259","5835179,146","13,28809794","52,58889062",,,3639.0,45.0
210140,11,8,8100520.0,2021,2,14,2,3,3,2,0,0,1,0,0,0,0,1,"803195,9041","5822734,415","13,4646103","52,47038691",,,1660.0,30.0
210139,11,2,2300316.0,2021,3,16,2,3,0,3,0,0,1,0,1,0,0,0,"800734,127","5826517,945","13,43189253","52,50566069",,,1558.0,34.0
210138,11,4,4500936.0,2021,1,18,4,3,6,2,2,0,1,1,0,0,0,1,"792095,1637","5825783,309","13,3043325","52,50376865",,,4355.0,53.0
210137,11,2,2500831.0,2021,3,12,6,3,3,6,0,1,0,0,0,1,0,0,"803056,1059","5827005,973","13,46644308","52,50875005",,,4259.0,40.0
210136,11,7,7501031.0,2021,2,12,4,3,5,7,0,0,1,0,0,0,1,1,"798436,1997","5820499,195","13,39274993","52,45297187",,,4846.0,41.0
210135,11,5,5100105.0,2021,2,12,6,3,5,3,0,1,1,0,0,0,0,0,"785201,8584","5831871,845","13,20827786","52,56200495",,,4745.0,46.0
210134,11,5,5300840.0,2021,1,13,2,3,2,6,0,0,1,0,1,0,0,0,"788898,5766","5829301,395","13,26042523","52,53701137",,,7422.0,62.0
210133,11,1,1100103.0,2021,3,18,5,2,6,4,1,0,0,1,1,0,0,0,"795291,0125","5826135,607","13,35159241","52,50520657",,,4051.0,54.0
210132,11,3,3400721.0,2021,3,13,6,2,5,2,0,1,1,0,0,0,0,0,"797821,6798","5832997,427","13,39491627","52,5653385",,,4551.0,40.0
210131,11,11,11300722.0,2021,3,14,2,3,1,5,0,1,1,0,0,0,0,0,"803553,6948","5828340,911","13,47497003","52,52043813",,,3354.0,60.0
210130,11,4,4300414.0,2021,1,11,3,3,5,3,0,0,1,0,0,0,0,1,"791451,4375","5827212,862","13,29612736","52,51692869",,,4059.0,30.0
210129,11,1,1400938.0,2021,1,20,3,3,5,3,2,0,1,0,0,0,0,1,"794439,2248","5831463,457","13,34379774","52,5534275",,,4664.0,42.0
210128,11,9,9200511.0,2021,2,5,2,2,5,3,2,0,1,0,1,0,0,0,"807854,3774","5822054,697","13,5323487","52,46169008",,,4920.0,65.0
210127,11,3,3400620.0,2021,3,22,1,2,5,2,2,0,1,0,0,0,0,1,"796758,6104","5834009,81","13,38018445","52,57499382",,,4453.0,15.0
210126,11,11,11401033.0,2021,1,7,5,2,6,2,2,0,1,1,0,0,0,1,"806960,4446","5827802,346","13,52452603","52,51370453",,,6660.0,39.0
210125,11,9,9100202.0,2021,2,13,1,3,5,7,0,0,1,0,0,0,0,2,"803061,7211","5824413,842","13,46416719","52,48551397",,,3829.0,50.0
210124,11,10,10100104.0,2021,2,21,7,3,1,5,2,0,0,0,0,1,1,0,"810115,173","5834527,851","13,57714377","52,57219057",,,4455.0,27.0
210123,11,2,2100104.0,2021,1,6,4,3,5,3,2,1,1,0,0,0,0,1,"799327,382","5826236,786","13,41097559","52,50391409",,,5764.0,57.0
210122,11,7,7501029.0,2021,3,12,4,3,2,6,0,1,0,0,0,0,1,0,"797515,872","5820065,284","13,37885992","52,44958398",,,4648.0,37.0
210121,11,11,11100206.0,2021,2,5,3,3,5,2,2,0,1,0,0,0,0,1,"805090,3309","5834617,054","13,50331281","52,57582977",,,5041.0,31.0
210120,11,6,6200314.0,2021,1,12,4,3,0,5,0,0,1,0,1,0,0,0,"794830,7347","5817895,556","13,33754929","52,43158818",,,4264.0,38.0
210119,11,2,2100106.0,2021,1,13,5,3,0,1,0,1,0,0,0,0,0,2,"799581,6273","5825642,07","13,41417514","52,49844383",,,4467.0,55.0
210118,11,10,10400938.0,2021,3,12,6,3,5,3,0,0,1,0,0,0,0,0,"814189,4225","5830066,059","13,63284361","52,52987353",,,2659.0,45.0
210117,11,10,10100311.0,2021,2,13,2,3,5,2,0,0,1,0,0,0,0,0,"806333,4371","5830184,824","13,51750984","52,53540929",,,4164.0,52.0
210116,11,3,3300514.0,2021,3,10,2,3,5,3,0,0,1,0,0,0,0,0,"802500,3898","5836824,387","13,46722572","52,59705925",,,2534.0,59.0
210115,11,11,11300619.0,2021,3,13,5,3,5,3,0,1,1,0,0,0,0,0,"803669,8355","5828775,329","13,47707311","52,52426703",,,3453.0,59.0
210114,11,6,6400840.0,2021,2,13,5,3,0,1,0,1,1,0,0,0,0,1,"788698,5364","5819790,098","13,24924135","52,45184463",,,5041.0,31.0
210113,11,7,7601341.0,2021,3,21,3,3,2,6,2,0,1,0,0,0,0,0,"797565,6597","5815548,761","13,37557162","52,40907055",,,2973.0,44.0
210112,11,12,12500825.0,2021,1,15,5,3,2,6,1,0,1,0,0,0,0,1,"792345,481","5835048,24","13,31616463","52,58669147",,,5682.0,62.0
210111,11,1,1300733.0,2021,2,19,4,3,6,4,2,0,1,1,0,0,0,1,"797018,9363","5831531,013","13,38179564","52,55263241",,,1728.0,61.0
210110,11,12,12601133.0,2021,2,15,2,3,5,3,0,0,1,0,0,0,0,2,"795734,9294","5837043,604","13,36783077","52,60274579",,,5439.0,56.0
210109,11,12,12100205.0,2021,3,10,7,2,2,6,0,0,1,0,0,0,1,0,"795571,3371","5834537,849","13,36318633","52,58037326",,,3154.0,20.0
210108,11,4,4200311.0,2021,2,14,4,3,5,3,0,1,0,0,0,0,0,0,"790477,41","5825988,024","13,28074429","52,50646761",,,6053.0,51.0
210107,11,8,8100105.0,2021,1,13,1,2,9,7,0,0,1,1,0,0,1,1,"801009,1985","5822149,028","13,4319876","52,46634917",,,3556.0,48.0
210106,11,4,4501147.0,2021,3,21,5,3,6,4,2,0,1,1,0,0,0,1,"792873,9682","5824310,139","13,31447839","52,49014466",,,5073.0,56.0
210105,11,11,11100206.0,2021,3,17,1,3,5,3,0,1,1,0,0,0,0,1,"805545,892","5834234,687","13,50966221","52,57214734",,,7069.0,49.0
210104,11,9,9100101.0,2021,3,10,2,2,5,3,0,1,1,0,0,0,0,0,"802095,9045","5825008,851","13,45052654","52,49138231",,,4155.0,51.0
210103,11,2,2500831.0,2021,2,14,6,3,6,4,0,1,0,1,0,0,0,0,"803081,3368","5827445,99","13,46721438","52,51267984",,,7032.0,50.0
210102,11,1,1100104.0,2021,1,14,7,3,9,7,0,0,1,0,0,0,0,0,"796097,5784","5825570,205","13,3629383","52,49970112",,,5543.0,65.0
210101,11,8,8200726.0,2021,1,14,3,3,5,2,0,1,1,0,0,0,0,1,"802366,5237","5819912,36","13,44988181","52,44555219",,,2941.0,57.0
210100,11,3,3701555.0,2021,1,14,3,3,1,5,0,1,1,0,0,0,0,1,"799572,9647","5830088,323","13,41805169","52,53830235",,,6053.0,51.0
210099,11,5,5200528.0,2021,2,9,5,3,2,6,0,0,1,0,0,0,0,1,"783794,9286","5826305,689","13,1828244","52,5128332",,,4425.0,63.0
210098,11,11,11200411.0,2021,3,15,3,2,5,2,0,1,1,0,0,0,0,0,"805606,1936","5831603,563","13,50812633","52,54853271",,,3086.0,61.0
210097,11,1,1100206.0,2021,1,14,3,3,0,1,0,1,0,0,0,0,0,0,"797963,5368","5827080,911","13,39169744","52,51222713",,,864.0,61.0
210096,11,4,4501148.0,2021,2,9,3,3,5,2,0,0,1,0,0,0,0,2,"792824,1357","5823228,314","13,31279614","52,48047312",,,4757.0,11.0
210095,11,1,1100308.0,2021,2,20,5,3,5,3,2,1,1,0,0,0,0,0,"797083,8086","5828186,314","13,37975939","52,52261569",,,2352.0,63.0
210094,11,5,5100313.0,2021,1,13,2,2,3,6,0,1,1,0,0,0,0,0,"785194,2052","5831098,867","13,207501","52,55507856",,,1453.0,50.0
210093,11,4,4501042.0,2021,3,14,4,3,1,5,0,0,0,0,1,0,1,0,"794423,124","5826078,216","13,33879181","52,50516113",,,4264.0,38.0
210092,11,2,2200210.0,2021,2,17,6,3,5,3,2,0,1,0,0,0,0,1,"798425,0107","5824768,658","13,39640523","52,4912485",,,4265.0,5.0
210091,11,9,9501939.0,2021,3,18,2,3,2,6,2,0,1,0,0,0,0,0,"809738,8844","5821531,568","13,55951268","52,45593709",,,4859.0,52.0
210090,11,8,8100520.0,2021,1,17,2,3,6,2,2,0,0,1,0,1,0,1,"803181,3797","5822714,253","13,46437881","52,47021427",,,5658.0,55.0
210089,11,1,1300835.0,2021,1,8,3,3,6,4,0,0,0,1,0,0,1,0,"797299,4101","5829953,682","13,38450834","52,53834055",,,3849.0,22.0
210088,11,7,7601340.0,2021,2,14,1,3,6,2,0,0,1,1,0,0,0,0,"796569,0812","5815882,313","13,361259","52,41260135",,,4938.0,62.0
210087,11,2,2300419.0,2021,3,8,3,3,6,4,0,0,1,1,0,0,0,0,"801549,9626","5825972,873","13,44338258","52,50032485",,,4568.0,63.0
210086,11,7,7601237.0,2021,3,16,4,2,5,3,0,0,1,0,1,0,0,0,"797376,0902","5816911,517","13,37400369","52,42138946",,,6629.0,41.0
210085,11,2,2200210.0,2021,2,11,7,3,5,7,0,0,1,0,0,0,0,0,"798677,6971","5825127,111","13,40043723","52,49432337",,,7938.0,65.0
210084,11,4,4400831.0,2021,2,11,7,3,5,3,0,0,1,0,0,0,0,0,"791147,3629","5822596,272","13,28762364","52,47570342",,,2851.0,8.0
210083,11,8,8100208.0,2021,1,12,4,3,5,3,0,0,1,0,0,0,0,1,"801131,3369","5822850,952","13,43441362","52,47257343",,,3176.0,65.0
210082,11,4,4100102.0,2021,3,17,5,3,2,2,1,0,1,0,0,0,1,0,"791219,3575","5829148,864","13,29441235","52,53440873",,,1859.0,54.0
210081,11,4,4100101.0,2021,2,15,3,3,5,2,0,0,1,0,0,0,0,1,"793352,206","5829681,351","13,32623697","52,53803842",,,4658.0,28.0
210080,11,2,2100101.0,2021,1,10,4,3,5,3,0,0,1,0,0,0,1,0,"797389,3503","5826186,965","13,38246276","52,50452726",,,5143.0,6.0
210079,11,8,8100419.0,2021,3,19,5,3,6,2,2,0,1,1,0,0,0,1,"802025,3959","5824297,828","13,44884685","52,48504836",,,3445.0,43.0
210078,11,6,6400735.0,2021,2,15,3,3,5,3,0,1,1,0,0,0,0,0,"782210,8322","5815684,498","13,15056063","52,41841925",,,5053.0,45.0
210077,11,12,12400618.0,2021,3,13,4,3,2,2,0,0,1,0,0,0,0,0,"786976,6144","5838310,851","13,23996583","52,61880108",,,3575.0,59.0
210076,11,5,5200526.0,2021,3,10,5,3,3,6,0,0,1,0,0,0,0,1,"782112,3797","5827109,536","13,15877833","52,52091376",,,5465.0,60.0
210075,11,2,2200210.0,2021,2,17,3,3,6,4,2,1,1,1,0,0,0,2,"798306,0533","5825416,517","13,39523845","52,49712077",,,5551.0,40.0
210074,11,5,5100209.0,2021,3,19,3,3,5,2,2,0,1,0,0,0,1,0,"783684,601","5830180,433","13,18450965","52,54763223",,,3253.0,43.0
210073,11,4,4400726.0,2021,1,14,5,3,2,6,0,0,1,0,0,0,0,0,"790851,7612","5824718,28","13,28513533","52,49488487",,,5457.0,20.0
210072,11,4,4200308.0,2021,2,10,4,3,0,1,0,0,1,0,0,0,0,1,"790525,5591","5827347,676","13,28263871","52,51863133",,,2734.0,62.0
210071,11,6,6200423.0,2021,3,18,1,3,0,7,2,0,1,0,0,0,0,1,"795349,5372","5816136,301","13,34360491","52,41553756",,,3371.0,40.0
210070,11,2,2200210.0,2021,3,14,4,3,6,7,0,0,1,1,0,0,0,0,"798696,6891","5825123,182","13,40071262","52,49427775",,,4047.0,22.0
210069,11,6,6400840.0,2021,2,11,3,3,5,3,0,0,1,0,0,0,0,1,"789508,5016","5819011,494","13,26045236","52,44443575",,,7133.0,61.0
210068,11,3,3200309.0,2021,2,14,6,3,5,3,0,0,1,0,0,0,0,2,"800540,7808","5836250,315","13,43786063","52,59300033",,,7450.0,61.0
210067,11,10,10200421.0,2021,1,14,5,3,2,7,0,0,1,0,0,0,0,0,"812183,3367","5830949,202","13,60419668","52,53893994",,,3661.0,43.0
210066,11,5,5200423.0,2021,1,6,5,2,6,2,1,0,1,1,0,0,0,2,"780870,7221","5828313,748","13,14154369","52,53235254",,,4454.0,36.0
210065,11,4,4501044.0,2021,3,16,5,3,5,3,0,1,1,0,0,0,0,0,"793347,5944","5824643,776","13,32172781","52,49288129",,,3655.0,57.0
210064,11,10,10100316.0,2021,2,16,3,3,2,6,0,0,1,0,0,0,0,0,"809958,1668","5831612,286","13,57211165","52,5461523",,,2854.0,17.0
210063,11,9,9200715.0,2021,3,8,4,3,2,6,0,0,1,0,0,0,0,0,"809196,4692","5818339,689","13,5486023","52,42763882",,,4951.0,32.0
210062,11,1,1100416.0,2021,1,19,5,3,2,6,2,1,1,0,0,0,0,0,"798720,0594","5829545,364","13,40502561","52,5339037",,,3860.0,55.0
210061,11,11,11300721.0,2021,3,6,5,3,0,1,1,1,0,0,0,0,0,1,"804303,8727","5829080,558","13,48666906","52,52664918",,,5967.0,61.0
210060,11,6,6200423.0,2021,2,7,5,3,2,6,0,0,1,0,0,0,0,1,"793935,2864","5815476,701","13,32229121","52,41038573",,,4265.0,5.0
210059,11,12,12500927.0,2021,3,16,3,3,6,7,0,1,0,1,0,0,0,0,"792971,9152","5835711,554","13,32597123","52,5923007",,,3840.0,51.0
210058,11,3,3601245.0,2021,1,16,5,3,3,6,1,1,0,0,0,1,0,1,"800911,7407","5831246,375","13,43878047","52,54794457",,,3567.0,10.0
210057,11,7,7100102.0,2021,2,12,5,3,5,2,0,0,1,0,0,0,0,1,"794957,7606","5825654,309","13,34627041","52,50107232",,,3955.0,57.0
210056,11,5,5100317.0,2021,2,6,2,3,6,7,2,0,1,1,0,0,0,1,"786760,6084","5828401,847","13,22821388","52,53007557",,,5055.0,41.0
210055,11,1,1100414.0,2021,3,8,7,3,1,5,0,1,1,0,0,0,0,0,"797256,0269","5829463,647","13,38343225","52,53397163",,,6534.0,65.0
210054,11,1,1200520.0,2021,2,14,4,2,4,6,0,1,0,0,0,0,0,0,"794501,4195","5828437,612","13,34203037","52,52626933",,,3747.0,53.0
210053,11,3,3601449.0,2021,1,14,1,3,1,5,0,1,1,0,0,0,0,1,"801438,8059","5830262,245","13,44563683","52,53883238",,,3184.0,63.0
210052,11,3,3400723.0,2021,3,16,6,3,0,4,0,0,0,1,0,0,1,0,"798787,7237","5833177,3","13,40928824","52,56642148",,,3566.0,39.0
210051,11,1,1100104.0,2021,2,21,1,3,5,3,2,0,1,0,0,0,0,2,"796088,5809","5825572,09","13,36280782","52,4997229",,,3077.0,63.0
210050,11,9,9501737.0,2021,3,8,7,3,5,2,0,1,1,0,0,0,0,1,"813998,8254","5821209,298","13,62169812","52,45061883",,,4348.0,45.0
210049,11,6,6300634.0,2021,3,13,7,3,3,6,0,1,1,0,0,0,0,0,"792228,024","5818669,422","13,30005231","52,43992245",,,4664.0,42.0
210048,11,2,2200208.0,2021,2,13,7,3,0,2,0,1,0,0,0,0,1,0,"797268,9189","5825038,521","13,37966859","52,49429834",,,3254.0,59.0
210047,11,12,12100101.0,2021,1,11,6,3,1,7,0,0,1,1,0,0,0,1,"796199,8622","5832640,709","13,37074077","52,5630257",,,3833.0,63.0
210046,11,1,1300732.0,2021,1,14,2,2,5,2,0,1,1,0,0,0,0,1,"797333,719","5832349,771","13,38715811","52,5597998",,,3538.0,44.0
210045,11,1,1100415.0,2021,2,15,1,3,2,2,0,1,0,0,0,0,1,0,"797266,8796","5829092,114","13,38325952","52,53063536",,,4449.0,28.0
210044,11,5,5300840.0,2021,3,17,3,3,2,6,1,0,1,0,0,0,0,0,"790230,6089","5829080,465","13,27981651","52,53432296",,,5653.0,57.0
210043,11,4,4100102.0,2021,1,18,3,3,3,2,2,0,1,0,0,0,0,1,"791179,2707","5829186,593","13,29385608","52,53476839",,,4847.0,63.0
210042,11,5,5400945.0,2021,2,14,2,3,1,5,0,0,1,0,0,0,0,2,"780801,3276","5819244,648","13,13287979","52,45106783",,,556.0,60.0
210041,11,8,8200730.0,2021,2,17,6,3,5,3,0,0,1,0,0,0,1,0,"801384,6102","5819147,624","13,43478852","52,43923971",,,3429.0,56.0
210040,11,12,12500930.0,2021,1,9,3,3,5,2,0,0,1,0,0,0,0,1,"792355,0274","5834061,141","13,31543439","52,57783744",,,3640.0,55.0
210039,11,12,12400721.0,2021,3,15,4,3,6,4,0,0,1,1,0,0,0,0,"790658,3231","5839640,14","13,29536507","52,62876091",,,3446.0,47.0
210038,11,7,7400927.0,2021,1,15,6,3,5,7,0,0,1,0,0,0,0,0,"798117,877","5820901,084","13,3884382","52,45674805",,,3947.0,56.0
210037,11,12,12500824.0,2021,1,13,3,3,5,2,0,1,0,0,0,1,0,1,"790208,55","5835827,334","13,28539402","52,59482019",,,4339.0,29.0
210036,11,8,8100417.0,2021,1,9,3,3,5,2,0,1,1,0,0,0,0,1,"802353,1328","5822955,787","13,45244174","52,47283818",,,3944.0,21.0
210035,11,5,5100210.0,2021,2,15,1,3,5,2,0,1,1,0,0,0,0,0,"783917,6176","5830123,735","13,18788832","52,54700248",,,4462.0,55.0
210034,11,10,10100311.0,2021,3,16,2,3,5,2,0,1,1,0,0,0,0,1,"806458,4643","5829755,429","13,51895151","52,5314907",,,4451.0,11.0
210033,11,6,6100209.0,2021,3,18,3,3,5,2,2,1,1,0,0,0,0,0,"794700,0502","5821560,684","13,33886604","52,46451464",,,1348.0,65.0
210032,11,5,5200525.0,2021,2,14,1,3,0,7,0,0,1,0,0,0,1,0,"781541,6367","5827304,198","13,15055349","52,52295421",,,5054.0,36.0
210031,11,6,6100209.0,2021,2,15,7,3,5,3,0,1,1,0,0,0,0,0,"794097,0772","5821515,907","13,32997657","52,46443812",,,3370.0,55.0
210030,11,12,12400618.0,2021,1,13,4,2,6,2,0,0,1,1,0,0,0,1,"787334,5566","5837847,144","13,24483566","52,61445463",,,5080.0,61.0