ObjectID,State,District,LOR_ab_2021,AccidentYear,AccidentMonth,AccidentHour,DayOfWeek,AccidentCategory,AccidentType,AccidentTypeDetail,LightingCondition,InvolvingBike,InvolvingCar,InvolvingPedestrian,InvolvingMotorcycle,InvolvingHGV,InvolvingOther,RoadCondition,GraphicCoord1,GraphicCoord2,LongitudeWGS84,LatitudeWGS84,quadrant,quadrant_rank
115225,11,7,7601442.0,2021,12,18,4,3,6,7,2,0,0,1,0,0,1,1,"799254,2114","5816323,815","13,40101459","52,41509766",,,3445.0,43.0
115224,11,4,4300414.0,2021,8,15,7,3,5,2,0,1,0,0,0,0,0,0,"791846,8636","5826592,214","13,30139393","52,51115322",,,3428.0,60.0
115222,11,2,2500834.0,2021,9,17,7,3,2,6,1,1,1,0,0,0,0,1,"802046,3726","5827074,679","13,45167285","52,50992585",,,3671.0,59.0
115220,11,3,3500936.0,2021,3,11,5,2,6,4,0,0,1,1,0,0,0,0,"802139,8669","5831501,855","13,45706967","52,54955468",,,1362.0,55.0
115217,11,1,1400940.0,2021,6,8,2,3,0,3,0,1,1,0,0,0,0,0,"795861,8024","5832068,738","13,36525815","52,55808236",,,5248.0,21.0
115215,11,3,3601139.0,2021,9,14,6,3,5,3,0,1,1,0,0,0,0,0,"799237,0931","5831941,483","13,41478395","52,55509756",,,5063.0,29.0
115214,11,7,7200308.0,2021,11,0,5,2,6,2,2,0,1,1,0,0,0,1,"795236,5971","5823509,692","13,34846601","52,48169656",,,5142.0,45.0
115213,11,10,10300733.0,2021,8,10,5,2,5,2,0,1,0,0,0,0,1,0,"809659,5512","5827336,026","13,56373986","52,50799999",,,5151.0,39.0
115208,11,12,12500930.0,2021,7,9,6,2,6,4,0,0,0,1,0,0,1,0,"794066,6383","5835075,749","13,34152097","52,58601041",,,7352.0,65.0
115207,11,11,11300724.0,2021,10,13,6,3,0,7,0,0,0,0,1,0,0,1,"804540,6898","5827485,638","13,48868899","52,5122224",,,5662.0,47.0
115206,11,11,11300725.0,2021,12,12,2,3,3,6,0,0,1,0,0,1,0,0,"804883,651","5827448,154","13,49369274","52,51169486",,,6442.0,53.0
115203,11,2,2500834.0,2021,1,15,3,3,0,2,0,1,1,0,0,0,0,1,"802032,4311","5827012,007","13,45141118","52,50937184",,,6364.0,61.0
115199,11,10,10400837.0,2021,6,7,2,2,6,2,0,0,1,1,0,0,0,0,"810878,4297","5827088,184","13,5814099","52,50508582",,,3641.0,57.0
115195,11,9,9100203.0,2021,5,18,1,3,5,3,0,1,1,0,0,0,0,1,"804106,561","5824366,79","13,47946399","52,48451132",,,4042.0,56.0
115194,11,7,7400824.0,2021,6,12,6,3,3,6,0,0,1,0,1,0,0,0,"797330,1297","5822340,749","13,37816154","52,47008231",,,6443.0,52.0
115193,11,6,6300629.0,2021,8,6,7,3,8,1,0,0,0,0,0,0,1,0,"792896,7096","5820055,489","13,31107679","52,45199057",,,3283.0,60.0
115187,11,4,4400830.0,2021,7,13,7,3,3,6,0,0,1,0,1,0,1,0,"792398,3222","5823205,971","13,3065243","52,48050099",,,4078.0,63.0
115185,11,12,12601032.0,2021,10,11,6,3,5,3,0,0,1,0,0,0,0,0,"792782,0403","5837344,434","13,32462024","52,60704077",,,4856.0,19.0
115184,11,1,1200624.0,2021,11,16,2,2,0,7,1,0,0,0,0,0,1,1,"796352,85","5828840,597","13,36960043","52,52887845",,,4269.0,61.0
115183,11,4,4200311.0,2021,8,8,2,2,0,1,0,1,0,0,0,0,0,1,"790372,6662","5826351,084","13,27952208","52,50977824",,,4452.0,21.0
115180,11,12,12601032.0,2021,4,10,3,3,5,3,0,1,1,0,0,0,0,0,"792823,1985","5837273,103","13,32516318","52,60637917",,,1358.0,51.0
115177,11,7,7400824.0,2021,3,16,6,3,2,6,0,0,1,0,0,0,1,0,"797831,1429","5822322,38","13,38549907","52,46964475",,,3374.0,61.0
115176,11,10,10300734.0,2021,10,18,4,2,6,4,2,1,0,1,0,0,0,0,"810356,2826","5827082,433","13,57373633","52,50533152",,,3555.0,16.0
115175,11,10,10100312.0,2021,12,15,5,3,2,3,0,1,1,0,0,0,0,1,"807669,372","5830002,109","13,53697481","52,53301934",,,4156.0,34.0
115174,11,1,1100102.0,2021,9,21,2,3,1,5,2,1,1,0,0,0,0,0,"794879,6465","5827128,431","13,34642881","52,51432903",,,4850.0,38.0
115172,11,4,4200206.0,2021,2,11,5,3,3,6,0,0,1,0,0,0,0,2,"787973,0238","5825969,729","13,24393199","52,5076313",,,3446.0,47.0
115168,11,12,12100101.0,2021,6,23,4,2,1,5,2,1,1,0,0,0,0,0,"795814,4755","5832332,835","13,36479748","52,56047544",,,3032.0,48.0
115163,11,1,1100102.0,2021,5,8,4,3,2,6,0,0,1,0,0,0,0,0,"796435,1589","5826378,194","13,36861612","52,5067607",,,3071.0,39.0
115162,11,4,4200308.0,2021,8,9,4,3,2,6,0,0,1,0,0,0,1,0,"790468,7914","5827632,803","13,28205342","52,52121775",,,4139.0,53.0
115158,11,1,1401049.0,2021,7,23,2,3,1,5,2,1,1,0,0,0,0,0,"795998,0715","5831452,431","13,36671282","52,55248375",,,5032.0,63.0
115155,11,6,6300527.0,2021,7,22,6,3,5,2,2,1,0,0,0,0,1,1,"790294,1564","5818368,259","13,27142056","52,43825242",,,2752.0,59.0
115153,11,2,2400521.0,2021,10,14,4,3,3,6,0,0,1,0,0,0,0,0,"800387,6745","5827977,421","13,4281208","52,51893329",,,3470.0,55.0
115152,11,4,4300621.0,2021,11,9,3,3,6,7,0,0,1,1,0,0,0,1,"792033,6712","5826623,606","13,30416631","52,51133467",,,2828.0,57.0
115150,11,2,2500727.0,2021,9,22,5,3,6,6,2,1,0,1,0,0,0,0,"802593,9702","5827685,465","13,46027235","52,51509681",,,1762.0,53.0
115148,11,4,4300414.0,2021,6,15,7,3,6,4,0,0,1,1,0,0,0,0,"791448,9747","5826546,32","13,29550736","52,51095453",,,3036.0,63.0
115146,11,6,6400737.0,2021,4,4,2,3,0,7,2,0,1,0,0,0,0,0,"785393,0393","5818267,771","13,1994313","52,43993112",,,2454.0,58.0
115143,11,4,4300621.0,2021,3,10,4,2,5,7,0,0,1,0,0,0,0,0,"792130,457","5826661,219","13,30562143","52,51162003",,,3551.0,40.0
115142,11,9,9100101.0,2021,7,20,4,3,5,3,0,0,1,0,0,0,1,0,"802580,269","5825073,445","13,4576975","52,491693",,,4163.0,33.0
115140,11,4,4300414.0,2021,10,21,2,3,6,2,2,0,1,1,0,0,0,0,"791560,5247","5826565,167","13,29716293","52,51106388",,,1251.0,62.0
115139,11,7,7501133.0,2021,6,14,7,2,5,7,0,1,0,0,0,1,0,0,"798485,7567","5818110,52","13,39134344","52,43153309",,,4526.0,46.0
115138,11,4,4400725.0,2021,12,17,6,3,2,6,2,0,1,0,0,0,0,0,"790561,8244","5825168,191","13,28126911","52,4990728",,,3447.0,60.0
115137,11,7,7501030.0,2021,8,14,5,3,3,6,0,0,0,0,1,0,1,0,"797889,388","5820398,308","13,38463691","52,45236579",,,4526.0,46.0
115136,11,7,7501030.0,2021,9,17,6,3,5,3,0,0,1,0,0,0,0,1,"798039,3446","5819472,066","13,38601072","52,4439813",,,1557.0,28.0
115132,11,4,4300621.0,2021,2,9,3,3,5,2,0,1,1,0,0,0,0,0,"792741,5603","5826763,859","13,31469086","52,51221254",,,4745.0,46.0
115129,11,7,7400825.0,2021,6,14,4,3,2,6,0,0,1,0,0,0,0,0,"797865,2948","5820536,799","13,38440694","52,45362034",,,7435.0,58.0
115127,11,1,1100310.0,2021,9,21,7,3,2,6,2,0,1,0,0,0,0,0,"799706,5468","5828469,702","13,4185561","52,52372057",,,1076.0,63.0
115126,11,3,3500934.0,2021,8,8,4,3,3,6,0,1,1,0,0,0,0,0,"800269,1376","5831825,268","13,42985568","52,55348789",,,5143.0,6.0
115123,11,2,2500728.0,2021,7,16,6,3,5,3,0,0,1,0,1,0,0,0,"803096,2419","5827650,3","13,46761943","52,51450275",,,3148.0,24.0
115121,11,1,1401049.0,2021,10,15,6,3,2,6,0,0,1,0,0,0,0,1,"796035,5102","5831394,238","13,3672115","52,55194176",,,5540.0,55.0
115120,11,5,5200633.0,2021,12,7,3,3,2,6,0,0,1,0,0,0,0,0,"783994,1713","5826586,487","13,18599216","52,51524717",,,1462.0,37.0
115119,11,2,2500726.0,2021,4,18,6,3,0,1,1,1,0,0,0,0,0,0,"801992,3152","5828182,942","13,45188456","52,51988917",,,2256.0,58.0
115116,11,9,9100101.0,2021,1,17,3,3,6,2,2,0,1,1,0,0,0,1,"802670,9121","5825216,967","13,45915886","52,49292914",,,5131.0,45.0
115112,11,7,7400825.0,2021,6,15,2,3,2,6,0,0,1,0,0,0,1,0,"797877,015","5820468,853","13,38451829","52,45300489",,,5439.0,56.0
115109,11,7,7200410.0,2021,12,19,2,3,1,5,2,1,1,0,0,0,0,0,"795692,7732","5823984,024","13,35558459","52,48570176",,,3153.0,49.0
115108,11,4,4400726.0,2021,5,11,6,3,2,7,0,0,1,0,0,0,1,0,"790663,592","5824996,054","13,28261382","52,49747538",,,4375.0,52.0
115107,11,4,4300621.0,2021,8,10,2,3,3,6,0,1,1,0,0,0,0,0,"792129,4758","5826661,052","13,30560687","52,51161906",,,5148.0,51.0
115105,11,1,1100206.0,2021,9,7,3,3,0,6,0,1,0,0,0,0,1,0,"798122,6946","5827657,924","13,39455275","52,51731234",,,2334.0,57.0
115103,11,7,7601442.0,2021,3,15,6,2,6,4,0,0,1,1,0,0,0,0,"799169,7176","5816471,283","13,39990777","52,41646572",,,4545.0,52.0
115100,11,3,3200206.0,2021,7,14,5,3,2,6,0,0,1,0,0,0,1,1,"797962,181","5834415,803","13,39825735","52,57797537",,,6082.0,63.0
115098,11,4,4100101.0,2021,9,13,2,2,2,6,0,0,1,0,0,0,1,0,"790649,1626","5828804,971","13,28572896","52,53163011",,,5554.0,57.0
115097,11,1,1100310.0,2021,11,9,5,3,3,6,0,1,0,0,0,0,0,0,"799669,4469","5828467,39","13,41800882","52,52372024",,,4853.0,18.0
115096,11,4,4501148.0,2021,8,16,6,3,2,6,0,0,1,0,0,0,0,0,"792664,5648","5823337,323","13,31054885","52,48153591",,,1557.0,28.0
115091,11,4,4400726.0,2021,10,16,6,3,2,6,1,0,1,0,0,0,0,1,"790756,8699","5824879,323","13,2838821","52,49637919",,,3480.0,38.0
115090,11,7,7601236.0,2021,12,17,6,2,6,4,2,0,1,1,0,0,0,1,"796596,6028","5815996,657","13,36176377","52,41361145",,,6227.0,61.0
115087,11,11,11300722.0,2021,1,16,6,3,5,2,2,1,1,0,0,0,0,1,"804249,7475","5827531,799","13,48445721","52,51279847",,,4363.0,22.0
115083,11,1,1100102.0,2021,6,5,5,3,5,3,0,0,1,0,0,0,0,0,"796437,3879","5826316,888","13,36859427","52,50620994",,,4856.0,19.0
115079,11,4,4400727.0,2021,5,15,4,3,2,6,0,0,1,0,0,0,0,0,"791848,6945","5824083,281","13,29922214","52,48866001",,,5627.0,51.0
115078,11,7,7200308.0,2021,8,15,6,3,5,2,0,1,1,0,0,0,0,0,"795230,7697","5823535,285","13,34840312","52,48192914",,,6431.0,63.0
115071,11,7,7300619.0,2021,7,14,5,3,2,6,0,0,1,0,0,0,0,0,"795317,2563","5822785,826","13,34900923","52,47516398",,,3044.0,50.0
115069,11,1,1100310.0,2021,10,15,3,3,0,2,0,1,1,0,0,0,0,1,"799261,8696","5827859,517","13,4114724","52,51849542",,,2159.0,63.0
115068,11,7,7400825.0,2021,11,16,5,3,6,4,0,0,1,1,0,0,0,1,"797870,3018","5820507,722","13,38445447","52,45335697",,,4650.0,45.0
115067,11,4,4200308.0,2021,9,11,6,3,2,6,0,0,1,0,0,0,0,0,"790468,6622","5827594,352","13,28201795","52,5208731",,,6629.0,41.0
115064,11,4,4100101.0,2021,4,16,4,3,2,6,0,0,1,0,0,0,0,0,"791212,4377","5829675,195","13,29477187","52,53913092",,,5555.0,53.0
115061,11,1,1400940.0,2021,3,13,6,3,5,3,0,0,1,0,0,0,0,0,"795878,9476","5832057,858","13,36550062","52,55797552",,,3352.0,26.0
115060,11,12,12200411.0,2021,10,22,3,2,0,1,2,0,0,0,1,0,0,1,"792886,9275","5832275,174","13,32168432","52,56154113",,,4654.0,10.0
115059,11,1,1100104.0,2021,12,18,7,3,0,6,2,0,1,0,1,0,0,1,"796413,7514","5826241,151","13,36817961","52,50554387",,,3247.0,45.0
115058,11,2,2500728.0,2021,9,16,1,3,2,2,0,1,1,0,0,0,0,0,"802797,1233","5827665,093","13,46323845","52,51480148",,,3756.0,4.0
115056,11,11,11401034.0,2021,2,16,7,3,0,7,1,0,1,0,0,0,0,0,"807003,0807","5827371,978","13,52475537","52,50982351",,,4757.0,11.0
115052,11,5,5200634.0,2021,6,17,4,2,5,2,0,0,1,0,1,0,0,0,"785373,0567","5826218,253","13,20594138","52,51122586",,,5742.0,57.0
115048,11,7,7200308.0,2021,5,17,4,3,2,6,0,0,1,0,0,0,0,0,"794559,2732","5823114,934","13,33817223","52,47852357",,,4466.0,58.0
115047,11,4,4300414.0,2021,8,10,4,3,5,2,0,1,1,0,0,0,0,0,"791024,4361","5826476,598","13,28920842","52,51055614",,,1465.0,57.0
115042,11,8,8200624.0,2021,1,20,2,3,5,3,2,0,1,0,0,0,0,1,"800999,6172","5821672,991","13,43141766","52,46208756",,,4824.0,53.0
115038,11,7,7400927.0,2021,6,6,5,3,2,6,0,0,1,0,0,0,0,0,"798518,8065","5822085,263","13,39538029","52,46714396",,,1983.0,65.0
115034,11,7,7501030.0,2021,5,14,2,2,5,3,0,1,0,0,0,0,1,0,"797899,1737","5820343,248","13,38473138","52,4518669",,,5989.0,62.0
115033,11,1,1300836.0,2021,8,18,5,3,2,6,0,0,1,0,1,0,0,0,"796343,923","5830077,937","13,37057247","52,53997479",,,8125.0,65.0
115026,11,4,4200206.0,2021,7,23,7,3,2,6,2,0,1,0,0,0,0,0,"788345,0243","5826029,996","13,24945009","52,50797513",,,4655.0,41.0
115024,11,4,4200206.0,2021,10,15,7,3,2,6,0,0,1,0,0,0,0,0,"788384,8431","5826036,435","13,25004074","52,50801181",,,7057.0,55.0
115023,11,5,5400943.0,2021,11,16,4,3,8,7,1,0,1,0,0,0,0,0,"780645,5907","5822885,876","13,13365691","52,48379816",,,6464.0,61.0
115022,11,2,2500729.0,2021,9,13,7,3,2,6,0,0,1,0,0,0,0,0,"803097,124","5827633,336","13,46761694","52,51435022",,,3151.0,40.0
115019,11,1,1100310.0,2021,4,20,3,2,5,3,1,0,1,0,0,0,1,0,"799571,012","5828269,929","13,41638443","52,5220044",,,7655.0,61.0
115016,11,7,7400824.0,2021,3,11,4,3,2,6,0,0,1,0,0,0,1,0,"797855,7144","5821404,286","13,38504028","52,46140165",,,4043.0,62.0
115015,11,3,3200309.0,2021,10,19,1,2,2,6,2,0,1,0,0,0,0,1,"801133,8996","5837311,46","13,4475551","52,60218326",,,5854.0,49.0
115014,11,8,8200622.0,2021,12,10,6,3,3,6,0,0,1,0,0,1,0,0,"801986,0421","5821846,914","13,44605009","52,46310224",,,5124.0,60.0
115013,11,2,2200208.0,2021,9,5,1,3,2,4,2,0,1,1,0,0,0,0,"797844,9792","5824959,104","13,38805769","52,49327242",,,2846.0,54.0
115011,11,12,12400721.0,2021,2,21,2,3,8,1,2,0,1,0,0,0,0,2,"790530,9014","5841892,452","13,29546883","52,64902042",,,4328.0,63.0
115007,11,6,6100208.0,2021,6,14,5,3,2,6,0,0,1,0,0,0,0,0,"793786,0934","5820758,136","13,3247452","52,45781228",,,7857.0,55.0
115002,11,1,1100310.0,2021,5,20,3,3,3,6,1,0,1,0,0,0,0,1,"799705,2879","5828467,538","13,41853565","52,52370186",,,4156.0,34.0
115001,11,2,2500726.0,2021,8,9,2,3,5,2,0,1,0,0,0,1,0,0,"801681,565","5828880,61","13,44795141","52,52631441",,,6656.0,56.0
114997,11,9,9100101.0,2021,7,16,2,3,5,2,0,0,1,0,0,0,0,0,"802671,0471","5825217,155","13,45916101","52,49293074",,,2754.0,42.0
114995,11,2,2500726.0,2021,7,0,4,3,5,3,2,1,1,0,0,0,0,1,"801653,5942","5828873,615","13,44753401","52,52626719",,,4251.0,2.0
114993,11,3,3200204.0,2021,10,17,5,3,5,2,0,0,1,0,0,0,0,0,"797157,1286","5838899,228","13,39043545","52,61860349",,,3044.0,50.0
114992,11,10,10400940.0,2021,11,9,2,3,5,2,0,0,1,0,0,0,1,1,"812048,9709","5827139,718","13,59864819","52,50487947",,,4845.0,36.0
114990,11,4,4200311.0,2021,9,16,4,3,2,6,0,0,1,0,0,0,0,0,"790064,1657","5825197,106","13,27398375","52,49959677",,,5638.0,53.0
114987,11,4,4400725.0,2021,4,14,4,3,2,6,0,0,1,0,1,0,1,0,"790597,2169","5825076,743","13,28170922","52,49823411",,,1458.0,51.0
114984,11,7,7400927.0,2021,4,15,3,3,2,6,0,0,1,0,0,0,0,0,"798546,1569","5822068,126","13,39576638","52,4669754",,,4845.0,36.0
114983,11,9,9100101.0,2021,7,4,1,3,0,1,2,1,0,0,0,0,0,0,"802696,6918","5825221,445","13,45954148","52,49295497",,,4549.0,56.0
114981,11,2,2500727.0,2021,10,19,2,3,5,2,2,1,1,0,0,0,0,0,"802580,8809","5827686,778","13,46008124","52,51511584",,,1458.0,51.0
114980,11,6,6300526.0,2021,12,19,7,3,2,6,2,0,1,0,0,0,0,1,"789578,3764","5817961,359","13,26056765","52,43498386",,,4050.0,59.0
114979,11,3,3601348.0,2021,8,8,4,3,5,2,0,1,1,0,0,0,0,0,"799716,9672","5830274,487","13,42033647","52,53989183",,,7454.0,63.0
114978,11,7,7100205.0,2021,9,12,4,3,5,2,0,0,1,0,0,0,1,0,"796034,264","5825282,561","13,36175265","52,49715699",,,4365.0,7.0
114974,11,1,1300836.0,2021,3,13,3,3,5,2,0,1,1,0,0,0,0,0,"796195,046","5830185,826","13,36847991","52,54102285",,,3555.0,16.0
114971,11,4,4300622.0,2021,6,17,4,3,3,6,0,0,1,0,0,0,1,0,"793292,727","5826869,321","13,32288231","52,51286189",,,1556.0,46.0
114969,11,1,2400520.0,2021,9,23,6,3,6,4,2,1,0,1,0,0,0,0,"799817,952","5828653,437","13,42035887","52,52530621",,,4657.0,9.0
114968,11,12,12100103.0,2021,11,11,7,3,5,2,0,0,1,0,0,0,0,0,"795336,4422","5833746,175","13,35902452","52,57340421",,,6868.0,65.0
114967,11,1,1100310.0,2021,8,13,1,3,5,3,0,0,1,0,0,0,0,1,"799119,0178","5827656,891","13,4091912","52,51675755",,,5332.0,53.0
114963,11,2,2200208.0,2021,7,19,7,3,2,6,0,0,1,0,0,0,0,0,"797918,0476","5825340,678","13,38947199","52,4966529",,,5551.0,40.0
114962,11,7,7300619.0,2021,10,15,5,3,0,7,0,0,0,0,1,0,0,1,"795427,9894","5822838,372","13,35068139","52,47557515",,,5133.0,32.0
114961,11,9,9200613.0,2021,12,16,4,3,5,2,2,1,1,0,0,0,0,0,"806133,5022","5821620,399","13,50670041","52,45876445",,,2854.0,17.0
114960,11,4,4400726.0,2021,5,18,7,3,3,6,0,0,1,0,0,0,0,0,"790678,4558","5824979,265","13,28281751","52,49731695",,,7035.0,48.0
114957,11,7,7601236.0,2021,1,10,6,3,5,2,0,0,1,0,0,0,0,1,"797057,4444","5816814,445","13,36924546","52,42069235",,,3821.0,61.0
114953,11,7,7501133.0,2021,6,16,6,3,2,6,0,1,1,0,0,0,0,0,"798418,0958","5818273,75","13,39049686","52,43303317",,,5341.0,41.0
114949,11,2,2400625.0,2021,5,19,3,3,3,6,0,1,0,0,0,0,0,0,"801857,3072","5826475,209","13,44835189","52,50465741",,,4655.0,41.0
114948,11,10,10400837.0,2021,8,8,5,3,5,2,0,1,1,0,0,0,0,0,"811528,2057","5827129,827","13,59099124","52,5050884",,,3954.0,59.0
114946,11,7,7400824.0,2021,9,9,1,3,3,6,0,0,1,0,0,0,1,0,"797827,961","5822395,493","13,38551763","52,47030185",,,1061.0,59.0
114944,11,1,1100310.0,2021,3,7,5,3,5,2,0,1,1,0,0,0,0,0,"798784,9028","5828000,693","13,40459074","52,5200224",,,6048.0,59.0
114941,11,1,1100310.0,2021,6,14,3,3,5,3,0,0,0,0,0,0,1,0,"799707,583","5828531,754","13,41862725","52,52427619",,,4949.0,42.0
114939,11,7,7400721.0,2021,9,22,1,3,5,2,2,1,1,0,0,0,0,0,"797777,9082","5823495,986","13,3857655","52,48019384",,,3661.0,43.0
114938,11,3,3701657.0,2021,11,17,5,3,5,2,2,1,1,0,0,0,0,1,"799970,6949","5830201,965","13,42400095","52,53910218",,,5540.0,55.0
114937,11,4,4200311.0,2021,9,13,4,3,2,6,0,0,1,0,0,0,0,0,"790522,6717","5825360,267","13,28086152","52,50081562",,,2261.0,57.0
114934,11,3,3601142.0,2021,4,8,2,2,6,6,0,1,0,1,0,0,0,0,"799165,39","5830944,002","13,4128308","52,54619609",,,4944.0,25.0
114931,11,6,6100209.0,2021,10,11,3,2,3,6,0,0,0,0,1,0,1,0,"794195,8975","5821370,321","13,33129865","52,46307981",,,3959.0,52.0
114930,11,12,12400619.0,2021,12,7,4,3,3,6,1,0,1,0,0,1,0,1,"788079,4663","5837415,33","13,25543133","52,61018897",,,5467.0,63.0
114927,11,3,3200204.0,2021,2,18,2,2,5,2,2,0,1,0,0,0,0,0,"797157,558","5838898,209","13,39044086","52,61859411",,,4048.0,46.0
114923,11,1,1100104.0,2021,6,12,5,3,6,6,0,1,1,1,0,0,0,0,"796127,7943","5825661,918","13,36346368","52,50050685",,,3850.0,33.0
114919,11,4,4501148.0,2021,5,16,2,3,2,6,0,0,1,0,0,0,1,0,"792988,3475","5823092,243","13,31508768","52,47916521",,,2073.0,61.0
114918,11,2,2500830.0,2021,8,2,5,3,3,6,2,1,1,0,0,0,0,0,"802175,6896","5827702,99","13,45414302","52,51548579",,,3148.0,24.0
114911,11,7,7300619.0,2021,7,17,5,3,2,6,0,0,1,0,0,0,0,0,"795000,4929","5823095,348","13,34463277","52,47810984",,,4651.0,31.0
114909,11,7,7501133.0,2021,10,12,3,3,6,2,0,0,0,1,0,1,0,1,"797516,8825","5818157,123","13,37717599","52,43247863",,,5047.0,51.0
114908,11,10,10400940.0,2021,11,6,3,3,5,2,1,1,1,0,0,0,0,0,"813050,679","5827205,425","13,61342017","52,5048945",,,6024.0,50.0
114907,11,7,7200308.0,2021,9,7,4,3,5,7,0,0,1,0,1,0,0,0,"795474,4422","5823377,468","13,35184102","52,48038263",,,4454.0,36.0
114905,11,3,3400620.0,2021,6,16,6,3,3,6,0,0,1,0,0,0,1,0,"798044,3441","5833927,088","13,39902696","52,57354975",,,5447.0,55.0
114903,11,12,12601031.0,2021,4,13,2,3,5,2,0,0,1,0,1,0,0,0,"793128,5803","5836839,228","13,3292756","52,60232518",,,6250.0,55.0
114900,11,10,10400941.0,2021,3,10,3,3,5,3,0,1,1,0,0,0,0,0,"813262,0864","5827202,511","13,61652196","52,50474706",,,7656.0,65.0
114899,11,2,2500727.0,2021,10,17,2,3,5,2,1,1,1,0,0,0,0,0,"802576,9516","5827687,172","13,46002388","52,51512156",,,4058.0,59.0
114898,11,2,2200209.0,2021,12,10,3,3,1,7,0,0,1,0,0,0,0,0,"797739,48","5824484,971","13,38608469","52,48907992",,,4456.0,28.0
114897,11,3,3601141.0,2021,9,15,5,3,5,3,0,1,0,0,0,0,1,0,"799229,2086","5831614,666","13,41437344","52,55217249",,,1928.0,56.0
114895,11,4,4300414.0,2021,2,12,5,3,6,7,0,0,1,1,0,0,0,0,"791288,9323","5826519,954","13,29313271","52,51080365",,,3744.0,45.0
114891,11,12,12200310.0,2021,6,8,2,3,2,6,0,0,1,0,0,0,0,0,"791741,6038","5833077,575","13,30554214","52,5693493",,,1559.0,52.0
114887,11,10,10400837.0,2021,5,8,5,3,5,3,0,1,0,0,0,0,1,0,"811084,3173","5827097,28","13,58444201","52,50504998",,,5952.0,37.0
114886,11,1,1300836.0,2021,8,10,3,3,0,2,0,1,0,0,0,1,0,0,"796286,0491","5830278,212","13,36990023","52,54180152",,,3551.0,40.0
114882,11,9,9200613.0,2021,7,9,3,3,5,3,0,0,1,0,0,0,1,0,"806538,2471","5821214,5","13,51226611","52,45489978",,,5076.0,61.0
114880,11,1,1300836.0,2021,10,8,3,3,5,2,0,0,1,0,0,0,1,1,"796274,416","5830256,427","13,36970977","52,54161257",,,4251.0,2.0
114879,11,2,2500729.0,2021,11,14,5,3,6,7,0,0,1,1,0,0,0,0,"803555,0623","5827586,414","13,47430175","52,513675",,,5548.0,37.0
114875,11,4,4300414.0,2021,1,8,3,3,6,4,0,0,1,1,0,0,0,1,"791773,1822","5826579,66","13,30030029","52,5110801",,,2526.0,65.0
114872,11,12,12200414.0,2021,4,17,3,3,2,6,2,0,1,0,0,0,1,0,"792169,5774","5832050,689","13,31093445","52,55991411",,,2061.0,64.0
114871,11,2,2500727.0,2021,6,9,2,3,5,2,0,1,1,0,0,0,0,0,"802387,7966","5827706,31","13,45726227","52,51539799",,,6531.0,61.0
114868,11,9,9100101.0,2021,5,11,6,3,5,3,0,1,1,0,0,0,0,1,"802772,724","5825329,042","13,46075573","52,49387719",,,1655.0,64.0
114867,11,9,9100101.0,2021,8,15,2,2,0,7,0,0,0,0,0,0,1,0,"802672,2399","5825218,814","13,45918003","52,49294495",,,5261.0,46.0
114866,11,1,1100206.0,2021,9,6,3,3,6,4,0,1,0,1,0,0,0,0,"798305,4845","5827700,1","13,39727641","52,51759045",,,7634.0,64.0
114862,11,3,3701660.0,2021,2,15,6,3,6,2,0,0,1,1,0,0,0,0,"800023,02","5828998,995","13,42368429","52,52829076",,,5635.0,63.0
114859,11,6,6400737.0,2021,6,18,4,3,1,5,0,0,1,0,0,0,0,1,"786890,9569","5817120,606","13,22042326","52,42886201",,,4755.0,4.0
114857,11,3,3500934.0,2021,9,9,3,3,2,2,0,1,1,0,0,0,0,0,"800250,5445","5831907,336","13,42965649","52,55423373",,,1658.0,8.0
114856,11,4,4300621.0,2021,11,18,2,3,6,4,2,0,0,1,0,0,1,1,"791920,7592","5826625,879","13,30250924","52,51141548",,,3970.0,41.0
114855,11,4,4300414.0,2021,8,13,3,3,2,6,0,0,1,0,0,0,0,0,"791562,0838","5826544,189","13,29716746","52,51087498",,,4636.0,53.0
114850,11,6,6100209.0,2021,7,16,2,2,7,7,0,0,0,0,1,0,0,0,"794278,3712","5821475,068","13,33260146","52,4639744",,,3253.0,43.0
114849,11,11,11401032.0,2021,10,16,6,3,2,6,0,0,1,0,0,0,0,1,"805749,8756","5827385,935","13,50636006","52,51065242",,,3875.0,59.0
114848,11,6,6300629.0,2021,12,17,2,3,6,4,1,1,0,1,0,0,0,1,"792421,0573","5819725,655","13,30380847","52,4492883",,,3948.0,43.0
114847,11,9,9100305.0,2021,5,16,2,3,2,6,0,0,1,0,0,0,0,0,"805168,0336","5822571,393","13,49340445","52,46782777",,,5050.0,37.0
114844,11,3,3601451.0,2021,1,13,5,3,2,6,0,0,1,0,0,0,0,0,"800601,44","5829929,833","13,43302685","52,53631544",,,6542.0,65.0
114840,11,4,4400726.0,2021,6,15,3,3,2,6,0,0,1,0,0,0,0,0,"790994,9416","5824661,752","13,28718902","52,49430178",,,4459.0,28.0