ObjectID,State,District,LOR_ab_2021,AccidentYear,AccidentMonth,AccidentHour,DayOfWeek,AccidentCategory,AccidentType,AccidentTypeDetail,LightingCondition,InvolvingBike,InvolvingCar,InvolvingPedestrian,InvolvingMotorcycle,InvolvingHGV,InvolvingOther,RoadCondition,GraphicCoord1,GraphicCoord2,LongitudeWGS84,LatitudeWGS84,quadrant,quadrant_rank
114461,11,3,3601449.0,2021,10,15,3,3,2,6,0,0,1,0,0,0,1,0,"801384,1216","5831033,273","13,44553246","52,5457734",,,7233.0,59.0
114460,11,1,1100310.0,2021,12,23,2,3,5,3,2,0,1,0,0,0,0,0,"799106,6811","5827693,002","13,4090424","52,51708799",,,4461.0,54.0
114459,11,2,2500726.0,2021,8,18,5,3,1,5,0,1,1,0,0,0,0,0,"801779,75","5828615,616","13,44915382","52,52388492",,,4154.0,56.0
114458,11,10,10400837.0,2021,9,10,6,3,5,3,0,0,1,0,0,0,0,0,"811328,7735","5827107,964","13,588042","52,5050063",,,5249.0,5.0
114454,11,6,6400737.0,2021,2,11,7,3,0,3,0,1,1,0,0,0,0,0,"786712,1186","5817016,237","13,21771065","52,42802",,,3549.0,24.0
114451,11,9,9100203.0,2021,6,8,2,3,0,3,0,1,1,0,0,0,0,0,"804106,561","5824366,79","13,47946399","52,48451132",,,5447.0,55.0
114449,11,4,4300413.0,2021,9,2,1,2,8,1,2,0,1,0,0,0,0,0,"790694,6758","5827096,664","13,28490476","52,51629088",,,5338.0,54.0
114448,11,11,11401032.0,2021,11,9,5,3,6,2,0,0,1,1,0,0,0,1,"805622,7726","5827377,961","13,5044857","52,51065217",,,5140.0,55.0
114447,11,7,7400721.0,2021,8,20,4,3,1,5,2,0,1,0,0,0,0,1,"797808,4159","5823161,125","13,38591433","52,47717555",,,3560.0,52.0
114444,11,1,1100310.0,2021,7,23,7,3,5,3,2,1,1,0,0,0,0,0,"798805,4545","5828020,353","13,4049104","52,52018736",,,3550.0,28.0
114443,11,2,2500727.0,2021,10,21,2,3,0,1,2,0,0,0,1,0,0,1,"802578,4158","5827687,025","13,46004525","52,51511943",,,1857.0,65.0
114442,11,3,3200206.0,2021,11,21,3,3,4,1,2,0,1,0,0,0,0,1,"797986,0335","5834648,174","13,39881719","52,58004518",,,2356.0,61.0
114441,11,3,3601449.0,2021,5,17,7,3,5,2,0,0,1,0,0,0,0,0,"801345,9232","5831000,956","13,44494154","52,54550486",,,4614.0,65.0
114438,11,4,4400727.0,2021,1,11,3,3,0,1,0,0,0,0,1,0,0,1,"791404,2269","5824487,858","13,29304849","52,49252447",,,6524.0,59.0
114434,11,7,7200411.0,2021,6,14,2,3,0,2,0,0,1,0,0,0,1,0,"795861,4386","5824303,943","13,35834524","52,48847821",,,5126.0,38.0
114430,11,4,4300414.0,2021,5,15,3,3,5,2,0,1,1,0,0,0,0,0,"791694,6229","5826587,878","13,29915319","52,51119578",,,4632.0,59.0
114429,11,4,4300414.0,2021,8,14,2,3,2,7,0,0,0,0,1,0,1,0,"791806,1035","5826606,691","13,30080772","52,51130481",,,4964.0,49.0
114427,11,10,10400941.0,2021,9,5,2,2,3,6,2,0,1,0,1,0,0,0,"813731,3768","5827149,828","13,62336377","52,50400535",,,3569.0,53.0
114426,11,12,12601032.0,2021,9,7,4,3,5,2,0,1,1,0,0,0,0,0,"792729,8396","5837421,962","13,32392016","52,60776388",,,3764.0,45.0
114423,11,7,7501133.0,2021,4,18,3,3,2,6,0,0,1,0,0,0,0,0,"797664,6878","5818672,582","13,37980261","52,4370188",,,3381.0,45.0
114420,11,10,10100210.0,2021,4,15,6,2,2,6,0,0,1,0,1,0,0,0,"808299,1671","5832012,597","13,54809582","52,5506811",,,7139.0,65.0
114419,11,3,3601449.0,2021,7,15,6,2,5,2,0,1,1,0,0,0,0,0,"801319,6745","5830977,753","13,44453458","52,54531142",,,4047.0,22.0
114417,11,4,4300621.0,2021,10,19,3,3,2,1,1,0,1,0,0,0,0,0,"792740,5828","5826742,135","13,31465739","52,51201833",,,3551.0,40.0
114416,11,10,10100210.0,2021,6,13,7,3,2,2,0,1,1,0,0,0,0,0,"808321,4236","5832024,392","13,54843398","52,5507742",,,5263.0,52.0
114415,11,11,11401034.0,2021,12,20,2,2,0,1,2,0,1,0,0,0,0,0,"807146,5341","5827415,715","13,52690284","52,51013474",,,7131.0,58.0
114414,11,11,11401032.0,2021,8,15,2,3,2,6,0,0,1,0,1,0,0,0,"805630,9832","5827377,383","13,50460577","52,51064239",,,3661.0,43.0
114413,11,6,6400735.0,2021,9,18,4,1,0,7,0,0,1,0,1,0,0,0,"782374,8442","5815745,53","13,15301743","52,41888191",,,7534.0,61.0
114410,11,3,3601449.0,2021,3,15,3,3,5,2,0,1,0,0,0,1,0,0,"801325,9897","5831014,096","13,4446604","52,54563367",,,6250.0,55.0
114407,11,4,4100102.0,2021,6,15,3,3,2,6,0,0,1,0,0,0,0,0,"791519,4102","5829140,666","13,29881631","52,53417483",,,3543.0,59.0
114405,11,7,7400824.0,2021,9,18,5,3,3,6,0,0,1,0,1,0,0,0,"797846,1684","5821268,2","13,38477876","52,46018699",,,4033.0,40.0
114404,11,11,11100101.0,2021,8,13,5,2,2,6,0,0,1,0,0,1,0,0,"803687,4721","5835351,947","13,48334812","52,58320088",,,4345.0,48.0
114400,11,2,3601452.0,2021,7,17,4,3,2,6,0,0,1,0,0,0,1,0,"801633,0038","5828906,405","13,44726117","52,52657248",,,4264.0,38.0
114398,11,1,1200624.0,2021,10,18,5,3,2,6,2,0,1,0,0,0,0,0,"795930,1355","5829484,636","13,3639607","52,53488129",,,5062.0,44.0
114397,11,4,4400727.0,2021,11,19,2,3,2,6,2,0,1,0,0,0,0,1,"791403,4542","5824488,514","13,29303771","52,49253076",,,2651.0,45.0
114394,11,7,7400927.0,2021,1,12,5,3,0,7,0,0,1,0,0,0,0,1,"799191,8582","5821640,243","13,40485954","52,46278679",,,4363.0,22.0
114390,11,12,12601032.0,2021,6,10,7,3,6,3,0,0,1,1,0,0,0,0,"792838,6379","5837246,345","13,32536685","52,60613098",,,6352.0,56.0
114387,11,7,7501030.0,2021,12,18,4,3,6,2,2,0,1,1,0,0,0,1,"797871,3799","5820419,827","13,38439189","52,45256849",,,6935.0,43.0
114386,11,7,7400720.0,2021,5,23,3,3,1,5,2,0,0,0,1,0,1,1,"797774,2094","5823574,974","13,38578174","52,48090389",,,4658.0,28.0
114385,11,2,2500729.0,2021,8,10,5,3,0,3,0,0,1,0,0,0,1,0,"803112,4624","5827648,692","13,46785627","52,51447933",,,4234.0,52.0
114383,11,3,3601142.0,2021,9,16,2,2,5,3,0,1,0,0,0,0,0,0,"799163,574","5830558,356","13,41245677","52,54274037",,,4047.0,22.0
114381,11,4,4200207.0,2021,3,4,7,2,2,6,2,0,1,0,1,0,1,1,"787877,7157","5821870,753","13,23899049","52,47093194",,,3057.0,55.0
114378,11,3,3100101.0,2021,6,18,4,3,9,1,0,0,1,0,0,0,0,1,"800857,4343","5840804,569","13,44666278","52,63364485",,,3337.0,58.0
114376,11,1,1100310.0,2021,9,17,5,3,3,6,0,0,1,0,1,0,0,0,"799518,2052","5828203,288","13,41554844","52,52143608",,,4169.0,60.0
114375,11,3,3601347.0,2021,11,15,3,2,1,5,0,1,0,0,0,0,1,1,"799373,8707","5830318,271","13,41533215","52,54047288",,,4346.0,53.0
114374,11,5,5200528.0,2021,9,16,4,3,6,2,0,0,1,1,0,0,0,0,"783505,2691","5826700,883","13,17890421","52,51652724",,,3449.0,40.0
114369,11,8,8100521.0,2021,7,17,7,3,2,6,0,0,1,0,0,0,0,0,"802663,7092","5822015,075","13,45614694","52,46423456",,,3734.0,59.0
114368,11,6,6400736.0,2021,10,17,7,3,2,6,2,0,1,0,0,0,0,1,"785310,9779","5815996,837","13,19628971","52,41961237",,,2973.0,44.0
114367,11,12,12200310.0,2021,12,8,3,3,2,6,0,0,1,0,0,0,0,0,"791902,4553","5832743,88","13,30761505","52,5662716",,,3329.0,57.0
114364,11,2,2400522.0,2021,1,14,3,3,0,6,0,0,1,0,1,0,0,1,"801529,9046","5827794,949","13,44473848","52,51666743",,,4350.0,52.0
114360,11,7,7400720.0,2021,6,15,7,3,3,6,0,0,1,0,0,0,0,1,"797840,9596","5822488,178","13,38579117","52,47112559",,,3031.0,57.0
114356,11,3,3601452.0,2021,5,10,2,3,5,7,0,0,1,0,0,0,1,0,"801401,628","5829216,096","13,44414166","52,52947623",,,3829.0,50.0
114355,11,7,7400824.0,2021,8,14,5,3,0,6,0,0,0,0,0,0,1,0,"797867,6877","5821554,672","13,3853502","52,46274316",,,7069.0,49.0
114348,11,6,6300629.0,2021,7,7,4,3,2,6,0,0,1,0,0,0,0,1,"791089,0531","5818856,67","13,28350673","52,4422086",,,3527.0,52.0
114346,11,7,7100205.0,2021,10,6,2,3,0,7,1,0,1,0,1,0,0,1,"796029,5456","5825258,359","13,36166184","52,4969426",,,4961.0,45.0
114345,11,12,12200414.0,2021,11,14,6,3,2,6,0,0,1,0,0,0,0,0,"792133,7636","5831922,754","13,31029503","52,55878643",,,6036.0,59.0
114344,11,4,4200206.0,2021,9,11,6,3,3,6,0,1,1,0,0,0,0,0,"788809,9574","5826104,841","13,2563464","52,5084002",,,4864.0,14.0
114342,11,4,4501151.0,2021,6,14,7,3,2,6,0,0,1,0,0,0,0,0,"793779,1497","5823002,503","13,32661941","52,47793589",,,3569.0,53.0
114340,11,4,4300414.0,2021,4,7,6,3,5,2,0,0,1,0,0,0,0,0,"791858,0901","5826615,481","13,30157929","52,5113558",,,7130.0,61.0
114337,11,4,4200311.0,2021,3,19,1,3,9,1,2,0,1,0,0,0,0,0,"790448,5583","5825340,59","13,27975561","52,50067867",,,7430.0,57.0
114336,11,4,4100101.0,2021,10,10,4,3,3,6,0,0,1,0,0,0,0,0,"790693,5685","5828873,329","13,28644153","52,53221926",,,2130.0,45.0
114335,11,1,1100102.0,2021,12,17,7,3,9,1,2,0,0,0,1,0,0,1,"796456,3145","5826381,919","13,36893022","52,50678259",,,3032.0,48.0
114334,11,7,7400721.0,2021,9,12,7,3,0,1,0,1,0,0,0,0,0,0,"797801,94","5822976,932","13,38565479","52,475528",,,5569.0,65.0
114332,11,7,7100206.0,2021,2,9,5,3,0,6,0,0,1,0,0,0,1,1,"796001,4274","5824601,943","13,36066564","52,49107364",,,5758.0,52.0
114328,11,9,9100202.0,2021,6,18,6,3,0,2,0,0,1,0,0,0,1,0,"803113,3551","5824550,04","13,46504912","52,48670604",,,4454.0,36.0
114324,11,3,3601452.0,2021,5,16,2,3,0,1,0,1,0,0,0,0,0,0,"801453,0152","5829188,987","13,44487231","52,52920484",,,3476.0,57.0
114323,11,1,1100104.0,2021,8,13,3,3,2,6,0,0,1,0,0,0,0,1,"796278,9275","5825995,483","13,3659804","52,50341492",,,5456.0,61.0
114318,11,4,4200311.0,2021,7,11,5,3,3,6,0,0,1,0,0,1,0,0,"790508,4582","5825601,176","13,2808629","52,50298296",,,4151.0,37.0
114316,11,4,4200207.0,2021,10,13,1,3,2,1,0,0,1,0,0,0,0,0,"789795,4388","5824803,866","13,26969396","52,49621407",,,4034.0,63.0
114315,11,1,1300836.0,2021,11,11,4,3,2,2,0,0,1,0,0,0,0,1,"796316,5952","5830075,845","13,37016884","52,5399709",,,6129.0,63.0
114313,11,3,3701657.0,2021,9,14,3,3,5,3,0,1,0,0,0,0,0,0,"800319,4656","5830067,432","13,42900638","52,53770423",,,5062.0,44.0
114310,11,1,1100205.0,2021,4,8,3,3,2,2,0,0,1,0,0,0,0,0,"796951,2659","5826704,308","13,3764889","52,5094033",,,3976.0,55.0
114307,11,2,2500727.0,2021,4,12,4,3,2,6,0,0,1,0,0,0,0,1,"802544,2153","5827690,458","13,45954591","52,51516917",,,5982.0,62.0
114306,11,7,7400822.0,2021,6,7,4,3,2,6,0,0,1,0,0,1,0,0,"796542,8497","5822529,582","13,36677338","52,47220297",,,3738.0,53.0
114304,11,1,1100102.0,2021,11,19,6,3,2,6,1,0,1,0,0,0,0,0,"794700,3889","5827081,224","13,34375306","52,51400274",,,6427.0,48.0
114302,11,2,2200208.0,2021,8,11,4,3,3,6,0,0,1,0,0,0,0,0,"797863,4468","5825012,347","13,3883765","52,4937396",,,4715.0,55.0
114301,11,7,7501030.0,2021,9,15,6,3,5,2,0,0,1,0,0,0,0,1,"798039,4015","5819471,742","13,38601126","52,44397836",,,7660.0,47.0
114297,11,11,11300724.0,2021,2,8,3,3,5,2,0,1,1,0,0,0,0,0,"804515,7947","5827504,598","13,48834063","52,51240623",,,3548.0,45.0
114294,11,6,6100209.0,2021,6,14,5,3,0,1,0,0,0,0,1,0,0,0,"794202,0287","5821405,735","13,33141985","52,46339398",,,4059.0,30.0
114292,11,6,6300629.0,2021,9,13,7,3,5,3,0,0,1,0,1,0,0,0,"791845,4846","5819328,785","13,29501643","52,44603793",,,3467.0,56.0
114291,11,4,4200311.0,2021,11,11,4,3,2,6,0,0,1,0,0,0,0,0,"790546,4406","5825877,893","13,28166238","52,50544352",,,7752.0,58.0
114290,11,4,4400726.0,2021,8,17,6,2,2,6,0,0,1,0,0,0,0,0,"790758,4925","5824850,863","13,28388109","52,49612319",,,4238.0,48.0
114285,11,7,7200308.0,2021,7,12,6,3,2,6,0,0,1,0,0,0,0,0,"795223,509","5823525,402","13,34828776","52,48184447",,,1556.0,46.0
114284,11,3,3400723.0,2021,10,11,3,3,3,6,0,1,1,0,0,0,0,0,"798457,2854","5833332,84","13,40456749","52,56799692",,,3368.0,49.0
114283,11,7,7400720.0,2021,12,12,3,3,0,6,0,0,1,0,0,0,1,1,"797823,4387","5822494,028","13,38553922","52,47118758",,,4853.0,18.0
114282,11,4,4300414.0,2021,5,14,1,3,3,6,0,1,1,0,0,0,0,0,"791098,5895","5826470,129","13,29029233","52,51045857",,,3474.0,49.0
114278,11,1,1100310.0,2021,1,19,5,3,2,6,2,0,1,0,0,0,0,1,"799544,6018","5828286,211","13,416011","52,52216485",,,1859.0,54.0
114274,11,12,12500926.0,2021,6,13,5,3,0,5,0,0,1,0,0,0,0,0,"793673,9475","5835687,188","13,33628346","52,59170366",,,5143.0,6.0
114270,11,7,7200411.0,2021,5,8,6,3,5,2,0,1,0,0,0,0,1,0,"795792,783","5824122,5","13,35717601","52,48688891",,,3541.0,57.0
114269,11,7,7400824.0,2021,8,17,6,3,5,3,0,1,1,0,0,0,0,0,"797857,7269","5821431,711","13,38509429","52,46164639",,,3541.0,57.0
114267,11,1,1100102.0,2021,9,8,2,3,3,6,0,0,1,0,0,0,0,0,"796435,7992","5826380,355","13,36862745","52,50677973",,,3944.0,21.0
114265,11,12,12500927.0,2021,3,19,1,2,3,6,2,0,1,0,0,0,0,1,"793388,072","5836322,543","13,33263831","52,59755348",,,2064.0,55.0
114262,11,5,5200634.0,2021,7,17,5,3,2,6,0,0,1,0,0,0,0,1,"785278,8254","5826243,286","13,20457808","52,51149959",,,4252.0,53.0
114260,11,4,4300414.0,2021,9,10,3,3,5,3,0,1,1,0,0,0,0,1,"791851,3026","5826592,97","13,30145982","52,51115763",,,5457.0,20.0
114259,11,7,7400825.0,2021,11,13,2,3,2,6,0,0,1,0,0,0,0,0,"797866,775","5820528,143","13,38442093","52,45354194",,,1966.0,59.0
114258,11,4,4400726.0,2021,8,8,5,3,0,1,0,0,0,0,1,0,0,0,"791173,3346","5824637,66","13,2897882","52,49399066",,,7334.0,59.0
114255,11,7,7300619.0,2021,4,23,4,2,9,1,2,0,1,0,0,0,0,0,"796252,769","5822715,675","13,3626805","52,47402853",,,7933.0,55.0
114252,11,12,12100101.0,2021,10,5,4,3,3,6,2,1,1,0,0,0,0,1,"795804,6186","5832389,224","13,36470276","52,56098626",,,5446.0,19.0
114251,11,2,2200209.0,2021,12,11,7,3,2,6,0,0,1,0,0,0,1,1,"797756,3191","5824486,404","13,38633324","52,48908358",,,5728.0,63.0
114249,11,7,7601236.0,2021,2,19,3,2,6,4,2,0,1,1,0,0,0,1,"797028,1677","5816747,772","13,36875702","52,42011057",,,3349.0,12.0
114245,11,3,3701660.0,2021,6,7,5,3,1,5,0,1,1,0,0,0,0,0,"800437,144","5829622,836","13,4303343","52,53365435",,,3468.0,60.0
114241,11,4,4200311.0,2021,5,14,6,2,5,2,0,1,0,0,0,1,0,0,"790540,9715","5826379,223","13,2820196","52,50994089",,,7462.0,45.0
114240,11,8,8200622.0,2021,8,10,6,3,3,6,0,0,1,0,0,1,0,0,"801570,7771","5821777,807","13,43989377","52,46271215",,,2848.0,27.0
114233,11,12,12100205.0,2021,7,16,7,3,0,7,0,1,0,0,0,0,0,0,"794556,8841","5833925,759","13,34771421","52,57543649",,,5055.0,41.0
114231,11,7,7501029.0,2021,10,20,1,3,2,1,0,0,1,0,0,0,0,0,"797786,0411","5818930,118","13,38181196","52,43926129",,,5150.0,59.0
114230,11,6,6400735.0,2021,11,13,7,3,0,1,0,0,0,0,1,0,0,1,"781702,5376","5815583,001","13,14302077","52,41777103",,,5239.0,47.0
114229,11,12,12200515.0,2021,9,17,6,3,2,6,0,0,1,0,0,0,0,0,"790690,9088","5834895,618","13,29167749","52,58620991",,,4067.0,9.0
114226,11,1,1100310.0,2021,4,9,4,3,5,2,0,1,0,0,0,0,1,0,"799596,5804","5828280,771","13,41676992","52,52208754",,,3634.0,50.0
114223,11,2,2500727.0,2021,3,22,2,3,0,1,2,1,0,0,0,0,0,0,"802176,7778","5827749,034","13,45420082","52,51589788",,,5826.0,49.0
114221,11,12,12200515.0,2021,3,15,5,2,8,1,0,0,1,0,0,0,0,1,"790676,2473","5834899,763","13,29146533","52,5862549",,,3461.0,59.0
114218,11,7,7501030.0,2021,6,7,2,3,5,3,0,1,1,0,0,0,0,0,"797869,3439","5820431,15","13,38437211","52,4526711",,,4079.0,62.0
114216,11,6,6300526.0,2021,10,12,6,3,6,6,0,0,1,1,0,0,0,0,"789564,6124","5817964,797","13,26036873","52,43502197",,,2429.0,57.0
114215,11,11,11300724.0,2021,11,18,2,3,3,6,2,1,0,0,0,0,1,0,"804466,3962","5827494,706","13,48760591","52,51234514",,,4456.0,28.0
114214,11,3,3601449.0,2021,9,10,4,3,5,2,0,0,1,0,0,0,1,0,"801333,3126","5831020,354","13,44477374","52,54568571",,,6965.0,61.0
114209,11,1,1100102.0,2021,10,10,7,2,5,2,0,0,1,0,1,0,0,0,"796458,4454","5827391,52","13,36986084","52,51583152",,,662.0,65.0
114208,11,7,7400927.0,2021,12,7,2,3,2,6,2,0,1,0,0,0,1,1,"798538,6256","5822072,845","13,39566007","52,46702181",,,7036.0,65.0
114205,11,6,6300629.0,2021,1,18,2,3,4,6,2,0,1,0,0,0,0,1,"792655,3264","5819889,117","13,30738905","52,45062835",,,1358.0,51.0
114201,11,9,9100409.0,2021,6,8,6,1,2,6,0,0,0,0,0,1,0,0,"805933,3978","5818648,963","13,5010437","52,43224498",,,4748.0,28.0
114197,11,7,7400825.0,2021,5,12,3,3,2,6,0,0,1,0,0,0,1,0,"797877,8616","5820463,951","13,38452634","52,45296049",,,4967.0,51.0
114196,11,4,4200311.0,2021,8,8,5,3,0,1,0,1,0,0,0,0,0,0,"790500,9039","5826372,474","13,28142498","52,50990172",,,5043.0,50.0
114189,11,12,12500928.0,2021,7,11,4,3,5,3,0,0,1,0,0,0,0,1,"792369,5455","5837739,953","13,31889567","52,61080841",,,7134.0,43.0
114187,11,9,9100306.0,2021,10,14,7,3,2,6,0,0,1,0,0,0,0,0,"803093,2888","5820914,051","13,46145126","52,45412798",,,3352.0,26.0
114186,11,10,10100311.0,2021,11,16,5,3,2,6,0,0,1,0,0,0,0,1,"808038,4277","5827445,99","13,54003133","52,5099032",,,4153.0,36.0
114185,11,6,6400737.0,2021,9,18,5,2,6,4,0,0,1,1,0,0,0,0,"786519,5539","5816954,015","13,21483292","52,427563",,,4461.0,54.0
114182,11,7,7400822.0,2021,4,13,5,3,2,6,0,0,1,0,0,0,0,0,"796517,6698","5822545,927","13,36641829","52,47236315",,,4265.0,5.0
114179,11,4,4200311.0,2021,3,9,3,3,2,6,0,0,1,0,0,0,0,0,"790534,6239","5826378,161","13,28192541","52,50993475",,,3864.0,60.0
114178,11,3,3601347.0,2021,10,21,4,3,0,1,2,1,0,0,0,0,0,0,"799304,9855","5830349,851","13,41434792","52,54079379",,,3550.0,28.0
114177,11,7,7400927.0,2021,12,16,2,3,3,6,2,0,1,0,0,1,0,0,"798881,5648","5821891,528","13,40053091","52,46520905",,,6958.0,57.0
114176,11,1,1400940.0,2021,5,15,3,3,3,2,0,1,1,0,0,0,0,0,"795862,0271","5832067,486","13,36526034","52,55807102",,,4340.0,45.0
114175,11,1,1100207.0,2021,5,22,2,3,5,3,2,1,1,0,0,0,0,0,"798650,7286","5827024,425","13,40174286","52,511345",,,5741.0,60.0
114174,11,1,1100102.0,2021,9,8,5,3,0,1,0,1,0,0,0,0,0,1,"796749,0018","5826665,676","13,37348292","52,50916707",,,3863.0,41.0
114172,11,4,4300415.0,2021,2,14,4,3,2,6,0,0,1,0,0,0,0,1,"790702,2172","5826178,924","13,2842139","52,50805929",,,2974.0,55.0
114168,11,7,7501133.0,2021,6,8,3,3,0,2,0,0,1,0,0,0,0,0,"797475,5808","5817970,766","13,37640448","52,43083057",,,2770.0,62.0
114164,11,7,7200411.0,2021,5,13,3,3,2,6,0,0,1,0,0,0,0,1,"795930,621","5824409,067","13,35945452","52,48938306",,,4855.0,25.0
114163,11,3,3601141.0,2021,8,17,2,3,6,7,0,0,1,1,0,0,0,0,"799219,321","5831429,787","13,41406144","52,55052077",,,5355.0,51.0
114159,11,3,3601142.0,2021,7,10,6,3,4,6,0,1,0,0,0,0,0,1,"799150,678","5830803,488","13,41248793","52,54494468",,,1556.0,46.0
114157,11,7,7601236.0,2021,10,16,2,3,5,2,0,1,0,0,0,1,0,0,"796607,3606","5816001,707","13,36192595","52,41365089",,,6527.0,56.0
114156,11,10,10100206.0,2021,11,9,2,3,5,7,0,0,1,0,0,0,0,1,"808815,9415","5833167,253","13,55676734","52,56073603",,,4365.0,7.0
114152,11,4,4100101.0,2021,4,8,3,3,2,6,0,0,1,0,0,0,0,0,"790944,706","5829025,95","13,29026701","52,5334535",,,3633.0,59.0
114149,11,3,3601449.0,2021,3,10,7,3,3,6,0,1,0,0,0,0,0,1,"801055,7023","5830618,193","13,44032778","52,54223456",,,4029.0,62.0
114148,11,1,1100310.0,2021,6,21,4,3,5,2,0,0,1,0,1,0,0,0,"799107,8408","5827694,885","13,40906113","52,51710424",,,3649.0,23.0
114146,11,3,3200205.0,2021,11,7,2,3,5,3,0,1,1,0,0,0,0,0,"798165,7233","5836122,188","13,40278764","52,5931591",,,2528.0,57.0
114145,11,3,3400724.0,2021,12,15,5,3,2,6,0,0,1,0,0,0,1,1,"800158,5112","5835134,321","13,43122327","52,5832086",,,1664.0,56.0
114144,11,4,4100101.0,2021,7,11,7,3,2,6,0,0,1,0,0,0,0,0,"790873,2459","5828999,017","13,2891929","52,53325019",,,5342.0,38.0
114143,11,12,12400721.0,2021,9,12,4,3,1,5,0,0,1,0,0,0,0,0,"791040,7983","5841182,954","13,3023591","52,64238688",,,4761.0,38.0
114139,11,2,2500726.0,2021,2,16,6,3,5,3,0,0,1,0,1,0,0,0,"801652,9761","5828874,873","13,44752607","52,52627881",,,3343.0,53.0
114136,11,12,12601031.0,2021,7,15,6,2,5,2,0,1,1,0,0,0,0,0,"793198,9635","5836753,432","13,33023589","52,60151812",,,3352.0,26.0
114134,11,4,4200311.0,2021,9,15,4,3,3,6,0,0,1,0,1,0,0,0,"790641,799","5826209,112","13,28335256","52,50836213",,,5249.0,5.0
114133,11,3,3200206.0,2021,10,5,1,3,1,5,2,0,1,0,0,0,0,0,"798057,3136","5834039,004","13,39931837","52,57454582",,,2858.0,52.0
114132,11,2,2400521.0,2021,8,7,2,3,5,2,0,0,1,0,1,0,0,1,"800374,6036","5827974,722","13,4279263","52,5189163",,,2748.0,55.0
114127,11,4,4300415.0,2021,7,13,6,3,2,6,0,0,1,0,0,0,0,0,"790744,4558","5826301,712","13,28494176","52,50913759",,,4560.0,49.0
114126,11,6,6300527.0,2021,10,18,6,3,3,6,1,0,1,0,0,0,0,1,"790285,4912","5818362,906","13,2712888","52,43820903",,,4332.0,40.0
114125,11,2,2500727.0,2021,12,20,6,3,1,1,2,0,1,0,0,0,1,0,"802133,6631","5827900,394","13,45370483","52,5172784",,,5124.0,60.0
114124,11,9,9100202.0,2021,5,8,2,3,2,6,0,0,1,0,0,0,1,0,"803109,3416","5824553,864","13,46499367","52,48674254",,,5650.0,43.0
114121,11,2,2500834.0,2021,1,12,4,3,5,2,0,1,1,0,0,0,0,0,"802035,4804","5827025,715","13,45146841","52,50949301",,,3927.0,63.0
114117,11,6,6400737.0,2021,6,16,5,3,3,6,0,0,1,0,0,0,0,0,"785508,4249","5816249,101","13,19940052","52,42177124",,,4365.0,7.0
114113,11,1,1200624.0,2021,5,16,6,3,2,6,0,0,1,0,0,0,0,0,"795885,1182","5829599,047","13,3634008","52,53593132",,,5527.0,60.0
114112,11,7,7200308.0,2021,8,19,6,3,0,2,0,1,1,0,0,0,0,1,"795344,388","5823458,459","13,35000329","52,48117901",,,3750.0,33.0
114110,11,2,1100104.0,2021,9,12,3,3,2,6,0,0,1,0,0,0,1,0,"796729,3261","5826099,537","13,37268924","52,50410291",,,4558.0,14.0
114109,11,7,7400824.0,2021,3,8,5,3,3,2,0,0,1,0,0,1,0,0,"797846,189","5822368,397","13,38576099","52,47004903",,,3350.0,22.0
114105,11,4,4200311.0,2021,7,16,3,3,2,6,0,0,1,0,0,0,1,0,"790744,536","5826801,608","13,28537966","52,51361912",,,758.0,54.0
114103,11,1,1100310.0,2021,9,21,5,3,3,6,2,0,1,0,1,0,0,0,"799796,2906","5828619,161","13,42000964","52,5250109",,,4456.0,28.0
114102,11,5,5200528.0,2021,11,8,6,3,2,6,0,0,1,0,0,0,0,1,"783549,8541","5826706,215","13,17956405","52,51655187",,,7760.0,63.0
114101,11,12,12100205.0,2021,8,7,3,3,5,2,1,1,1,0,0,0,0,1,"794457,8183","5834355,345","13,34663812","52,57934099",,,4623.0,43.0
114098,11,3,3100101.0,2021,4,14,4,3,5,3,0,0,1,0,0,0,0,0,"800757,9748","5838764,996","13,44334217","52,61541936",,,3741.0,61.0
114095,11,1,1100310.0,2021,3,16,3,3,2,6,0,1,0,0,0,0,0,0,"799108,1246","5827695,346","13,40906572","52,51710822",,,2850.0,46.0
114094,11,6,6400737.0,2021,10,19,2,3,3,6,2,1,1,0,0,0,0,0,"786334,8734","5816871,75","13,21205373","52,4269221",,,4949.0,42.0
114093,11,7,7300619.0,2021,12,16,7,3,2,6,1,0,1,0,0,1,0,0,"795743,994","5822620,596","13,3551274","52,47345193",,,2161.0,59.0
114092,11,8,8200622.0,2021,9,16,4,3,2,6,1,0,1,0,0,0,0,1,"801996,4458","5821849,519","13,44620511","52,46311984",,,5457.0,20.0
114090,11,3,3601451.0,2021,2,16,3,2,5,3,1,1,1,0,0,0,0,1,"800646,0201","5830008,301","13,43375313","52,53699418",,,4546.0,40.0
114086,11,4,4300622.0,2021,6,12,7,3,0,1,0,0,0,0,1,0,0,0,"793106,246","5826825,611","13,32010373","52,51257028",,,3666.0,49.0