ObjectID,State,District,LOR_ab_2021,AccidentYear,AccidentMonth,AccidentHour,DayOfWeek,AccidentCategory,AccidentType,AccidentTypeDetail,LightingCondition,InvolvingBike,InvolvingCar,InvolvingPedestrian,InvolvingMotorcycle,InvolvingHGV,InvolvingOther,RoadCondition,GraphicCoord1,GraphicCoord2,LongitudeWGS84,LatitudeWGS84,quadrant,quadrant_rank
113330,11,1,1100310.0,2021,8,19,7,3,5,2,0,1,1,0,0,0,0,0,"799762,9794","5828629,134","13,4195291","52,5251186",,,7232.0,31.0
113326,11,3,3200204.0,2021,7,14,7,3,2,6,0,0,1,0,0,0,0,0,"797150,7028","5838914,488","13,39035452","52,61874378",,,4944.0,25.0
113324,11,10,10400941.0,2021,10,13,5,2,2,6,0,0,1,0,0,0,0,0,"813805,8716","5827140,084","13,62444851","52,5038752",,,5342.0,38.0
113323,11,7,7501135.0,2021,11,13,7,3,9,1,0,1,0,0,0,0,0,0,"798942,8772","5817074,061","13,39712079","52,42199285",,,7655.0,61.0
113321,11,3,3500936.0,2021,4,18,6,3,0,1,0,1,0,0,0,0,0,0,"802421,3284","5831629,602","13,46132437","52,55054347",,,5848.0,53.0
113318,11,7,7400825.0,2021,1,15,5,3,2,6,0,0,1,0,0,0,0,1,"797838,0044","5820616,228","13,38407735","52,45434721",,,3441.0,51.0
113315,11,2,2500727.0,2021,4,9,4,3,5,2,0,1,1,0,0,0,0,0,"802144,2487","5827755,3","13,45372859","52,51597206",,,3844.0,58.0
113314,11,7,7300619.0,2021,6,13,1,3,2,6,0,0,1,0,0,0,0,0,"795697,9606","5823175,373","13,35494352","52,47845001",,,1658.0,8.0
113311,11,4,4200311.0,2021,12,21,6,3,5,2,2,0,1,0,0,0,0,1,"790522,4533","5826394,692","13,28176101","52,51008943",,,4352.0,37.0
113310,11,4,4400727.0,2021,5,8,3,2,3,6,0,0,1,0,0,1,0,0,"791666,1056","5824257,674","13,29669328","52,49032101",,,4065.0,7.0
113309,11,12,12100205.0,2021,8,18,3,3,5,2,0,1,1,0,0,0,0,0,"794559,1791","5833820,851","13,34765478","52,57449483",,,4760.0,20.0
113307,11,3,3601449.0,2021,9,14,4,3,5,2,0,1,1,0,0,0,0,1,"801319,3796","5830977,504","13,44453002","52,54530935",,,3566.0,39.0
113304,11,2,2500727.0,2021,3,12,5,3,5,2,0,1,0,0,0,0,1,0,"802143,9306","5827756,443","13,45372496","52,51598248",,,6464.0,61.0
113301,11,2,2100101.0,2021,6,17,3,3,5,2,0,1,1,0,0,0,0,0,"797851,374","5825505,215","13,38863989","52,49816417",,,5551.0,40.0
113299,11,3,3601142.0,2021,9,20,5,3,5,3,2,0,1,0,0,0,0,0,"799141,7571","5830377,409","13,41197309","52,54113044",,,5143.0,6.0
113298,11,12,12100204.0,2021,11,10,3,3,1,5,0,1,1,0,0,0,0,1,"795759,9577","5832645,952","13,36427468","52,56331184",,,4065.0,7.0
113297,11,2,2500833.0,2021,8,1,5,3,0,7,2,0,0,0,0,0,1,0,"802055,2436","5827267,677","13,45197832","52,51165079",,,4548.0,24.0
113292,11,3,3601142.0,2021,7,9,5,3,3,6,0,1,0,0,0,0,1,0,"799140,6429","5830701,651","13,41224868","52,54403738",,,4658.0,28.0
113291,11,1,1100310.0,2021,10,12,7,3,5,3,0,1,1,0,0,0,0,0,"799337,8191","5827948,196","13,41266818","52,51924861",,,3632.0,57.0
113290,11,6,6300629.0,2021,12,12,3,3,2,6,0,0,1,0,0,0,0,0,"792843,6316","5820019,408","13,31026631","52,45169554",,,3850.0,33.0
113287,11,7,4501153.0,2021,1,17,2,3,2,6,2,0,1,0,0,0,0,1,"794337,3853","5823066,449","13,33487171","52,47820856",,,3540.0,51.0
113283,11,6,6300527.0,2021,6,12,6,3,5,2,0,0,1,0,0,1,0,0,"790287,503","5818386,068","13,27133843","52,43841561",,,4463.0,27.0
113279,11,3,3400829.0,2021,5,14,2,2,2,2,0,0,1,0,1,0,0,0,"800071,9463","5832756,535","13,42779791","52,56194375",,,2027.0,62.0
113278,11,7,7200411.0,2021,6,8,5,2,5,3,0,1,0,0,0,0,1,0,"795902,323","5824349,903","13,35898642","52,48886804",,,3748.0,42.0
113277,11,4,4300414.0,2021,8,16,7,3,5,2,0,1,1,0,0,0,0,0,"791027,762","5826458,485","13,28924145","52,51039198",,,1829.0,65.0
113274,11,1,1100104.0,2021,3,19,3,3,1,6,2,1,1,0,0,0,1,0,"796228,4184","5825884,306","13,36513953","52,50244574",,,4848.0,3.0
113270,11,4,4200311.0,2021,7,19,3,3,2,2,0,1,1,0,0,0,0,0,"790513,0861","5826374,508","13,28160576","52,50991347",,,3148.0,24.0
113268,11,3,3601142.0,2021,9,17,4,3,0,7,0,1,0,0,0,0,0,1,"799163,8944","5830529,431","13,41243543","52,54248093",,,963.0,64.0
113267,11,4,4200206.0,2021,11,18,6,3,2,6,2,0,1,0,0,0,0,0,"788970,8372","5826131,185","13,25873312","52,50855118",,,1761.0,52.0
113266,11,7,7501030.0,2021,8,11,5,3,0,7,0,0,1,0,0,0,0,0,"797999,322","5819760,838","13,38568117","52,44659164",,,3446.0,47.0
113263,11,1,1401049.0,2021,4,15,6,3,2,6,0,0,1,0,0,0,0,0,"795922,5121","5831812,047","13,36592221","52,5557484",,,3056.0,54.0
113260,11,7,7501133.0,2021,3,16,1,3,2,2,0,0,1,0,0,0,0,0,"797544,1726","5818277,977","13,37768377","52,43354712",,,4365.0,7.0
113259,11,3,3701660.0,2021,10,19,3,1,6,4,1,0,0,1,1,0,0,0,"800091,0571","5829069,127","13,42474751","52,52888193",,,3551.0,40.0
113258,11,7,7400822.0,2021,12,16,6,3,2,6,2,0,1,0,0,0,0,1,"796433,2407","5822601,873","13,36522865","52,47291048",,,5356.0,13.0
113257,11,4,4300621.0,2021,9,19,6,3,5,2,2,1,1,0,0,0,0,0,"792593,464","5826717,345","13,31247391","52,51187502",,,2163.0,61.0
113255,11,1,1100207.0,2021,2,19,2,3,2,6,2,0,1,0,0,0,0,2,"798475,3797","5826973,905","13,39912141","52,51098813",,,3754.0,59.0
113251,11,4,4400726.0,2021,6,12,6,3,2,6,0,0,1,0,0,0,0,0,"790745,8026","5824899,975","13,28373756","52,49657024",,,5356.0,13.0
113246,11,7,7601547.0,2021,5,16,4,2,6,4,0,0,1,1,0,0,0,0,"800418,2166","5812541,82","13,41468696","52,38055966",,,3964.0,39.0
113245,11,6,6400735.0,2021,8,18,3,3,2,6,0,1,0,0,0,1,0,0,"778279,0433","5814909,234","13,09225121","52,41348064",,,4452.0,21.0
113241,11,7,7300619.0,2021,7,17,6,3,9,1,0,0,1,0,0,0,0,0,"795867,054","5822661,179","13,35696989","52,47374908",,,1761.0,52.0
113238,11,4,4400726.0,2021,7,14,7,3,2,6,0,0,1,0,0,0,0,0,"790803,3606","5824808,736","13,28450337","52,49572161",,,5050.0,37.0
113236,11,1,1100102.0,2021,10,17,7,3,6,4,0,0,1,1,0,0,0,0,"796738,1663","5826663,592","13,37332187","52,50915428",,,4952.0,44.0
113235,11,11,11401032.0,2021,11,18,5,2,2,6,1,0,1,0,0,0,0,1,"805791,7045","5827384,237","13,50697293","52,51061375",,,5863.0,65.0
113233,11,4,7200308.0,2021,9,21,1,3,3,6,2,0,1,0,0,0,0,0,"794500,8111","5823118,157","13,33731675","52,47858399",,,3552.0,52.0
113230,11,3,3500936.0,2021,4,15,3,3,3,6,0,0,1,0,1,0,0,0,"802388,1111","5831615,173","13,46082282","52,55043258",,,3833.0,63.0
113227,11,6,6400735.0,2021,4,14,6,2,3,4,0,1,0,1,0,0,0,0,"783788,9327","5815998,614","13,17396998","52,42041973",,,3348.0,36.0
113226,11,10,10100103.0,2021,7,9,2,3,5,3,0,0,1,0,0,0,0,0,"808986,3179","5833503,692","13,55958596","52,56365442",,,4135.0,49.0
113224,11,1,1100104.0,2021,10,6,7,3,5,3,2,0,1,0,0,0,0,0,"796406,0484","5826274,293","13,36809596","52,50584514",,,4430.0,31.0
113223,11,7,7400823.0,2021,12,7,3,3,3,6,1,0,1,0,1,1,0,0,"796838,8689","5822406,774","13,37100939","52,47094133",,,1566.0,65.0
113222,11,2,2500729.0,2021,5,17,3,3,6,7,0,0,0,1,0,0,1,0,"803314,9396","5827611,807","13,47079728","52,51403618",,,3450.0,48.0
113221,11,1,1100311.0,2021,5,22,2,3,3,7,1,1,0,0,0,0,1,0,"799971,2904","5828092,105","13,42210603","52,52019045",,,3147.0,43.0
113220,11,4,4200310.0,2021,8,14,1,3,3,6,0,0,1,0,0,0,0,0,"789521,2414","5826217,664","13,26689556","52,50903465",,,3829.0,50.0
113219,11,3,3100103.0,2021,9,13,3,2,7,7,0,0,1,0,0,0,1,0,"803643,3138","5839970,425","13,48693494","52,62461856",,,4166.0,53.0
113216,11,3,3601142.0,2021,3,17,2,2,3,2,1,0,1,0,1,0,0,0,"799165,783","5830365,557","13,41231563","52,54101101",,,4365.0,7.0
113213,11,7,7601442.0,2021,6,9,2,3,6,4,0,0,1,1,0,0,0,0,"799683,2879","5815212,722","13,40631007","52,40490337",,,3676.0,38.0
113211,11,12,12400723.0,2021,9,13,4,3,5,2,0,1,1,0,0,0,0,0,"792091,0859","5838525,182","13,31548831","52,61799731",,,5155.0,43.0
113210,11,1,1400940.0,2021,5,11,2,3,5,3,0,0,1,0,0,0,0,0,"795861,5967","5832069,884","13,36525615","52,55809275",,,7835.0,51.0
113209,11,7,7501133.0,2021,8,22,3,3,2,6,2,0,1,0,0,0,1,0,"797806,3679","5818937,056","13,3821163","52,43931241",,,7452.0,59.0
113205,11,5,5200528.0,2021,7,19,3,3,0,2,0,0,1,0,0,0,1,0,"783517,187","5826715,15","13,17909154","52,51664897",,,4967.0,51.0
113203,11,3,3100103.0,2021,10,17,5,2,3,5,0,0,1,0,0,0,0,0,"804017,2834","5839809,122","13,4922943","52,62296377",,,3154.0,20.0
113202,11,7,7400721.0,2021,11,6,2,3,2,6,1,0,1,0,0,0,0,1,"797811,7045","5823098,136","13,38590636","52,47660913",,,3924.0,64.0
113200,11,10,10100206.0,2021,5,18,7,3,3,6,0,0,1,0,0,0,0,0,"808888,8407","5833374,627","13,55803233","52,5625531",,,5059.0,35.0
113198,11,7,7501133.0,2021,5,12,6,2,5,3,0,1,1,0,0,0,0,1,"798224,4317","5818775,07","13,38810386","52,43763258",,,5868.0,65.0
113197,11,2,2500728.0,2021,8,7,6,3,1,1,0,1,1,0,0,0,0,0,"803088,0573","5827651,111","13,46749993","52,51451457",,,5246.0,59.0
113193,11,4,4300621.0,2021,7,7,3,3,5,2,0,1,1,0,0,0,0,0,"792491,7519","5826700,238","13,31096437","52,51177621",,,2846.0,54.0
113189,11,2,2500727.0,2021,7,12,4,3,0,1,0,1,0,0,0,0,0,0,"802175,8828","5827752,441","13,45419077","52,51592891",,,5864.0,63.0
113187,11,1,1400940.0,2021,10,15,6,3,5,3,0,0,1,0,0,0,0,0,"795878,8823","5832058,208","13,36549997","52,5579787",,,3829.0,50.0
113186,11,7,7200308.0,2021,11,8,2,3,5,2,0,1,1,0,0,0,0,1,"795242,3113","5823528,817","13,34856685","52,48186492",,,4483.0,62.0
113185,11,3,3701660.0,2021,9,17,6,2,0,2,0,1,1,0,0,0,0,0,"800173,445","5829245,087","13,42611723","52,53041375",,,7835.0,51.0
113182,11,6,6300527.0,2021,4,15,2,3,5,2,0,0,1,0,0,0,0,0,"790290,5379","5818387,912","13,27138455","52,43843054",,,4338.0,47.0
113179,11,4,4501151.0,2021,4,14,3,2,2,6,0,0,1,0,0,0,0,0,"793617,9281","5822994,331","13,32424518","52,47794933",,,4548.0,24.0
113178,11,7,7501133.0,2021,10,12,6,3,2,6,0,0,1,0,0,0,0,0,"798410,9239","5818350,961","13,3904606","52,4337292",,,3556.0,48.0
113177,11,3,3400725.0,2021,12,14,6,3,2,6,0,0,1,0,0,0,1,0,"800220,1054","5835215,375","13,43220305","52,58390112",,,2954.0,41.0
113176,11,3,3601449.0,2021,7,9,7,3,0,7,0,1,0,0,0,0,0,0,"801009,2026","5830591,335","13,43961985","52,54201952",,,3446.0,47.0
113173,11,7,7400824.0,2021,2,10,4,3,3,6,0,1,0,0,0,0,1,0,"797860,633","5821598,7","13,38528595","52,46314167",,,4648.0,37.0
113170,11,1,1100102.0,2021,6,13,1,3,0,6,0,1,0,0,0,0,1,0,"794457,5856","5827039,044","13,34014808","52,51375576",,,3326.0,55.0
113167,11,3,3400826.0,2021,4,13,6,3,2,6,0,0,1,0,1,0,0,0,"799141,9934","5832240,316","13,41365474","52,55782837",,,5063.0,29.0
113166,11,2,2400625.0,2021,8,13,4,3,1,5,0,1,1,0,0,0,0,0,"801894,1814","5826590,082","13,44899768","52,50566662",,,4463.0,27.0
113162,11,7,7200308.0,2021,7,14,3,3,2,2,0,0,1,0,0,0,0,0,"795242,1097","5823528,548","13,34856365","52,48186261",,,6268.0,60.0
113160,11,12,12100103.0,2021,10,22,3,3,2,6,2,0,1,0,0,0,0,0,"795356,3335","5833736,805","13,35930883","52,57330942",,,5227.0,61.0
113159,11,3,3200206.0,2021,11,20,1,3,6,4,2,0,1,1,0,0,0,1,"798155,7891","5834710,117","13,40137077","52,58050742",,,4357.0,21.0
113157,11,7,7601236.0,2021,5,20,1,3,5,2,2,1,1,0,0,0,0,1,"796608,831","5815997,411","13,3619437","52,41361158",,,4162.0,48.0
113154,11,4,4400727.0,2021,1,18,5,3,3,6,2,0,1,0,0,0,0,0,"791457,1394","5824459,542","13,29380086","52,49224237",,,6660.0,39.0
113151,11,4,4400725.0,2021,4,18,1,3,2,6,0,0,1,0,0,0,0,0,"790559,9722","5825137,646","13,28121525","52,49879995",,,3834.0,50.0
113150,11,7,7501030.0,2021,6,10,4,3,5,2,0,0,1,0,1,0,0,0,"797868,097","5820438,208","13,38436011","52,45273506",,,6432.0,65.0
113147,11,1,1100310.0,2021,12,0,2,3,5,2,2,0,1,0,0,0,1,0,"799107,5376","5827694,393","13,40905623","52,51709999",,,4065.0,7.0
113146,11,9,9100101.0,2021,5,6,3,3,3,6,0,1,0,0,0,0,1,0,"802761,7345","5825313,412","13,46058015","52,4937432",,,3122.0,65.0
113145,11,6,6300527.0,2021,8,23,6,2,5,3,2,0,1,0,0,0,0,1,"790289,1625","5818387,076","13,27136365","52,43842377",,,7957.0,59.0
113143,11,6,6400737.0,2021,9,12,1,3,3,7,0,0,1,0,1,0,0,0,"786970,0574","5820577,111","13,22455228","52,459811",,,2751.0,29.0
113141,11,4,4200311.0,2021,3,8,4,3,2,6,0,0,1,0,0,1,0,0,"790690,2903","5827013,711","13,28476784","52,51554954",,,3145.0,38.0
113138,11,4,4200206.0,2021,6,17,4,3,2,6,0,0,1,0,0,0,0,1,"787109,794","5825830,38","13,23112791","52,50683694",,,2677.0,65.0
113136,11,4,4400727.0,2021,9,14,7,3,2,6,0,0,1,0,0,0,0,0,"791725,0854","5824214,3","13,29752152","52,48990066",,,4552.0,62.0
113135,11,1,1100310.0,2021,11,17,4,3,0,7,0,1,0,0,0,0,0,0,"798926,7792","5828133,601","13,40679496","52,52113597",,,7659.0,42.0
113134,11,3,3601451.0,2021,8,14,3,2,5,2,0,1,0,0,0,0,1,0,"800756,8187","5829795,749","13,43518945","52,5350279",,,3245.0,33.0
113129,11,2,2500729.0,2021,7,6,6,3,0,7,0,1,0,0,0,0,0,0,"803441,78","5827598,848","13,47264887","52,51384948",,,3442.0,43.0
113128,11,5,5400943.0,2021,10,16,3,3,8,1,0,0,1,0,0,0,0,0,"780085,9812","5822242,793","13,12489731","52,47831905",,,3349.0,12.0
113127,11,4,4200310.0,2021,12,0,3,2,6,7,2,0,1,1,0,0,0,0,"789605,918","5826231,257","13,26815157","52,50911157",,,3851.0,47.0
113124,11,7,7300619.0,2021,1,14,6,3,2,6,0,0,1,0,0,0,0,1,"795973,875","5822700,893","13,35857324","52,47404722",,,6338.0,60.0
113120,11,6,6100101.0,2021,6,13,4,3,2,6,0,0,1,0,0,0,0,0,"793110,777","5820191,173","13,31433699","52,4530922",,,2059.0,42.0
113116,11,7,7200308.0,2021,5,18,1,3,5,2,0,1,1,0,0,0,0,0,"795225,438","5823516,568","13,34830826","52,48176423",,,4657.0,9.0
113115,11,1,1401044.0,2021,6,9,5,3,6,2,0,0,1,1,0,0,0,0,"796049,7714","5831333,797","13,36736733","52,55139221",,,4658.0,28.0
113114,11,5,5200528.0,2021,8,13,5,2,3,6,0,0,1,0,1,0,0,0,"783608,5443","5826690,141","13,18041294","52,51637724",,,4042.0,56.0
113108,11,9,9100202.0,2021,7,12,7,3,3,6,0,0,1,0,1,0,0,0,"802876,3258","5824779,629","13,46177768","52,48889537",,,3141.0,61.0
113106,11,3,3601451.0,2021,10,10,7,3,5,2,0,0,1,0,1,0,0,0,"800618,3279","5829922,235","13,43326821","52,53623803",,,4862.0,43.0
113105,11,7,7300619.0,2021,11,7,4,3,2,6,1,0,1,0,0,0,1,1,"796212,8073","5822727,982","13,3621048","52,47416052",,,7032.0,50.0
113104,11,4,4200207.0,2021,9,15,1,3,2,6,0,0,1,0,0,0,0,0,"789563,9197","5824470,623","13,26600349","52,49334934",,,4261.0,37.0
113101,11,3,3601449.0,2021,4,22,5,3,5,3,2,0,1,0,0,0,0,1,"800973,6557","5830485,933","13,43900179","52,54109443",,,4962.0,45.0
113098,11,12,12500930.0,2021,3,8,6,3,2,6,0,0,1,0,0,0,1,1,"794319,7375","5834607,866","13,34483044","52,58167935",,,1760.0,43.0
113097,11,4,4400830.0,2021,10,16,5,3,2,6,0,0,1,0,0,0,0,1,"792147,7849","5823744,795","13,30331784","52,48546557",,,4961.0,45.0
113096,11,7,7501133.0,2021,12,18,1,3,5,2,2,1,1,0,0,0,0,1,"798226,3835","5818768,138","13,3881263","52,43756938",,,3681.0,62.0
113095,11,1,1400940.0,2021,9,18,2,2,5,2,0,1,1,0,0,0,0,0,"795861,7826","5832068,848","13,36525796","52,55808336",,,4257.0,20.0
113093,11,7,7501133.0,2021,2,18,3,3,5,3,2,0,1,0,0,0,0,1,"797550,6488","5818306,607","13,37780424","52,43380024",,,6430.0,58.0
113089,11,2,2200207.0,2021,6,18,4,2,5,3,0,1,1,0,0,0,0,0,"796890,6032","5825915,197","13,37489397","52,50236276",,,3443.0,52.0
113084,11,2,2400521.0,2021,5,18,1,2,6,4,0,1,0,1,0,0,0,0,"800933,9776","5827856,219","13,43603821","52,51754575",,,5065.0,44.0
113083,11,3,3601139.0,2021,8,19,1,2,0,6,0,1,0,0,0,0,0,0,"799228,5071","5831997,33","13,41470803","52,55560285",,,5133.0,32.0
113079,11,7,7300619.0,2021,7,18,5,3,2,6,0,0,1,0,0,0,0,0,"795624,3876","5823251,935","13,35393124","52,47917616",,,2942.0,62.0
113076,11,1,1100310.0,2021,7,11,2,3,0,4,0,0,0,1,0,0,1,0,"798764,98","5827955,214","13,40425714","52,51962565",,,7232.0,31.0
113074,11,7,7200308.0,2021,10,22,5,3,6,2,2,0,1,1,0,0,0,0,"795244,0678","5823531,168","13,34859472","52,48188504",,,4846.0,41.0
113073,11,3,3601449.0,2021,11,6,6,3,5,2,2,1,1,0,0,0,0,0,"801355,8588","5831009,362","13,44509524","52,54557471",,,5262.0,43.0
113071,11,7,7300619.0,2021,9,15,6,3,2,6,0,0,1,0,0,0,0,1,"795753,515","5823099,571","13,35569191","52,47774042",,,5050.0,37.0
113068,11,12,12100101.0,2021,4,14,3,3,1,5,0,1,1,0,0,0,0,0,"795803,5531","5832395,318","13,36469252","52,56104147",,,4257.0,20.0
113065,11,12,12100103.0,2021,4,10,7,3,2,6,0,0,1,0,0,0,0,0,"795353,7937","5833738,526","13,359273","52,57332622",,,4151.0,37.0
113064,11,1,1100207.0,2021,7,16,4,3,0,1,0,0,1,0,0,0,0,0,"797718,9869","5826843,855","13,38789245","52,51023574",,,5451.0,41.0
113062,11,4,4200308.0,2021,10,6,3,3,0,6,2,0,1,0,0,0,0,0,"790406,9775","5827867,978","13,28135028","52,52335903",,,3048.0,43.0
113061,11,7,7601442.0,2021,12,18,1,2,1,5,2,0,1,0,0,0,0,1,"799343,1079","5816053,905","13,40207639","52,41262964",,,4431.0,51.0
113060,11,12,12100204.0,2021,8,13,5,3,0,2,0,1,1,1,0,0,0,0,"795766,759","5832692,7","13,3644164","52,56372719",,,4365.0,7.0
113059,11,1,1100102.0,2021,9,13,3,3,2,6,0,0,1,0,0,0,0,0,"794654,151","5827073,175","13,34306653","52,51395557",,,1965.0,61.0
113055,11,2,2500726.0,2021,2,15,6,3,3,6,0,0,1,0,0,0,0,0,"801680,7858","5828882,209","13,44794141","52,52632917",,,6660.0,39.0
113052,11,7,7400825.0,2021,6,17,2,3,2,6,0,0,1,0,0,0,1,0,"797873,2168","5820490,844","13,38448218","52,45320409",,,7040.0,65.0
113050,11,3,3701660.0,2021,9,11,1,3,5,3,0,1,1,0,0,0,0,0,"800129,5444","5829173,327","13,42540722","52,52979472",,,4251.0,2.0
113049,11,9,9100101.0,2021,8,13,2,3,0,2,0,1,0,0,0,1,0,0,"802589,2579","5825080,34","13,45783575","52,49174982",,,3947.0,56.0
113046,11,4,4300622.0,2021,7,15,7,3,5,3,0,0,1,0,0,0,1,0,"793553,4137","5826883,549","13,32672526","52,5128492",,,5754.0,53.0
113044,11,10,10100206.0,2021,10,21,3,3,5,2,2,0,1,0,0,0,0,0,"809048,162","5833349,062","13,56035141","52,56223359",,,3133.0,56.0
113043,11,4,4200206.0,2021,12,11,1,3,2,6,0,0,1,0,0,0,0,1,"787818,836","5825944,983","13,24164505","52,50749081",,,6339.0,60.0
113042,11,3,3701657.0,2021,5,17,6,3,0,2,0,0,1,0,0,0,1,1,"799995,902","5830220,527","13,42438826","52,53925468",,,4557.0,40.0
113038,11,6,6400737.0,2021,1,22,5,2,2,6,2,0,1,0,0,0,0,1,"785274,8626","5816281,014","13,19600239","52,42217919",,,1556.0,46.0
113034,11,1,1100310.0,2021,6,17,3,3,5,3,0,1,0,0,0,0,0,0,"798795,4203","5827983,729","13,40473005","52,51986457",,,3340.0,62.0
113031,11,4,4200206.0,2021,12,11,4,3,2,6,0,0,1,0,1,0,0,1,"787816,8356","5825944,661","13,24161538","52,50748898",,,4351.0,43.0
113030,11,7,7400825.0,2021,6,9,4,3,0,6,0,0,1,0,0,0,1,0,"797824,4703","5820697,46","13,38395122","52,45508274",,,3452.0,33.0
113029,11,1,1100102.0,2021,8,21,1,3,5,3,2,0,1,0,0,0,0,0,"796438,7049","5826320,739","13,36861705","52,50624374",,,4951.0,32.0
113027,11,3,3400620.0,2021,9,10,4,3,0,1,0,0,1,0,0,0,0,0,"798002,6544","5833647,995","13,39816281","52,5710709",,,4657.0,9.0
113025,11,10,10300733.0,2021,3,17,7,3,5,2,1,1,1,0,0,0,0,0,"808952,1764","5827441,288","13,55344813","52,50934436",,,4451.0,11.0
113022,11,11,11300725.0,2021,6,0,3,3,0,2,2,1,0,0,0,0,1,0,"804912,6633","5827464,388","13,4941338","52,51182414",,,4631.0,55.0
113020,11,10,10100312.0,2021,9,11,3,3,0,5,0,0,0,0,1,0,1,1,"807723,5846","5829437,424","13,53724885","52,52792806",,,3356.0,56.0
113019,11,12,12100205.0,2021,11,9,2,3,2,6,0,0,1,0,0,0,0,1,"794559,2364","5833802,734","13,34763953","52,5743324",,,3949.0,53.0
113018,11,9,9100203.0,2021,8,8,2,3,3,6,0,0,1,0,0,0,0,0,"803924,5224","5823781,886","13,47625827","52,47937032",,,6132.0,56.0
113013,11,4,4200308.0,2021,10,14,7,3,2,6,0,0,1,0,0,0,0,0,"790482,2864","5828463,417","13,28297733","52,52865704",,,4848.0,3.0
113012,11,9,9100306.0,2021,12,9,2,3,2,6,0,0,1,0,0,1,0,1,"803269,994","5820578,574","13,46373911","52,45102311",,,7168.0,60.0
113009,11,10,10100206.0,2021,1,10,6,3,2,6,0,0,1,0,0,0,1,0,"809036,2083","5833321,15","13,56014963","52,56199024",,,2260.0,56.0
113005,11,10,10100311.0,2021,6,14,7,3,0,1,0,0,0,0,1,0,0,1,"807942,1011","5827446,537","13,53861696","52,50996248",,,1760.0,43.0
113001,11,3,3200204.0,2021,5,16,4,3,2,6,0,0,1,0,1,0,0,0,"796693,0015","5839794,073","13,38440289","52,6268782",,,1362.0,55.0
113000,11,6,6100209.0,2021,8,9,6,3,2,6,0,0,1,0,0,0,0,0,"794430,2601","5821598,62","13,33493974","52,46500016",,,5052.0,43.0
112994,11,6,6400737.0,2021,1,4,6,3,2,6,2,0,0,0,0,0,1,1,"785421,6732","5818279,673","13,19986157","52,44002289",,,5044.0,14.0
112990,11,1,1100310.0,2021,6,22,7,3,0,1,2,0,0,0,0,0,1,0,"799109,9812","5827642,864","13,40904581","52,51663677",,,3759.0,54.0
112986,11,4,4400830.0,2021,5,11,6,3,2,6,0,0,1,0,0,0,1,1,"791968,2013","5823938,47","13,30085034","52,4872979",,,3380.0,63.0
112985,11,7,7601442.0,2021,6,13,4,3,5,7,0,1,0,0,0,0,1,0,"799784,8935","5814081,157","13,4067866","52,39470471",,,5132.0,38.0
112984,11,3,3601139.0,2021,8,18,7,3,5,2,0,1,1,0,0,0,0,0,"799216,1733","5832078,425","13,41459975","52,55633651",,,5061.0,55.0
112982,11,7,7400927.0,2021,9,7,3,3,3,6,0,0,1,0,0,0,1,0,"798477,5168","5822093,955","13,39478206","52,46724443",,,6038.0,59.0
112980,11,3,3500936.0,2021,3,10,7,3,2,6,0,0,1,0,0,0,0,0,"802187,5446","5831522,475","13,45778945","52,54971304",,,4636.0,53.0
112977,11,7,7200308.0,2021,6,16,4,3,6,4,0,0,0,1,0,0,1,1,"795242,7002","5823529,338","13,34857302","52,48186937",,,3059.0,57.0
112975,11,12,12400723.0,2021,9,11,5,3,5,3,0,0,1,0,0,0,0,0,"792181,1767","5838089,909","13,31643074","52,61404688",,,3958.0,60.0
112974,11,4,4200206.0,2021,11,18,2,3,2,6,2,0,1,0,0,0,0,0,"786826,266","5825830,907","13,22696238","52,50699081",,,5352.0,35.0
112973,11,3,3400620.0,2021,8,15,3,2,5,7,0,0,1,0,0,0,1,0,"798037,064","5833798,824","13,39880458","52,57240403",,,5457.0,20.0
112969,11,4,4100101.0,2021,7,13,6,3,2,6,0,0,1,0,0,0,0,0,"791447,3368","5830433,399","13,29889074","52,54580249",,,4251.0,2.0
112968,11,2,2500727.0,2021,10,8,6,3,0,7,0,1,0,0,0,0,0,1,"802044,1989","5828032,858","13,45251064","52,51851523",,,2842.0,47.0
112967,11,7,7501133.0,2021,12,16,2,3,2,6,2,0,1,0,0,0,0,0,"798461,9631","5818167,106","13,39104501","52,4320533",,,4051.0,54.0
112964,11,12,12100103.0,2021,1,11,3,3,2,6,0,0,1,0,0,0,0,1,"795449,8433","5833486,44","13,36046159","52,57101438",,,5129.0,63.0
112960,11,2,2200208.0,2021,6,17,7,3,3,6,0,0,1,0,0,0,0,0,"797902,9035","5825411,261","13,38931269","52,49729386",,,3868.0,48.0
112956,11,9,9100203.0,2021,5,9,2,3,5,3,0,1,1,0,0,0,0,0,"804105,746","5824368,084","13,4794532","52,48452337",,,3335.0,47.0
112955,11,2,2500727.0,2021,6,19,5,2,3,6,0,1,0,0,0,0,1,0,"802340,0334","5827728,766","13,45658095","52,51562574",,,6656.0,56.0
112954,11,9,9100101.0,2021,8,11,4,3,5,2,0,1,1,0,0,0,0,0,"802673,8366","5825221,035","13,4592055","52,49296398",,,4760.0,20.0