ObjectID,State,District,LOR_ab_2021,AccidentYear,AccidentMonth,AccidentHour,DayOfWeek,AccidentCategory,AccidentType,AccidentTypeDetail,LightingCondition,InvolvingBike,InvolvingCar,InvolvingPedestrian,InvolvingMotorcycle,InvolvingHGV,InvolvingOther,RoadCondition,GraphicCoord1,GraphicCoord2,LongitudeWGS84,LatitudeWGS84,quadrant,quadrant_rank
112947,11,11,11401032.0,2021,7,12,3,3,2,6,0,0,1,0,0,0,0,0,"805606,4615","5827379,11","13,50424715","52,51067161",,,4550.0,26.0
112945,11,3,3701660.0,2021,10,11,7,3,6,4,0,1,0,1,0,0,0,0,"800302,4112","5829454,316","13,4282017","52,53221811",,,4547.0,11.0
112944,11,1,1100310.0,2021,11,1,3,2,0,1,2,0,0,0,0,0,1,0,"798805,1712","5827992,863","13,40488154","52,5199411",,,6245.0,65.0
112943,11,4,4300622.0,2021,9,8,2,3,5,2,0,1,1,0,0,0,0,0,"792964,3826","5826801,637","13,31799815","52,51243158",,,5345.0,59.0
112940,11,9,9100305.0,2021,4,11,4,3,6,4,0,0,1,1,0,0,0,0,"804690,4303","5823013,561","13,48679928","52,47205733",,,1458.0,51.0
112937,11,9,9100407.0,2021,3,10,6,3,3,6,0,0,1,0,0,1,0,0,"805528,0599","5818934,941","13,49536144","52,43503462",,,7934.0,54.0
112936,11,10,10300733.0,2021,10,3,1,2,3,6,2,1,1,0,0,0,0,0,"808796,7727","5827420,437","13,55114624","52,50924548",,,7433.0,61.0
112935,11,7,7601236.0,2021,12,8,5,3,4,6,0,0,1,0,0,0,0,0,"796607,1076","5816012,706","13,36193199","52,41374962",,,4459.0,28.0
112934,11,12,12100101.0,2021,9,6,5,3,5,2,1,1,1,0,0,0,0,1,"795798,3622","5832425,087","13,3646427","52,56131114",,,5649.0,33.0
112932,11,5,5200634.0,2021,2,15,3,3,3,6,0,0,1,0,0,1,0,2,"784946,5119","5826331,878","13,19977045","52,51246761",,,2359.0,44.0
112928,11,1,1100205.0,2021,6,9,6,3,4,6,0,1,0,0,0,0,0,0,"797199,2673","5826758,092","13,38018039","52,50975036",,,4061.0,48.0
112924,11,2,2200209.0,2021,5,14,4,3,5,3,0,1,1,0,0,0,0,0,"797744,3341","5824144,678","13,38585196","52,48602693",,,3568.0,52.0
112923,11,4,4300622.0,2021,8,18,2,3,5,2,0,1,1,0,0,0,0,0,"793052,8387","5826816,607","13,31931106","52,51251826",,,4319.0,61.0
112918,11,1,1100207.0,2021,7,18,5,2,0,1,0,1,0,0,0,0,0,1,"798809,08","5827230,721","13,4042545","52,51310743",,,6062.0,52.0
112916,11,4,4501151.0,2021,10,16,6,3,2,6,0,0,1,0,0,0,1,0,"793864,9611","5822993,976","13,32787176","52,47781328",,,3232.0,65.0
112915,11,2,2500833.0,2021,11,17,4,3,2,3,2,0,1,0,0,0,0,0,"802103,4349","5827348,333","13,45275949","52,51234702",,,2947.0,18.0
112913,11,3,3200205.0,2021,9,15,6,3,5,2,0,1,1,0,0,0,0,1,"798153,4332","5836011,581","13,40250718","52,59217441",,,5038.0,31.0
112910,11,10,10400940.0,2021,4,16,5,2,5,3,0,1,1,0,0,0,0,0,"812566,2618","5827181,007","13,60628349","52,50495339",,,5357.0,55.0
112907,11,6,6400735.0,2021,4,15,3,3,5,2,0,1,1,0,0,0,0,1,"782346,8895","5815727,829","13,15259252","52,41873762",,,6235.0,41.0
112906,11,7,7601442.0,2021,6,6,4,3,1,5,0,0,1,0,1,0,0,0,"799663,676","5815318,126","13,40611695","52,40585892",,,6655.0,57.0
112904,11,4,4501148.0,2021,11,17,5,3,2,6,2,0,1,0,0,0,0,1,"793088,4593","5823060,552","13,31652971","52,47882739",,,2854.0,17.0
112902,11,4,4200308.0,2021,5,11,2,3,3,6,0,0,1,0,0,1,0,0,"790500,7215","5828515,45","13,28329378","52,52911368",,,3257.0,57.0
112901,11,10,10400837.0,2021,8,10,1,3,2,6,0,0,1,0,0,0,0,0,"811548,314","5827130,728","13,59128738","52,50508499",,,7353.0,59.0
112900,11,3,3400723.0,2021,9,14,4,3,3,6,0,0,0,0,1,0,1,0,"798362,8181","5833480,992","13,40331111","52,56937667",,,4648.0,37.0
112896,11,7,7601544.0,2021,2,10,1,3,5,7,0,0,1,0,0,0,0,0,"799926,2548","5813390,318","13,40823972","52,38843483",,,4760.0,20.0
112893,11,10,10400940.0,2021,6,13,5,3,2,6,0,0,1,0,0,0,0,0,"812071,8949","5827156,524","13,59900059","52,50501696",,,4241.0,63.0
112891,11,4,4200311.0,2021,9,13,6,2,3,6,0,0,1,0,1,0,0,0,"790544,1667","5825854,214","13,28160831","52,50523245",,,4649.0,53.0
112890,11,3,3601451.0,2021,10,19,1,3,0,6,2,0,1,0,1,0,0,0,"800640,9553","5829907,339","13,43358734","52,53609203",,,4240.0,51.0
112889,11,3,3601348.0,2021,8,18,7,3,5,2,0,1,1,0,0,0,0,0,"799600,8989","5830275,057","13,4186307","52,53996076",,,5043.0,50.0
112885,11,4,4200206.0,2021,7,15,3,3,2,6,0,0,1,0,0,0,0,0,"788896,1474","5826118,697","13,25762484","52,50847879",,,4768.0,57.0
112884,11,7,7200410.0,2021,10,14,2,2,1,5,0,1,0,0,0,0,1,0,"795444,9349","5823786,657","13,35177042","52,48406667",,,5072.0,61.0
112883,11,2,2500728.0,2021,12,10,4,3,0,7,0,1,0,0,0,0,0,0,"802946,5907","5827649,329","13,46541998","52,51457719",,,7430.0,57.0
112882,11,7,7501030.0,2021,5,8,7,3,6,4,0,0,1,1,0,0,0,0,"798000,2733","5819693,434","13,385635","52,44598692",,,4079.0,62.0
112879,11,8,8200622.0,2021,1,17,2,3,3,6,2,0,1,0,0,0,0,1,"801748,4851","5821822,856","13,44254228","52,46301784",,,4272.0,65.0
112875,11,7,7200411.0,2021,6,12,7,3,2,6,0,0,1,0,0,0,0,1,"795905,0188","5824393,978","13,35906515","52,48926167",,,3849.0,22.0
112871,11,12,12500927.0,2021,5,18,6,3,3,6,0,1,1,0,0,0,0,1,"793383,0877","5836329,709","13,33257128","52,59762041",,,4151.0,37.0
112870,11,4,4300414.0,2021,6,17,5,3,5,2,0,0,1,0,1,0,0,0,"791571,3263","5826545,771","13,29730464","52,51088422",,,3466.0,46.0
112869,11,7,7601236.0,2021,8,19,6,3,1,1,0,0,1,0,0,0,0,0,"796740,074","5816074,057","13,36393564","52,41422752",,,3246.0,58.0
112867,11,2,2500726.0,2021,9,16,2,3,0,7,0,1,0,0,0,0,0,0,"801916,2823","5828402,509","13,45096667","52,52189925",,,2851.0,8.0
112865,11,2,2200209.0,2021,3,9,6,3,3,6,0,0,1,0,0,1,0,0,"797785,2323","5824804,454","13,38704204","52,49191876",,,4824.0,53.0
112862,11,2,2500727.0,2021,6,18,4,3,2,6,0,0,1,0,0,0,0,1,"802148,9846","5827848,68","13,45388297","52,5168064",,,5664.0,53.0
112860,11,4,4501151.0,2021,9,15,2,3,2,6,0,0,1,0,0,0,0,0,"793810,0272","5822991,083","13,32706268","52,4778169",,,6368.0,50.0
112859,11,3,3400723.0,2021,11,14,5,3,1,5,0,0,1,0,0,0,1,0,"798402,1707","5833429,949","13,40384409","52,56889757",,,5051.0,33.0
112858,11,2,2200208.0,2021,9,12,4,3,5,2,0,1,1,0,0,0,0,0,"797896,849","5825439,479","13,38924901","52,4975501",,,3362.0,60.0
112855,11,7,7501133.0,2021,4,20,2,3,5,2,1,1,1,0,0,0,0,0,"797577,797","5818425,304","13,37830805","52,43484948",,,4850.0,38.0
112852,11,12,12601032.0,2021,10,16,3,3,2,6,0,0,1,0,0,0,1,0,"792738,537","5837410,827","13,32403838","52,60765938",,,4768.0,57.0
112851,11,4,4300621.0,2021,12,18,6,3,2,7,2,0,1,0,0,0,1,1,"792513,9321","5826725,53","13,31131251","52,51199106",,,5149.0,46.0
112848,11,9,9100202.0,2021,2,22,3,1,8,1,2,0,1,0,0,0,0,1,"803329,2497","5824338,648","13,46802652","52,48469146",,,3354.0,60.0
112844,11,3,3601347.0,2021,6,20,3,3,2,2,0,0,1,0,1,0,0,0,"799432,5147","5830307,275","13,41618436","52,5403421",,,3147.0,43.0
112840,11,10,10400940.0,2021,5,12,6,3,2,6,0,0,1,0,0,0,0,0,"812065,073","5827140,562","13,59888545","52,50487782",,,4357.0,21.0
112839,11,12,12400721.0,2021,8,17,4,3,5,3,0,1,1,0,0,0,0,0,"790996,6056","5841245,863","13,30176325","52,64297452",,,3439.0,54.0
112832,11,5,5200633.0,2021,7,9,7,2,5,3,0,0,1,0,0,0,0,0,"784343,3466","5826494,092","13,191045","52,51423682",,,5752.0,11.0
112830,11,3,3400831.0,2021,10,16,6,3,5,7,0,1,1,0,0,0,0,0,"800075,3247","5834038,937","13,42900767","52,57343634",,,4748.0,28.0
112829,11,9,9100203.0,2021,11,21,5,3,6,7,2,0,1,1,0,0,0,1,"804038,1139","5824306,139","13,4784038","52,48400585",,,3449.0,40.0
112828,11,12,12500927.0,2021,9,15,5,3,2,6,0,0,1,0,0,0,0,0,"793388,072","5836322,543","13,33263831","52,59755348",,,4234.0,52.0
112825,11,7,7501030.0,2021,4,17,5,3,3,6,0,0,1,0,0,0,0,0,"797951,3261","5819971,703","13,38516513","52,44850798",,,2737.0,55.0
112822,11,12,12601032.0,2021,3,13,3,3,3,6,0,0,1,0,1,0,0,0,"792807,1201","5837300,969","13,32495108","52,60663763",,,3859.0,62.0
112821,11,1,1100310.0,2021,10,22,2,2,3,6,2,1,1,0,0,0,0,0,"799045,3056","5827542,271","13,40800511","52,51577057",,,5649.0,33.0
112820,11,7,7501133.0,2021,12,10,4,3,3,6,0,0,1,0,0,0,1,1,"798285,593","5818648,815","13,38888826","52,43646749",,,3131.0,59.0
112819,11,7,7400720.0,2021,5,15,2,3,6,4,0,0,1,1,0,0,0,0,"797842,3037","5822464,311","13,38578959","52,47091091",,,5358.0,56.0
112818,11,5,5200528.0,2021,9,15,5,1,5,2,0,0,1,0,1,0,0,0,"782206,9977","5825008,353","13,15838734","52,50202459",,,4557.0,40.0
112816,11,2,2500728.0,2021,2,11,5,3,2,6,0,0,1,0,1,0,0,1,"802935,4972","5827650,372","13,46525795","52,5145927",,,3764.0,45.0
112813,11,7,7400721.0,2021,6,9,1,3,5,2,0,1,0,0,1,0,0,0,"797814,0224","5823053,155","13,38590022","52,47620466",,,5443.0,63.0
112810,11,4,4400726.0,2021,5,11,5,3,2,3,0,0,1,0,0,1,0,0,"791238,3449","5824615,352","13,29072357","52,49375598",,,3060.0,36.0
112809,11,7,7501135.0,2021,8,15,7,3,2,6,0,0,1,0,1,0,0,0,"798824,5392","5817300,676","13,39558814","52,42408883",,,4751.0,61.0
112805,11,11,11300725.0,2021,7,16,5,3,5,2,0,0,1,0,1,0,0,1,"804919,011","5827445,546","13,49420979","52,51165172",,,5137.0,55.0
112803,11,12,12400723.0,2021,10,15,5,3,5,2,0,0,1,0,1,0,0,0,"791854,96","5839129,334","13,31254366","52,62354013",,,3666.0,49.0
112802,11,4,4400727.0,2021,11,17,5,3,2,6,1,0,1,0,0,1,0,0,"791534,9682","5824376,64","13,29487141","52,49145759",,,2972.0,55.0
112798,11,2,2400625.0,2021,1,6,1,3,8,1,2,1,0,0,0,0,0,0,"801796,3989","5826319,607","13,44731622","52,50329643",,,3381.0,45.0
112795,11,4,4200206.0,2021,4,13,7,3,2,6,0,0,1,0,0,0,0,0,"786851,0503","5825824,34","13,22732089","52,5069189",,,5327.0,45.0
112794,11,4,4200311.0,2021,6,13,1,3,5,5,0,1,1,0,0,0,0,0,"790515,9155","5826374,98","13,28164774","52,50991619",,,1557.0,28.0
112789,11,4,4200308.0,2021,7,20,7,3,3,6,1,0,1,0,0,1,0,0,"790462,2691","5828449,192","13,28267066","52,52854017",,,4222.0,53.0
112787,11,7,7300619.0,2021,10,7,3,2,2,6,1,0,1,0,0,0,0,1,"795911,1295","5822693,263","13,35764538","52,47401282",,,3848.0,36.0
112786,11,3,3601451.0,2021,11,9,6,3,2,6,0,0,1,0,0,0,0,0,"800581,0641","5829912,965","13,43271208","52,5361755",,,6761.0,58.0
112785,11,7,7501133.0,2021,9,16,6,3,2,7,0,0,1,0,0,0,0,0,"798224,2256","5818775,802","13,38810149","52,43763926",,,3351.0,63.0
112782,11,1,1100310.0,2021,4,20,5,3,5,2,1,1,1,0,0,0,0,1,"799079,3393","5827595,299","13,40855283","52,51622723",,,7457.0,61.0
112779,11,7,7400822.0,2021,3,14,5,3,2,6,0,0,1,0,0,0,0,1,"796820,9329","5822396,028","13,37073656","52,47085474",,,6430.0,58.0
112778,11,7,7200410.0,2021,10,18,3,3,0,5,2,0,1,0,0,0,0,1,"795327,4541","5823629,716","13,34990636","52,48272336",,,3436.0,49.0
112777,11,1,1100102.0,2021,12,16,1,3,5,3,1,0,1,0,0,0,0,1,"796676,764","5826211,163","13,37201659","52,5051321",,,6448.0,65.0
112776,11,4,4100101.0,2021,9,14,3,3,0,1,0,0,1,0,0,0,0,0,"790892,7734","5829007,481","13,28948738","52,53331565",,,6056.0,54.0
112774,11,7,7601236.0,2021,2,12,2,3,4,1,0,0,1,0,0,0,1,2,"797162,098","5817054,421","13,37099303","52,42278671",,,5855.0,64.0
112770,11,4,4100101.0,2021,6,16,5,3,2,6,0,0,1,0,0,0,1,0,"790970,8991","5828987,714","13,2906186","52,53309673",,,5269.0,57.0
112766,11,1,1100310.0,2021,5,18,4,3,0,2,0,1,1,0,0,0,0,0,"799792,5569","5828613,13","13,41994934","52,52495889",,,6369.0,61.0
112765,11,7,7601236.0,2021,8,17,4,3,5,3,0,0,1,0,1,0,0,0,"796614,1709","5816012,315","13,36203519","52,41374229",,,3256.0,49.0
112761,11,1,1100310.0,2021,7,13,5,3,5,3,0,1,0,0,0,0,1,0,"799320,3653","5827928,357","13,41239386","52,51908037",,,5046.0,45.0
112759,11,2,2400521.0,2021,10,19,5,3,5,3,2,0,1,0,1,0,0,0,"800400,706","5827977,743","13,42831257","52,518929",,,1658.0,8.0
112758,11,12,12100103.0,2021,11,16,1,3,5,7,2,0,1,0,0,0,0,0,"795336,9183","5833745,999","13,35903137","52,57340237",,,5155.0,43.0
112754,11,3,3601141.0,2021,4,14,5,3,1,5,0,0,1,0,0,0,0,1,"799202,7437","5831557,678","13,41393292","52,55167622",,,4354.0,42.0
112751,11,2,2500835.0,2021,3,10,4,3,5,3,0,0,1,0,0,1,0,0,"801835,1686","5826227,769","13,44780241","52,50245183",,,6143.0,61.0
112750,11,4,4300414.0,2021,6,15,4,3,6,4,0,0,1,1,0,0,0,0,"791561,8946","5826565,403","13,29718326","52,51106526",,,4951.0,32.0
112748,11,7,7501133.0,2021,11,16,6,3,5,2,1,0,1,0,0,0,1,1,"798466,8899","5818155,113","13,39110656","52,43194311",,,1455.0,54.0
112746,11,6,6300527.0,2021,5,14,4,2,2,6,0,0,0,0,1,1,0,0,"790237,2919","5818329,981","13,27055314","52,43793943",,,5238.0,46.0
112745,11,1,1100310.0,2021,8,6,1,3,5,2,0,0,1,0,0,0,0,0,"799105,0119","5827690,29","13,40901544","52,51706461",,,5658.0,55.0
112744,11,3,3200205.0,2021,9,15,4,3,5,3,0,0,1,0,0,0,0,0,"798165,874","5836123,633","13,40279116","52,59317197",,,3959.0,52.0
112740,11,12,12400723.0,2021,2,14,5,3,2,6,0,0,1,0,0,0,0,0,"792114,6667","5837967,142","13,31534281","52,61298209",,,4031.0,65.0
112737,11,9,9200613.0,2021,6,16,7,3,2,6,0,0,1,0,0,0,0,0,"806775,7178","5820984,765","13,51553888","52,4527076",,,4859.0,52.0
112735,11,7,7400720.0,2021,9,5,1,2,1,6,2,0,1,0,0,0,0,0,"797774,3952","5823571,027","13,38578094","52,48086841",,,5249.0,5.0
112734,11,2,2400625.0,2021,11,0,7,3,6,4,2,0,0,1,0,0,1,1,"801872,9496","5826522,075","13,44862415","52,50506882",,,2854.0,17.0
112733,11,7,7501030.0,2021,8,18,3,3,2,6,0,0,1,0,0,0,0,0,"798111,7914","5819180,742","13,38681357","52,4413304",,,2085.0,63.0
112728,11,12,12500927.0,2021,7,19,2,3,3,6,0,0,1,0,0,0,0,0,"793411,8147","5836199,13","13,33287849","52,59643436",,,5351.0,36.0
112727,11,1,1300836.0,2021,10,15,6,3,5,2,0,0,1,0,0,0,0,1,"796343,923","5830077,937","13,37057247","52,53997479",,,2934.0,62.0
112726,11,2,2500727.0,2021,11,17,3,3,5,2,2,1,1,0,0,0,0,1,"802579,0961","5827686,957","13,46005519","52,51511844",,,2758.0,64.0
112725,11,3,3601451.0,2021,5,19,2,3,5,3,0,1,1,0,0,0,0,0,"800578,0533","5829914,358","13,43266909","52,53618964",,,4748.0,28.0
112722,11,7,7300619.0,2021,1,15,3,3,2,2,1,0,1,0,0,0,0,1,"795707,786","5823146,433","13,35506211","52,47818526",,,4363.0,22.0
112718,11,3,3601142.0,2021,6,23,1,3,5,2,2,0,1,0,1,0,0,0,"799170,3292","5830364,129","13,41238118","52,54099572",,,4023.0,43.0
112714,11,3,3701657.0,2021,5,16,6,2,2,6,0,0,0,0,1,0,1,1,"800447,8659","5829974,765","13,43081005","52,53680286",,,2623.0,62.0
112713,11,10,10300734.0,2021,6,16,5,3,2,6,0,0,1,0,1,0,0,0,"810473,8816","5827073,93","13,57545546","52,50518842",,,4615.0,51.0
112712,11,3,3400620.0,2021,8,18,1,2,5,3,0,0,1,0,0,0,0,0,"798042,6871","5833914,83","13,39899157","52,57344078",,,5960.0,57.0
112710,11,7,7501133.0,2021,9,14,6,3,2,3,0,1,1,0,0,0,0,1,"798266,6304","5818638,776","13,38860118","52,43638784",,,3557.0,60.0
112709,11,9,9200613.0,2021,3,13,6,2,2,2,0,0,1,0,0,1,0,0,"805508,469","5822223,96","13,4980823","52,46452364",,,3049.0,57.0
112706,11,2,2500727.0,2021,7,20,3,3,0,1,0,1,0,0,0,0,0,0,"802175,9803","5827752,07","13,45419186","52,51592553",,,5035.0,60.0
112704,11,9,9100101.0,2021,9,0,4,3,5,2,2,1,0,0,0,0,1,0,"802593,7752","5825083,805","13,45790523","52,49177837",,,2858.0,52.0
112703,11,7,7501133.0,2021,11,9,5,3,2,2,0,0,1,0,0,0,1,0,"797478,4228","5817983,32","13,37645733","52,43094156",,,4650.0,45.0
112702,11,3,3601347.0,2021,8,16,2,3,2,6,0,0,1,0,0,0,1,1,"799268,7245","5830343,863","13,41380945","52,54076003",,,4551.0,40.0
112699,11,5,5400943.0,2021,4,12,2,3,5,3,0,1,1,0,0,0,0,0,"780178,4245","5822276,179","13,12628297","52,478571",,,4942.0,18.0
112696,11,7,7601547.0,2021,3,10,7,3,3,6,0,0,1,0,0,0,0,1,"800376,3585","5812645,944","13,41416709","52,38151593",,,3866.0,65.0
112695,11,1,1100102.0,2021,10,4,1,3,0,7,2,1,0,0,0,0,1,0,"794645,0773","5827086,879","13,34294534","52,51408331",,,6088.0,54.0
112694,11,7,7100205.0,2021,12,21,3,3,3,6,2,1,1,0,0,0,0,1,"796033,162","5825276,908","13,36173144","52,49710691",,,3538.0,44.0
112693,11,1,1100104.0,2021,9,20,6,3,2,2,2,0,1,0,0,0,0,0,"796211,3171","5825846,542","13,36485473","52,50211651",,,7661.0,63.0
112691,11,8,8200622.0,2021,2,12,4,3,0,7,0,0,0,0,0,0,1,1,"802292,4195","5821928,251","13,45061969","52,46366187",,,1658.0,8.0
112687,11,2,2400521.0,2021,6,9,5,3,0,1,0,1,0,0,0,0,0,0,"800428,756","5827893,736","13,42864886","52,51816057",,,4652.0,24.0
112683,11,2,2500728.0,2021,5,12,5,1,3,5,0,1,0,0,0,1,1,0,"802989,8632","5827661,081","13,46606641","52,51465848",,,4136.0,57.0
112682,11,7,7501133.0,2021,8,6,4,3,1,5,0,0,1,0,0,0,1,0,"798443,5421","5818211,908","13,39081485","52,43246494",,,4942.0,18.0
112678,11,1,1100102.0,2021,7,17,6,2,6,4,0,0,1,1,0,0,0,0,"794653,708","5827073,098","13,34305996","52,51395511",,,6345.0,61.0
112674,11,3,3701660.0,2021,7,12,6,3,0,1,0,1,0,0,0,0,0,0,"800008,8561","5828979,327","13,42345838","52,52812226",,,4658.0,28.0
112672,11,7,7501030.0,2021,10,19,3,3,3,6,2,0,1,0,0,0,1,1,"798071,3037","5819370,754","13,38638916","52,44305573",,,2528.0,57.0
112671,11,3,3500936.0,2021,11,20,3,3,3,6,2,0,1,0,0,0,0,1,"801535,5221","5831186,587","13,44789755","52,54706378",,,4133.0,63.0
112670,11,6,6400737.0,2021,9,18,5,2,8,1,0,0,1,0,0,0,0,0,"786402,3551","5816901,902","13,21306931","52,42715711",,,4953.0,49.0
112667,11,4,4200206.0,2021,4,15,7,3,5,2,0,1,0,0,0,0,0,0,"788371,5555","5826034,297","13,24984365","52,50799966",,,3974.0,65.0
112664,11,3,3601449.0,2021,4,15,6,2,5,2,0,0,1,0,0,0,0,0,"801342,9431","5830998,378","13,44489539","52,54548341",,,5764.0,57.0
112663,11,7,7400720.0,2021,10,20,3,3,2,6,2,0,1,0,0,0,0,0,"797791,3265","5823530,035","13,38599291","52,48049173",,,4750.0,40.0
112662,11,4,4400725.0,2021,12,7,6,3,3,6,2,0,1,0,0,0,0,1,"790629,8701","5825033,727","13,28215135","52,49783108",,,4423.0,52.0
112661,11,4,4200308.0,2021,8,13,2,2,0,1,0,0,0,0,1,0,0,0,"790467,894","5828415,751","13,28272412","52,52823738",,,5055.0,41.0
112658,11,7,7200308.0,2021,2,9,4,3,2,6,0,0,1,0,0,0,0,0,"795230,843","5823513,413","13,34838482","52,48173303",,,5654.0,60.0
112655,11,1,1100207.0,2021,6,13,3,3,2,7,0,0,1,0,1,0,0,0,"798966,319","5827418,654","13,4067335","52,51470582",,,4166.0,53.0
112652,11,1,1100207.0,2021,5,9,3,3,2,6,0,0,1,0,0,0,0,0,"798635,7727","5827033,609","13,40153138","52,5114355",,,4654.0,10.0
112651,11,4,4300621.0,2021,8,13,2,3,6,7,0,1,0,1,0,0,0,0,"792566,9682","5826734,441","13,31209963","52,5120425",,,4344.0,28.0
112647,11,2,2100101.0,2021,7,6,4,3,3,6,0,0,1,0,0,0,0,0,"797300,4111","5825591,351","13,38062451","52,49923671",,,1660.0,30.0
112645,11,3,3701657.0,2021,10,17,5,3,3,6,0,1,0,0,0,0,0,0,"800062,041","5830191,77","13,42533456","52,53896051",,,6167.0,41.0
112644,11,4,4400725.0,2021,11,17,5,3,3,6,2,0,1,0,0,1,0,1,"790532,2438","5825218,846","13,28087877","52,49954267",,,2356.0,61.0
112642,11,4,4200206.0,2021,5,15,1,3,2,6,0,0,1,0,0,0,0,1,"788383,9118","5826036,285","13,25002692","52,50801096",,,4251.0,2.0
112639,11,2,2200208.0,2021,1,12,4,3,3,6,0,0,1,0,0,1,0,0,"797868,7436","5825027,618","13,38846794","52,4938736",,,4953.0,49.0
112636,11,7,7501133.0,2021,4,1,1,3,5,2,2,0,1,0,0,0,0,1,"798181,752","5818924,81","13,38761144","52,4389981",,,5074.0,56.0
112635,11,10,10400941.0,2021,6,17,4,3,5,2,0,1,1,0,0,0,0,0,"813550,9263","5827159,332","13,62072288","52,50419424",,,7263.0,61.0
112631,11,12,12100101.0,2021,5,11,3,3,2,6,0,0,1,0,0,0,0,0,"795809,0701","5832452,408","13,36482456","52,56155023",,,7432.0,62.0
112630,11,8,8100521.0,2021,8,14,6,3,2,6,0,0,1,0,0,0,0,0,"802654,576","5821738,984","13,45576256","52,46176499",,,3862.0,51.0
112628,11,7,7400824.0,2021,9,16,6,3,0,1,0,0,1,0,0,0,0,1,"797694,6572","5822311,382","13,38348592","52,46962055",,,3848.0,36.0
112626,11,7,7501030.0,2021,3,12,4,2,6,7,0,0,0,1,0,0,1,0,"798022,5514","5819629,132","13,38590447","52,44539838",,,4657.0,9.0
112623,11,3,3601139.0,2021,7,20,6,2,0,2,0,1,1,0,0,0,0,0,"799199,2257","5832020,08","13,41429792","52,55582286",,,3348.0,36.0
112621,11,3,3100103.0,2021,9,14,4,3,3,6,0,0,1,0,0,1,0,0,"803920,3016","5839827,245","13,4908827","52,62318045",,,6370.0,63.0
112620,11,6,6400737.0,2021,11,8,2,3,5,3,0,0,1,0,0,0,0,0,"785698,269","5816405,609","13,20231835","52,42307542",,,6051.0,55.0
112619,11,1,1100310.0,2021,8,1,1,3,2,6,2,1,1,0,0,0,0,0,"799709,0759","5828474,049","13,41859718","52,52375814",,,3460.0,57.0
112614,11,1,1100104.0,2021,7,14,7,3,5,2,0,1,1,0,0,0,0,0,"796206,1451","5825835,12","13,3647686","52,50201693",,,4947.0,51.0
112613,11,2,2100101.0,2021,10,19,4,3,5,2,2,1,1,0,0,0,0,0,"797284,7209","5825593,917","13,38039635","52,49926826",,,3549.0,24.0
112612,11,7,7200308.0,2021,12,8,6,3,0,1,1,0,0,0,1,0,0,1,"794590,4698","5823120,239","13,33863494","52,4785543",,,5658.0,55.0
112609,11,7,7601544.0,2021,1,11,3,3,5,2,0,0,1,0,0,0,0,0,"799806,7265","5813852,25","13,40690173","52,39264089",,,4555.0,52.0
112605,11,7,7400822.0,2021,6,16,6,3,2,6,0,0,1,0,0,1,0,0,"796415,2048","5822613,751","13,36497445","52,47302675",,,4770.0,65.0
112601,11,1,1100102.0,2021,5,10,3,3,5,3,0,0,1,0,0,0,1,0,"796682,6447","5826208,705","13,37210078","52,50510688",,,2522.0,65.0
112600,11,12,12500930.0,2021,6,12,6,3,2,6,0,0,1,0,0,0,0,0,"794063,015","5835082,502","13,34147364","52,5860729",,,2874.0,52.0
112599,11,4,4400830.0,2021,8,14,4,3,2,6,0,0,1,0,0,0,0,0,"791950,1925","5823957,788","13,3006028","52,48748071",,,6163.0,63.0
112593,11,9,9100101.0,2021,7,6,2,2,2,2,0,1,0,0,0,1,0,0,"802586,6565","5825067,3","13,45778571","52,49163438",,,3466.0,46.0
112591,11,1,1300836.0,2021,10,12,6,1,5,2,0,1,0,0,0,1,0,0,"796288,9374","5830295,632","13,36995823","52,5419561",,,5650.0,43.0
112590,11,4,4200311.0,2021,11,7,5,3,3,6,0,0,1,0,0,1,0,0,"790738,2469","5826465,98","13,28499402","52,51061356",,,4864.0,14.0
112589,11,10,10100312.0,2021,12,17,4,2,6,4,2,0,1,1,0,0,0,1,"807670,9065","5829886,141","13,53689003","52,53197917",,,7170.0,65.0
112588,11,12,12100205.0,2021,5,15,1,3,5,3,0,0,1,0,0,0,0,0,"794559,2845","5833816,034","13,34765205","52,5744516",,,5034.0,59.0
112587,11,3,3601449.0,2021,8,16,3,3,5,2,0,1,1,0,0,0,0,0,"801016,932","5830555,206","13,43970075","52,54169143",,,4664.0,42.0
112586,11,3,3601142.0,2021,9,10,5,3,4,6,0,1,0,0,0,0,1,0,"799151,0116","5830806,478","13,41249553","52,5449713",,,8621.0,65.0
112582,11,1,1100310.0,2021,2,6,3,3,5,2,0,1,0,0,0,0,1,0,"799596,8435","5828281,211","13,41677418","52,52209133",,,3741.0,61.0
112579,11,6,6400735.0,2021,6,17,1,2,1,5,0,0,1,0,1,0,0,0,"778927,3903","5814983,109","13,10182059","52,4138131",,,3650.0,32.0
112577,11,3,3601451.0,2021,9,19,4,3,5,2,2,1,1,0,0,0,0,0,"800606,4017","5829899,506","13,43307235","52,53604088",,,3947.0,56.0
112576,11,2,2500727.0,2021,11,9,3,3,2,2,0,0,1,0,0,0,0,1,"802178,1345","5827715,384","13,45419019","52,51559552",,,5045.0,46.0