ObjectID,State,District,LOR_ab_2021,AccidentYear,AccidentMonth,AccidentHour,DayOfWeek,AccidentCategory,AccidentType,AccidentTypeDetail,LightingCondition,InvolvingBike,InvolvingCar,InvolvingPedestrian,InvolvingMotorcycle,InvolvingHGV,InvolvingOther,RoadCondition,GraphicCoord1,GraphicCoord2,LongitudeWGS84,LatitudeWGS84,quadrant,quadrant_rank
112197,11,7,7501133.0,2021,6,11,5,3,5,2,0,1,0,0,0,0,1,0,"797513,4757","5818141,142","13,37711181","52,43233722",,,4751.0,61.0
112193,11,6,6400737.0,2021,5,10,7,3,2,6,0,0,1,0,0,0,0,0,"786507,492","5816948,559","13,21465133","52,42752039",,,3126.0,63.0
112192,11,10,10100312.0,2021,6,6,5,2,5,2,0,0,0,0,1,0,1,0,"807684,5231","5829683,569","13,53690265","52,53015604",,,2161.0,59.0
112191,11,2,2500727.0,2021,8,8,5,3,5,2,0,0,1,0,0,0,0,0,"802146,3932","5827747,059","13,45375262","52,51589701",,,5275.0,63.0
112189,11,4,4400830.0,2021,9,14,3,3,2,6,0,0,1,0,0,0,0,0,"792400,87","5823170,025","13,30653019","52,48017738",,,3440.0,55.0
112187,11,7,7400928.0,2021,3,15,1,3,2,6,0,0,1,0,0,0,0,0,"800203,4875","5821509,271","13,41958744","52,461058",,,6059.0,59.0
112184,11,10,10400940.0,2021,7,20,6,3,5,3,0,1,1,0,0,0,0,0,"812566,7795","5827181,034","13,60629112","52,50495334",,,5263.0,52.0
112182,11,9,9100101.0,2021,9,19,4,3,5,2,2,1,1,0,0,0,0,1,"802664,0378","5825207,751","13,45904954","52,49285035",,,3545.0,51.0
112181,11,5,5200528.0,2021,11,17,6,2,4,6,1,0,1,0,0,0,0,0,"782565,6135","5825446,398","13,16402825","52,5057667",,,7434.0,57.0
112180,11,2,2200208.0,2021,8,10,3,2,3,6,0,1,0,0,0,0,0,0,"797898,6687","5825137,375","13,38900556","52,49484111",,,4952.0,44.0
112177,11,4,4300414.0,2021,4,17,1,3,6,2,0,0,1,1,0,0,0,0,"791567,4972","5826545,115","13,29724781","52,51088039",,,5752.0,11.0
112174,11,4,4300414.0,2021,3,16,4,3,6,2,0,0,1,1,0,0,0,1,"791505,4105","5826555,664","13,29634478","52,51100814",,,4258.0,61.0
111541,11,4,4400726.0,2021,1,1,6,3,9,1,2,0,1,0,0,0,0,0,"791154,679","5824616,757","13,28949592","52,49381321",,,7659.0,42.0
110370,11,3,2400520.0,2021,1,20,1,3,3,6,2,0,1,0,0,0,0,1,"799988,2122","5828912,431","13,42309463","52,52753402",,,2283.0,58.0
109998,11,7,7300619.0,2021,1,14,7,3,2,6,0,0,1,0,0,0,0,1,"796018,2589","5822739,196","13,35925879","52,47436651",,,5653.0,57.0
109753,11,12,12400723.0,2021,1,14,2,3,5,3,0,0,1,0,0,0,1,1,"791884,0985","5839010,713","13,31286818","52,6224611",,,2756.0,61.0
49090,11,12,,2019,1,13,6,3,5,3,0,1,1,0,0,0,0,1,"794062,2837","5835083,823","13,34146","52,58609",12301203.0,Wittenau Süd,3773.0,57.0
49091,11,3,,2019,1,9,5,3,5,3,0,1,1,0,0,0,0,0,"799130,4007","5832327,415","13,41356","52,55862",3040818.0,Pankow Süd,4865.0,35.0
49093,11,12,,2019,3,21,6,3,0,1,2,1,0,0,0,0,0,0,"795437,613","5833549,454","13,36034","52,57159",12103115.0,Breitkopfbecken,4069.0,34.0
49096,11,6,,2019,1,7,6,2,6,4,1,0,1,1,0,0,0,1,"786714,3754","5817042,137","13,21777","52,42825",6040703.0,Nikolassee,1827.0,53.0
49097,11,7,,2019,2,15,3,3,2,6,0,0,1,0,0,0,0,0,"796074,3342","5822724,905","13,36007","52,47421",7030303.0,Grazer Platz,4041.0,37.0
49100,11,5,,2019,1,7,5,3,2,6,2,0,1,0,0,0,0,1,"784856,2612","5826356,236","13,19846","52,51273",5020629.0,Börnicker Straße,1652.0,59.0
49101,11,5,,2019,1,8,3,3,6,6,0,0,1,1,0,0,0,0,"783505,6502","5826701,339","13,17891","52,51653",5020524.0,Weinmeisterhornweg,1353.0,41.0
49105,11,2,,2019,1,7,5,3,6,2,0,0,1,1,0,0,0,1,"803480,5815","5827610,536","13,47323","52,51393",2050602.0,Samariterviertel,5652.0,13.0
49106,11,5,,2019,2,18,1,3,5,2,2,0,1,0,0,0,0,0,"783514,277","5826711,666","13,17905","52,51662",5020524.0,Weinmeisterhornweg,1353.0,41.0
49109,11,7,,2019,1,17,5,3,3,2,2,0,1,0,0,0,1,0,"798180,8157","5818901,148","13,38758","52,43879",7050502.0,Fritz-Werner-Straße,4430.0,31.0
49111,11,7,,2019,1,18,5,3,2,6,2,0,1,0,0,0,1,0,"796480,9733","5822570,435","13,3659","52,4726",7040402.0,Lindenhofsiedlung,4040.0,57.0
49114,11,4,,2019,1,16,5,2,0,1,2,0,0,0,1,0,0,0,"792740,7092","5823246,873","13,31159","52,48068",4051551.0,Brabanter Platz,3243.0,53.0
49115,11,4,,2019,2,12,6,3,2,6,0,0,0,0,0,1,1,0,"791170,5822","5829471,679","13,29398","52,53733",4010101.0,Jungfernheide,3059.0,57.0
49118,11,1,,2019,3,13,5,3,2,6,0,0,1,0,0,0,0,0,"798627,798","5827029,868","13,40141","52,51141",1011204.0,Leipziger Straße,4652.0,24.0
49121,11,4,,2019,1,17,4,3,2,6,2,0,1,0,0,0,0,1,"790546,8448","5825193,698","13,28107","52,49931",4041133.0,Güterbahnhof Grunewald,2848.0,27.0
49124,11,1,,2019,1,12,4,3,2,6,0,0,1,0,0,0,0,1,"798077,2826","5827663,242","13,39389","52,51738",1011202.0,Unter den Linden Nord,4553.0,29.0
49125,11,3,,2019,1,13,4,3,5,3,0,0,1,0,0,1,0,0,"798248,2264","5834742,934","13,40276","52,58075",3020209.0,Niederschönhausen,4672.0,50.0
49128,11,12,,2019,1,17,4,3,6,2,2,0,1,1,0,0,0,1,"795752,5838","5832685,938","13,3642","52,56367",12103219.0,Schäfersee,4067.0,9.0
49131,11,9,,2019,1,6,4,3,3,6,2,0,1,0,1,0,0,1,"806114,301","5821639,806","13,50644","52,45895",9020601.0,Schnellerstraße,6136.0,59.0
49132,11,1,,2019,2,6,7,2,5,2,2,0,1,0,1,0,0,0,"796187,744","5830191,845","13,36838","52,54108",1033203.0,Humboldthain Nordwest,4160.0,4.0
49135,11,9,,2019,1,5,4,3,3,6,2,0,1,0,0,1,0,1,"804140,4607","5819917,884","13,47591","52,44462",9010302.0,Späthsfelde,5732.0,60.0
49136,11,1,,2019,1,11,1,3,5,3,0,1,0,0,0,0,0,1,"796921,4533","5827454,815","13,37672","52,51615",1011202.0,Unter den Linden Nord,4253.0,46.0
49140,11,2,,2019,1,8,4,3,5,3,1,1,1,0,0,0,0,1,"803093,6713","5827633,678","13,46757","52,51436",2050602.0,Samariterviertel,5652.0,13.0
49141,11,12,,2019,2,15,6,3,5,3,0,0,1,0,0,0,1,0,"793511,9984","5835884,649","13,33407","52,59356",12301203.0,Wittenau Süd,3676.0,38.0
49144,11,3,,2019,1,7,4,3,6,4,2,0,1,1,0,0,0,1,"801393,3114","5831071,626","13,4457","52,54611",3061429.0,Greifswalder Straße,5262.0,43.0
49147,11,4,,2019,1,7,4,3,2,6,2,0,1,0,0,0,0,1,"791735,854","5829205,125","13,30205","52,53464",4010103.0,Paul-Hertz-Siedlung,3158.0,61.0
49150,11,6,,2019,1,7,4,2,6,2,2,0,1,1,0,0,0,1,"786504,3303","5816947,168","13,2146","52,42751",6040703.0,Nikolassee,1827.0,53.0
49151,11,6,,2019,2,18,3,3,2,6,2,0,1,0,0,0,0,0,"792194,0048","5819596,86","13,30036","52,44826",6030605.0,Botanischer Garten,3133.0,56.0
49154,11,6,,2019,1,9,3,3,2,6,0,0,1,0,0,0,0,1,"785340,9671","5815774,97","13,19654","52,41761",6040702.0,Düppel,1524.0,65.0
49155,11,7,,2019,2,10,7,3,2,6,0,0,1,0,0,0,0,0,"798056,2623","5819439,925","13,38623","52,44368",7050501.0,Rathausstraße,4332.0,40.0
49158,11,1,,2019,1,19,3,3,2,6,2,0,1,0,0,0,0,1,"796409,8992","5826288,542","13,36817","52,50597",1011105.0,Nördlicher Landwehrkanal,4150.0,19.0
49160,11,2,,2019,1,19,3,3,2,6,2,1,0,0,0,0,0,1,"802102,7227","5827496,005","13,45288","52,51367",2050802.0,Boxhagener Platz,5352.0,35.0
49163,11,7,,2019,1,17,3,3,5,3,2,0,1,0,0,0,0,1,"797466,308","5817929,806","13,37623","52,43047",7050502.0,Fritz-Werner-Straße,4228.0,55.0
49164,11,10,,2019,2,10,4,2,5,3,0,1,1,0,0,0,0,0,"807954,8651","5828854,359","13,54011","52,52257",10010309.0,Springpfuhl,6655.0,57.0
49166,11,4,,2019,3,14,4,3,2,6,0,0,1,0,0,0,0,0,"792130,1715","5823763,912","13,30308","52,48565",4041239.0,Stadion Wilmersdorf,3144.0,48.0
49169,11,3,,2019,1,12,3,3,4,1,0,0,1,0,0,0,0,1,"802930,303","5833241,277","13,47028","52,56471",3051017.0,Rennbahnstraße,5667.0,54.0
49172,11,7,,2019,1,19,2,3,6,4,2,0,0,1,0,0,1,1,"797814,0086","5822706,021","13,38559","52,47309",7040401.0,Neu-Tempelhof,4340.0,45.0
49173,11,6,,2019,1,17,4,2,0,1,2,0,0,0,1,0,0,1,"783909,6547","5815944,997","13,17569","52,41988",6040701.0,Wannsee,1225.0,49.0
49178,11,7,,2019,1,12,1,3,6,2,0,0,1,1,0,0,0,0,"797698,7809","5818765,902","13,38039","52,43784",7050501.0,Rathausstraße,4330.0,47.0
49179,11,4,,2019,2,5,6,3,0,1,1,0,0,0,1,0,0,1,"790960,1329","5824654,006","13,28667","52,49425",4041134.0,Bismarckallee,2947.0,18.0
49182,11,2,,2019,1,11,7,3,5,2,0,0,1,0,0,0,0,0,"802180,849","5827729,145","13,45424","52,51572",2050602.0,Samariterviertel,5453.0,1.0
49183,11,1,,2019,1,11,1,3,5,3,0,1,0,0,0,0,0,1,"796921,547","5827454,83","13,37672","52,51615",1011202.0,Unter den Linden Nord,4253.0,46.0
49186,11,12,,2019,1,7,6,3,2,2,1,0,1,0,0,0,0,1,"794572,7818","5833802,732","13,34784","52,57433",12103218.0,Teichstraße,3870.0,38.0
49188,11,9,,2019,1,19,6,3,2,6,2,0,1,0,0,0,0,0,"803146,0278","5820827,157","13,46215","52,45332",9010302.0,Späthsfelde,5535.0,53.0
49189,11,7,,2019,2,12,6,3,5,2,0,1,1,0,0,0,0,0,"799228,1451","5816332,377","13,40064","52,41519",7070701.0,Kettinger Straße/Schillerstraße,4623.0,43.0
49192,11,3,,2019,1,18,6,3,5,3,2,1,1,0,0,0,0,1,"800139,2984","5832459,026","13,42852","52,55924",3040818.0,Pankow Süd,5066.0,56.0
49194,11,3,,2019,1,20,4,3,5,3,2,1,0,0,0,0,1,0,"798015,5569","5833645,408","13,39835","52,57104",3040513.0,Schönholz,4569.0,47.0
49196,11,7,,2019,1,18,6,3,1,5,2,1,1,0,0,0,0,1,"795657,4056","5823950,336","13,35504","52,48542",7020203.0,Kaiser-Wilhelm-Platz,3944.0,21.0
49199,11,6,,2019,1,18,5,3,5,2,2,1,1,0,0,0,0,0,"793138,1878","5820207,459","13,31475","52,45322",6010101.0,Fichtenberg,3335.0,47.0
49200,11,4,,2019,2,2,7,2,0,1,2,0,1,0,0,0,0,1,"790824,1786","5826587,653","13,28636","52,51166",4030417.0,Schloßstraße,2952.0,50.0
49202,11,1,,2019,3,17,7,3,2,7,1,1,1,0,0,0,0,0,"798880,6566","5828063,986","13,40605","52,52054",1011303.0,Alexanderplatzviertel,4654.0,10.0
49205,11,10,,2019,1,18,4,3,2,6,2,0,1,0,0,0,0,1,"808464,0972","5832381,088","13,55086","52,55389",10010206.0,Ringkolonnaden,6864.0,63.0
49206,11,1,,2019,2,16,5,3,0,6,0,1,1,0,0,0,0,0,"795888,3757","5829545,262","13,3634","52,53545",1022202.0,Heidestraße,4059.0,30.0
49209,11,7,,2019,1,13,4,3,5,3,0,0,1,0,0,1,0,0,"795168,5542","5822981,695","13,347","52,477",7030303.0,Grazer Platz,3842.0,57.0
49210,11,3,,2019,1,14,2,3,0,2,1,1,1,0,0,0,0,0,"799219,3518","5831430,524","13,41406","52,55053",3061126.0,Arnimplatz,4863.0,28.0
49216,11,10,,2019,3,16,3,3,5,2,0,0,1,0,0,0,0,0,"812048,0848","5827139,682","13,59864","52,50488",10040933.0,Mahlsdorf Süd,7550.0,63.0
49219,11,8,,2019,1,3,4,3,3,6,2,0,1,0,0,1,0,1,"802207,3872","5821926,654","13,44937","52,46369",8020619.0,Buschkrugallee Nord,5338.0,54.0
49222,11,2,,2019,1,4,3,3,2,6,2,0,1,0,0,0,0,1,"797332,4939","5825588,423","13,38109","52,49919",2010101.0,Askanischer Platz,4348.0,45.0
49223,11,6,,2019,1,11,3,2,5,2,0,0,1,0,0,0,0,1,"794018,691","5821046,749","13,32841","52,46027",6010209.0,Feuerbachstraße,3537.0,58.0
49228,11,4,,2019,1,5,3,3,9,1,2,0,1,0,0,0,0,1,"790313,0473","5825487,58","13,27789","52,50207",4020314.0,Messegelände,2749.0,61.0
49229,11,1,,2019,2,10,4,1,5,2,0,1,0,0,0,1,0,0,"799571,012","5828269,929","13,41638","52,522",1011303.0,Alexanderplatzviertel,4855.0,25.0
49232,11,2,,2019,1,2,3,3,2,6,2,0,1,0,0,0,0,1,"797777,9576","5825474,655","13,38753","52,49793",2020202.0,Rathaus Yorckstraße,4448.0,24.0
49233,11,7,,2019,1,21,7,3,2,6,2,0,1,0,0,0,0,1,"797845,7323","5822074,498","13,38549","52,46741",7040403.0,Manteuffelstraße,4339.0,29.0
49236,11,7,,2019,1,14,6,3,5,2,0,1,1,0,0,0,0,0,"797550,088","5818304,145","13,37779","52,43378",7050502.0,Fritz-Werner-Straße,4229.0,34.0
49238,11,9,,2019,1,2,3,3,2,4,2,0,1,1,0,0,0,1,"802731,5974","5825212,336","13,46005","52,49285",9010102.0,Am Treptower Park Nord,5446.0,19.0
49239,11,3,,2019,2,18,5,3,2,6,2,0,1,0,0,0,0,0,"800337,5764","5830029,634","13,42924","52,53736",3071633.0,Thälmannpark,5059.0,35.0
49248,11,3,,2019,2,15,6,3,6,2,0,0,1,1,0,0,0,0,"801322,9569","5830980,634","13,44459","52,54534",3061429.0,Greifswalder Straße,5262.0,43.0
49250,11,4,,2019,3,12,6,3,5,2,0,0,0,0,1,0,1,0,"793299,8004","5826818,808","13,32294","52,51241",4030623.0,Ernst-Reuter-Platz,3452.0,33.0
49254,11,2,,2019,2,20,4,3,2,6,2,1,0,0,0,0,0,0,"802738,9367","5827670,928","13,46239","52,51489",2050602.0,Samariterviertel,5553.0,28.0
49258,11,7,,2019,1,23,7,2,9,1,2,0,1,0,0,0,0,1,"798906,9826","5821904,27","13,40092","52,46531",7040405.0,Rathaus Tempelhof,4638.0,48.0
49264,11,7,,2019,2,6,2,3,2,6,0,0,1,0,0,0,1,0,"797846,4449","5822349,191","13,38575","52,46988",7040403.0,Manteuffelstraße,4339.0,29.0
49273,11,1,,2019,2,16,2,3,5,7,0,0,1,0,0,0,0,0,"796048,2099","5831337,493","13,36735","52,55143",1044201.0,Reinickendorfer Straße,4163.0,33.0
49277,11,3,,2019,2,18,4,3,6,4,1,1,0,1,0,0,0,0,"799173,1409","5830789,648","13,41281","52,54481",3061131.0,Falkplatz,4761.0,38.0
49283,11,4,,2019,1,13,6,3,2,6,0,0,1,0,0,0,0,0,"790637,0798","5825050,807","13,28227","52,49798",4041133.0,Güterbahnhof Grunewald,2848.0,27.0
49286,11,3,,2019,2,19,3,3,1,5,2,1,1,0,0,0,0,0,"800375,4147","5830010,81","13,42978","52,53717",3071633.0,Thälmannpark,5059.0,35.0
49289,11,1,,2019,3,14,7,3,4,6,0,1,1,0,0,0,0,1,"797242,2649","5826765,307","13,38082","52,50979",1011201.0,Wilhelmstraße,4351.0,43.0
49297,11,6,,2019,1,19,5,2,6,4,2,0,1,1,0,0,0,1,"782355,4063","5815729,758","13,15272","52,41875",6040701.0,Wannsee,924.0,65.0
49299,11,2,,2019,2,13,5,3,5,3,0,1,0,0,0,0,0,0,"801808,5744","5826347,661","13,44752","52,50354",2040703.0,Wriezener Bahnhof/Entwicklungsgebiet,5349.0,29.0
49303,11,7,,2019,2,16,3,3,2,6,0,0,1,0,0,0,0,0,"795761,954","5823111,603","13,35583","52,47784",7030303.0,Grazer Platz,3942.0,35.0
49307,11,3,,2019,1,12,3,3,5,2,0,1,0,0,0,1,0,0,"800973,4348","5830485,581","13,439","52,54109",3061429.0,Greifswalder Straße,5160.0,41.0
49312,11,1,,2019,2,22,7,3,2,6,2,0,1,0,0,0,0,0,"798054,754","5827659,626","13,39356","52,51736",1011202.0,Unter den Linden Nord,4553.0,29.0
49321,11,7,,2019,2,8,5,2,6,2,0,0,1,1,0,0,0,0,"795753,515","5823099,571","13,35569","52,47774",7030303.0,Grazer Platz,3942.0,35.0
49323,11,1,,2019,3,22,5,3,2,2,2,1,0,0,0,0,1,0,"798782,3916","5827998,141","13,40455","52,52",1011303.0,Alexanderplatzviertel,4654.0,10.0
49330,11,4,,2019,1,7,4,3,3,6,1,0,1,0,0,0,0,1,"790430,9598","5828269,053","13,28205","52,52694",4020310.0,Park Ruhwald,2856.0,54.0
49337,11,3,,2019,2,14,7,3,5,3,0,1,1,0,0,0,0,0,"801544,955","5831193,727","13,44804","52,54712",3050925.0,Komponistenviertel Weißensee,5362.0,45.0
49338,11,2,,2019,3,7,6,3,1,1,0,0,1,0,0,0,0,0,"797741,4785","5824501,894","13,38613","52,48923",2020203.0,Viktoriapark,4345.0,48.0
49345,11,6,,2019,1,12,4,2,2,6,0,0,1,0,0,0,0,1,"785966,7366","5816632,556","13,20645","52,42497",6040703.0,Nikolassee,1726.0,62.0
49350,11,4,,2019,2,18,1,3,2,6,2,0,1,0,0,0,0,0,"793068,5594","5829585,483","13,32198","52,53733",4010102.0,Plötzensee,3459.0,63.0
49354,11,7,,2019,1,7,2,3,2,6,2,0,1,0,0,0,0,1,"799305,9337","5816197,575","13,40166","52,41394",7070701.0,Kettinger Straße/Schillerstraße,4623.0,43.0
49360,11,4,,2019,2,14,7,3,3,6,0,0,1,0,0,0,1,0,"790075,4492","5826321,718","13,27513","52,50967",4020311.0,Reichsstraße,2751.0,29.0
49370,11,4,,2019,2,19,4,3,2,6,2,0,1,0,0,0,0,0,"791990,4042","5826616,301","13,30352","52,51129",4030622.0,Richard-Wagner-Straße,3152.0,19.0
49372,11,4,,2019,3,12,4,3,2,6,0,0,1,0,0,0,0,0,"790516,429","5826393,681","13,28167","52,51008",4020313.0,Königin-Elisabeth-Straße,2851.0,8.0
49379,11,1,,2019,1,12,3,3,3,6,0,1,1,0,0,0,0,0,"799038,7403","5827532,034","13,4079","52,51568",1011303.0,Alexanderplatzviertel,4753.0,44.0
49385,11,4,,2019,2,9,5,3,5,7,0,0,1,0,1,0,0,0,"792362,0134","5826678,445","13,30904","52,51165",4030622.0,Richard-Wagner-Straße,3252.0,41.0
49389,11,4,,2019,1,6,7,3,5,2,1,0,1,0,0,0,1,0,"792101,9508","5826635,133","13,30518","52,5114",4030622.0,Richard-Wagner-Straße,3152.0,19.0
49392,11,12,,2019,1,10,6,3,2,6,0,0,1,0,0,0,1,1,"791393,3515","5833814,014","13,30107","52,57614",12214125.0,Waldidyll/Flughafensee,3171.0,61.0
49395,11,3,,2019,2,12,6,2,5,2,0,0,1,0,0,0,1,0,"799174,0612","5832231,906","13,41412","52,55774",3040818.0,Pankow Süd,4865.0,35.0
49404,11,3,,2019,1,0,1,3,3,6,2,0,1,0,0,0,0,1,"799183,6038","5832120,821","13,41416","52,55673",3061126.0,Arnimplatz,4865.0,35.0
49409,11,3,,2019,2,17,6,3,3,6,1,1,1,0,0,0,0,0,"800199,4127","5831003,09","13,42809","52,54616",3061228.0,Erich-Weinert-Straße,5062.0,44.0
49419,11,4,,2019,2,10,2,3,2,6,0,0,1,0,0,1,0,0,"790800,4677","5826935,512","13,28632","52,51479",4030416.0,Klausenerplatz,2953.0,57.0
49421,11,4,,2019,3,8,2,3,3,6,0,0,1,0,0,1,0,0,"790442,3424","5825254,7","13,27959","52,49991",4020314.0,Messegelände,2848.0,27.0
49428,11,1,,2019,1,10,3,3,5,2,0,0,1,0,0,0,0,1,"796453,881","5827390,807","13,36979","52,51583",1011102.0,Großer Tiergarten,4153.0,36.0
49434,11,12,,2019,2,11,4,3,2,2,0,0,1,0,0,0,0,0,"795468,8389","5833468,685","13,36073","52,57084",12103115.0,Breitkopfbecken,4069.0,34.0
49440,11,1,,2019,1,6,5,3,6,2,2,0,1,1,0,0,0,1,"798824,5131","5828011,078","13,40518","52,52009",1011303.0,Alexanderplatzviertel,4654.0,10.0
49443,11,12,,2019,2,16,5,3,2,6,0,0,1,0,0,0,0,0,"795816,8527","5832407,694","13,3649","52,56115",12103117.0,Letteplatz,4066.0,53.0
49452,11,12,,2019,1,17,5,3,3,6,2,0,1,0,0,0,0,0,"795672,9937","5832907,147","13,36323","52,5657",12103219.0,Schäfersee,4067.0,9.0
49454,11,3,,2019,3,23,6,3,5,2,2,0,1,0,0,0,0,0,"799986,5407","5830197,624","13,42423","52,53905",3061332.0,Helmholtzplatz,4960.0,18.0
49458,11,1,,2019,2,18,4,3,2,2,2,1,1,0,0,0,0,0,"799784,198","5828665,245","13,41987","52,52543",1011303.0,Alexanderplatzviertel,4856.0,19.0
49465,11,3,,2019,2,18,6,3,1,5,2,1,0,0,0,0,1,0,"800548,4152","5829803,14","13,43213","52,53521",3071639.0,Bötzowstraße,5059.0,35.0
49467,11,6,,2019,3,12,7,3,1,1,0,0,1,0,0,0,0,0,"779184,62","5814995,883","13,1056","52,4138",6040701.0,Wannsee,223.0,61.0
49471,11,2,,2019,2,15,4,3,3,6,0,1,1,0,0,0,0,0,"802176,3781","5827706,48","13,45416","52,51552",2050801.0,Traveplatz,5453.0,1.0
49475,11,4,,2019,1,11,2,3,3,6,0,0,1,0,0,0,0,0,"791371,0303","5830534,09","13,29786","52,54675",4010101.0,Jungfernheide,3062.0,44.0
49481,11,3,,2019,2,15,3,3,5,3,0,1,1,0,0,0,0,0,"802970,0026","5833351,904","13,47096","52,56568",3051017.0,Rennbahnstraße,5667.0,54.0
49490,11,7,,2019,2,15,3,3,2,6,0,0,1,0,0,0,0,0,"795636,822","5823954,698","13,35474","52,48547",7020203.0,Kaiser-Wilhelm-Platz,3944.0,21.0
49493,11,12,,2019,3,14,6,3,0,7,0,0,1,0,0,0,0,0,"787543,2881","5838730,958","13,24868","52,62227",12224230.0,Heiligensee,2384.0,63.0
49500,11,2,,2019,1,16,5,3,5,2,0,1,1,0,0,0,0,0,"802111,7113","5827388,097","13,45292","52,5127",2050802.0,Boxhagener Platz,5352.0,35.0
49502,11,2,,2019,2,15,5,3,6,7,0,1,0,1,0,0,0,0,"803127,5388","5827630,323","13,46806","52,51431",2050602.0,Samariterviertel,5652.0,13.0
49506,11,4,,2019,2,9,2,3,5,7,0,1,1,0,0,0,0,0,"790418,1825","5826358,666","13,2802","52,50982",4020313.0,Königin-Elisabeth-Straße,2851.0,8.0
49510,11,6,,2019,1,19,3,3,0,6,2,0,0,0,1,0,1,1,"789692,904","5817964,529","13,26225","52,43495",6030503.0,Zehlendorf Mitte,2529.0,40.0
49515,11,4,,2019,2,14,7,3,2,6,0,0,1,0,0,0,0,0,"791249,8429","5829816,299","13,29545","52,54038",4010101.0,Jungfernheide,3060.0,36.0
49522,11,3,,2019,1,8,3,3,3,6,0,0,1,0,0,1,0,0,"799958,0252","5828910,69","13,42265","52,52754",3071638.0,Winsstraße,4956.0,45.0
49528,11,7,,2019,2,15,2,3,2,6,0,0,1,0,0,0,1,0,"796279,0645","5822691,603","13,36305","52,4738",7030303.0,Grazer Platz,4041.0,37.0
49537,11,7,,2019,2,7,6,3,3,6,1,0,1,0,0,0,0,1,"799751,9024","5814179,813","13,40639","52,39561",7070701.0,Kettinger Straße/Schillerstraße,4618.0,61.0
49540,11,1,,2019,3,7,5,3,0,5,0,1,1,0,0,0,0,1,"799676,435","5828479,042","13,41812","52,52382",1011303.0,Alexanderplatzviertel,4855.0,25.0
49547,11,3,,2019,1,14,4,3,1,5,0,1,1,0,0,0,0,0,"799114,5836","5832339,21","13,41334","52,55873",3040818.0,Pankow Süd,4865.0,35.0
49554,11,3,,2019,2,15,7,3,5,2,0,1,1,0,0,0,0,0,"799197,1111","5831455,217","13,41376","52,55076",3061126.0,Arnimplatz,4863.0,28.0
49558,11,3,,2019,1,15,2,2,6,4,0,0,1,1,0,0,0,0,"800946,7616","5830492,917","13,43861","52,54117",3061429.0,Greifswalder Straße,5160.0,41.0
49563,11,1,,2019,2,15,6,3,1,5,0,0,1,0,0,0,0,0,"795953,6773","5831634,004","13,36622","52,55414",1044203.0,Leopoldplatz,4164.0,52.0
49573,11,3,,2019,2,17,4,3,5,7,2,1,0,0,0,0,1,0,"798058,6127","5834034,665","13,39933","52,57451",3020209.0,Niederschönhausen,4570.0,59.0
49575,11,4,,2019,3,9,3,2,2,6,0,0,1,0,0,1,0,0,"790510,7131","5827472,393","13,28253","52,51976",4020310.0,Park Ruhwald,2854.0,17.0
49582,11,3,,2019,1,17,3,3,5,3,1,1,1,0,0,0,0,1,"798153,5636","5836012,726","13,40251","52,59218",3020209.0,Niederschönhausen,4675.0,44.0
49587,11,3,,2019,2,15,4,3,4,6,0,1,0,0,0,0,0,0,"799148,8088","5830786,734","13,41245","52,5448",3061131.0,Falkplatz,4761.0,38.0
49589,11,4,,2019,3,10,4,3,0,6,0,1,1,0,0,0,0,1,"788846,577","5826110,734","13,25689","52,50843",4020208.0,Kranzallee,2451.0,53.0
49596,11,7,,2019,1,12,4,2,5,3,0,0,1,0,0,0,1,0,"797054,7393","5816808,285","13,3692","52,42064",7060601.0,Marienfelder Allee Nordwest,4125.0,59.0
49603,11,8,,2019,2,18,6,3,3,6,1,0,1,0,0,1,0,0,"801699,6286","5821804,612","13,44181","52,46288",8020619.0,Buschkrugallee Nord,5237.0,45.0
49607,11,6,,2019,1,2,1,3,9,1,2,0,1,0,0,0,0,2,"794257,1171","5821457,539","13,33227","52,46383",6010209.0,Feuerbachstraße,3538.0,44.0
49610,11,3,,2019,1,21,5,2,0,5,2,0,1,0,1,0,0,1,"799855,2227","5830225,511","13,42232","52,53938",3061332.0,Helmholtzplatz,4960.0,18.0
49613,11,3,,2019,2,11,6,3,5,3,0,1,1,0,0,0,0,0,"798165,5959","5836120,966","13,40278","52,59315",3020209.0,Niederschönhausen,4675.0,44.0
49623,11,2,,2019,2,19,1,3,2,6,2,0,1,0,0,0,0,1,"797759,7202","5824117,589","13,38605","52,48578",2020203.0,Viktoriapark,4344.0,28.0
49625,11,3,,2019,3,17,1,3,2,6,0,0,1,0,0,0,0,0,"800606,5036","5829927,693","13,4331","52,53629",3061434.0,Anton-Saefkow-Park,5059.0,35.0
49632,11,4,,2019,1,16,2,3,2,6,0,0,1,0,0,0,0,0,"793360,5113","5826868,212","13,32388","52,51282",4030623.0,Ernst-Reuter-Platz,3452.0,33.0
49638,11,6,,2019,2,16,4,3,2,6,0,0,1,0,0,0,0,0,"789805,6732","5817996,932","13,26393","52,43518",6030503.0,Zehlendorf Mitte,2529.0,40.0
49644,11,7,,2019,1,19,5,3,2,6,2,0,1,0,0,0,0,1,"798247,077","5818690,615","13,38836","52,43686",7050502.0,Fritz-Werner-Straße,4430.0,31.0
49650,11,5,,2019,2,18,5,3,2,6,2,0,1,0,0,0,0,1,"785413,3234","5826207,645","13,20652","52,51111",5020629.0,Börnicker Straße,1751.0,61.0
49654,11,12,,2019,1,21,7,3,3,6,2,0,1,0,1,0,0,0,"793415,6566","5836179,161","13,33292","52,59625",12301204.0,Wittenau Nord,3676.0,38.0