ObjectID,State,District,LOR_ab_2021,AccidentYear,AccidentMonth,AccidentHour,DayOfWeek,AccidentCategory,AccidentType,AccidentTypeDetail,LightingCondition,InvolvingBike,InvolvingCar,InvolvingPedestrian,InvolvingMotorcycle,InvolvingHGV,InvolvingOther,RoadCondition,GraphicCoord1,GraphicCoord2,LongitudeWGS84,LatitudeWGS84,quadrant,quadrant_rank
49657,11,7,,2019,1,18,5,2,6,4,2,0,1,1,0,0,0,1,"795409,3984","5823400,768","13,35091","52,48063",7020202.0,Volkspark (Rudolf-Wilde-Park),3843.0,36.0
49660,11,9,,2019,2,18,5,3,5,2,2,1,1,0,0,0,0,0,"806524,0535","5821210,689","13,51205","52,45487",9020601.0,Schnellerstraße,6235.0,41.0
49669,11,3,,2019,2,5,6,3,6,2,2,0,1,1,0,0,0,0,"801520,6676","5831177,585","13,44767","52,54699",3061429.0,Greifswalder Straße,5362.0,45.0
49671,11,1,,2019,3,22,7,3,2,2,2,0,1,0,0,0,0,0,"796420,4027","5826328,376","13,36835","52,50632",1011105.0,Nördlicher Landwehrkanal,4150.0,19.0
49675,11,1,,2019,2,6,4,2,5,3,1,0,1,0,0,0,1,0,"795879,0569","5832057,27","13,3655","52,55797",1044102.0,Schillerpark,4065.0,7.0
49679,11,1,,2019,1,2,1,2,6,4,2,0,1,1,0,0,0,1,"799346,084","5827965,929","13,41281","52,5194",1011303.0,Alexanderplatzviertel,4754.0,20.0
49685,11,1,,2019,2,11,2,3,3,6,0,1,0,0,0,1,0,0,"797686,5694","5826838,68","13,38741","52,51021",1011201.0,Wilhelmstraße,4451.0,11.0
49694,11,4,,2019,2,23,2,3,3,6,2,0,1,0,0,0,0,0,"792627,2921","5823373,067","13,31003","52,48188",4051551.0,Brabanter Platz,3243.0,53.0
49697,11,10,,2019,3,11,6,3,5,3,0,1,1,0,0,0,0,1,"812564,8469","5827180,932","13,60626","52,50495",10040933.0,Mahlsdorf Süd,7650.0,63.0
49704,11,1,,2019,1,14,4,3,2,6,0,0,1,0,0,0,0,0,"796677,7527","5826255,047","13,37207","52,50552",1011105.0,Nördlicher Landwehrkanal,4150.0,19.0
49707,11,7,,2019,2,18,4,3,6,7,1,1,0,1,0,0,0,0,"797835,8254","5822235,162","13,38549","52,46886",7040403.0,Manteuffelstraße,4339.0,29.0
49710,11,4,,2019,3,10,7,3,2,6,0,0,1,0,0,0,0,1,"790663,8959","5824994,826","13,28262","52,49746",4041134.0,Bismarckallee,2848.0,27.0
49718,11,2,,2019,1,7,5,3,1,5,0,0,1,1,0,0,0,0,"803287,3544","5827630,903","13,47041","52,51422",2050602.0,Samariterviertel,5652.0,13.0
49720,11,6,,2019,2,14,5,3,2,6,0,0,1,0,0,0,0,0,"793522,403","5820378,91","13,32054","52,45455",6010102.0,Schloßstraße,3435.0,54.0
49724,11,4,,2019,2,14,3,3,5,3,0,0,1,0,0,0,0,0,"787863,4149","5825952,01","13,24231","52,50753",4020208.0,Kranzallee,2250.0,59.0
49728,11,4,,2019,1,13,3,3,2,6,0,0,1,0,0,1,0,0,"790535,6459","5828603,849","13,28388","52,52989",4010101.0,Jungfernheide,2857.0,33.0
49733,11,7,,2019,2,18,1,3,2,6,2,0,1,0,0,0,0,0,"795676,1531","5823968,193","13,35533","52,48557",7020203.0,Kaiser-Wilhelm-Platz,3944.0,21.0
49742,11,12,,2019,2,11,5,3,2,2,0,0,1,0,0,0,0,0,"791785,9286","5839413,615","13,31178","52,62613",12231101.0,Hermsdorf,3285.0,65.0
49744,11,9,,2019,3,6,5,3,2,6,0,0,0,0,0,1,0,1,"805703,9419","5818830,739","13,49785","52,434",9010401.0,Johannisthal West,6029.0,56.0
49751,11,7,,2019,1,13,4,3,2,6,0,0,1,0,0,0,0,0,"796595,9364","5815991,635","13,36175","52,41357",7060601.0,Marienfelder Allee Nordwest,4023.0,43.0
49758,11,7,,2019,2,14,7,3,0,1,0,0,0,0,1,0,0,0,"795102,0698","5823020,833","13,34606","52,47739",7030303.0,Grazer Platz,3842.0,57.0
49762,11,1,,2019,1,16,1,3,2,6,2,0,1,0,0,0,0,0,"796286,0694","5830278,27","13,3699","52,5418",1033203.0,Humboldthain Nordwest,4160.0,4.0
49767,11,2,,2019,2,15,6,2,0,1,0,1,0,0,0,0,0,0,"802148,993","5827725,845","13,45377","52,51571",2050602.0,Samariterviertel,5453.0,1.0
49772,11,3,,2019,2,8,1,3,0,7,0,0,1,0,0,0,0,0,"800835,2391","5829741,574","13,43629","52,5345",3061434.0,Anton-Saefkow-Park,5158.0,55.0
49776,11,10,,2019,1,14,2,3,2,6,0,0,1,0,0,0,0,1,"813816,0718","5827138,751","13,6246","52,50386",10040933.0,Mahlsdorf Süd,7949.0,65.0
49782,11,3,,2019,2,10,7,2,9,1,0,0,1,0,0,0,0,0,"799195,2895","5831415,739","13,4137","52,55041",3061126.0,Arnimplatz,4863.0,28.0
49792,11,6,,2019,2,8,4,3,2,6,0,0,1,0,0,1,0,0,"789530,1095","5817972,008","13,25987","52,4351",6030503.0,Zehlendorf Mitte,2529.0,40.0
49794,11,2,,2019,3,13,4,3,5,2,0,1,1,0,0,0,0,0,"803082,7453","5827634,798","13,46741","52,51437",2050602.0,Samariterviertel,5652.0,13.0
49801,11,7,,2019,1,16,4,3,2,6,1,0,1,0,0,0,0,0,"798015,2765","5822313,792","13,38819","52,46947",7040405.0,Rathaus Tempelhof,4439.0,53.0
49807,11,1,,2019,2,16,6,3,3,6,0,0,1,0,1,0,0,0,"795341,1837","5827193,003","13,35327","52,51466",1011102.0,Großer Tiergarten,3953.0,55.0
49811,11,10,,2019,1,10,7,1,6,4,0,0,1,1,0,0,0,1,"807656,0523","5829873,139","13,53666","52,53187",10010309.0,Springpfuhl,6658.0,51.0
49814,11,4,,2019,1,22,5,3,9,1,2,0,1,0,0,0,0,1,"790921,4706","5824686,832","13,28613","52,49457",4041134.0,Bismarckallee,2947.0,18.0
49817,11,12,,2019,2,14,6,3,5,3,0,1,1,0,0,0,0,0,"794053,073","5835100,464","13,34134","52,58624",12301203.0,Wittenau Süd,3773.0,57.0
49826,11,2,,2019,2,19,6,3,5,7,2,0,1,0,0,0,0,0,"802179,8311","5827735,004","13,45423","52,51577",2050602.0,Samariterviertel,5453.0,1.0
49828,11,1,,2019,3,12,7,3,0,6,0,0,1,0,0,0,1,0,"799590,5726","5828313,678","13,41671","52,52239",1011303.0,Alexanderplatzviertel,4855.0,25.0
49840,11,7,,2019,2,13,2,3,5,7,0,0,0,0,0,0,1,0,"798234,2722","5818746,063","13,38822","52,43737",7050502.0,Fritz-Werner-Straße,4430.0,31.0
49842,11,1,,2019,3,13,2,3,2,6,0,0,1,0,0,0,0,0,"796181,0918","5831025,745","13,36902","52,54856",1044201.0,Reinickendorfer Straße,4162.0,48.0
49849,11,7,,2019,1,11,3,3,5,3,0,0,0,0,1,0,1,1,"797550,8282","5818307,394","13,37781","52,43381",7050502.0,Fritz-Werner-Straße,4229.0,34.0
49855,11,12,,2019,2,8,4,3,5,2,0,1,0,0,0,0,1,0,"794559,1596","5833821,741","13,34766","52,5745",12103218.0,Teichstraße,3870.0,38.0
49859,11,4,,2019,1,21,7,3,3,6,2,0,1,0,0,0,0,0,"790146,9424","5826333,043","13,27619","52,50974",4020311.0,Reichsstraße,2751.0,29.0
49862,11,1,,2019,1,15,5,3,3,6,0,0,1,0,0,0,0,0,"796439,1203","5826321,954","13,36862","52,50625",1011105.0,Nördlicher Landwehrkanal,4150.0,19.0
49865,11,3,,2019,2,17,5,3,2,2,1,1,1,0,0,0,0,0,"799180,748","5830360,858","13,41253","52,54096",3061131.0,Falkplatz,4760.0,20.0
49874,11,2,,2019,2,14,6,3,5,3,0,1,1,0,0,0,0,0,"803499,9511","5827608,435","13,47351","52,5139",2050602.0,Samariterviertel,5652.0,13.0
49876,11,1,,2019,3,13,6,3,1,5,0,1,1,0,0,0,0,0,"795899,6711","5831859,114","13,36563","52,55618",1044203.0,Leopoldplatz,4065.0,7.0
49880,11,1,,2019,2,19,4,2,6,4,2,0,1,1,0,0,0,0,"798209,5826","5826945,703","13,39519","52,51088",1011204.0,Leipziger Straße,4551.0,40.0
49884,11,4,,2019,1,13,5,3,3,6,0,0,1,0,0,1,0,0,"790467,8686","5825322,66","13,28002","52,50051",4020314.0,Messegelände,2848.0,27.0
49890,11,4,,2019,2,6,2,3,2,6,1,0,1,0,0,0,0,1,"790479,5109","5828454,882","13,28293","52,52858",4020310.0,Park Ruhwald,2857.0,33.0
49894,11,4,,2019,2,6,5,3,3,6,1,0,1,0,0,1,0,0,"790861,7487","5824716,145","13,28528","52,49486",4041134.0,Bismarckallee,2847.0,41.0
49898,11,7,,2019,1,20,2,3,6,2,2,0,1,1,0,0,0,1,"797867,5882","5820441,114","13,38436","52,45276",7050501.0,Rathausstraße,4334.0,51.0
49904,11,2,,2019,2,23,4,3,6,4,2,0,0,1,0,0,1,0,"801877,0593","5826535,506","13,4487","52,50519",2040703.0,Wriezener Bahnhof/Entwicklungsgebiet,5350.0,52.0
49909,11,4,,2019,1,15,4,3,2,6,0,0,1,0,0,0,0,1,"792214,1485","5829346,804","13,30921","52,53565",4010102.0,Plötzensee,3259.0,63.0
49912,11,9,,2019,1,15,5,3,5,3,0,1,1,0,0,0,0,0,"804104,6469","5824365,095","13,47943","52,4845",9010202.0,Köpenicker Landstraße,5744.0,53.0
49915,11,2,,2019,2,15,3,3,3,6,0,1,1,0,0,0,0,0,"797792,3196","5825524,908","13,38779","52,49837",2010101.0,Askanischer Platz,4448.0,24.0
49918,11,12,,2019,3,20,7,2,8,1,2,0,1,0,0,0,0,1,"792106,0989","5832440,367","13,31034","52,56344",12214125.0,Waldidyll/Flughafensee,3267.0,63.0
49926,11,2,,2019,1,16,5,2,6,4,1,0,1,1,0,0,0,0,"802977,5893","5827646,412","13,46587","52,51453",2050602.0,Samariterviertel,5552.0,49.0
49928,11,3,,2019,2,14,5,3,2,2,0,1,1,0,0,0,0,0,"798001,2472","5833659,894","13,39815","52,57118",3040513.0,Schönholz,4569.0,47.0
49932,11,9,,2019,2,16,3,3,6,4,0,0,1,1,0,0,0,0,"804106,561","5824366,79","13,47946","52,48451",9010202.0,Köpenicker Landstraße,5744.0,53.0
49933,11,2,,2019,1,11,3,2,5,3,0,1,1,0,0,0,0,1,"802178,1015","5827715,217","13,45419","52,51559",2050602.0,Samariterviertel,5453.0,1.0
49937,11,7,,2019,1,11,3,2,6,4,0,0,1,1,0,0,0,0,"798282,688","5818655,085","13,38885","52,43653",7050502.0,Fritz-Werner-Straße,4430.0,31.0
49942,11,6,,2019,2,23,7,2,5,2,2,1,1,0,0,0,0,0,"783889,2233","5815954,019","13,1754","52,41997",6040701.0,Wannsee,1225.0,49.0
49951,11,10,,2019,2,8,5,3,2,6,0,0,1,0,0,0,0,0,"808084,4811","5827445,614","13,54071","52,50987",10010308.0,Marzahner Chaussee,6651.0,57.0
49953,11,10,,2019,3,7,4,3,0,2,0,1,0,0,0,0,1,0,"813046,8131","5827190,738","13,61335","52,50477",10040933.0,Mahlsdorf Süd,7750.0,57.0
49959,11,2,,2019,1,17,3,3,6,4,1,1,0,1,0,0,0,1,"797848,7873","5825021,385","13,38817","52,49383",2020202.0,Rathaus Yorckstraße,4446.0,12.0
49964,11,9,,2019,2,11,2,3,6,4,0,0,1,1,0,0,0,1,"803257,5434","5824408,684","13,46704","52,48536",9010201.0,Am Treptower Park Süd,5644.0,65.0
49967,11,7,,2019,3,20,5,2,3,6,2,0,1,0,0,0,1,0,"799326,5636","5821545,09","13,40675","52,46186",7040405.0,Rathaus Tempelhof,4737.0,55.0
49974,11,4,,2019,1,15,4,3,2,6,0,0,1,0,0,1,0,0,"794328,9382","5823063,917","13,33475","52,47819",4051655.0,Babelsberger Straße,3642.0,57.0
49980,11,7,,2019,2,14,1,3,5,2,0,1,1,0,0,0,0,0,"795496,134","5823347,6","13,35213","52,4801",7020202.0,Volkspark (Rudolf-Wilde-Park),3842.0,57.0
49981,11,1,,2019,1,17,2,3,2,6,2,0,1,0,0,0,0,0,"796696,0345","5826198,447","13,37229","52,50501",1011105.0,Nördlicher Landwehrkanal,4150.0,19.0
49985,11,7,,2019,1,17,2,3,2,6,1,0,1,0,0,0,0,0,"799194,3023","5816412,835","13,40022","52,41593",7070701.0,Kettinger Straße/Schillerstraße,4624.0,53.0
49991,11,3,,2019,2,8,6,2,5,2,0,1,0,0,0,0,0,0,"800459,5467","5829705,87","13,43074","52,53439",3071639.0,Bötzowstraße,5058.0,45.0
49996,11,1,,2019,1,17,2,3,2,7,2,1,1,0,0,0,1,1,"799186,2406","5828361,263","13,41081","52,52303",1011303.0,Alexanderplatzviertel,4755.0,4.0
50002,11,4,,2019,2,18,4,3,5,2,2,1,1,0,0,0,0,0,"792757,4088","5826766,541","13,31493","52,51223",4030622.0,Richard-Wagner-Straße,3352.0,26.0
50004,11,5,,2019,3,12,4,2,2,6,0,0,1,0,0,1,0,0,"783541,7179","5826708,443","13,17945","52,51658",5020524.0,Weinmeisterhornweg,1353.0,41.0
50008,11,4,,2019,1,9,2,3,2,6,0,0,1,0,0,0,0,1,"790769,7842","5824855,224","13,28405","52,49616",4041134.0,Bismarckallee,2847.0,41.0
50012,11,7,,2019,1,17,3,3,2,6,1,0,1,0,0,0,0,0,"794753,1274","5823139,393","13,34104","52,47864",7020202.0,Volkspark (Rudolf-Wilde-Park),3742.0,48.0
50018,11,1,,2019,2,22,5,3,5,3,2,1,1,0,0,0,0,1,"799313,364","5827964,966","13,41232","52,51941",1011303.0,Alexanderplatzviertel,4754.0,20.0
50019,11,7,,2019,1,16,1,3,8,1,2,0,1,0,0,0,0,1,"796999,681","5822372,221","13,37334","52,47054",7040403.0,Manteuffelstraße,4240.0,51.0
50023,11,3,,2019,1,23,7,3,2,6,2,0,1,0,0,0,0,0,"801342,9207","5831028,565","13,44492","52,54575",3061429.0,Greifswalder Straße,5262.0,43.0
50025,11,1,,2019,1,5,1,3,5,3,2,0,1,0,0,0,0,1,"795879,0131","5832057,506","13,3655","52,55797",1044102.0,Schillerpark,4065.0,7.0
50026,11,4,,2019,1,8,1,2,9,1,0,0,1,0,0,0,0,1,"791135,3642","5824654,693","13,28925","52,49416",4041134.0,Bismarckallee,2947.0,18.0
50030,11,4,,2019,1,10,4,2,3,6,0,0,1,0,0,1,1,1,"790463,1414","5828452,243","13,28269","52,52857",4020310.0,Park Ruhwald,2857.0,33.0
50037,11,7,,2019,2,13,7,3,0,1,0,0,0,0,1,0,0,0,"796212,2418","5822713,142","13,36208","52,47403",7030303.0,Grazer Platz,4041.0,37.0
50038,11,4,,2019,1,19,7,3,5,2,2,1,1,0,0,0,0,1,"788939,73","5826125,888","13,25827","52,50852",4020208.0,Kranzallee,2451.0,53.0
50042,11,12,,2019,1,13,1,3,2,4,0,0,1,1,0,0,0,0,"795831,08","5832326,272","13,36504","52,56041",12103117.0,Letteplatz,4066.0,53.0
50044,11,3,,2019,1,19,7,3,6,2,2,0,1,1,0,0,0,1,"799962,3499","5830228,501","13,4239","52,53934",3061332.0,Helmholtzplatz,4960.0,18.0
50046,11,2,,2019,1,16,5,3,5,2,1,1,1,0,0,0,0,0,"797852,921","5825504,699","13,38866","52,49816",2010101.0,Askanischer Platz,4448.0,24.0
50049,11,7,,2019,2,9,6,3,5,2,0,1,1,0,0,0,0,0,"797884,346","5820426,679","13,38459","52,45262",7050501.0,Rathausstraße,4334.0,51.0
50054,11,7,,2019,1,18,7,3,2,6,2,0,1,0,0,0,0,1,"795895,6043","5824374,612","13,35891","52,48909",7020203.0,Kaiser-Wilhelm-Platz,3945.0,34.0
50060,11,3,,2019,2,16,1,2,6,4,1,0,1,1,0,0,0,0,"801790,8727","5831371,162","13,45182","52,54858",3050925.0,Komponistenviertel Weißensee,5362.0,45.0
50062,11,7,,2019,3,10,2,3,5,2,0,0,1,0,0,1,0,0,"798879,533","5817226,871","13,39633","52,4234",7050506.0,Birnhornweg,4526.0,46.0
50069,11,12,,2019,1,17,2,3,2,6,2,0,1,0,0,0,0,1,"792028,7815","5838615,032","13,31465","52,61884",12231101.0,Hermsdorf,3383.0,64.0
50075,11,4,,2019,2,16,4,3,2,6,0,0,1,0,0,0,0,0,"790797,8798","5826467,401","13,28587","52,51059",4030417.0,Schloßstraße,2951.0,33.0
50081,11,3,,2019,1,17,5,3,4,6,1,1,0,0,0,0,0,0,"801562,5899","5829002,326","13,44631","52,52747",3061435.0,Conrad-Blenkle-Straße,5256.0,48.0
50084,11,10,,2019,2,7,5,3,5,3,1,1,1,0,0,0,0,0,"812581,7223","5827181,813","13,60651","52,50495",10040933.0,Mahlsdorf Süd,7650.0,63.0
50093,11,2,,2019,1,8,4,3,5,3,1,0,1,0,0,0,0,1,"803502,5421","5827608,13","13,47355","52,5139",2050602.0,Samariterviertel,5652.0,13.0
50096,11,4,,2019,2,12,6,2,5,3,0,0,1,0,0,1,0,0,"790513,8438","5826374,634","13,28162","52,50991",4020313.0,Königin-Elisabeth-Straße,2851.0,8.0
50106,11,12,,2019,2,17,6,3,6,4,2,0,1,1,0,0,0,0,"792365,735","5837743,333","13,31884","52,61084",12301205.0,Waidmannslust,3381.0,45.0
50108,11,4,,2019,3,18,7,3,2,6,2,0,1,0,0,0,1,0,"790629,8721","5825033,725","13,28215","52,49783",4041133.0,Güterbahnhof Grunewald,2848.0,27.0
50112,11,4,,2019,2,15,4,3,3,6,0,0,1,0,0,0,0,0,"789163,0378","5826159,818","13,26158","52,50871",4020311.0,Reichsstraße,2551.0,50.0
50116,11,12,,2019,1,2,1,3,9,1,2,0,1,0,0,0,0,1,"790618,1411","5835018,248","13,29071","52,58735",12304314.0,Ziekowstraße/Freie Scholle,2974.0,55.0
50122,11,12,,2019,2,13,3,3,2,6,0,0,1,0,0,0,1,0,"791221,3087","5833937,722","13,29864","52,57734",12214125.0,Waldidyll/Flughafensee,3071.0,39.0
50127,11,3,,2019,1,15,7,3,5,3,1,1,1,0,0,0,0,1,"803322,8267","5833646,058","13,47642","52,56812",3030716.0,Märchenland,5768.0,60.0
50132,11,2,,2019,2,7,2,3,0,2,0,1,1,0,0,0,0,0,"802144,4265","5827754,662","13,45373","52,51597",2050602.0,Samariterviertel,5453.0,1.0
50135,11,12,,2019,3,8,6,3,6,7,0,1,0,1,0,0,0,0,"795424,1582","5833584,257","13,36017","52,57191",12103115.0,Breitkopfbecken,4069.0,34.0
50142,11,12,,2019,1,15,4,3,2,6,0,0,1,0,0,0,0,0,"794532,252","5834217,839","13,34761","52,57807",12103218.0,Teichstraße,3871.0,53.0
50147,11,3,,2019,2,7,2,3,5,3,0,1,1,0,0,0,0,0,"799592,4359","5830298,953","13,41853","52,54018",3061332.0,Helmholtzplatz,4860.0,47.0
50148,11,3,,2019,1,16,6,3,0,6,2,0,1,0,0,0,1,1,"798038,1329","5833806,477","13,39883","52,57247",3040513.0,Schönholz,4569.0,47.0
50151,11,4,,2019,1,17,3,3,2,6,0,0,1,0,0,0,0,0,"792753,1216","5823252,499","13,31177","52,48073",4051551.0,Brabanter Platz,3243.0,53.0
50152,11,7,,2019,10,16,3,2,6,4,0,0,1,1,0,0,0,1,"796007,0816","5824913,867","13,36103","52,49387",7010104.0,Dennewitzplatz,4046.0,41.0
50153,11,1,,2019,6,18,5,3,2,6,0,0,1,0,0,0,0,0,"796770,1201","5826669,736","13,3738","52,50919",1011105.0,Nördlicher Landwehrkanal,4251.0,2.0
50154,11,11,,2019,9,7,2,3,9,1,0,0,1,0,0,0,0,0,"804232,9562","5827533,494","13,48421","52,51282",11030721.0,Rüdigerstraße,5852.0,43.0
50155,11,4,,2019,12,23,5,3,8,1,2,0,1,0,0,0,0,1,"790489,7465","5825267,239","13,2803","52,5",4041133.0,Güterbahnhof Grunewald,2848.0,27.0
50156,11,7,,2019,6,1,7,3,5,3,2,1,1,0,0,0,0,0,"797846,3094","5822358,011","13,38575","52,46996",7040403.0,Manteuffelstraße,4339.0,29.0
50157,11,1,,2019,5,17,4,3,2,7,0,0,1,0,0,0,0,0,"796206,1304","5830833,557","13,36922","52,54682",1044201.0,Reinickendorfer Straße,4162.0,48.0
50158,11,4,,2019,11,2,1,3,9,1,2,0,1,0,0,0,0,1,"791741,0139","5829190,73","13,30212","52,53451",4010103.0,Paul-Hertz-Siedlung,3158.0,61.0
50159,11,3,,2019,6,8,6,3,6,4,0,1,0,1,0,0,0,0,"800154,9643","5830844,128","13,42729","52,54476",3061228.0,Erich-Weinert-Straße,5061.0,55.0
50160,11,7,,2019,11,14,5,2,5,2,0,1,1,0,0,0,0,0,"795233,8046","5823511,498","13,34843","52,48171",7020202.0,Volkspark (Rudolf-Wilde-Park),3843.0,36.0
50161,11,2,,2019,8,16,5,3,4,6,0,1,0,0,0,0,1,0,"802733,5528","5827686,549","13,46232","52,51503",2050602.0,Samariterviertel,5553.0,28.0
50162,11,6,,2019,5,13,4,2,0,7,0,0,1,0,0,0,0,0,"779143,5854","5814992,555","13,105","52,41379",6040701.0,Wannsee,223.0,61.0
50163,11,4,,2019,10,8,1,2,1,1,0,0,1,0,0,0,0,0,"790358,9072","5826367,428","13,27933","52,50993",4020313.0,Königin-Elisabeth-Straße,2851.0,8.0
50164,11,4,,2019,9,16,2,3,5,2,0,0,1,0,1,0,0,0,"793155,1019","5826840,746","13,32083","52,51268",4030623.0,Ernst-Reuter-Platz,3452.0,33.0
50166,11,4,,2019,6,14,6,2,6,7,0,0,1,1,0,0,0,0,"790729,0349","5826428,995","13,28483","52,51029",4020313.0,Königin-Elisabeth-Straße,2851.0,8.0
50167,11,2,,2019,8,16,5,3,3,6,0,0,0,0,0,0,1,0,"796888,9604","5825916,582","13,37487","52,50238",2020201.0,Gleisdreieck/Entwicklungsgebiet,4249.0,53.0
50168,11,4,,2019,5,13,4,3,2,6,0,0,1,0,0,0,0,0,"791848,0817","5826613,763","13,30143","52,51135",4030417.0,Schloßstraße,3152.0,19.0
50169,11,7,,2019,6,16,7,3,5,3,0,0,1,0,0,0,0,0,"798087,4564","5822286,011","13,38923","52,46918",7040405.0,Rathaus Tempelhof,4439.0,53.0
50170,11,7,,2019,9,10,2,2,5,2,0,0,1,0,1,0,0,0,"798286,0211","5818647,842","13,38889","52,43646",7050502.0,Fritz-Werner-Straße,4430.0,31.0
50171,11,6,,2019,12,16,1,3,5,3,2,0,1,0,0,0,0,1,"792449,2288","5819744,809","13,30424","52,44944",6030605.0,Botanischer Garten,3133.0,56.0
50172,11,5,,2019,6,13,6,3,2,6,0,0,0,0,1,1,0,0,"783505,5302","5826701,195","13,17891","52,51653",5020524.0,Weinmeisterhornweg,1353.0,41.0
50173,11,6,,2019,8,15,5,3,0,3,0,1,1,0,0,0,0,0,"786710,2127","5817015,39","13,21768","52,42801",6040703.0,Nikolassee,1827.0,53.0
50174,11,3,,2019,11,16,2,3,5,2,0,0,1,0,0,0,0,0,"800958,4717","5830510,812","13,4388","52,54133",3061429.0,Greifswalder Straße,5160.0,41.0
50175,11,4,,2019,8,16,5,3,0,3,0,1,1,0,0,0,0,0,"791299,7182","5826502,104","13,29328","52,51064",4030417.0,Schloßstraße,3051.0,26.0
50176,11,4,,2019,5,12,4,3,2,6,0,0,1,0,1,0,0,0,"793472,4305","5826887,109","13,32554","52,51292",4030623.0,Ernst-Reuter-Platz,3452.0,33.0
50177,11,11,,2019,10,13,1,3,3,6,0,0,1,0,1,0,0,0,"804860,0834","5827449,893","13,49335","52,51172",11030721.0,Rüdigerstraße,5952.0,37.0
50178,11,7,,2019,9,17,7,3,3,6,0,0,1,0,0,0,0,0,"796008,0482","5824676,282","13,36083","52,49174",7010104.0,Dennewitzplatz,4046.0,41.0
50180,11,12,,2019,6,14,6,3,2,6,0,0,1,0,0,0,1,0,"791683,0648","5830988,057","13,30284","52,55065",12214125.0,Waldidyll/Flughafensee,3163.0,57.0
50181,11,2,,2019,8,14,5,3,0,1,0,1,1,0,0,0,0,0,"802149,1628","5827848,079","13,45389","52,5168",2050602.0,Samariterviertel,5453.0,1.0
50182,11,2,,2019,5,11,4,3,0,6,0,0,1,0,1,0,0,0,"801657,6037","5828865,419","13,44759","52,52619",2050601.0,Hausburgviertel,5356.0,13.0
50183,11,4,,2019,11,15,3,3,3,6,0,0,1,0,0,1,0,0,"791541,1094","5826561,819","13,29687","52,51104",4030417.0,Schloßstraße,3051.0,26.0
50184,11,7,,2019,6,9,4,3,2,6,0,0,1,0,0,0,0,0,"799410,4312","5815947,734","13,40297","52,41164",7070701.0,Kettinger Straße/Schillerstraße,4622.0,59.0
50185,11,4,,2019,9,17,7,3,0,1,0,1,0,0,0,0,0,0,"787967,6472","5825968,86","13,24385","52,50763",4020208.0,Kranzallee,2250.0,59.0
50186,11,5,,2019,12,23,7,3,5,2,2,0,1,0,0,0,0,1,"783517,187","5826715,15","13,17909","52,51665",5020524.0,Weinmeisterhornweg,1353.0,41.0
50187,11,4,,2019,8,12,5,3,2,6,0,0,1,0,0,0,1,0,"791795,7979","5826583,514","13,30064","52,5111",4030417.0,Schloßstraße,3151.0,40.0
50188,11,3,,2019,10,17,3,3,2,6,2,0,1,0,0,0,0,0,"799205,2279","5832153,09","13,41451","52,55701",3061126.0,Arnimplatz,4865.0,35.0
50189,11,2,,2019,9,19,7,2,0,7,2,1,0,0,0,0,0,0,"801810,2187","5826351,449","13,44755","52,50357",2040703.0,Wriezener Bahnhof/Entwicklungsgebiet,5349.0,29.0
50190,11,6,,2019,8,9,5,3,0,7,0,1,0,0,0,0,0,0,"787857,2918","5817527,365","13,23495","52,432",6030501.0,Berlepschstraße,2128.0,63.0
50191,11,7,,2019,5,9,4,3,2,6,0,0,1,0,1,0,0,0,"797808,2611","5823164,09","13,38591","52,4772",7040401.0,Neu-Tempelhof,4342.0,53.0
50192,11,1,,2019,10,13,2,2,6,7,0,0,0,1,0,0,1,0,"799234,9492","5827880,024","13,4111","52,51869",1011303.0,Alexanderplatzviertel,4754.0,20.0
50193,11,3,,2019,6,11,2,3,5,3,0,1,1,0,0,0,0,0,"798175,8317","5836248,322","13,40305","52,59428",3020209.0,Niederschönhausen,4676.0,59.0
50194,11,3,,2019,9,9,7,3,5,3,0,1,1,0,0,0,0,0,"800844,0566","5830325,926","13,43695","52,53973",3061434.0,Anton-Saefkow-Park,5160.0,41.0
50196,11,2,,2019,6,16,6,3,5,3,0,1,1,0,0,0,0,0,"797065,0884","5825692,492","13,37726","52,50027",2020201.0,Gleisdreieck/Entwicklungsgebiet,4248.0,63.0
50197,11,4,,2019,8,19,4,2,5,2,0,0,1,0,1,0,0,0,"792744,9646","5826742,874","13,31472","52,51202",4030622.0,Richard-Wagner-Straße,3352.0,26.0
50198,11,3,,2019,5,8,4,2,0,5,0,0,0,0,1,0,1,0,"798175,9745","5836263,179","13,40307","52,59442",3020209.0,Niederschönhausen,4676.0,59.0
50199,11,4,,2019,11,8,5,3,2,6,0,0,1,0,0,0,0,0,"792099,0622","5823817,605","13,30267","52,48614",4041239.0,Stadion Wilmersdorf,3144.0,48.0
50200,11,1,,2019,6,7,6,3,1,5,0,1,1,0,0,0,0,0,"795927,4272","5831703,709","13,3659","52,55477",1044203.0,Leopoldplatz,4064.0,52.0
50201,11,12,,2019,12,13,3,3,2,6,0,0,1,0,0,0,1,1,"791653,9633","5830953,309","13,30239","52,55035",12214125.0,Waldidyll/Flughafensee,3163.0,57.0
50202,11,1,,2019,8,21,4,3,0,1,2,1,0,0,0,0,0,0,"799254,9966","5827906,665","13,41141","52,51892",1011303.0,Alexanderplatzviertel,4754.0,20.0
50203,11,12,,2019,5,7,4,3,5,2,0,0,1,0,0,0,0,0,"792354,4937","5837753,305","13,31869","52,61094",12301205.0,Waidmannslust,3381.0,45.0
50204,11,1,,2019,10,8,5,3,2,6,0,0,1,0,0,0,0,1,"796162,3213","5825738,348","13,36404","52,50117",1011104.0,Körnerstraße,4049.0,39.0