ObjectID,State,District,LOR_ab_2021,AccidentYear,AccidentMonth,AccidentHour,DayOfWeek,AccidentCategory,AccidentType,AccidentTypeDetail,LightingCondition,InvolvingBike,InvolvingCar,InvolvingPedestrian,InvolvingMotorcycle,InvolvingHGV,InvolvingOther,RoadCondition,GraphicCoord1,GraphicCoord2,LongitudeWGS84,LatitudeWGS84,quadrant,quadrant_rank
51395,11,3,,2019,11,15,3,3,6,2,0,0,1,1,0,0,0,0,"799998,6611","5830219,686","13,42443","52,53925",3061332.0,Helmholtzplatz,4960.0,18.0
51396,11,10,,2019,5,14,7,3,2,6,0,0,1,0,0,0,0,0,"813572,5681","5827170,599","13,62105","52,50428",10040933.0,Mahlsdorf Süd,7849.0,59.0
51397,11,12,,2019,11,12,7,3,5,3,0,0,1,0,0,0,0,0,"792144,2362","5832837,337","13,31125","52,56698",12214422.0,Klixstraße,3268.0,42.0
51398,11,6,,2019,7,10,3,3,1,5,0,0,1,0,0,0,0,0,"785784,9525","5816470,24","13,20364","52,42361",6040703.0,Nikolassee,1626.0,59.0
51399,11,4,,2019,4,16,2,3,2,6,0,0,1,0,0,1,0,0,"790481,4","5828460,969","13,28296","52,52864",4020310.0,Park Ruhwald,2857.0,33.0
51400,11,6,,2019,10,16,3,2,5,2,0,1,1,0,0,0,0,0,"782755,7163","5815836,874","13,15868","52,4195",6040701.0,Wannsee,1025.0,59.0
51401,11,3,,2019,8,11,7,3,1,5,0,0,1,0,0,0,0,0,"802151,4035","5831524,76","13,45726","52,54975",3050925.0,Komponistenviertel Weißensee,5463.0,46.0
51403,11,1,,2019,7,17,3,3,2,6,0,0,1,0,0,0,0,0,"796454,613","5826462,212","13,36898","52,5075",1011105.0,Nördlicher Landwehrkanal,4150.0,19.0
51404,11,9,,2019,4,14,2,3,2,6,0,0,1,0,0,0,0,0,"802727,9201","5825296,267","13,46007","52,49361",9010101.0,Elsenstraße,5446.0,19.0
51405,11,1,,2019,9,0,7,3,5,3,2,0,1,0,0,0,0,0,"796045,4376","5831343,744","13,36731","52,55148",1044201.0,Reinickendorfer Straße,4163.0,33.0
51406,11,4,,2019,6,20,2,3,2,6,0,0,1,0,0,0,1,0,"791502,6085","5824421,034","13,29443","52,49187",4041137.0,Flinsberger Platz,3046.0,37.0
51407,11,10,,2019,8,7,7,3,2,6,0,0,1,0,0,0,0,0,"813515,2205","5827163,884","13,6202","52,50426",10040933.0,Mahlsdorf Süd,7849.0,59.0
51408,11,4,,2019,12,13,4,3,2,6,0,0,1,0,0,0,0,0,"791158,9011","5829478,011","13,29381","52,53739",4010101.0,Jungfernheide,3059.0,57.0
51409,11,4,,2019,5,14,7,2,2,6,0,0,1,0,0,0,0,0,"791886,4089","5824043,306","13,29974","52,48828",4041137.0,Flinsberger Platz,3145.0,38.0
51410,11,4,,2019,7,9,3,3,2,6,0,0,1,0,0,0,1,0,"790425,3226","5827781,591","13,28154","52,52257",4020310.0,Park Ruhwald,2855.0,59.0
51411,11,7,,2019,4,13,2,3,1,1,0,0,1,0,0,0,0,0,"799736,3266","5814353,283","13,40632","52,39717",7070701.0,Kettinger Straße/Schillerstraße,4618.0,61.0
51412,11,4,,2019,11,20,4,3,5,3,2,0,1,0,0,0,0,1,"791588,4152","5824351,903","13,29563","52,49121",4041137.0,Flinsberger Platz,3046.0,37.0
51413,11,2,,2019,11,18,7,3,5,3,2,0,1,0,0,0,0,0,"797886,5844","5825489,42","13,38914","52,498",2010101.0,Askanischer Platz,4448.0,24.0
51414,11,2,,2019,7,22,3,3,5,3,2,1,1,0,0,0,0,0,"797059,1214","5825704,89","13,37718","52,50039",2020201.0,Gleisdreieck/Entwicklungsgebiet,4248.0,63.0
51415,11,9,,2019,4,10,2,3,5,2,0,1,1,0,0,0,0,0,"802847,2224","5825474,971","13,46198","52,49514",9010101.0,Elsenstraße,5547.0,53.0
51416,11,4,,2019,10,10,3,3,3,6,0,0,1,0,0,0,1,0,"791543,8409","5826562,29","13,29692","52,51105",4030417.0,Schloßstraße,3051.0,26.0
51417,11,4,,2019,8,12,6,2,2,6,0,0,1,0,0,0,0,0,"790548,0436","5827364,124","13,28298","52,51877",4020310.0,Park Ruhwald,2854.0,17.0
51419,11,7,,2019,5,16,7,3,2,2,0,0,1,0,1,0,0,0,"797709,9631","5818788,603","13,38057","52,43803",7050501.0,Rathausstraße,4330.0,47.0
51420,11,7,,2019,7,19,3,3,5,3,0,0,0,0,1,0,1,0,"798179,1195","5818923,907","13,38757","52,43899",7050502.0,Fritz-Werner-Straße,4430.0,31.0
51421,11,3,,2019,4,9,2,3,3,6,0,1,1,0,0,0,0,0,"800195,797","5829281,623","13,42648","52,53073",3071639.0,Bötzowstraße,4957.0,49.0
51422,11,4,,2019,11,11,6,3,2,6,0,0,1,0,0,0,0,0,"791233,4681","5829753,536","13,29515","52,53982",4010101.0,Jungfernheide,3060.0,36.0
51423,11,2,,2019,6,7,5,3,3,6,0,0,1,0,1,0,0,1,"802065,5557","5827317,548","13,45218","52,51209",2050802.0,Boxhagener Platz,5352.0,35.0
51424,11,7,,2019,8,18,6,3,1,5,0,1,1,0,0,0,0,0,"797819,0532","5821087,593","13,38422","52,45858",7040403.0,Manteuffelstraße,4336.0,60.0
51425,11,11,,2019,12,8,3,3,5,2,0,1,1,0,0,0,0,1,"803718,5201","5827570,413","13,47669","52,51344",11030721.0,Rüdigerstraße,5752.0,11.0
51426,11,3,,2019,5,23,6,2,6,4,2,0,1,1,0,0,0,0,"799989,7991","5830222,484","13,4243","52,53928",3061332.0,Helmholtzplatz,4960.0,18.0
51427,11,2,,2019,7,19,2,3,2,6,0,0,1,0,0,0,0,0,"797854,2235","5825450,756","13,38863","52,49767",2020202.0,Rathaus Yorckstraße,4448.0,24.0
51428,11,6,,2019,10,14,5,3,5,5,0,0,1,0,0,0,0,0,"778592,6746","5814901,627","13,09684","52,41325",6040701.0,Wannsee,23.0,65.0
51429,11,6,,2019,7,22,2,3,0,1,2,1,0,0,0,0,0,0,"791863,7567","5819374,803","13,29532","52,44644",6030605.0,Botanischer Garten,3033.0,58.0
51430,11,7,,2019,9,20,5,3,2,6,2,0,1,0,1,0,0,0,"795896,5294","5824376,515","13,35892","52,48911",7020203.0,Kaiser-Wilhelm-Platz,3945.0,34.0
51431,11,4,,2019,4,9,2,3,5,3,0,0,1,0,1,0,0,0,"791868,1615","5826595,799","13,30171","52,51117",4030417.0,Schloßstraße,3152.0,19.0
51432,11,1,,2019,10,22,4,3,2,6,2,0,1,0,0,0,0,0,"798857,1799","5827294,573","13,40502","52,51365",1011204.0,Leipziger Straße,4652.0,24.0
51433,11,7,,2019,8,18,6,3,0,7,0,1,0,0,0,0,0,0,"797773,6971","5823585,857","13,38578","52,481",7040401.0,Neu-Tempelhof,4343.0,38.0
51435,11,2,,2019,5,23,6,3,2,6,2,0,1,0,0,0,0,0,"802886,2374","5825795,881","13,46285","52,498",2050803.0,Stralauer Kiez,5548.0,37.0
51436,11,7,,2019,7,14,2,2,0,1,0,0,0,0,1,0,0,1,"794682,5657","5823146,431","13,34001","52,47874",7020202.0,Volkspark (Rudolf-Wilde-Park),3742.0,48.0
51437,11,1,,2019,4,8,2,3,5,3,0,1,1,0,0,0,0,0,"796195,046","5830185,826","13,36848","52,54102",1033203.0,Humboldthain Nordwest,4160.0,4.0
51438,11,7,,2019,11,16,7,3,0,3,1,1,1,0,0,0,0,0,"796409,5789","5815365,159","13,35846","52,40805",7060604.0,Marienfelde Süd,3921.0,58.0
51439,11,4,,2019,6,19,7,3,2,6,0,0,1,0,0,0,0,0,"792124,1239","5826638,825","13,30551","52,51142",4030622.0,Richard-Wagner-Straße,3152.0,19.0
51440,11,1,,2019,12,11,4,3,5,3,0,0,1,0,0,0,0,0,"795868,3151","5829573,989","13,36313","52,53572",1022202.0,Heidestraße,4059.0,30.0
51441,11,2,,2019,7,19,1,3,0,2,0,1,1,0,0,0,0,0,"797898,7256","5825430,732","13,38927","52,49747",2020202.0,Rathaus Yorckstraße,4448.0,24.0
51442,11,3,,2019,4,7,2,2,0,7,0,0,1,0,0,0,0,0,"797962,5067","5834549,117","13,39838","52,57917",3020209.0,Niederschönhausen,4571.0,51.0
51443,11,7,,2019,10,19,6,3,2,6,2,0,1,0,1,0,0,0,"796518,8001","5822544,205","13,36643","52,47235",7040402.0,Lindenhofsiedlung,4140.0,37.0
51444,11,9,,2019,8,17,6,2,5,3,0,1,1,0,0,0,0,0,"806541,9758","5821193,156","13,5123","52,45471",9020601.0,Schnellerstraße,6235.0,41.0
51445,11,7,,2019,7,23,1,3,0,6,2,0,1,0,0,0,1,0,"796007,6436","5824786,695","13,36092","52,49273",7010104.0,Dennewitzplatz,4046.0,41.0
51446,11,2,,2019,3,16,1,3,5,3,0,1,0,0,1,0,0,0,"803481,8982","5827610,397","13,47325","52,51393",2050602.0,Samariterviertel,5652.0,13.0
51447,11,1,,2019,10,8,4,2,5,2,0,0,1,0,0,0,0,1,"799808,1669","5828638,057","13,4202","52,52517",1011303.0,Alexanderplatzviertel,4956.0,45.0
51448,11,7,,2019,6,19,5,3,2,6,0,0,1,0,0,0,0,0,"797853,916","5820519,74","13,38422","52,45347",7040403.0,Manteuffelstraße,4335.0,53.0
51449,11,2,,2019,8,23,6,3,1,5,2,1,1,0,0,0,1,0,"797754,3318","5824624,964","13,38643","52,49033",2020203.0,Viktoriapark,4445.0,43.0
51450,11,2,,2019,12,19,6,3,6,4,1,0,1,1,0,0,0,1,"802063,957","5828101,286","13,45286","52,51912",2050601.0,Hausburgviertel,5354.0,49.0
51451,11,1,,2019,5,17,6,3,2,6,0,0,1,0,0,0,0,0,"796044,9139","5829317,457","13,3655","52,53332",1022202.0,Heidestraße,4058.0,59.0
51452,11,12,,2019,3,19,1,3,0,1,1,0,0,0,1,0,0,0,"792115,5557","5837979,475","13,31537","52,61309",12231101.0,Hermsdorf,3381.0,45.0
51453,11,2,,2019,11,6,1,3,9,1,2,0,1,0,0,0,0,0,"802110,7627","5828008,353","13,45347","52,51826",2050602.0,Samariterviertel,5354.0,49.0
51454,11,3,,2019,5,10,6,3,3,1,0,1,1,0,0,0,0,0,"798175,9465","5836260,259","13,40306","52,59439",3020209.0,Niederschönhausen,4676.0,59.0
51455,11,3,,2019,11,18,5,3,6,2,2,0,1,1,0,0,0,1,"801537,831","5831187,986","13,44793","52,54708",3050925.0,Komponistenviertel Weißensee,5362.0,45.0
51456,11,1,,2019,7,6,1,3,5,2,0,0,1,0,0,0,0,0,"796045,1976","5831344,253","13,36731","52,55149",1044201.0,Reinickendorfer Straße,4163.0,33.0
51457,11,4,,2019,3,16,1,2,3,6,0,0,1,0,1,0,0,0,"793439,9447","5829759,957","13,3276","52,5387",4010102.0,Plötzensee,3560.0,52.0
51458,11,1,,2019,10,1,1,2,5,2,2,0,1,0,0,0,0,0,"796186,9463","5830196,828","13,36837","52,54113",1033203.0,Humboldthain Nordwest,4160.0,4.0
51459,11,7,,2019,8,16,6,3,2,6,0,0,1,0,0,0,0,0,"797486,7194","5822327,298","13,38045","52,46988",7040403.0,Manteuffelstraße,4339.0,29.0
51461,11,4,,2019,5,16,6,3,3,6,0,0,1,0,0,0,0,0,"790489,8396","5825304,797","13,28033","52,50034",4020314.0,Messegelände,2848.0,27.0
51462,11,9,,2019,7,23,7,3,0,4,2,0,0,1,1,0,0,1,"806683,3343","5821054,544","13,51425","52,45338",9020601.0,Schnellerstraße,6335.0,57.0
51463,11,1,,2019,3,12,7,3,6,4,0,0,1,1,0,0,0,0,"799806,0638","5828634,703","13,42017","52,52514",1011303.0,Alexanderplatzviertel,4956.0,45.0
51464,11,7,,2019,6,23,7,3,1,5,2,1,1,0,0,0,0,0,"795571,8602","5823898,223","13,35373","52,485",7020203.0,Kaiser-Wilhelm-Platz,3944.0,21.0
51465,11,3,,2019,8,15,6,2,5,2,0,1,0,0,0,0,1,0,"799220,4889","5832049,473","13,41464","52,55607",3061126.0,Arnimplatz,4865.0,35.0
51466,11,6,,2019,12,13,2,3,5,2,0,0,1,0,0,0,0,1,"786509,8468","5816949,624","13,21469","52,42753",6040703.0,Nikolassee,1827.0,53.0
51467,11,1,,2019,5,9,6,3,5,2,0,1,1,0,0,0,0,0,"799762,1684","5828627,712","13,41952","52,52511",1011303.0,Alexanderplatzviertel,4856.0,19.0
51468,11,7,,2019,7,16,7,2,5,3,0,0,1,0,0,0,0,0,"796422,3304","5815396,159","13,35868","52,40832",7060604.0,Marienfelde Süd,3921.0,58.0
51469,11,3,,2019,3,10,6,3,2,6,0,0,1,0,0,0,0,0,"799513,9369","5840900,093","13,42696","52,63524",3010104.0,Lietzengraben,5088.0,65.0
51470,11,9,,2019,11,17,2,3,2,6,2,0,1,0,0,1,0,0,"806610,809","5818274,52","13,51063","52,42851",9010402.0,Johannisthal Ost,6227.0,61.0
51471,11,12,,2019,7,15,7,3,5,3,0,1,1,0,0,0,0,0,"791923,4792","5838850,577","13,31331","52,621",12231101.0,Hermsdorf,3384.0,63.0
51472,11,3,,2019,3,16,6,2,2,6,0,0,1,0,0,0,0,0,"804494,6454","5839633,59","13,49916","52,62112",3010102.0,Buch,6084.0,63.0
51473,11,3,,2019,10,19,1,3,5,7,2,1,0,0,0,0,1,1,"799432,6979","5830328,934","13,41621","52,54054",3061332.0,Helmholtzplatz,4860.0,47.0
51474,11,8,,2019,8,15,6,3,2,6,0,0,1,0,0,0,0,0,"801666,936","5821775,719","13,4413","52,46264",8020619.0,Buschkrugallee Nord,5237.0,45.0
51476,11,7,,2019,5,12,6,3,2,7,0,0,1,0,0,0,0,0,"797772,5656","5823910,849","13,38606","52,48392",7040401.0,Neu-Tempelhof,4344.0,28.0
51477,11,7,,2019,7,13,7,3,2,2,0,0,1,0,1,0,0,0,"797549,084","5818299,703","13,37778","52,43374",7050502.0,Fritz-Werner-Straße,4229.0,34.0
51478,11,4,,2019,3,19,6,3,0,1,2,1,0,0,0,0,0,0,"794100,7637","5826993,959","13,33487","52,51354",4030621.0,Spreestadt,3652.0,54.0
51479,11,12,,2019,11,13,4,2,6,2,0,0,1,1,0,0,0,0,"792117,8192","5837988,879","13,31541","52,61318",12231101.0,Hermsdorf,3381.0,45.0
51480,11,3,,2019,10,14,2,3,6,4,0,1,0,1,0,0,0,0,"800003,4076","5830309,045","13,42458","52,54004",3071633.0,Thälmannpark,4960.0,18.0
51481,11,11,,2019,8,11,6,3,5,3,0,1,1,0,0,0,0,0,"803673,6053","5835100,264","13,48291","52,58095",11010101.0,Dorf Malchow,5872.0,61.0
51483,11,7,,2019,5,9,6,2,0,7,0,0,1,0,0,0,0,0,"797404,3296","5822340,112","13,37925","52,47004",7040403.0,Manteuffelstraße,4239.0,42.0
51484,11,7,,2019,7,12,7,3,2,3,0,0,1,0,0,0,0,0,"797550,5914","5818306,355","13,3778","52,4338",7050502.0,Fritz-Werner-Straße,4229.0,34.0
51485,11,9,,2019,3,11,5,3,5,3,0,0,1,0,0,0,1,1,"802581,7667","5825080,814","13,45773","52,49176",9010101.0,Elsenstraße,5446.0,19.0
51486,11,6,,2019,6,12,2,3,5,2,0,0,0,0,1,0,0,0,"792443,58","5819762,086","13,30417","52,4496",6030605.0,Botanischer Garten,3134.0,63.0
51487,11,4,,2019,8,12,6,3,2,6,0,0,1,0,1,0,0,0,"793155,158","5826843,21","13,32084","52,5127",4030623.0,Ernst-Reuter-Platz,3452.0,33.0
51488,11,12,,2019,12,17,2,3,6,2,2,0,0,1,0,0,1,0,"792710,759","5837441,599","13,32366","52,60795",12301205.0,Waidmannslust,3480.0,38.0
51489,11,7,,2019,5,12,5,3,0,7,0,1,0,0,0,0,1,1,"795512,2076","5823337,19","13,35236","52,48",7020202.0,Volkspark (Rudolf-Wilde-Park),3842.0,57.0
51490,11,1,,2019,7,9,6,2,5,2,0,1,0,0,0,1,0,0,"796050,878","5831331,178","13,36738","52,55137",1044201.0,Reinickendorfer Straße,4163.0,33.0
51491,11,4,,2019,3,15,5,3,2,6,0,0,1,0,0,0,1,0,"791565,0842","5824367,873","13,29531","52,49136",4041137.0,Flinsberger Platz,3046.0,37.0
51492,11,7,,2019,11,16,3,3,0,6,1,0,1,0,0,0,1,0,"797569,5101","5818389,405","13,37815","52,43453",7050502.0,Fritz-Werner-Straße,4229.0,34.0
51493,11,3,,2019,11,18,6,3,2,6,2,0,1,0,0,0,0,0,"800862,173","5829753,835","13,4367","52,53459",3061434.0,Anton-Saefkow-Park,5158.0,55.0
51494,11,7,,2019,7,21,6,3,5,2,2,0,1,0,1,0,0,0,"797827,961","5822395,493","13,38552","52,4703",7040403.0,Manteuffelstraße,4340.0,45.0
51495,11,4,,2019,3,19,5,3,3,6,2,0,1,0,0,0,0,1,"790659,6911","5826398,916","13,28378","52,51005",4020313.0,Königin-Elisabeth-Straße,2851.0,8.0
51496,11,1,,2019,10,20,2,3,3,2,2,1,1,0,0,0,0,0,"799552,1887","5828281,464","13,41612","52,52212",1011303.0,Alexanderplatzviertel,4855.0,25.0
51497,11,3,,2019,8,7,6,3,3,6,0,0,1,0,1,0,0,0,"799238,9993","5831928,662","13,4148","52,55498",3061126.0,Arnimplatz,4864.0,14.0
51499,11,12,,2019,5,10,5,3,0,3,0,1,1,0,0,0,0,1,"794392,4571","5834475,202","13,34578","52,58045",12103218.0,Teichstraße,3772.0,61.0
51500,11,2,,2019,7,18,6,3,3,2,0,0,1,0,1,0,0,0,"800385,825","5827977,207","13,42809","52,51893",2040701.0,Andreasviertel,5054.0,36.0
51501,11,1,,2019,3,8,4,3,5,2,0,1,1,0,0,0,0,0,"796195,9944","5830184,968","13,36849","52,54101",1033203.0,Humboldthain Nordwest,4160.0,4.0
51502,11,4,,2019,11,16,4,3,6,4,2,0,1,1,0,0,0,0,"791841,6245","5826612,675","13,30133","52,51134",4030417.0,Schloßstraße,3152.0,19.0
51503,11,10,,2019,6,16,4,2,2,6,0,0,0,0,1,0,1,0,"811559,1867","5827117,913","13,59144","52,50496",10040830.0,Kaulsdorf Süd,7450.0,61.0
51504,11,1,,2019,8,0,6,3,0,7,2,0,0,0,0,0,1,0,"798793,3887","5827981,826","13,4047","52,51985",1011303.0,Alexanderplatzviertel,4654.0,10.0
51505,11,3,,2019,12,5,2,3,5,3,2,1,1,0,0,0,0,0,"800283,87","5830084,748","13,4285","52,53788",3071633.0,Thälmannpark,5059.0,35.0
51506,11,12,,2019,7,12,6,3,0,2,0,1,1,0,0,0,0,0,"794572,2536","5833815,936","13,34784","52,57444",12103218.0,Teichstraße,3870.0,38.0
51507,11,4,,2019,9,17,5,3,0,5,0,0,1,0,1,0,0,0,"790317,511","5826341,942","13,2787","52,50973",4020313.0,Königin-Elisabeth-Straße,2851.0,8.0
51508,11,10,,2019,10,22,4,3,2,6,2,0,1,0,0,0,0,0,"808924,2425","5833401,136","13,55858","52,56277",10010204.0,Wuhletalstraße,6967.0,41.0
51509,11,4,,2019,8,18,5,2,5,2,0,1,1,0,0,0,0,0,"791847,9988","5826592,407","13,30141","52,51115",4030417.0,Schloßstraße,3152.0,19.0
51510,11,4,,2019,7,10,6,3,0,7,0,0,0,0,1,0,0,1,"791928,8666","5824014,613","13,30034","52,488",4041137.0,Flinsberger Platz,3145.0,38.0
51511,11,6,,2019,9,19,5,3,5,2,2,1,1,0,0,0,0,0,"789578,884","5817961,217","13,26057","52,43498",6030503.0,Zehlendorf Mitte,2529.0,40.0
51512,11,4,,2019,3,15,4,3,2,6,0,0,1,0,0,0,0,0,"790696,6449","5826994,267","13,28484","52,51537",4020313.0,Königin-Elisabeth-Straße,2853.0,59.0
51513,11,4,,2019,10,16,3,3,2,6,0,0,1,0,0,0,0,0,"793044,6634","5823051,144","13,31588","52,47877",4051551.0,Brabanter Platz,3342.0,52.0
51514,11,4,,2019,8,16,5,3,2,6,0,0,1,0,0,0,1,0,"791591,7739","5824344,685","13,29568","52,49114",4041137.0,Flinsberger Platz,3046.0,37.0
51516,11,3,,2019,5,18,5,2,5,3,0,1,1,0,0,0,0,1,"800659,3941","5841394,129","13,44428","52,63904",3010101.0,Bucher Forst,5289.0,65.0
51517,11,3,,2019,7,6,6,3,6,2,0,0,0,1,0,1,0,0,"797154,7106","5838890,646","13,39039","52,61853",3020203.0,Blankenfelde,4483.0,62.0
51518,11,7,,2019,3,23,4,2,9,1,2,0,1,0,1,0,0,1,"795774,3083","5824115,07","13,3569","52,48683",7020203.0,Kaiser-Wilhelm-Platz,3944.0,21.0
51519,11,1,,2019,11,9,7,3,5,3,0,0,1,0,0,0,0,1,"795861,7403","5832069,084","13,36526","52,55809",1044102.0,Schillerpark,4065.0,7.0
51520,11,7,,2019,5,13,5,3,0,7,0,0,0,0,1,0,0,1,"795680,1287","5823993,209","13,35541","52,48579",7020203.0,Kaiser-Wilhelm-Platz,3944.0,21.0
51521,11,1,,2019,8,16,5,3,5,7,0,0,1,0,0,0,0,0,"794455,4835","5827038,695","13,34012","52,51375",1011102.0,Großer Tiergarten,3752.0,59.0
51522,11,10,,2019,12,13,4,3,2,6,0,0,1,0,0,1,1,0,"807672,0894","5830081,394","13,53709","52,53373",10010309.0,Springpfuhl,6658.0,51.0
51523,11,4,,2019,7,9,6,3,2,6,0,0,1,0,0,0,0,0,"791935,907","5824007,083","13,30044","52,48793",4041137.0,Flinsberger Platz,3145.0,38.0
51524,11,5,,2019,3,8,4,3,2,6,0,0,1,0,0,0,0,1,"782998,0905","5825977,186","13,17083","52,5103",5020524.0,Weinmeisterhornweg,1151.0,65.0
51525,11,4,,2019,10,13,6,3,2,6,0,0,1,0,1,0,0,0,"792116,7613","5826637,603","13,3054","52,51142",4030622.0,Richard-Wagner-Straße,3152.0,19.0
51526,11,12,,2019,8,16,5,3,5,7,0,1,1,0,0,0,0,0,"795807,9021","5832370,438","13,36473","52,56082",12103117.0,Letteplatz,4066.0,53.0
51527,11,10,,2019,7,4,6,2,5,3,1,0,1,0,0,0,1,0,"808905,2566","5833416,326","13,55831","52,56292",10010204.0,Wuhletalstraße,6967.0,41.0
51528,11,3,,2019,3,7,4,2,6,4,0,0,1,1,0,0,0,0,"801390,5422","5831069,26","13,44566","52,54609",3061429.0,Greifswalder Straße,5262.0,43.0
51529,11,10,,2019,10,11,3,3,0,1,0,0,0,0,1,0,0,1,"810344,2105","5827069,588","13,57355","52,50522",10030727.0,Biesdorf Süd,7150.0,65.0
51530,11,3,,2019,6,17,4,3,6,3,0,0,1,1,0,0,0,0,"800033,9992","5833416,034","13,42784","52,56788",3040818.0,Pankow Süd,5068.0,57.0
51531,11,12,,2019,8,15,5,2,9,1,0,0,0,0,1,0,0,0,"792890,776","5832239,124","13,32171","52,56122",12214424.0,Scharnweberstraße,3466.0,46.0
51532,11,1,,2019,12,21,4,3,2,6,2,0,1,0,0,0,0,1,"796288,1909","5830309,407","13,36996","52,54208",1033203.0,Humboldthain Nordwest,4161.0,54.0
51533,11,2,,2019,5,9,5,3,2,6,0,0,1,0,0,0,0,1,"803064,7788","5827636,848","13,46714","52,5144",2050602.0,Samariterviertel,5652.0,13.0
51534,11,7,,2019,3,5,4,3,0,7,0,0,1,0,0,0,0,0,"800327,4441","5821568,286","13,42146","52,46152",7040406.0,Germaniagarten,4937.0,59.0
51535,11,6,,2019,11,19,7,2,5,3,2,0,1,0,0,0,0,1,"790942,7279","5818771,219","13,28129","52,44152",6030503.0,Zehlendorf Mitte,2831.0,52.0
51536,11,11,,2019,5,7,5,3,6,7,0,0,1,1,0,0,0,1,"804234,9123","5827533,293","13,48424","52,51282",11030721.0,Rüdigerstraße,5852.0,43.0
51537,11,1,,2019,11,17,4,3,3,6,2,1,1,0,0,0,0,1,"798178,7519","5826923,824","13,39472","52,5107",1011204.0,Leipziger Straße,4551.0,40.0
51538,11,4,,2019,7,14,5,3,2,6,0,0,1,0,0,0,0,0,"790773,0915","5826385,425","13,28544","52,50987",4030724.0,Lietzensee,2951.0,33.0
51539,11,7,,2019,3,17,4,3,6,7,1,1,0,1,0,0,0,1,"797120,4574","5816959,251","13,3703","52,42196",7060601.0,Marienfelder Allee Nordwest,4125.0,59.0
51540,11,8,,2019,10,14,7,3,2,6,0,0,1,0,0,0,0,0,"802673,785","5821698,328","13,45601","52,46139",8010510.0,Gewerbegebiet Köllnische Heide,5437.0,63.0
51541,11,12,,2019,8,18,5,2,0,6,0,0,0,0,1,0,1,0,"795377,999","5833673,668","13,35957","52,57273",12103115.0,Breitkopfbecken,4070.0,60.0
51543,11,4,,2019,5,7,5,2,2,6,0,0,1,0,0,0,1,1,"793782,2994","5823002,66","13,32667","52,47794",4051656.0,Hildegardstraße,3542.0,38.0
51544,11,12,,2019,9,13,5,3,5,7,0,0,1,0,0,0,1,0,"793211,3351","5836738,266","13,3304","52,60138",12302211.0,Lübarser Straße,3578.0,61.0
51545,11,2,,2019,7,21,5,2,5,2,1,1,1,0,0,0,0,0,"802031,4163","5826155,312","13,45062","52,50169",2050803.0,Stralauer Kiez,5349.0,29.0
51546,11,3,,2019,3,15,3,3,6,4,0,0,1,1,0,0,0,0,"799141,765","5830376,94","13,41197","52,54113",3061131.0,Falkplatz,4760.0,20.0
51547,11,1,,2019,6,20,7,3,2,6,0,0,1,0,0,0,0,0,"796302,9257","5826046,765","13,36638","52,50386",1011104.0,Körnerstraße,4149.0,60.0
51548,11,3,,2019,8,11,5,3,0,4,0,1,0,1,0,0,0,0,"800309,3761","5829465,458","13,42831","52,53231",3071639.0,Bötzowstraße,5058.0,45.0
51549,11,2,,2019,12,12,1,3,1,1,0,0,1,0,0,0,0,0,"797901,8585","5825108,909","13,38903","52,49458",2020202.0,Rathaus Yorckstraße,4447.0,16.0
51550,11,12,,2019,5,17,5,3,4,6,0,1,0,0,0,0,0,0,"795694,0027","5832888,251","13,36352","52,56552",12103219.0,Schäfersee,4067.0,9.0
51551,11,6,,2019,7,16,5,3,2,2,0,1,0,0,0,0,1,0,"789556,5381","5817966,496","13,26025","52,43504",6030503.0,Zehlendorf Mitte,2529.0,40.0
51552,11,2,,2019,11,3,1,2,6,4,2,0,1,1,0,0,0,1,"797897,3028","5825437,364","13,38925","52,49753",2020202.0,Rathaus Yorckstraße,4448.0,24.0
51553,11,4,,2019,7,14,5,3,5,2,0,1,1,0,0,0,0,0,"791028,1107","5826477,2","13,28926","52,51056",4030417.0,Schloßstraße,2951.0,33.0
51554,11,7,,2019,3,9,3,3,2,6,0,0,1,0,0,0,0,0,"795225,4375","5822896,663","13,34776","52,47621",7030303.0,Grazer Platz,3841.0,47.0
51555,11,4,,2019,10,19,1,3,2,6,2,0,1,0,0,0,0,0,"790540,8158","5825172,68","13,28096","52,49912",4041133.0,Güterbahnhof Grunewald,2848.0,27.0
51556,11,1,,2019,8,11,5,3,6,7,0,0,0,1,1,0,0,0,"798942,9427","5828148,689","13,40705","52,52126",1011303.0,Alexanderplatzviertel,4754.0,20.0
51558,11,7,,2019,5,15,4,3,2,6,0,0,1,0,0,0,0,0,"799736,4963","5814606,873","13,40655","52,39944",7070701.0,Kettinger Straße/Schillerstraße,4719.0,56.0
51559,11,3,,2019,7,14,5,3,5,2,0,1,1,0,0,0,0,0,"800047,2787","5828999,183","13,42404","52,52828",3071638.0,Winsstraße,4957.0,49.0
51560,11,4,,2019,3,10,3,3,2,6,0,0,1,0,0,0,0,0,"791035,1964","5826478,362","13,28937","52,51057",4030417.0,Schloßstraße,2951.0,33.0
51561,11,4,,2019,11,15,3,3,2,6,0,0,1,0,0,0,1,0,"790567,417","5826402,241","13,28243","52,51013",4020313.0,Königin-Elisabeth-Straße,2851.0,8.0
51562,11,1,,2019,6,13,3,3,2,6,0,0,1,0,0,0,0,0,"799254,0845","5827905,447","13,4114","52,51891",1011303.0,Alexanderplatzviertel,4754.0,20.0
51563,11,3,,2019,8,11,5,2,5,2,0,1,1,0,0,0,0,0,"801348,7145","5831003,317","13,44498","52,54552",3061429.0,Greifswalder Straße,5262.0,43.0
51564,11,1,,2019,12,19,7,3,2,6,2,0,1,0,0,0,0,1,"796210,2608","5829941,731","13,36849","52,53883",1033203.0,Humboldthain Nordwest,4160.0,4.0