ObjectID,State,District,LOR_ab_2021,AccidentYear,AccidentMonth,AccidentHour,DayOfWeek,AccidentCategory,AccidentType,AccidentTypeDetail,LightingCondition,InvolvingBike,InvolvingCar,InvolvingPedestrian,InvolvingMotorcycle,InvolvingHGV,InvolvingOther,RoadCondition,GraphicCoord1,GraphicCoord2,LongitudeWGS84,LatitudeWGS84,quadrant,quadrant_rank
51565,11,2,,2019,7,14,5,2,1,5,0,1,0,0,1,0,0,0,"801878,9939","5826541,829","13,44873","52,50524",2040703.0,Wriezener Bahnhof/Entwicklungsgebiet,5350.0,52.0
51566,11,3,,2019,10,13,3,3,2,6,0,0,1,0,0,0,0,0,"799186,0152","5831182,081","13,41335","52,54832",3061131.0,Falkplatz,4862.0,43.0
51567,11,6,,2019,8,9,5,3,5,2,0,1,1,0,0,0,0,0,"789559,9922","5817980,314","13,26031","52,43516",6030503.0,Zehlendorf Mitte,2529.0,40.0
51568,11,10,,2019,7,19,4,3,5,3,0,0,1,0,0,0,0,0,"808905,6465","5833417,094","13,55832","52,56292",10010204.0,Wuhletalstraße,6967.0,41.0
51569,11,4,,2019,3,18,2,3,5,3,1,0,1,0,0,0,0,0,"787161,9085","5825838,962","13,2319","52,50689",4020208.0,Kranzallee,2150.0,61.0
51570,11,12,,2019,10,6,2,3,3,6,2,0,1,0,0,1,0,0,"791651,5794","5833559,513","13,30464","52,57372",12214422.0,Klixstraße,3170.0,65.0
51571,11,3,,2019,6,11,1,3,5,2,0,1,1,0,0,0,0,0,"798113,4044","5835762,425","13,40169","52,58996",3020209.0,Niederschönhausen,4675.0,44.0
51572,11,2,,2019,8,19,5,3,6,7,0,0,0,1,0,0,1,0,"800630,2555","5827889,775","13,43161","52,51801",2040701.0,Andreasviertel,5054.0,36.0
51574,11,12,,2019,5,12,4,3,3,6,0,0,1,0,1,0,0,0,"792107,3135","5831888,42","13,30988","52,55849",12214125.0,Waldidyll/Flughafensee,3265.0,59.0
51575,11,10,,2019,3,11,2,3,5,2,0,0,1,0,0,0,0,1,"808936,8692","5827406,556","13,55319","52,50904",10030726.0,Alt-Biesdorf,6851.0,49.0
51576,11,6,,2019,11,20,4,3,5,2,2,0,1,0,0,0,0,1,"789567,884","5817964,126","13,26042","52,43501",6030503.0,Zehlendorf Mitte,2529.0,40.0
51577,11,4,,2019,5,9,4,2,2,6,0,0,1,0,1,0,0,0,"791190,0689","5824633,724","13,29003","52,49395",4041134.0,Bismarckallee,2946.0,59.0
51578,11,7,,2019,12,14,2,3,6,4,0,0,1,1,0,0,0,0,"796071,8033","5825476,637","13,36248","52,49888",7010104.0,Dennewitzplatz,4048.0,46.0
51579,11,3,,2019,7,19,4,3,1,5,0,1,0,0,0,0,1,0,"800270,7571","5831439,281","13,42953","52,55003",3061228.0,Erich-Weinert-Straße,5063.0,29.0
51580,11,7,,2019,3,14,2,2,2,6,0,0,1,0,0,0,0,1,"796430,668","5822603,567","13,36519","52,47293",7040402.0,Lindenhofsiedlung,4040.0,57.0
51581,11,6,,2019,10,17,4,2,9,1,2,0,1,0,0,0,0,0,"785748,0706","5816442,886","13,20308","52,42338",6040703.0,Nikolassee,1626.0,59.0
51582,11,12,,2019,8,17,4,3,5,3,0,0,1,0,0,0,0,0,"793418,6359","5836163,675","13,33295","52,59611",12301204.0,Wittenau Nord,3676.0,38.0
51584,11,12,,2019,6,10,4,3,5,3,0,1,1,0,0,0,0,0,"792784,1119","5837340,844","13,32465","52,60701",12302212.0,Rollbergesiedlung,3480.0,38.0
51585,11,6,,2019,8,17,4,2,0,7,0,1,0,0,0,0,0,0,"786353,2788","5816879,974","13,21233","52,42699",6040703.0,Nikolassee,1827.0,53.0
51586,11,2,,2019,12,19,1,3,6,6,2,1,0,1,0,0,0,1,"801839,8638","5826426,354","13,44805","52,50423",2040703.0,Wriezener Bahnhof/Entwicklungsgebiet,5349.0,29.0
51587,11,3,,2019,7,16,4,3,5,3,0,1,1,0,0,0,0,0,"800037,0538","5833451,998","13,42791","52,5682",3040818.0,Pankow Süd,5068.0,57.0
51588,11,6,,2019,9,17,4,3,1,1,0,0,1,0,0,0,0,1,"778814,0268","5814981,864","13,10016","52,41386",6040701.0,Wannsee,123.0,65.0
51589,11,7,,2019,10,11,4,3,1,5,0,1,1,0,0,0,0,0,"797981,3413","5819862,755","13,38551","52,44752",7050501.0,Rathausstraße,4333.0,53.0
51590,11,4,,2019,8,7,4,2,2,6,0,0,0,0,1,0,1,0,"793666,3959","5822996,787","13,32496","52,47795",4051656.0,Hildegardstraße,3442.0,43.0
51591,11,1,,2019,7,13,4,3,3,6,0,0,1,0,1,0,0,0,"798196,0169","5827671,08","13,39564","52,51739",1011202.0,Unter den Linden Nord,4553.0,29.0
51592,11,4,,2019,3,15,2,3,2,6,0,0,1,0,0,0,0,0,"793967,8945","5823000,84","13,32939","52,47782",4051655.0,Babelsberger Straße,3542.0,38.0
51593,11,12,,2019,10,13,3,3,2,6,0,0,1,0,0,1,0,1,"794591,6065","5833807,497","13,34812","52,57436",12103218.0,Teichstraße,3870.0,38.0
51594,11,4,,2019,8,5,4,3,3,6,1,0,1,0,0,0,0,0,"790479,3397","5828454,33","13,28293","52,52858",4020310.0,Park Ruhwald,2857.0,33.0
51596,11,3,,2019,5,9,4,3,2,6,0,0,1,0,1,0,0,0,"800659,628","5830030,149","13,43397","52,53718",3061434.0,Anton-Saefkow-Park,5159.0,61.0
51597,11,2,,2019,7,10,4,3,0,5,0,1,0,0,0,0,1,0,"802041,2372","5828082,462","13,45251","52,51896",2050601.0,Hausburgviertel,5354.0,49.0
51598,11,6,,2019,3,13,2,2,5,3,0,0,1,0,0,0,0,1,"790944,2677","5818772,125","13,28131","52,44153",6030503.0,Zehlendorf Mitte,2831.0,52.0
51599,11,2,,2019,11,9,5,3,5,3,0,1,1,0,0,0,0,0,"802119,8959","5828034,867","13,45362","52,51849",2050602.0,Samariterviertel,5454.0,53.0
51600,11,2,,2019,5,8,4,3,5,3,0,1,1,0,0,0,0,0,"802576,8721","5827703,156","13,46004","52,51526",2050602.0,Samariterviertel,5453.0,1.0
51601,11,1,,2019,12,18,3,3,2,6,2,0,1,0,0,0,0,1,"796277,0601","5830013,147","13,36953","52,53943",1033203.0,Humboldthain Nordwest,4160.0,4.0
51602,11,4,,2019,7,15,4,3,2,6,0,0,1,0,1,0,0,0,"793224,523","5823009,019","13,31848","52,47829",4051551.0,Brabanter Platz,3342.0,52.0
51603,11,11,,2019,3,10,1,3,5,2,0,1,1,0,0,0,0,0,"803685,612","5835336,13","13,48331","52,58306",11010101.0,Dorf Malchow,5873.0,65.0
51604,11,12,,2019,10,19,5,3,2,6,2,0,1,0,1,0,0,0,"795841,4434","5832182,231","13,36506","52,55911",12103117.0,Letteplatz,4066.0,53.0
51605,11,1,,2019,8,15,4,3,6,6,0,0,0,1,0,0,1,0,"799557,908","5828277,886","13,4162","52,52208",1011303.0,Alexanderplatzviertel,4855.0,25.0
51607,11,10,,2019,7,20,3,3,5,3,0,0,1,0,0,0,0,0,"807685,5835","5829675,058","13,53691","52,53008",10010309.0,Springpfuhl,6657.0,65.0
51608,11,3,,2019,3,18,1,3,3,6,1,0,1,0,1,0,0,0,"799235,117","5831712,909","13,41455","52,55305",3061126.0,Arnimplatz,4864.0,14.0
51609,11,12,,2019,9,14,2,3,5,2,0,1,0,0,0,1,0,0,"794572,2234","5833816,935","13,34784","52,57445",12103218.0,Teichstraße,3870.0,38.0
51610,11,9,,2019,6,7,4,3,5,2,0,0,1,0,1,0,0,0,"805161,2417","5822577,895","13,49331","52,46789",9010301.0,Baumschulenstraße,5939.0,38.0
51611,11,11,,2019,8,12,4,3,6,4,0,1,0,1,0,0,0,0,"803720,4867","5827586,492","13,47673","52,51358",11030721.0,Rüdigerstraße,5752.0,11.0
51612,11,9,,2019,12,10,7,3,3,6,0,0,1,0,0,0,0,1,"802841,4141","5825466,055","13,46189","52,49507",9010101.0,Elsenstraße,5547.0,53.0
51613,11,10,,2019,5,22,4,2,0,1,2,1,0,0,0,0,0,0,"808205,888","5827481,044","13,54252","52,51012",10010308.0,Marzahner Chaussee,6751.0,63.0
51614,11,12,,2019,7,12,3,3,6,4,0,1,0,1,0,0,0,0,"795759,6226","5832647,769","13,36427","52,56333",12103219.0,Schäfersee,4067.0,9.0
51615,11,4,,2019,3,11,7,3,2,6,0,0,1,0,0,0,0,0,"791946,7059","5826608,948","13,30288","52,51125",4030622.0,Richard-Wagner-Straße,3152.0,19.0
51616,11,3,,2019,11,22,6,2,6,7,2,0,1,1,0,0,0,1,"799232,4818","5830360,912","13,41329","52,54093",3061332.0,Helmholtzplatz,4860.0,47.0
51617,11,7,,2019,11,16,3,3,3,6,2,0,1,0,1,0,0,0,"796002,3744","5824606,71","13,36068","52,49112",7010104.0,Dennewitzplatz,4046.0,41.0
51618,11,1,,2019,7,18,3,3,5,2,0,1,1,0,0,0,0,0,"796448,883","5827390,066","13,36972","52,51582",1011102.0,Großer Tiergarten,4153.0,36.0
51619,11,4,,2019,3,14,7,2,2,6,0,0,1,0,0,0,0,0,"790528,039","5828623,17","13,28379","52,53006",4010101.0,Jungfernheide,2857.0,33.0
51620,11,4,,2019,10,20,5,3,2,6,2,0,1,0,0,0,0,0,"790649,6229","5828805,552","13,28574","52,53164",4010101.0,Jungfernheide,2957.0,65.0
51621,11,10,,2019,8,10,4,3,2,6,0,0,0,0,0,1,1,0,"813517,1685","5827163,631","13,62023","52,50425",10040933.0,Mahlsdorf Süd,7849.0,59.0
51623,11,2,,2019,5,18,4,3,5,2,0,1,1,0,0,0,0,0,"801681,43","5828880,887","13,44795","52,52632",2050601.0,Hausburgviertel,5356.0,13.0
51624,11,6,,2019,9,16,4,3,0,7,0,0,1,0,0,0,0,1,"785296,7529","5818126,6","13,1979","52,43872",6040703.0,Nikolassee,1530.0,65.0
51625,11,2,,2019,7,1,3,3,6,4,2,0,1,1,0,0,0,0,"801832,6717","5826406,21","13,44793","52,50405",2040703.0,Wriezener Bahnhof/Entwicklungsgebiet,5349.0,29.0
51626,11,10,,2019,3,16,7,3,2,4,0,0,1,1,0,1,0,0,"807741,9955","5830568,99","13,53857","52,53806",10010310.0,Alt-Marzahn,6659.0,63.0
51627,11,2,,2019,6,11,6,3,6,4,0,1,0,1,0,0,0,0,"802965,243","5827663,582","13,46571","52,51469",2050602.0,Samariterviertel,5553.0,28.0
51628,11,1,,2019,8,10,4,2,6,4,0,1,0,1,0,0,0,0,"796753,7114","5826688,729","13,37357","52,50937",1011105.0,Nördlicher Landwehrkanal,4251.0,2.0
51629,11,7,,2019,12,22,6,3,0,1,2,0,0,0,1,0,0,0,"798587,065","5817928,991","13,39267","52,42985",7050502.0,Fritz-Werner-Straße,4428.0,56.0
51630,11,1,,2019,5,11,3,3,0,7,0,1,0,0,0,0,0,0,"796341,9513","5827359,311","13,36812","52,51561",1011102.0,Großer Tiergarten,4153.0,36.0
51631,11,3,,2019,7,17,2,3,2,6,0,0,1,0,0,0,1,0,"800068,211","5833964,478","13,42884","52,57277",3040818.0,Pankow Süd,5070.0,63.0
51632,11,6,,2019,3,21,7,3,5,3,2,0,1,0,0,0,1,0,"783872,0709","5815945,427","13,17514","52,4199",6040701.0,Wannsee,1225.0,49.0
51633,11,2,,2019,11,3,7,3,5,3,2,0,1,0,0,0,1,1,"803314,3808","5827611,864","13,47079","52,51404",2050602.0,Samariterviertel,5652.0,13.0
51634,11,2,,2019,7,17,2,3,2,6,0,0,1,0,0,0,0,0,"797289,4801","5825592,967","13,38047","52,49926",2010101.0,Askanischer Platz,4348.0,45.0
51635,11,4,,2019,3,13,6,3,3,6,0,0,1,0,0,0,1,0,"790664,1556","5824993,776","13,28262","52,49745",4041134.0,Bismarckallee,2847.0,41.0
51636,11,2,,2019,10,18,6,3,5,2,2,0,1,0,0,0,0,1,"802146,9379","5827744,22","13,45376","52,51587",2050602.0,Samariterviertel,5453.0,1.0
51637,11,1,,2019,8,10,4,3,3,6,0,1,1,0,0,0,0,0,"797799,0545","5827595,386","13,38974","52,51693",1011202.0,Unter den Linden Nord,4453.0,15.0
51639,11,3,,2019,5,19,3,3,3,6,1,1,0,0,0,0,0,0,"800985,0514","5830503,538","13,43919","52,54125",3061429.0,Greifswalder Straße,5160.0,41.0
51640,11,12,,2019,7,12,2,3,5,3,0,1,1,0,0,0,0,0,"793552,5689","5835835,292","13,33463","52,5931",12301203.0,Wittenau Süd,3675.0,61.0
51641,11,2,,2019,3,7,6,2,3,5,0,1,0,0,0,1,0,0,"799825,808","5828730,512","13,42054","52,52599",2040501.0,Barnimkiez,4956.0,45.0
51642,11,5,,2019,11,17,2,2,6,4,2,0,1,1,0,0,0,1,"783517,187","5826715,15","13,17909","52,51665",5020524.0,Weinmeisterhornweg,1353.0,41.0
51643,11,10,,2019,6,21,3,2,2,6,2,0,1,0,0,0,0,0,"808323,5527","5832068,282","13,54851","52,55117",10010206.0,Ringkolonnaden,6863.0,61.0
51644,11,11,,2019,8,20,3,3,5,2,1,1,1,0,0,0,0,0,"804246,8861","5827532,079","13,48442","52,5128",11030721.0,Rüdigerstraße,5852.0,43.0
51645,11,2,,2019,12,18,6,3,3,6,2,0,1,0,1,0,0,1,"797270,414","5825597,445","13,38019","52,49931",2010101.0,Askanischer Platz,4348.0,45.0
51646,11,3,,2019,7,10,2,3,1,5,0,1,1,0,0,0,0,0,"798256,1563","5834745,759","13,40288","52,58077",3020209.0,Niederschönhausen,4672.0,50.0
51647,11,7,,2019,9,12,4,3,0,1,0,0,0,0,1,0,0,1,"797480,5118","5817992,549","13,3765","52,43102",7050502.0,Fritz-Werner-Straße,4228.0,55.0
51648,11,7,,2019,3,4,6,3,1,5,2,0,1,0,0,0,0,0,"798761,9309","5817448,101","13,3948","52,42544",7050506.0,Birnhornweg,4526.0,46.0
51649,11,11,,2019,10,15,2,3,2,6,0,0,1,0,0,0,0,0,"804463,8903","5827510,012","13,48758","52,51248",11030721.0,Rüdigerstraße,5952.0,37.0
51650,11,4,,2019,8,17,3,3,2,6,0,0,1,0,0,0,0,0,"790928,519","5824683,9","13,28623","52,49454",4041134.0,Bismarckallee,2947.0,18.0
51651,11,7,,2019,7,11,2,3,5,3,0,0,1,0,0,0,0,0,"797550,3388","5818305,246","13,3778","52,43379",7050502.0,Fritz-Werner-Straße,4229.0,34.0
51652,11,3,,2019,3,12,6,3,6,4,0,0,1,1,0,0,0,0,"800302,4708","5829454,412","13,4282","52,53222",3071639.0,Bötzowstraße,5058.0,45.0
51653,11,7,,2019,10,21,7,2,3,6,2,1,1,0,0,0,0,1,"796006,2673","5825100,501","13,36118","52,49554",7010104.0,Dennewitzplatz,4047.0,22.0
51654,11,9,,2019,6,12,7,3,2,2,0,0,1,0,0,0,1,0,"806743,136","5821017,248","13,51509","52,45302",9020601.0,Schnellerstraße,6335.0,57.0
51655,11,4,,2019,8,14,3,3,2,6,0,0,1,0,0,0,0,0,"791525,3342","5830618,584","13,3002","52,54742",4010101.0,Jungfernheide,3162.0,49.0
51657,11,7,,2019,5,18,3,3,5,2,0,1,1,0,0,0,0,0,"797560,1968","5818348,521","13,37798","52,43417",7050502.0,Fritz-Werner-Straße,4229.0,34.0
51658,11,6,,2019,3,20,5,3,2,6,2,0,1,0,0,0,0,0,"785183,4067","5816009,336","13,19443","52,41979",6040702.0,Düppel,1525.0,65.0
51659,11,12,,2019,11,14,3,3,2,6,0,0,1,0,0,0,0,0,"795354,3248","5833735,888","13,35928","52,5733",12103115.0,Breitkopfbecken,3970.0,41.0
51660,11,3,,2019,5,17,3,3,0,6,0,0,1,0,0,0,1,0,"799147,3902","5830774,018","13,41241","52,54468",3061131.0,Falkplatz,4761.0,38.0
51661,11,4,,2019,12,12,1,3,2,6,0,0,1,0,0,0,0,0,"790676,1609","5827056,134","13,2846","52,51594",4020313.0,Königin-Elisabeth-Straße,2853.0,59.0
51662,11,7,,2019,7,11,2,3,5,3,0,1,0,0,0,0,0,0,"800144,919","5813083,223","13,41117","52,38556",7070706.0,Horstwalder Straße/Paplitzer Straße,4715.0,55.0
51663,11,12,,2019,3,15,5,2,2,6,0,0,1,0,0,0,0,0,"790688,1414","5834901,369","13,29164","52,58626",12214527.0,Alt-Tegel,2973.0,44.0
51664,11,2,,2019,10,18,3,3,5,3,1,1,1,0,0,0,0,0,"797033,4452","5825871,963","13,37695","52,5019",2010101.0,Askanischer Platz,4249.0,53.0
51665,11,4,,2019,8,9,3,3,5,5,0,0,1,0,0,0,0,0,"793530,1804","5826879,716","13,32638","52,51283",4030623.0,Ernst-Reuter-Platz,3552.0,52.0
51667,11,12,,2019,9,11,4,3,2,6,0,0,1,0,0,0,1,1,"793461,5389","5835935,336","13,33338","52,59404",12301203.0,Wittenau Süd,3676.0,38.0
51668,11,1,,2019,7,9,2,2,5,3,0,1,1,0,0,0,0,0,"795877,5628","5832065,929","13,36549","52,55805",1044102.0,Schillerpark,4065.0,7.0
51669,11,2,,2019,3,13,5,3,2,6,0,0,1,0,0,0,0,0,"803575,8673","5827599,493","13,47462","52,51378",2050602.0,Samariterviertel,5752.0,11.0
51670,11,1,,2019,9,15,7,3,2,6,0,0,1,0,1,0,0,1,"799780,2054","5828593,32","13,41975","52,52479",1011303.0,Alexanderplatzviertel,4855.0,25.0
51671,11,2,,2019,6,16,3,2,0,6,0,0,1,0,1,0,0,0,"803158,3383","5827627,271","13,46851","52,51426",2050602.0,Samariterviertel,5652.0,13.0
51672,11,7,,2019,8,18,3,3,2,6,0,0,1,0,0,0,0,0,"795695,8197","5823157,98","13,3549","52,4783",7030303.0,Grazer Platz,3942.0,35.0
51673,11,2,,2019,12,7,4,3,5,2,2,1,1,0,0,0,0,0,"802589,4725","5827701,802","13,46022","52,51525",2050602.0,Samariterviertel,5453.0,1.0
51674,11,4,,2019,5,13,3,3,3,6,0,0,1,0,0,1,0,0,"790462,79","5828451,014","13,28268","52,52856",4020310.0,Park Ruhwald,2857.0,33.0
51675,11,2,,2019,7,15,2,3,0,5,0,1,0,0,0,0,1,0,"802831,3065","5825819,702","13,46206","52,49824",2050803.0,Stralauer Kiez,5548.0,37.0
51676,11,7,,2019,3,8,5,2,5,2,0,0,1,0,1,0,0,0,"795340,4482","5823460,913","13,34995","52,4812",7020202.0,Volkspark (Rudolf-Wilde-Park),3843.0,36.0
51677,11,12,,2019,11,6,4,2,6,2,2,0,1,1,0,0,0,0,"792726,6964","5837425,986","13,32388","52,6078",12302212.0,Rollbergesiedlung,3480.0,38.0
51678,11,6,,2019,11,13,1,3,5,3,0,0,1,0,0,0,0,0,"790163,3678","5818265,487","13,26941","52,4374",6030503.0,Zehlendorf Mitte,2630.0,63.0
51679,11,1,,2019,7,14,2,3,0,1,0,1,0,0,0,0,0,0,"799164,8063","5828336,733","13,41048","52,52283",1011303.0,Alexanderplatzviertel,4755.0,4.0
51680,11,3,,2019,3,8,4,3,2,6,0,1,1,0,0,0,0,0,"798981,5646","5832525,15","13,41155","52,56047",3040818.0,Pankow Süd,4766.0,48.0
51681,11,3,,2019,10,19,4,3,0,7,2,0,1,0,0,0,0,1,"800615,2918","5838918,414","13,44138","52,61687",3010104.0,Lietzengraben,5282.0,56.0
51682,11,4,,2019,8,18,3,3,3,6,0,0,1,0,0,0,0,0,"788403,4015","5822716,164","13,24744","52,47823",4061757.0,Forst Grunewald,2342.0,65.0
51684,11,1,,2019,5,9,3,3,3,6,0,1,0,0,0,0,0,0,"796395,1068","5827381,123","13,36892","52,51577",1011102.0,Großer Tiergarten,4153.0,36.0
51685,11,4,,2019,9,11,4,3,2,6,0,0,1,0,0,0,0,1,"790750,1952","5826318,491","13,28504","52,50928",4030724.0,Lietzensee,2851.0,8.0
51686,11,3,,2019,6,18,1,3,5,2,0,1,1,0,0,0,0,0,"799969,4387","5830202,222","13,42398","52,53911",3061332.0,Helmholtzplatz,4960.0,18.0
51687,11,3,,2019,3,12,4,2,4,6,0,0,1,0,0,0,0,0,"803617,9172","5833949,872","13,48104","52,57067",3030716.0,Märchenland,5869.0,65.0
51688,11,2,,2019,6,18,5,3,3,6,0,0,0,0,1,0,1,0,"797888,9733","5825475,097","13,38917","52,49787",2020202.0,Rathaus Yorckstraße,4448.0,24.0
51689,11,12,,2019,8,9,3,2,5,3,0,0,1,0,1,0,0,0,"792366,8111","5837742,379","13,31886","52,61083",12301205.0,Waidmannslust,3381.0,45.0
51690,11,3,,2019,12,16,3,3,1,5,2,1,0,0,0,0,1,1,"799408,5844","5830311,762","13,41584","52,5404",3061332.0,Helmholtzplatz,4860.0,47.0
51691,11,3,,2019,5,7,3,3,5,2,0,1,1,0,0,0,0,0,"798986,0517","5832517,149","13,41161","52,5604",3040818.0,Pankow Süd,4766.0,48.0
51692,11,10,,2019,6,12,1,3,2,6,0,0,1,0,0,0,0,0,"810870,4032","5827099,286","13,5813","52,50519",10040830.0,Kaulsdorf Süd,7250.0,63.0
51693,11,7,,2019,9,15,4,3,3,6,0,0,0,0,0,1,1,1,"797907,708","5818832,246","13,38351","52,43832",7050502.0,Fritz-Werner-Straße,4330.0,47.0
51694,11,4,,2019,9,7,3,3,2,6,0,0,1,0,0,0,0,0,"793428,49","5822988,127","13,32146","52,478",4051656.0,Hildegardstraße,3442.0,43.0
51695,11,3,,2019,6,11,1,3,2,6,0,0,1,0,0,0,0,0,"800882,3927","5838672,216","13,44509","52,61452",3010104.0,Lietzengraben,5282.0,56.0
51696,11,2,,2019,3,8,3,3,5,2,0,1,1,0,0,0,0,0,"801643,5413","5828891,937","13,4474","52,52644",2050601.0,Hausburgviertel,5356.0,13.0
51697,11,4,,2019,9,15,1,3,9,1,0,0,1,0,0,0,0,1,"790014,0486","5825102,082","13,27316","52,49877",4020314.0,Messegelände,2748.0,55.0
51698,11,1,,2019,6,12,4,3,3,6,0,1,0,0,0,0,1,0,"797333,0537","5827548,511","13,38285","52,51676",1011202.0,Unter den Linden Nord,4353.0,37.0
51699,11,4,,2019,8,9,3,3,5,2,0,0,1,0,0,0,0,0,"790527,7224","5826395,576","13,28184","52,51009",4020313.0,Königin-Elisabeth-Straße,2851.0,8.0
51700,11,7,,2019,12,17,6,3,2,6,2,0,1,0,0,0,0,0,"797953,4285","5820021,885","13,38524","52,44896",7050501.0,Rathausstraße,4333.0,53.0
51701,11,1,,2019,5,14,3,3,5,3,0,0,1,0,0,0,1,0,"798774,4349","5827160,772","13,40368","52,5125",1011204.0,Leipziger Straße,4652.0,24.0
51702,11,7,,2019,6,1,7,3,8,1,2,0,1,0,0,0,0,0,"795712,025","5823161,087","13,35514","52,47831",7030303.0,Grazer Platz,3942.0,35.0
51703,11,2,,2019,3,8,3,2,1,5,0,0,1,0,1,0,0,0,"797784,3283","5825472,631","13,38763","52,49791",2020202.0,Rathaus Yorckstraße,4448.0,24.0
51704,11,4,,2019,11,23,5,3,3,6,2,0,1,0,0,0,0,0,"790535,1799","5825734,4","13,28137","52,50416",4020314.0,Messegelände,2849.0,40.0
51705,11,6,,2019,8,16,2,3,2,6,0,0,1,0,0,0,0,0,"787009,4824","5820634,871","13,22518","52,46031",6040703.0,Nikolassee,2037.0,63.0
51706,11,1,,2019,11,11,3,3,2,2,0,0,1,0,0,1,0,0,"796200,2701","5830207,888","13,36858","52,54122",1033203.0,Humboldthain Nordwest,4160.0,4.0
51707,11,7,,2019,6,23,6,3,3,6,2,0,1,0,1,0,0,0,"798862,1628","5817210,354","13,39606","52,42326",7050506.0,Birnhornweg,4526.0,46.0
51708,11,2,,2019,3,15,3,3,6,6,0,1,0,1,0,0,0,0,"803058,0482","5827654,155","13,46706","52,51456",2050602.0,Samariterviertel,5653.0,57.0
51709,11,12,,2019,10,11,5,3,2,6,0,0,1,0,0,0,0,0,"792815,9013","5837285,75","13,32507","52,6065",12302212.0,Rollbergesiedlung,3479.0,63.0
51710,11,2,,2019,8,17,2,3,4,6,0,1,0,0,0,0,0,0,"801840,6426","5826428,535","13,44806","52,50425",2040703.0,Wriezener Bahnhof/Entwicklungsgebiet,5349.0,29.0
51712,11,10,,2019,5,13,2,3,3,6,0,0,1,0,1,0,0,0,"808732,8884","5827423,002","13,55021","52,5093",10030726.0,Alt-Biesdorf,6851.0,49.0
51713,11,7,,2019,9,14,3,3,0,7,0,0,0,1,0,0,1,0,"797847,059","5818950,959","13,38273","52,43941",7050502.0,Fritz-Werner-Straße,4331.0,54.0
51714,11,1,,2019,6,10,6,3,5,2,0,1,1,0,0,0,0,0,"799130,0005","5827673,989","13,40937","52,5169",1011303.0,Alexanderplatzviertel,4753.0,44.0
51715,11,1,,2019,3,9,2,2,6,4,0,0,0,1,0,0,1,0,"797916,5581","5826875,486","13,39082","52,51041",1011204.0,Leipziger Straße,4451.0,11.0
51716,11,1,,2019,6,16,5,3,1,5,0,1,1,0,0,0,0,0,"796685,2359","5827430,174","13,37323","52,51605",1011102.0,Großer Tiergarten,4253.0,46.0
51717,11,9,,2019,8,17,2,3,3,6,0,0,1,0,1,0,0,0,"805353,0342","5819077,259","13,49292","52,43641",9010401.0,Johannisthal West,5930.0,65.0
51718,11,3,,2019,12,16,6,3,6,2,1,0,1,1,0,0,0,0,"799992,4904","5830221,621","13,42434","52,53927",3061332.0,Helmholtzplatz,4960.0,18.0
51719,11,10,,2019,5,13,2,3,0,1,0,1,0,0,0,0,0,0,"807885,269","5831010,476","13,54108","52,54193",10010207.0,Marzahner Promenade,6761.0,58.0
51720,11,5,,2019,6,16,6,2,4,6,0,1,0,0,0,0,0,0,"785757,0176","5826116,078","13,2115","52,51011",5020629.0,Börnicker Straße,1851.0,61.0
51721,11,7,,2019,9,12,3,3,5,2,0,0,1,0,1,0,0,0,"797116,2149","5816949,5","13,37023","52,42187",7060601.0,Marienfelder Allee Nordwest,4125.0,59.0
51722,11,2,,2019,11,17,6,3,0,1,2,0,0,0,1,0,0,1,"803085,262","5827634,511","13,46744","52,51437",2050602.0,Samariterviertel,5652.0,13.0
51723,11,4,,2019,6,16,6,3,2,6,0,0,1,0,0,0,0,0,"791368,9245","5830210,337","13,29754","52,54384",4010101.0,Jungfernheide,3061.0,61.0
51724,11,2,,2019,9,20,5,3,1,5,2,1,1,0,0,0,0,1,"797500,375","5825541,444","13,38352","52,49868",2020202.0,Rathaus Yorckstraße,4348.0,45.0
51725,11,7,,2019,3,15,2,3,2,6,0,0,1,0,0,0,0,1,"795242,3605","5823551,714","13,34859","52,48207",7020203.0,Kaiser-Wilhelm-Platz,3843.0,36.0
51726,11,11,,2019,10,20,5,2,0,7,2,1,0,0,0,0,0,1,"803674,8878","5835180,18","13,48301","52,58167",11010101.0,Dorf Malchow,5872.0,61.0
51727,11,12,,2019,8,15,2,3,2,6,0,0,1,0,0,0,0,0,"793322,431","5836598,829","13,33192","52,60007",12302211.0,Lübarser Straße,3578.0,61.0
51729,11,1,,2019,5,6,2,3,2,6,0,0,1,0,0,0,0,0,"799764,4811","5828631,767","13,41955","52,52514",1011303.0,Alexanderplatzviertel,4856.0,19.0
51730,11,7,,2019,6,7,6,2,3,7,0,0,1,0,0,0,0,0,"799348,1321","5821553,096","13,40707","52,46192",7040405.0,Rathaus Tempelhof,4737.0,55.0
51731,11,8,,2019,3,7,2,3,2,6,0,0,1,0,0,0,0,0,"801823,2025","5821815,812","13,44363","52,46291",8020619.0,Buschkrugallee Nord,5237.0,45.0
51732,11,12,,2019,11,18,2,3,6,2,2,0,1,1,0,0,0,1,"795337,5764","5833744,481","13,35904","52,57339",12103115.0,Breitkopfbecken,3970.0,41.0
51733,11,4,,2019,6,14,1,2,4,7,0,0,1,0,0,0,0,0,"787380,774","5825874,565","13,23515","52,50709",4020208.0,Kranzallee,2150.0,61.0
51734,11,7,,2019,8,15,2,3,8,1,0,0,1,0,0,0,0,0,"796247,3251","5822702,136","13,36259","52,47391",7030303.0,Grazer Platz,4041.0,37.0