ObjectID,State,District,LOR_ab_2021,AccidentYear,AccidentMonth,AccidentHour,DayOfWeek,AccidentCategory,AccidentType,AccidentTypeDetail,LightingCondition,InvolvingBike,InvolvingCar,InvolvingPedestrian,InvolvingMotorcycle,InvolvingHGV,InvolvingOther,RoadCondition,GraphicCoord1,GraphicCoord2,LongitudeWGS84,LatitudeWGS84,quadrant,quadrant_rank
51735,11,3,,2019,12,9,5,3,2,6,0,0,1,0,0,0,0,0,"798558,4412","5833142,407","13,40588","52,56623",3040614.0,Pankow Zentrum,4668.0,57.0
51736,11,4,,2019,6,7,6,3,3,6,0,0,1,0,0,0,1,0,"793006,6512","5829567,107","13,32106","52,5372",4010102.0,Plötzensee,3459.0,63.0
51737,11,7,,2019,9,8,2,3,2,6,0,0,1,0,1,0,0,0,"799134,7252","5821626,527","13,40401","52,4627",7040405.0,Rathaus Tempelhof,4637.0,65.0
51738,11,3,,2019,3,6,2,2,5,3,1,1,1,0,0,0,0,0,"800091,1576","5834035,624","13,42924","52,5734",3040818.0,Pankow Süd,5070.0,63.0
51739,11,2,,2019,10,1,1,3,8,1,2,0,1,0,0,0,0,0,"802258,1951","5827720,61","13,45537","52,5156",2050602.0,Samariterviertel,5453.0,1.0
51740,11,4,,2019,8,15,2,3,5,3,0,1,0,0,0,0,0,0,"789152,9582","5826158,183","13,26143","52,5087",4020311.0,Reichsstraße,2551.0,50.0
51741,11,2,,2019,6,16,5,1,6,4,0,0,1,1,0,0,0,0,"801117,5862","5827836,882","13,43872","52,51727",2040502.0,Friedenstraße,5153.0,47.0
51742,11,4,,2019,3,10,2,3,5,2,0,0,1,0,0,0,0,0,"790530,9694","5826396,121","13,28189","52,5101",4020313.0,Königin-Elisabeth-Straße,2851.0,8.0
51743,11,4,,2019,10,15,6,3,2,6,0,0,1,0,0,0,0,1,"790563,932","5825164,603","13,2813","52,49904",4041133.0,Güterbahnhof Grunewald,2848.0,27.0
51744,11,7,,2019,6,14,6,2,2,6,0,0,1,0,0,0,0,0,"800160,7262","5821487,491","13,41894","52,46089",7040406.0,Germaniagarten,4837.0,50.0
51745,11,3,,2019,8,14,2,3,3,6,0,0,1,0,0,0,0,0,"800244,5434","5830074,533","13,42791","52,53781",3071633.0,Thälmannpark,5059.0,35.0
51747,11,1,,2019,5,20,1,3,5,3,1,1,1,0,0,0,0,0,"800021,6778","5828096,112","13,42285","52,5202",1011304.0,Karl-Marx-Allee,4954.0,49.0
51748,11,1,,2019,3,12,7,3,2,7,0,1,1,0,0,0,1,0,"798920,9609","5828128,171","13,4067","52,52109",1011303.0,Alexanderplatzviertel,4754.0,20.0
51749,11,2,,2019,11,17,2,2,6,4,2,0,1,1,0,0,0,0,"802289,3182","5827717,176","13,45583","52,51555",2050602.0,Samariterviertel,5453.0,1.0
51750,11,7,,2019,5,14,1,3,3,6,0,0,1,0,1,0,0,0,"797810,7131","5823117,125","13,38591","52,47678",7040401.0,Neu-Tempelhof,4341.0,52.0
51751,11,1,,2019,11,11,7,3,6,4,0,0,1,1,0,0,0,0,"796778,2369","5826693,333","13,37394","52,5094",1011105.0,Nördlicher Landwehrkanal,4251.0,2.0
51752,11,4,,2019,6,18,5,3,6,7,0,0,1,1,0,0,0,0,"792253,6645","5826682,156","13,30745","52,51174",4030622.0,Richard-Wagner-Straße,3252.0,41.0
51753,11,5,,2019,3,14,7,3,3,6,0,0,1,0,0,0,0,1,"783997,3434","5826585,762","13,18604","52,51524",5020628.0,Graetschelsteig,1453.0,50.0
51754,11,10,,2019,10,7,2,3,5,7,0,1,1,0,0,0,0,0,"808755,6146","5827439,69","13,55056","52,50944",10030726.0,Alt-Biesdorf,6851.0,49.0
51755,11,7,,2019,8,19,2,3,1,5,0,1,1,0,0,0,0,0,"795580,5488","5823905,614","13,35387","52,48506",7020203.0,Kaiser-Wilhelm-Platz,3944.0,21.0
51757,11,1,,2019,6,10,5,2,5,2,0,1,1,0,0,0,0,0,"796343,923","5830077,937","13,37057","52,53997",1033203.0,Humboldthain Nordwest,4160.0,4.0
51758,11,11,,2019,3,15,7,2,5,3,0,1,1,0,0,0,0,1,"803768,0941","5827581,823","13,47743","52,51352",11030721.0,Rüdigerstraße,5752.0,11.0
51759,11,4,,2019,6,18,2,3,0,7,0,0,0,0,1,0,0,1,"792740,2784","5826763,643","13,31467","52,51221",4030622.0,Richard-Wagner-Straße,3352.0,26.0
51760,11,3,,2019,8,13,2,3,5,3,0,1,1,0,0,0,0,0,"800899,6528","5830368,747","13,43781","52,54008",3061434.0,Anton-Saefkow-Park,5160.0,41.0
51761,11,7,,2019,12,5,3,3,3,6,2,0,1,0,0,1,0,1,"797061,5637","5822358,78","13,37424","52,47039",7040403.0,Manteuffelstraße,4240.0,51.0
51762,11,10,,2019,5,14,1,2,2,2,0,0,1,0,1,0,0,0,"807973,0501","5827458,15","13,53908","52,51005",10010308.0,Marzahner Chaussee,6651.0,57.0
51763,11,2,,2019,6,22,5,2,0,7,2,1,0,0,0,0,0,0,"797424,2517","5825533,618","13,38239","52,49865",2020202.0,Rathaus Yorckstraße,4348.0,45.0
51764,11,4,,2019,3,17,7,3,2,6,1,0,1,0,0,0,0,1,"790454,6119","5827635,375","13,28185","52,52125",4020310.0,Park Ruhwald,2854.0,17.0
51765,11,10,,2019,11,20,3,2,6,7,2,0,0,1,0,0,1,0,"809438,1075","5834508,785","13,56717","52,57241",10010102.0,Havemannstraße,7069.0,49.0
51766,11,3,,2019,11,20,7,3,2,7,2,0,1,0,1,0,0,0,"800266,5907","5831419,837","13,42945","52,54986",3061228.0,Erich-Weinert-Straße,5063.0,29.0
51767,11,2,,2019,6,7,5,3,3,6,0,1,0,0,0,0,0,0,"803398,9906","5827603,219","13,47202","52,51391",2050602.0,Samariterviertel,5652.0,13.0
51768,11,3,,2019,3,8,6,3,3,6,0,1,1,0,0,0,0,1,"801555,4789","5831202,207","13,44821","52,54719",3050925.0,Komponistenviertel Weißensee,5362.0,45.0
51769,11,8,,2019,10,14,3,2,3,6,0,0,1,0,0,1,0,0,"802041,149","5821834,953","13,44685","52,46296",8020619.0,Buschkrugallee Nord,5337.0,65.0
51770,11,3,,2019,8,7,2,3,6,4,0,1,0,1,0,0,0,1,"799215,0471","5831327,486","13,41391","52,54961",3061126.0,Arnimplatz,4863.0,28.0
51772,11,1,,2019,5,22,7,3,5,3,2,1,1,0,0,0,0,0,"800001,1693","5828076,528","13,42253","52,52003",1011304.0,Karl-Marx-Allee,4954.0,49.0
51773,11,6,,2019,6,15,5,2,1,7,0,0,1,0,0,0,0,0,"784436,3142","5815847,251","13,18334","52,41873",6040703.0,Nikolassee,1324.0,65.0
51774,11,12,,2019,3,11,6,3,6,7,0,0,1,1,0,0,0,0,"795697,9534","5832843,843","13,36354","52,56512",12103219.0,Schäfersee,4067.0,9.0
51775,11,2,,2019,11,18,5,3,3,6,2,1,0,0,0,0,1,1,"802148,5585","5827565,454","13,45362","52,51427",2050801.0,Traveplatz,5452.0,39.0
51776,11,7,,2019,6,14,5,3,2,6,0,0,1,0,1,0,0,0,"799116,2572","5821698,347","13,4038","52,46335",7040405.0,Rathaus Tempelhof,4638.0,48.0
51777,11,9,,2019,8,22,1,3,2,6,2,0,1,0,0,0,0,1,"802593,7958","5825111,505","13,45793","52,49203",9010101.0,Elsenstraße,5446.0,19.0
51778,11,1,,2019,12,18,3,3,2,6,2,0,1,0,0,0,0,0,"796187,744","5830191,845","13,36838","52,54108",1033203.0,Humboldthain Nordwest,4160.0,4.0
51779,11,3,,2019,6,8,5,3,2,6,0,0,1,0,1,0,0,0,"799029,4043","5832440,163","13,41218","52,55968",3040818.0,Pankow Süd,4766.0,48.0
51780,11,4,,2019,10,19,5,3,7,7,2,0,1,0,0,0,1,0,"788373,0205","5826034,533","13,24987","52,508",4020208.0,Kranzallee,2351.0,59.0
51781,11,1,,2019,6,23,4,3,5,3,2,0,1,0,0,0,0,0,"796200,945","5830200,858","13,36858","52,54115",1033203.0,Humboldthain Nordwest,4160.0,4.0
51782,11,9,,2019,9,16,5,3,0,7,0,1,0,0,0,0,0,0,"805667,4643","5822054,261","13,50026","52,46291",9020601.0,Schnellerstraße,6037.0,65.0
51783,11,3,,2019,3,14,6,3,4,5,0,0,1,0,0,0,1,1,"802878,7741","5833097,358","13,46939","52,56344",3051017.0,Rennbahnstraße,5667.0,54.0
51784,11,1,,2019,10,14,4,3,5,2,0,1,0,0,0,0,1,0,"796952,4059","5826724,472","13,37652","52,50958",1011201.0,Wilhelmstraße,4251.0,2.0
51785,11,1,,2019,8,21,1,3,5,3,2,0,1,0,0,0,1,0,"798809,0356","5827996,493","13,40494","52,51997",1011303.0,Alexanderplatzviertel,4654.0,10.0
51787,11,2,,2019,5,13,7,3,5,2,0,1,1,0,0,0,0,0,"797898,9333","5825429,765","13,38927","52,49746",2020202.0,Rathaus Yorckstraße,4448.0,24.0
51788,11,12,,2019,6,16,4,3,0,5,0,1,0,0,0,0,1,0,"795682,4422","5832918,224","13,36338","52,56579",12103219.0,Schäfersee,4067.0,9.0
51789,11,4,,2019,3,12,6,3,2,6,0,0,1,0,0,0,1,0,"790610,2346","5827223,146","13,28377","52,51747",4020313.0,Königin-Elisabeth-Straße,2853.0,59.0
51790,11,1,,2019,11,14,7,3,5,2,0,0,1,0,0,0,0,1,"796453,881","5827390,807","13,36979","52,51583",1011102.0,Großer Tiergarten,4153.0,36.0
51791,11,3,,2019,6,0,7,3,2,7,2,1,1,0,0,0,0,0,"800293,0471","5829439,337","13,42805","52,53209",3071639.0,Bötzowstraße,5058.0,45.0
51792,11,4,,2019,12,7,4,3,5,3,0,0,1,0,0,0,0,1,"788356,4062","5826031,855","13,24962","52,50799",4020208.0,Kranzallee,2351.0,59.0
51793,11,3,,2019,6,15,4,3,2,6,0,0,1,0,0,0,0,0,"797969,9946","5834305,932","13,39827","52,57699",3020209.0,Niederschönhausen,4571.0,51.0
51794,11,3,,2019,3,11,6,3,5,2,0,1,1,0,0,0,0,0,"800370,86","5829563,819","13,42931","52,53316",3071639.0,Bötzowstraße,5058.0,45.0
51795,11,4,,2019,10,14,6,3,5,3,0,1,1,0,0,0,0,0,"791568,8779","5826566,607","13,29729","52,51107",4030417.0,Schloßstraße,3051.0,26.0
51796,11,3,,2019,8,8,1,2,0,1,0,1,0,0,0,0,0,1,"798627,2403","5833015,072","13,40678","52,56506",3040614.0,Pankow Zentrum,4767.0,50.0
51797,11,1,,2019,6,14,4,3,6,7,0,0,1,1,0,0,0,0,"799196,968","5828373,541","13,41098","52,52314",1011303.0,Alexanderplatzviertel,4755.0,4.0
51798,11,2,,2019,3,18,5,3,0,6,2,0,1,0,1,0,0,1,"802114,3166","5827861,156","13,45338","52,51694",2050602.0,Samariterviertel,5353.0,48.0
51799,11,6,,2019,10,17,5,3,2,6,2,0,1,0,0,0,0,0,"793496,6517","5820406,005","13,32019","52,45481",6010102.0,Schloßstraße,3435.0,54.0
51800,11,12,,2019,6,14,4,3,2,6,0,0,1,0,1,0,0,0,"793477,7967","5835916,491","13,3336","52,59387",12301203.0,Wittenau Süd,3676.0,38.0
51801,11,1,,2019,9,15,5,3,5,3,0,1,1,0,0,0,0,0,"795861,876","5832068,328","13,36526","52,55808",1044102.0,Schillerpark,4065.0,7.0
51802,11,7,,2019,3,20,5,3,3,2,2,0,1,0,0,0,0,1,"795708,9189","5823145,272","13,35508","52,47817",7030303.0,Grazer Platz,3942.0,35.0
51803,11,11,,2019,10,13,5,3,5,2,0,0,1,0,0,0,0,0,"804172,065","5827539,743","13,48332","52,51291",11030721.0,Rüdigerstraße,5852.0,43.0
51804,11,10,,2019,8,8,1,2,0,7,0,0,1,0,0,0,0,1,"807685,7674","5830275,576","13,53747","52,53546",10010310.0,Alt-Marzahn,6659.0,63.0
51806,11,7,,2019,5,17,7,3,6,7,0,0,1,1,0,0,0,1,"797776,9441","5823516,879","13,38577","52,48038",7040401.0,Neu-Tempelhof,4343.0,38.0
51807,11,10,,2019,6,13,4,3,5,3,0,0,1,0,0,0,0,0,"807965,934","5831210,966","13,54245","52,54369",10010207.0,Marzahner Promenade,6761.0,58.0
51808,11,3,,2019,3,20,5,3,5,2,2,1,1,0,0,0,0,1,"799995,3404","5830193,596","13,42436","52,53901",3061332.0,Helmholtzplatz,4960.0,18.0
51809,11,9,,2019,11,3,1,2,5,3,2,1,1,0,0,0,0,0,"802586,7331","5825078,403","13,4578","52,49173",9010101.0,Elsenstraße,5446.0,19.0
51810,11,12,,2019,6,22,7,3,2,6,2,0,1,0,0,0,1,0,"794967,9907","5833754,412","13,35361","52,57368",12103218.0,Teichstraße,3970.0,41.0
51811,11,11,,2019,8,6,7,3,2,6,0,0,1,0,0,0,1,0,"807011,5851","5827382,533","13,52489","52,50991",11041027.0,Tierpark,6451.0,63.0
51812,11,3,,2019,12,15,5,3,5,2,0,0,1,0,0,0,1,0,"800041,508","5828989,963","13,42395","52,5282",3071638.0,Winsstraße,4956.0,45.0
51813,11,4,,2019,6,13,4,3,5,3,0,0,1,0,0,1,0,0,"790669,2166","5828852,893","13,28607","52,53205",4010101.0,Jungfernheide,2958.0,49.0
51814,11,7,,2019,3,15,5,3,2,6,0,0,1,0,0,0,0,1,"795184,8199","5822467,795","13,34678","52,47238",7030303.0,Grazer Platz,3840.0,51.0
51815,11,2,,2019,10,19,7,3,2,6,2,0,1,0,1,0,0,0,"803062,3053","5827653,723","13,46712","52,51455",2050602.0,Samariterviertel,5652.0,13.0
51816,11,7,,2019,8,9,7,3,0,5,0,0,1,0,0,0,0,0,"799241,6791","5816300,144","13,40081","52,41489",7070701.0,Kettinger Straße/Schillerstraße,4623.0,43.0
51817,11,3,,2019,6,12,4,3,3,6,0,0,1,0,0,0,0,0,"801086,2854","5838395,945","13,44784","52,61193",3010104.0,Lietzengraben,5381.0,61.0
51818,11,3,,2019,3,4,4,3,5,2,2,0,1,0,0,1,0,1,"799163,1003","5830601,119","13,41249","52,54312",3061131.0,Falkplatz,4761.0,38.0
51819,11,7,,2019,10,6,4,3,6,7,2,1,0,1,0,0,0,1,"796533,241","5815693,925","13,36057","52,41093",7060604.0,Marienfelde Süd,4022.0,65.0
51820,11,9,,2019,6,6,5,3,5,3,0,0,1,0,0,0,0,0,"804104,3832","5824364,862","13,47943","52,4845",9010202.0,Köpenicker Landstraße,5744.0,53.0
51821,11,1,,2019,8,18,7,3,5,3,0,0,1,0,0,0,0,0,"795879,195","5832056,529","13,3655","52,55796",1044102.0,Schillerpark,4065.0,7.0
51822,11,3,,2019,12,6,7,2,5,3,2,1,1,0,0,0,0,1,"800844,6477","5830326,904","13,43696","52,53974",3061434.0,Anton-Saefkow-Park,5160.0,41.0
51823,11,10,,2019,5,10,7,3,6,2,0,0,1,1,0,0,0,0,"810877,0819","5827088,089","13,58139","52,50509",10040830.0,Kaulsdorf Süd,7350.0,61.0
51824,11,4,,2019,3,12,4,2,3,6,0,0,1,0,0,1,0,0,"790718,4837","5828897,653","13,28683","52,53242",4010101.0,Jungfernheide,2958.0,49.0
51825,11,1,,2019,11,14,1,3,6,7,0,0,0,1,0,0,1,0,"796039,0793","5827321,099","13,36364","52,51543",1011102.0,Großer Tiergarten,4053.0,57.0
51826,11,7,,2019,5,9,6,2,2,6,0,0,1,0,1,0,0,0,"796315,5613","5822674,788","13,36357","52,47363",7030303.0,Grazer Platz,4041.0,37.0
51827,11,4,,2019,11,16,6,3,2,6,2,0,1,0,1,0,0,0,"790191,5075","5826320,649","13,27683","52,5096",4020311.0,Reichsstraße,2751.0,29.0
51828,11,9,,2019,6,10,4,3,2,6,0,0,1,0,0,0,0,0,"802855,2671","5821389,311","13,45839","52,45852",9010302.0,Späthsfelde,5436.0,61.0
51829,11,3,,2019,3,14,4,3,5,3,0,1,1,0,0,0,0,0,"798772,7797","5832845,876","13,40877","52,56346",3040818.0,Pankow Süd,4767.0,50.0
51830,11,1,,2019,10,22,2,3,5,2,2,0,1,0,0,0,1,0,"798797,7584","5828013,255","13,40479","52,52013",1011303.0,Alexanderplatzviertel,4654.0,10.0
51831,11,7,,2019,8,8,6,3,6,2,0,0,0,1,0,0,1,0,"795225,438","5823516,568","13,34831","52,48176",7020202.0,Volkspark (Rudolf-Wilde-Park),3843.0,36.0
51833,11,10,,2019,5,17,6,2,6,4,0,0,1,1,0,0,0,0,"809405,3473","5834433,224","13,56662","52,57175",10010102.0,Havemannstraße,7069.0,49.0
51834,11,2,,2019,6,20,3,3,5,2,0,1,1,0,0,0,0,0,"797850,2547","5825505,588","13,38862","52,49817",2010101.0,Askanischer Platz,4448.0,24.0
51835,11,2,,2019,3,18,4,3,3,7,1,1,0,0,0,0,0,0,"801820,579","5826233,408","13,44759","52,50251",2050803.0,Stralauer Kiez,5349.0,29.0
51836,11,12,,2019,6,14,2,3,5,2,0,0,0,0,0,0,1,0,"793624,5902","5835746,789","13,33561","52,59226",12301203.0,Wittenau Süd,3675.0,61.0
51837,11,9,,2019,8,15,6,3,5,3,0,1,1,0,0,0,0,0,"805566,0483","5822152,35","13,49886","52,46385",9020601.0,Schnellerstraße,6038.0,59.0
51838,11,2,,2019,12,7,2,3,5,3,1,0,1,0,0,0,1,0,"801649,818","5828881,302","13,44749","52,52634",2050601.0,Hausburgviertel,5356.0,13.0
51839,11,4,,2019,5,13,6,3,2,6,0,0,1,0,1,0,0,0,"789689,8023","5826244,859","13,2694","52,50919",4020311.0,Reichsstraße,2651.0,45.0
51840,11,1,,2019,6,12,3,3,2,6,0,0,1,0,1,0,0,0,"796190,0571","5830189,938","13,36841","52,54106",1033203.0,Humboldthain Nordwest,4160.0,4.0
51841,11,1,,2019,3,19,4,3,2,1,2,0,1,0,0,0,0,1,"796199,5866","5830207,27","13,36857","52,54121",1033203.0,Humboldthain Nordwest,4160.0,4.0
51842,11,3,,2019,11,12,3,2,6,3,0,0,1,1,0,0,0,0,"800162,0904","5832358,348","13,42876","52,55833",3040818.0,Pankow Süd,5065.0,44.0
51843,11,12,,2019,11,9,6,3,5,3,0,0,1,0,0,1,0,1,"790296,294","5835658,787","13,28654","52,59326",12304314.0,Ziekowstraße/Freie Scholle,2976.0,49.0
51844,11,9,,2019,6,10,3,3,6,7,0,0,1,1,0,0,0,0,"806365,1115","5821364,634","13,50986","52,45634",9020601.0,Schnellerstraße,6235.0,41.0
51845,11,7,,2019,3,17,3,3,2,6,1,0,1,0,0,0,0,0,"796401,5823","5822622,724","13,36478","52,47311",7040402.0,Lindenhofsiedlung,4040.0,57.0
51846,11,1,,2019,10,12,2,3,3,5,0,1,1,0,0,0,0,0,"799327,4473","5827976,894","13,41254","52,51951",1011303.0,Alexanderplatzviertel,4754.0,20.0
51847,11,12,,2019,8,15,6,3,5,3,0,1,1,0,0,0,0,0,"794058,9855","5835089,782","13,34142","52,58614",12301203.0,Wittenau Süd,3773.0,57.0
51849,11,3,,2019,5,15,5,3,5,2,0,1,0,0,0,1,0,0,"799220,299","5831446,957","13,41409","52,55067",3061126.0,Arnimplatz,4863.0,28.0
51850,11,2,,2019,6,10,3,3,3,2,0,0,1,0,1,0,0,0,"802364,948","5826026,878","13,4554","52,50036",2050803.0,Stralauer Kiez,5448.0,59.0
51851,11,2,,2019,3,10,3,3,5,2,0,1,1,0,0,0,0,1,"802592,0568","5827701,53","13,46026","52,51524",2050602.0,Samariterviertel,5453.0,1.0
51852,11,7,,2019,11,12,4,3,2,6,0,0,1,0,0,1,0,1,"797410,563","5817681,447","13,37519","52,42827",7060603.0,Marienfelde Nordost,4227.0,57.0
51853,11,5,,2019,6,14,4,3,2,6,0,0,1,0,0,0,1,0,"783585,0389","5826696,579","13,18007","52,51645",5020524.0,Weinmeisterhornweg,1353.0,41.0
51854,11,4,,2019,8,8,6,3,2,6,0,0,1,0,0,0,1,0,"787396,0225","5825877,046","13,23537","52,5071",4020208.0,Kranzallee,2150.0,61.0
51855,11,7,,2019,12,15,2,3,2,6,1,0,1,0,0,0,0,1,"796507,0734","5822553,084","13,36627","52,47243",7040402.0,Lindenhofsiedlung,4140.0,37.0
51856,11,9,,2019,6,9,3,2,5,2,0,1,1,0,0,0,0,0,"806441,4061","5821308,445","13,51093","52,4558",9020601.0,Schnellerstraße,6235.0,41.0
51857,11,11,,2019,9,8,2,3,5,2,0,1,0,0,0,0,1,0,"803744,8283","5827568,052","13,47707","52,5134",11030721.0,Rüdigerstraße,5752.0,11.0
51858,11,7,,2019,10,17,4,3,5,2,2,1,1,0,0,0,0,0,"795792,0998","5824121,094","13,35716","52,48688",7020203.0,Kaiser-Wilhelm-Platz,3944.0,21.0
51859,11,10,,2019,8,12,6,3,5,3,0,1,1,0,0,0,0,0,"807870,2942","5830969,554","13,54082","52,54158",10010207.0,Marzahner Promenade,6660.0,39.0
51860,11,7,,2019,6,9,3,2,5,3,0,1,0,0,1,0,0,0,"795341,7031","5823442,265","13,34995","52,48104",7020202.0,Volkspark (Rudolf-Wilde-Park),3843.0,36.0
51861,11,9,,2019,3,5,3,3,2,6,1,0,1,0,0,0,0,0,"803094,3065","5820911,759","13,46146","52,45411",9010302.0,Späthsfelde,5535.0,53.0
51862,11,10,,2019,10,5,3,3,2,6,2,0,1,0,0,0,0,0,"811009,3661","5827105,733","13,58335","52,50517",10040830.0,Kaulsdorf Süd,7350.0,61.0
51863,11,4,,2019,8,9,6,3,5,2,0,1,1,0,0,0,0,0,"793675,0884","5826903,623","13,32853","52,51296",4030623.0,Ernst-Reuter-Platz,3552.0,52.0
51865,11,3,,2019,5,9,5,3,0,7,0,1,0,0,0,0,0,0,"799138,1249","5830640,271","13,41216","52,54349",3061131.0,Falkplatz,4761.0,38.0
51866,11,8,,2019,6,17,3,3,2,6,0,0,1,0,0,0,0,0,"801845,6948","5821805,429","13,44395","52,46281",8020619.0,Buschkrugallee Nord,5237.0,45.0
51867,11,3,,2019,3,8,2,3,5,3,0,1,1,0,0,0,0,1,"800037,6218","5833458,724","13,42793","52,56826",3040818.0,Pankow Süd,5068.0,57.0
51868,11,10,,2019,11,16,6,3,2,6,2,0,1,0,0,0,0,0,"810649,0813","5827082,467","13,57804","52,50517",10030727.0,Biesdorf Süd,7250.0,63.0
51869,11,4,,2019,5,9,5,3,2,6,0,1,1,0,0,0,0,1,"790849,932","5826429,535","13,2866","52,51023",4030417.0,Schloßstraße,2951.0,33.0
51870,11,3,,2019,12,20,3,3,0,1,2,0,0,0,1,0,0,2,"802749,7488","5831845,321","13,46635","52,55229",3050920.0,Weißer See,5564.0,65.0
51871,11,3,,2019,6,16,3,3,5,2,0,1,1,0,0,0,0,0,"801171,3728","5830805,388","13,4422","52,54385",3061429.0,Greifswalder Straße,5261.0,46.0
51872,11,12,,2019,3,16,2,2,9,1,0,0,1,0,0,0,1,1,"795212,5778","5833740,436","13,3572","52,57342",12103218.0,Teichstraße,3970.0,41.0
51873,11,7,,2019,10,8,6,2,5,2,0,0,1,0,1,0,0,0,"798586,454","5817930,464","13,39266","52,42986",7050502.0,Fritz-Werner-Straße,4428.0,56.0
51874,11,2,,2019,8,9,6,3,5,3,0,1,0,0,0,0,0,0,"802719,0926","5825868,964","13,46046","52,49875",2050803.0,Stralauer Kiez,5548.0,37.0
51876,11,7,,2019,6,14,3,3,5,2,0,1,1,0,0,0,0,0,"798728,9858","5817525,866","13,39439","52,42616",7050502.0,Fritz-Werner-Straße,4527.0,63.0
51877,11,1,,2019,3,18,1,3,2,6,2,0,1,0,0,0,0,1,"796191,4313","5825802,629","13,36452","52,50173",1011104.0,Körnerstraße,4049.0,39.0
51878,11,4,,2019,10,9,3,3,5,2,0,0,1,0,0,0,0,1,"790143,4583","5826312,385","13,27612","52,50955",4020311.0,Reichsstraße,2751.0,29.0
51879,11,1,,2019,6,19,4,3,2,6,0,0,1,0,0,0,0,0,"796424,3444","5826341,683","13,36842","52,50644",1011105.0,Nördlicher Landwehrkanal,4150.0,19.0
51880,11,4,,2019,8,8,6,3,2,6,0,0,1,0,0,0,0,0,"788848,5959","5826111,059","13,25692","52,50844",4020208.0,Kranzallee,2451.0,53.0
51881,11,11,,2019,12,15,2,3,5,3,1,1,1,1,0,0,0,0,"803720,1819","5827570,261","13,47671","52,51344",11030721.0,Rüdigerstraße,5752.0,11.0
51882,11,7,,2019,5,6,5,3,0,6,1,0,1,0,0,0,0,0,"795309,7837","5822792,155","13,34891","52,47522",7030303.0,Grazer Platz,3841.0,47.0
51883,11,10,,2019,3,9,1,3,2,6,0,0,1,0,0,0,0,0,"808357,1568","5832104,238","13,54903","52,55147",10010206.0,Ringkolonnaden,6863.0,61.0
51884,11,1,,2019,11,9,7,3,0,7,0,1,0,1,0,0,0,1,"796221,088","5830710,808","13,36933","52,54571",1044201.0,Reinickendorfer Straße,4162.0,48.0
51885,11,7,,2019,11,13,4,3,2,2,0,0,1,0,0,0,0,1,"797761,0026","5823839,953","13,38582","52,48329",7040401.0,Neu-Tempelhof,4343.0,38.0
51886,11,9,,2019,6,8,3,3,5,2,0,1,0,0,0,0,1,0,"806130,044","5821623,894","13,50665","52,4588",9020601.0,Schnellerstraße,6136.0,59.0
51887,11,2,,2019,3,9,1,3,0,1,0,0,0,0,1,0,0,0,"801880,9421","5826548,196","13,44877","52,5053",2040703.0,Wriezener Bahnhof/Entwicklungsgebiet,5350.0,52.0
51888,11,9,,2019,10,7,6,3,2,6,1,0,1,0,0,0,0,1,"804106,561","5824366,79","13,47946","52,48451",9010202.0,Köpenicker Landstraße,5744.0,53.0
51889,11,12,,2019,8,7,6,3,6,4,0,1,1,1,0,0,0,0,"795756,5146","5832664,623","13,36424","52,56348",12103219.0,Schäfersee,4067.0,9.0
51891,11,3,,2019,5,9,4,3,0,3,0,1,1,0,0,0,0,0,"799238,2409","5831933,867","13,41479","52,55503",3061126.0,Arnimplatz,4864.0,14.0
51892,11,7,,2019,9,8,2,3,5,2,0,1,0,0,0,0,1,0,"798857,1817","5817279,695","13,39605","52,42388",7050506.0,Birnhornweg,4526.0,46.0
51893,11,3,,2019,6,14,2,3,6,4,0,0,0,1,1,0,0,0,"798455,4572","5833336,119","13,40454","52,56803",3040614.0,Pankow Zentrum,4668.0,57.0
51894,11,9,,2019,3,16,7,3,0,2,0,1,1,0,0,0,0,1,"802664,624","5825208,522","13,45906","52,49286",9010101.0,Elsenstraße,5446.0,19.0
51895,11,5,,2019,6,2,7,3,9,1,2,0,1,0,0,0,0,0,"783596,1073","5826693,548","13,18023","52,51641",5020524.0,Weinmeisterhornweg,1353.0,41.0
51896,11,3,,2019,12,9,7,3,6,4,0,0,1,1,0,0,0,0,"801350,1421","5831004,525","13,44501","52,54553",3061429.0,Greifswalder Straße,5262.0,43.0
51897,11,9,,2019,5,16,4,3,2,6,0,0,1,0,1,0,1,0,"806505,4757","5821228,664","13,5118","52,45505",9020601.0,Schnellerstraße,6235.0,41.0
51898,11,7,,2019,11,16,1,3,2,6,0,0,1,0,0,0,1,1,"798052,4613","5819460,045","13,38619","52,44387",7050501.0,Rathausstraße,4332.0,40.0
191144,11,12,,2019,1,11,4,3,6,7,0,1,0,1,0,0,0,1,"791681,7592","5838148,279","13,30913","52,61484",12231101.0,Hermsdorf,3282.0,63.0
191145,11,11,,2019,1,17,4,3,5,3,2,0,1,0,0,0,0,1,"805414,1672","5833318,89","13,50688","52,56401",11010310.0,Mühlengrund,6167.0,41.0
191146,11,6,,2019,1,17,4,3,5,2,2,1,1,0,0,0,0,1,"795683,6275","5816883,62","13,34916","52,42206",6020306.0,Lankwitz Süd,3825.0,64.0
191147,11,7,,2019,1,17,4,3,1,5,2,1,0,0,0,0,1,1,"798485,0395","5821664,59","13,39451","52,46339",7040405.0,Rathaus Tempelhof,4538.0,53.0
191148,11,6,,2019,1,16,4,3,5,3,2,1,0,0,0,0,1,1,"793391,8665","5820412,053","13,31866","52,45492",6010101.0,Fichtenberg,3335.0,47.0
191149,11,10,,2019,1,16,4,3,5,3,2,0,1,0,0,0,0,1,"808402,1959","5833051,475","13,55058","52,55993",10010203.0,Gewerbegebiet Bitterfelder Straße,6866.0,65.0