ObjectID,State,District,LOR_ab_2021,AccidentYear,AccidentMonth,AccidentHour,DayOfWeek,AccidentCategory,AccidentType,AccidentTypeDetail,LightingCondition,InvolvingBike,InvolvingCar,InvolvingPedestrian,InvolvingMotorcycle,InvolvingHGV,InvolvingOther,RoadCondition,GraphicCoord1,GraphicCoord2,LongitudeWGS84,LatitudeWGS84,quadrant,quadrant_rank
191150,11,10,,2019,1,7,4,3,6,7,1,0,1,1,0,0,0,1,"808563,9035","5830111,05","13,55022","52,53349",10010309.0,Springpfuhl,6858.0,59.0
191151,11,1,,2019,1,7,4,3,5,2,2,1,0,0,0,0,1,1,"796666,7445","5831961,092","13,377","52,55668",1044201.0,Reinickendorfer Straße,4265.0,5.0
191152,11,4,,2019,1,7,4,3,5,2,2,1,1,0,0,0,0,1,"793333,618","5823074,251","13,32014","52,47882",4051551.0,Brabanter Platz,3442.0,43.0
191153,11,1,,2019,1,6,4,3,2,6,2,0,1,0,0,0,0,1,"798552,7194","5827799,39","13,401","52,51835",1011202.0,Unter den Linden Nord,4654.0,10.0
191154,11,7,,2019,1,6,4,3,6,4,2,0,1,1,0,0,0,1,"797670,5855","5823851,132","13,38451","52,48344",7040401.0,Neu-Tempelhof,4343.0,38.0
191155,11,1,,2019,1,15,4,3,5,3,1,0,1,0,1,0,0,1,"795151,5091","5831044,886","13,3539","52,54929",1044103.0,Westliche Müllerstraße,3963.0,52.0
191156,11,7,,2019,1,5,4,3,5,7,1,0,1,0,0,0,1,1,"795521,952","5824979,321","13,35396","52,49472",7010102.0,Nollendorfplatz,3947.0,56.0
191157,11,3,,2019,1,7,4,3,5,2,2,1,1,0,0,0,0,1,"798135,557","5835470,38","13,40176","52,58733",3020209.0,Niederschönhausen,4674.0,48.0
191158,11,5,,2019,1,8,4,3,6,7,2,0,1,1,0,0,0,1,"783150,3982","5827365,08","13,17425","52,52267",5020523.0,Maulbeerallee,1255.0,61.0
191159,11,6,,2019,1,8,4,3,1,5,0,0,1,0,0,0,1,1,"794724,9696","5821642,714","13,3393","52,46524",6010209.0,Feuerbachstraße,3738.0,53.0
191160,11,1,,2019,1,10,4,3,6,7,0,0,1,1,0,0,0,1,"796800,8498","5830360,098","13,37754","52,54226",1033203.0,Humboldthain Nordwest,4261.0,37.0
191161,11,10,,2019,1,6,4,3,2,2,2,0,1,0,0,0,0,1,"811156,6377","5829142,581","13,58742","52,52334",10020622.0,Kaulsdorf Nord I,7355.0,51.0
191162,11,8,,2019,1,10,4,3,2,6,0,0,1,0,0,0,0,1,"804800,4146","5817834,717","13,48369","52,42558",8041035.0,Blumenviertel,5826.0,49.0
191163,11,6,,2019,1,10,4,2,6,2,0,0,1,1,0,0,0,1,"795366,6662","5818441,87","13,34589","52,4362",6020303.0,Lankwitz Kirche,3730.0,44.0
191164,11,3,,2019,1,10,4,2,2,6,0,0,1,0,0,0,0,1,"798965,8035","5835022,436","13,41357","52,58286",3040614.0,Pankow Zentrum,4872.0,61.0
191165,11,3,,2019,1,9,4,3,0,7,0,0,1,0,0,0,0,1,"802887,3437","5833540,902","13,46992","52,56742",3030716.0,Märchenland,5668.0,59.0
191166,11,5,,2019,1,5,4,3,3,6,2,0,1,0,0,1,0,1,"789585,2893","5829308,583","13,27053","52,53671",5030832.0,Rohrdamm,2659.0,45.0
191167,11,4,,2019,1,16,4,3,5,2,0,0,1,0,0,0,0,1,"791388,2177","5828585,686","13,2964","52,52927",4030518.0,Tegeler Weg,3057.0,55.0
191168,11,2,,2019,1,18,4,3,5,3,2,0,1,0,0,0,0,1,"799550,5246","5825854,841","13,41391","52,50037",2010103.0,Moritzplatz,4848.0,3.0
191169,11,1,,2019,1,16,3,2,6,4,1,0,1,1,0,0,0,0,"794815,6528","5830253,858","13,34826","52,54238",1044103.0,Westliche Müllerstraße,3861.0,37.0
191170,11,12,,2019,1,18,3,3,2,6,2,0,1,0,0,0,0,1,"793422,8871","5833181,411","13,33037","52,56938",12103220.0,Humboldtstraße,3569.0,53.0
191171,11,8,,2019,1,18,4,3,2,6,2,0,1,0,0,0,0,1,"801403,894","5821113,144","13,43684","52,45685",8020619.0,Buschkrugallee Nord,5136.0,62.0
191172,11,2,,2019,1,10,3,3,1,5,0,1,1,0,0,0,0,1,"801855,2577","5827407,853","13,44917","52,51302",2040702.0,Weberwiese,5352.0,35.0
191173,11,1,,2019,1,10,3,3,6,4,0,1,0,1,0,0,0,1,"797863,96","5827637,309","13,39073","52,51727",1011202.0,Unter den Linden Nord,4453.0,15.0
191174,11,2,,2019,1,7,3,3,5,3,2,0,1,0,0,0,0,1,"801767,78","5826253,667","13,44684","52,50272",2040703.0,Wriezener Bahnhof/Entwicklungsgebiet,5249.0,5.0
191175,11,2,,2019,1,22,3,3,6,2,2,0,1,1,0,0,0,1,"798447,1062","5826543,447","13,39832","52,50715",2010102.0,Mehringplatz,4550.0,26.0
191176,11,10,,2019,1,19,3,3,6,2,2,0,1,1,0,0,0,1,"808401,6598","5831204,46","13,54885","52,54338",10010207.0,Marzahner Promenade,6861.0,54.0
191177,11,7,,2019,1,20,3,3,6,7,2,0,1,1,0,0,0,1,"795252,8109","5825058,622","13,35008","52,49557",7010102.0,Nollendorfplatz,3847.0,40.0
191178,11,12,,2019,1,20,3,2,5,3,2,0,1,0,0,0,0,1,"791424,9864","5838774,098","13,3059","52,62059",12231101.0,Hermsdorf,3284.0,61.0
191179,11,7,,2019,1,20,3,3,6,4,1,0,1,1,0,0,0,1,"794696,054","5825759,424","13,34252","52,50216",7010101.0,Wittenbergplatz/Viktoria-Luise-Platz,3749.0,17.0
191180,11,11,,2019,1,19,3,3,1,5,2,1,1,0,0,0,0,1,"803271,6767","5828979,787","13,47141","52,52632",11030618.0,Fennpfuhl West,5656.0,65.0
191181,11,5,,2019,1,18,3,3,2,7,2,0,1,0,0,0,0,1,"784038,9666","5832447,647","13,19166","52,56778",5010101.0,Hakenfelde Nord,1568.0,63.0
191182,11,7,,2019,1,18,3,3,2,6,2,0,1,0,0,0,0,1,"797419,2196","5817417,887","13,37509","52,42591",7060603.0,Marienfelde Nordost,4227.0,57.0
191183,11,5,,2019,1,18,3,2,6,2,2,0,1,1,0,0,0,1,"784801,3049","5828808,961","13,19976","52,53475",5010314.0,Carl-Schurz-Straße,1658.0,8.0
191184,11,4,,2019,1,18,3,3,6,2,2,0,1,1,0,0,0,1,"792901,7162","5823283,34","13,31398","52,48092",4051551.0,Brabanter Platz,3343.0,53.0
191185,11,9,,2019,1,18,3,3,2,6,2,0,1,0,0,0,0,1,"810755,1729","5821229,502","13,57414","52,45265",9051901.0,Dammvorstadt,7134.0,43.0
191186,11,6,,2019,1,18,3,3,2,6,2,0,1,0,0,0,0,1,"792278,5105","5818604,112","13,30074","52,43931",6030610.0,Lichterfelde West,3130.0,63.0
191187,11,6,,2019,1,18,3,2,6,2,2,0,1,1,0,0,0,1,"793894,246","5820966,097","13,32652","52,45962",6010102.0,Schloßstraße,3536.0,43.0
191188,11,1,,2019,1,18,3,3,5,3,2,0,1,0,0,0,0,1,"795162,7209","5827238,239","13,35069","52,51516",1011102.0,Großer Tiergarten,3853.0,44.0
191189,11,4,,2019,1,18,3,3,2,6,2,0,1,0,0,0,0,1,"792016,0472","5824048,571","13,30165","52,48826",4051445.0,Eisenzahnstraße,3145.0,38.0
191190,11,8,,2019,1,17,3,3,5,3,2,1,1,0,0,0,0,1,"802483,13","5822557,723","13,45399","52,4692",8010510.0,Gewerbegebiet Köllnische Heide,5439.0,56.0
191191,11,6,,2019,1,15,3,2,6,4,1,0,1,1,0,0,0,1,"793970,8654","5820791,219","13,32749","52,45801",6010208.0,Bergstraße,3536.0,43.0
191192,11,1,,2019,1,9,3,3,5,2,0,0,1,0,0,0,1,1,"795680,841","5830926,05","13,36158","52,54794",1044201.0,Reinickendorfer Straße,4062.0,45.0
191193,11,2,,2019,1,17,3,3,5,3,2,1,1,0,0,0,0,1,"802670,4969","5828101,141","13,46177","52,51878",2050602.0,Samariterviertel,5554.0,57.0
191194,11,1,,2019,1,17,3,2,0,7,1,0,0,0,1,0,1,1,"796964,3909","5830547,831","13,38011","52,54385",1033202.0,Humboldthain Süd,4361.0,61.0
191195,11,6,,2019,1,17,3,2,6,4,2,0,1,1,0,0,0,1,"788952,8133","5816380,58","13,25003","52,42114",6030504.0,Teltower Damm,2325.0,54.0
191196,11,4,,2019,1,16,3,3,3,6,2,0,1,0,1,0,1,1,"792280,251","5825933,726","13,30718","52,50502",4030929.0,Hindemithplatz,3250.0,40.0
191197,11,3,,2019,1,16,3,2,6,4,2,0,1,1,0,0,0,1,"801441,2256","5830948,672","13,4463","52,54498",3061429.0,Greifswalder Straße,5261.0,46.0
191198,11,12,,2019,1,16,3,3,6,2,2,0,1,1,0,0,0,1,"796755,9131","5833625,172","13,3798","52,57155",12103116.0,Hausotterplatz,4369.0,65.0
191199,11,1,,2019,1,15,3,3,5,3,0,1,1,0,0,0,0,1,"798550,9063","5827801,871","13,40097","52,51837",1011202.0,Unter den Linden Nord,4654.0,10.0
191200,11,1,,2019,1,14,3,2,5,2,0,1,1,0,0,0,0,1,"794569,4748","5828430,72","13,34302","52,52617",1022104.0,Emdener Straße,3756.0,4.0
191201,11,12,,2019,1,13,3,2,6,4,0,0,0,1,1,0,0,1,"793107,7066","5837644,829","13,32968","52,60956",12302212.0,Rollbergesiedlung,3580.0,59.0
191202,11,11,,2019,1,13,3,3,5,3,0,0,1,0,0,0,1,1,"806200,0844","5832525,388","13,51771","52,55646",11020411.0,Malchower Weg,6365.0,62.0
191203,11,1,,2019,1,11,3,3,3,6,0,0,1,0,1,0,0,1,"794549,6452","5828928,155","13,34317","52,53064",1022104.0,Emdener Straße,3757.0,51.0
191204,11,4,,2019,1,11,3,3,5,3,0,0,1,0,0,0,0,1,"789490,8785","5826788,585","13,26695","52,51417",4020311.0,Reichsstraße,2652.0,50.0
191205,11,4,,2019,1,11,3,3,5,3,0,0,1,0,0,0,0,1,"791149,1522","5822595,994","13,28765","52,4757",4041240.0,Messelpark,2941.0,57.0
191206,11,7,,2019,1,12,3,3,0,6,0,0,1,0,0,0,1,1,"796068,961","5824041,766","13,36116","52,48602",7020204.0,Schöneberger Insel,4044.0,52.0
191207,11,9,,2019,1,6,3,3,6,2,2,0,1,1,0,0,0,1,"812138,2612","5820058,41","13,59333","52,44137",9041402.0,Siedlung Kämmereiheide,7431.0,64.0
191208,11,4,,2019,1,17,3,1,6,2,2,0,1,1,0,0,0,1,"790860,2576","5823812,355","13,28447","52,48676",4041134.0,Bismarckallee,2844.0,55.0
191209,11,9,,2019,1,17,2,3,2,7,1,0,1,0,0,0,0,0,"806806,7597","5822000,223","13,51693","52,46179",9020502.0,Oberschöneweide Ost,6337.0,65.0
191210,11,7,,2019,1,16,2,3,6,4,1,0,1,1,0,0,0,1,"795513,7035","5825400,158","13,35421","52,49849",7010102.0,Nollendorfplatz,3948.0,43.0
191211,11,10,,2019,1,18,2,2,6,4,2,0,1,1,0,0,0,1,"811217,4934","5828829,621","13,58802","52,5205",10020622.0,Kaulsdorf Nord I,7354.0,60.0
191212,11,6,,2019,1,19,2,3,1,5,2,0,1,0,0,0,0,1,"788744,6878","5820133,208","13,25022","52,4549",6040804.0,Krumme Lanke,2335.0,62.0
191213,11,6,,2019,1,19,2,3,2,6,2,0,1,0,0,0,0,1,"790386,1534","5820826,214","13,27491","52,46024",6040810.0,Dahlem,2737.0,55.0
191214,11,1,,2019,1,18,2,3,3,6,2,0,1,0,0,0,0,1,"795248,6597","5830966,197","13,35526","52,54853",1044103.0,Westliche Müllerstraße,3962.0,49.0
191215,11,5,,2019,1,21,2,2,9,1,2,0,1,0,0,0,0,1,"782433,7318","5830474,48","13,16636","52,55092",5010206.0,Gütersloher Weg,1163.0,42.0
191216,11,8,,2019,1,22,2,3,2,6,2,0,1,0,0,0,0,1,"800780,1202","5824334,085","13,4306","52,48606",8010301.0,Reuterkiez,5044.0,14.0
191217,11,1,,2019,1,21,2,3,5,2,2,1,0,0,0,0,0,1,"794622,3144","5829867,797","13,34507","52,53902",1044202.0,Sparrplatz,3760.0,45.0
191218,11,12,,2019,1,20,2,2,6,2,2,0,1,1,0,0,0,1,"795271,604","5836364,301","13,3604","52,59691",12302110.0,Dannenwalder Weg,4077.0,58.0
191219,11,8,,2019,1,15,2,3,2,2,0,0,1,0,0,0,0,1,"801457,418","5823887,892","13,44014","52,48169",8010301.0,Reuterkiez,5243.0,34.0
191220,11,3,,2019,1,8,2,3,1,5,1,1,0,0,0,0,1,1,"803691,7695","5831996,151","13,48034","52,55312",3051022.0,Hansastraße,5764.0,57.0
191221,11,5,,2019,1,7,2,3,2,6,1,0,1,0,0,0,0,1,"780851,1062","5820365,75","13,13455","52,4611",5040936.0,Jägerallee,637.0,61.0
191222,11,3,,2019,1,11,2,3,6,4,0,1,0,1,0,0,0,1,"802230,8772","5829345,134","13,45645","52,53017",3061430.0,Volkspark Prenzlauer Berg,5457.0,20.0
191223,11,12,,2019,1,8,2,3,6,2,0,0,1,1,0,0,0,1,"792457,936","5837312,801","13,31982","52,60693",12301205.0,Waidmannslust,3480.0,38.0
191224,11,6,,2019,1,17,2,3,2,2,2,0,1,0,0,0,0,1,"793196,5346","5819800,53","13,31525","52,44954",6030609.0,Augustaplatz,3333.0,61.0
191225,11,2,,2019,1,17,2,3,6,2,2,0,1,1,0,0,0,1,"802288,7021","5826308,91","13,45454","52,50293",2050803.0,Stralauer Kiez,5449.0,56.0
191226,11,1,,2019,1,17,2,3,5,2,2,1,1,0,0,0,0,1,"796947,1418","5826781,323","13,3765","52,5101",1011201.0,Wilhelmstraße,4251.0,2.0
191227,11,3,,2019,1,17,2,3,5,3,2,1,1,0,0,0,0,1,"797412,6341","5833971,338","13,38977","52,57429",3040513.0,Schönholz,4470.0,56.0
191228,11,6,,2019,1,17,2,3,1,5,2,0,1,0,0,0,0,1,"792307,4311","5819306,059","13,30177","52,44559",6030609.0,Augustaplatz,3132.0,61.0
191229,11,4,,2019,1,17,2,3,5,2,2,0,1,0,0,0,0,1,"792707,6303","5825468,019","13,31305","52,50061",4030929.0,Hindemithplatz,3348.0,36.0
191230,11,11,,2019,1,16,2,3,3,6,2,1,1,0,0,0,0,1,"807683,6568","5824547,508","13,53214","52,48413",11051331.0,Karlshorst Nord,6544.0,55.0
191231,11,5,,2019,1,16,2,3,5,3,1,0,1,0,0,0,0,1,"782246,8186","5827617,444","13,16119","52,5254",5020523.0,Maulbeerallee,1056.0,64.0
191232,11,1,,2019,1,16,2,3,5,2,1,1,1,0,0,0,0,1,"796555,0379","5831635,625","13,37507","52,55382",1044201.0,Reinickendorfer Straße,4264.0,38.0
191233,11,3,,2019,1,10,2,3,5,7,0,0,1,0,0,0,0,1,"796038,6181","5836681,631","13,37198","52,59934",3040508.0,Rosenthal,4177.0,61.0
191234,11,11,,2019,1,15,2,3,5,3,0,1,1,0,0,0,0,1,"807451,0942","5824781,364","13,52894","52,48635",11051331.0,Karlshorst Nord,6544.0,55.0
191235,11,6,,2019,1,14,2,3,2,2,0,0,1,0,0,0,0,1,"790288,472","5814825,282","13,26826","52,40649",6030502.0,Zehlendorf Süd,2621.0,57.0
191236,11,11,,2019,1,10,2,3,5,3,0,0,1,0,0,0,0,1,"806690,7674","5833399,321","13,52573","52,56402",11010205.0,Falkenberg West,6467.0,63.0
191237,11,2,,2019,1,14,2,3,4,1,0,0,1,0,0,0,0,1,"799006,6184","5824116,719","13,40436","52,48509",2020205.0,Chamissokiez,4644.0,63.0
191238,11,2,,2019,1,9,2,2,0,1,0,0,0,0,1,0,0,1,"802499,2744","5828272,437","13,45941","52,52041",2050602.0,Samariterviertel,5454.0,53.0
191239,11,1,,2019,1,12,2,3,2,6,0,0,1,0,0,0,0,1,"795189,141","5831031,924","13,35444","52,54915",1044103.0,Westliche Müllerstraße,3963.0,52.0
191240,11,4,,2019,1,11,2,3,5,2,0,0,1,0,1,0,0,1,"792978,3476","5824197,773","13,31591","52,48908",4051550.0,Leon-Jessel-Platz,3345.0,42.0
191241,11,4,,2019,1,16,2,3,5,2,2,0,1,0,0,0,0,1,"791793,2011","5827482,791","13,30139","52,51917",4030620.0,Alt-Lietzow,3154.0,20.0
191242,11,2,,2019,1,9,2,3,5,3,1,1,1,0,0,0,0,1,"800663,9747","5825829,873","13,43024","52,49953",2030302.0,Lausitzer Platz,5048.0,24.0
191243,11,6,,2019,1,15,2,3,4,6,0,0,1,0,0,0,0,1,"790235,1135","5817526,811","13,26982","52,43074",6030503.0,Zehlendorf Mitte,2628.0,59.0
191244,11,12,,2019,1,11,2,3,6,2,0,0,1,1,0,0,0,1,"792370,2405","5834065,165","13,31566","52,57787",12301203.0,Wittenau Süd,3371.0,40.0
191245,11,12,,2019,1,15,2,3,2,6,1,0,1,0,0,0,0,1,"793010,8451","5832184,233","13,32343","52,56066",12214424.0,Scharnweberstraße,3466.0,46.0
191246,11,4,,2019,1,9,2,3,5,2,0,0,1,0,1,0,0,1,"794080,368","5826308,074","13,33396","52,50741",4030931.0,Breitscheidplatz,3650.0,32.0
191247,11,1,,2019,1,8,2,3,6,4,0,0,1,1,0,0,0,1,"798072,8443","5828938,187","13,39497","52,52882",1011302.0,Oranienburger Straße,4557.0,40.0
191248,11,6,,2019,1,8,2,2,5,2,0,0,1,0,0,0,0,1,"793602,8879","5815904,581","13,31779","52,4144",6020411.0,Schütte-Lanz-Straße,3323.0,62.0
191249,11,4,,2019,1,8,2,3,5,2,1,1,1,0,0,0,0,1,"793066,1918","5827662,759","13,32025","52,5201",4030621.0,Spreestadt,3454.0,49.0
191250,11,1,,2019,1,8,2,2,6,4,0,0,1,1,0,0,0,1,"796423,6076","5830099,48","13,37176","52,54012",1033203.0,Humboldthain Nordwest,4160.0,4.0
191251,11,4,,2019,1,7,2,3,6,2,1,0,1,1,0,0,0,1,"792903,0441","5827393,842","13,31762","52,51777",4030620.0,Alt-Lietzow,3353.0,38.0
191252,11,8,,2019,1,7,2,2,6,4,2,0,1,1,0,0,0,1,"800497,6287","5819307,986","13,42192","52,44117",8020621.0,Mohriner Allee Nord,4931.0,61.0
191253,11,5,,2019,1,6,2,3,6,2,2,0,1,1,0,0,0,1,"785772,7965","5828538,105","13,21381","52,53182",5010339.0,Freiheit,1858.0,63.0
191254,11,12,,2019,1,6,2,3,5,3,2,0,1,0,1,0,0,1,"791052,558","5835457,9","13,29749","52,59106",12304314.0,Ziekowstraße/Freie Scholle,3075.0,58.0
191255,11,10,,2019,1,18,2,3,1,5,2,1,0,0,0,0,1,1,"806707,6319","5830267,094","13,52309","52,53594",10010308.0,Marzahner Chaussee,6459.0,59.0
191256,11,2,,2019,1,11,2,3,5,3,0,0,1,0,0,0,1,1,"798599,0847","5825578,718","13,39969","52,49841",2010104.0,Wassertorplatz,4548.0,24.0
191257,11,9,,2019,1,13,1,3,1,5,0,1,1,0,0,0,0,0,"814597,8148","5820806,934","13,6301","52,44667",9051702.0,Bölschestraße,8033.0,63.0
191258,11,1,,2019,1,18,1,3,2,6,2,0,1,0,0,0,0,0,"797521,1463","5829439,683","13,38731","52,53361",1033202.0,Humboldthain Süd,4458.0,48.0
191259,11,5,,2019,1,17,1,2,5,3,2,1,1,0,0,0,0,0,"787974,9746","5830384,9","13,24778","52,54721",5030731.0,Gartenfelder Straße,2362.0,54.0
191260,11,2,,2019,1,16,1,3,2,6,2,0,1,0,0,0,0,0,"800796,0483","5828199,008","13,43432","52,52069",2040502.0,Friedenstraße,5154.0,55.0
191261,11,1,,2019,1,16,1,3,5,2,2,1,1,0,0,0,0,0,"799582,7043","5828043,697","13,41635","52,51997",1011304.0,Karl-Marx-Allee,4854.0,36.0
191262,11,6,,2019,1,14,1,2,5,3,0,1,1,0,0,0,0,0,"790022,8251","5815953,84","13,26535","52,41675",6030504.0,Teltower Damm,2624.0,65.0
191263,11,12,,2019,1,3,1,2,6,4,2,0,1,1,0,0,0,0,"793835,9265","5836156,962","13,33908","52,59583",12302107.0,Schorfheidestraße,3676.0,38.0
191264,11,7,,2019,1,14,7,3,3,7,0,1,1,0,0,0,0,1,"795683,979","5824075,812","13,35554","52,48653",7020203.0,Kaiser-Wilhelm-Platz,3944.0,21.0
191265,11,1,,2019,1,11,7,3,2,6,0,0,1,0,0,0,0,1,"795748,0805","5831894,937","13,36343","52,55659",1044203.0,Leopoldplatz,4065.0,7.0
191266,11,1,,2019,1,9,7,2,4,1,0,0,1,0,0,0,1,1,"794288,6194","5829929,113","13,34022","52,53975",1044101.0,Rehberge,3760.0,45.0
191267,11,1,,2019,1,6,7,3,5,3,2,1,1,0,0,0,0,1,"799682,2285","5827210,083","13,41706","52,51244",1011305.0,Heine-Viertel West,4852.0,45.0
191268,11,8,,2019,1,0,7,3,2,2,2,0,1,0,0,1,0,1,"800515,3649","5823440,356","13,4259","52,4782",8010117.0,Schillerpromenade,4942.0,18.0
191269,11,8,,2019,1,21,7,3,6,2,2,0,1,1,0,0,0,1,"800523,707","5823439,842","13,42603","52,47819",8010117.0,Schillerpromenade,4942.0,18.0
191270,11,3,,2019,1,18,7,3,6,7,2,0,1,1,0,0,0,1,"799550,1268","5829909,848","13,41756","52,53672",3071537.0,Kollwitzplatz,4859.0,52.0
191271,11,10,,2019,1,17,7,3,2,6,2,0,1,0,0,0,0,1,"806566,5664","5828143,401","13,51905","52,51698",10010308.0,Marzahner Chaussee,6353.0,65.0
191272,11,5,,2019,1,17,7,3,2,6,2,0,1,0,0,0,0,1,"783707,0794","5830174,9","13,18484","52,54757",5010207.0,Darbystraße,1462.0,37.0
191273,11,6,,2019,1,17,7,3,6,4,2,0,1,1,0,0,0,2,"793277,3834","5819081,06","13,31581","52,44305",6030609.0,Augustaplatz,3332.0,58.0
191274,11,10,,2019,1,19,6,2,0,1,2,0,0,0,1,0,0,1,"809978,9619","5832086,215","13,57286","52,55039",10010206.0,Ringkolonnaden,7163.0,56.0
191275,11,12,,2019,1,12,6,3,5,2,0,1,1,0,0,0,0,0,"795583,1887","5833129,154","13,3621","52,56774",12103219.0,Schäfersee,4068.0,46.0
191276,11,7,,2019,1,22,6,3,5,3,2,0,1,0,0,0,0,1,"799071,3713","5821704,569","13,40315","52,46343",7040405.0,Rathaus Tempelhof,4638.0,48.0
191277,11,5,,2019,1,21,6,3,8,1,2,0,1,0,0,0,0,1,"779812,4477","5827763,774","13,12552","52,52797",5020521.0,Döberitzer Weg,556.0,60.0
191278,11,1,,2019,1,21,6,3,3,6,2,0,0,0,1,0,1,1,"796810,3688","5828836,178","13,37632","52,52859",1011301.0,Charitéviertel,4257.0,20.0
191279,11,12,,2019,1,20,6,2,6,4,2,0,1,1,0,0,0,1,"792550,2063","5832825,256","13,31722","52,56665",12214424.0,Scharnweberstraße,3368.0,49.0
191280,11,2,,2019,1,18,6,3,6,4,2,1,0,1,0,0,0,1,"802724,4493","5826970,822","13,46154","52,50862",2050802.0,Boxhagener Platz,5551.0,40.0
191281,11,11,,2019,1,13,6,3,5,2,0,1,1,0,0,0,0,1,"806700,2883","5833982,649","13,52641","52,56924",11010204.0,Falkenberg Ost,6468.0,61.0
191282,11,10,,2019,1,15,6,3,5,3,0,1,1,0,0,0,0,1,"811939,0391","5828947,763","13,59873","52,52114",10040828.0,Kaulsdorf Nord,7554.0,63.0
191283,11,4,,2019,1,14,6,3,1,5,0,0,1,0,0,0,0,1,"791884,5998","5830685,551","13,30554","52,54783",4010102.0,Plötzensee,3162.0,49.0
191284,11,4,,2019,1,15,6,3,5,3,1,1,1,0,0,0,0,1,"791526,2229","5823555,477","13,29402","52,4841",4041238.0,Kissinger Straße,3044.0,50.0
191285,11,12,,2019,1,14,6,3,6,2,0,0,1,1,0,0,0,1,"795762,2327","5832568,706","13,36424","52,56262",12103219.0,Schäfersee,4067.0,9.0
191286,11,2,,2019,1,16,6,3,6,4,2,1,0,1,0,0,0,1,"801344,3756","5825832,702","13,44024","52,49918",2030402.0,Wrangelkiez,5248.0,21.0
191287,11,2,,2019,1,13,6,3,0,7,0,0,1,0,1,0,0,1,"799182,9373","5825887,246","13,40854","52,50086",2010103.0,Moritzplatz,4748.0,28.0
191288,11,4,,2019,1,10,6,3,5,5,0,0,1,0,0,0,0,1,"791604,7108","5825598,563","13,29697","52,50237",4030726.0,Droysenstraße,3049.0,57.0
191289,11,4,,2019,1,13,6,3,5,5,0,0,1,0,0,1,0,1,"791003,6485","5827416,25","13,28972","52,51899",4030415.0,Schloßgarten,2954.0,41.0
191290,11,6,,2019,1,14,6,3,2,3,0,0,1,0,0,0,0,1,"795325,8523","5819972,578","13,34665","52,44994",6010205.0,Südende,3834.0,50.0
191291,11,12,,2019,1,13,6,3,1,5,0,0,1,0,0,0,0,1,"795019,4426","5832550,563","13,3533","52,56286",12103219.0,Schäfersee,3967.0,65.0
191292,11,11,,2019,1,8,6,3,5,3,1,0,1,0,0,0,1,1,"804831,7172","5833773,047","13,49873","52,56841",11010309.0,Zingster Straße West,6068.0,65.0
191293,11,11,,2019,1,5,6,3,5,3,2,1,1,0,0,0,0,1,"806141,1634","5826839,339","13,51161","52,50553",11040926.0,Weitlingstraße,6250.0,55.0
191294,11,5,,2019,1,5,6,3,6,2,2,0,1,1,0,0,0,0,"781549,0073","5830710,248","13,15355","52,55349",5010206.0,Gütersloher Weg,964.0,53.0
191295,11,8,,2019,1,12,6,3,5,3,0,0,1,0,0,0,1,1,"802005,5721","5823298,882","13,44765","52,47611",8010404.0,Rixdorf,5341.0,41.0
191296,11,2,,2019,1,11,5,3,0,6,0,0,1,0,0,0,1,0,"800239,2754","5824610,488","13,4229","52,48884",2020206.0,Graefekiez,4945.0,47.0
191297,11,1,,2019,1,15,5,3,2,6,0,0,1,0,0,0,0,0,"797271,7032","5831271,241","13,38528","52,55017",1033102.0,Gesundbrunnen,4363.0,22.0
191298,11,5,,2019,1,15,5,2,5,2,0,0,1,0,1,0,0,0,"785164,463","5828949,436","13,20522","52,53582",5010314.0,Carl-Schurz-Straße,1759.0,52.0
191299,11,8,,2019,1,22,5,3,5,2,2,0,1,0,0,0,0,0,"802008,6722","5822421,633","13,4469","52,46824",8010214.0,Glasower Straße,5339.0,64.0
191300,11,4,,2019,1,14,5,2,5,3,0,1,1,0,0,0,0,0,"790741,7102","5822643,997","13,28171","52,47635",4041240.0,Messelpark,2841.0,54.0
191301,11,9,,2019,1,14,5,3,5,3,0,1,1,0,0,0,0,0,"811002,3572","5821743,476","13,57824","52,45712",9051901.0,Dammvorstadt,7236.0,45.0
191302,11,4,,2019,1,14,5,3,5,2,0,0,1,0,0,0,0,1,"793513,1987","5825445,268","13,32487","52,49998",4030931.0,Breitscheidplatz,3448.0,49.0
191303,11,3,,2019,1,12,5,2,6,4,0,0,1,1,0,0,0,0,"802011,4662","5829665,872","13,45351","52,53317",3061430.0,Volkspark Prenzlauer Berg,5358.0,56.0
191304,11,9,,2019,1,19,5,3,6,4,2,0,1,1,0,0,0,0,"814210,095","5822012,573","13,62555","52,4577",9051702.0,Bölschestraße,7936.0,55.0
191305,11,1,,2019,1,13,5,3,5,2,0,0,1,0,1,0,0,1,"795271,403","5826033,423","13,35121","52,5043",1011103.0,Lützowstraße,3850.0,33.0
191306,11,5,,2019,1,17,5,2,6,4,2,0,1,1,0,0,0,0,"782241,2936","5830282,975","13,16337","52,5493",5010206.0,Gütersloher Weg,1063.0,62.0
191307,11,3,,2019,1,17,5,3,5,2,2,1,1,0,0,0,0,0,"802590,616","5829279,205","13,46167","52,52938",11030618.0,Fennpfuhl West,5557.0,49.0
191308,11,12,,2019,1,21,5,2,0,1,2,0,0,0,1,0,0,0,"793461,1474","5836991,598","13,33431","52,60351",12302211.0,Lübarser Straße,3679.0,62.0