ObjectID,State,District,LOR_ab_2021,AccidentYear,AccidentMonth,AccidentHour,DayOfWeek,AccidentCategory,AccidentType,AccidentTypeDetail,LightingCondition,InvolvingBike,InvolvingCar,InvolvingPedestrian,InvolvingMotorcycle,InvolvingHGV,InvolvingOther,RoadCondition,GraphicCoord1,GraphicCoord2,LongitudeWGS84,LatitudeWGS84,quadrant,quadrant_rank
191309,11,1,,2019,1,11,5,3,5,2,0,0,1,0,0,0,0,1,"795437,3276","5829538,445","13,35676","52,53563",1022201.0,Stephankiez,3959.0,52.0
191310,11,7,,2019,1,11,5,3,6,7,0,0,1,1,0,0,0,1,"795083,0432","5825592,153","13,34806","52,50045",7010102.0,Nollendorfplatz,3848.0,36.0
191311,11,4,,2019,1,10,5,2,5,3,0,1,1,0,0,0,0,0,"789838,0797","5827374,657","13,27256","52,51924",4020310.0,Park Ruhwald,2754.0,42.0
191312,11,7,,2019,1,8,5,3,3,6,0,1,0,0,0,0,1,0,"797408,7747","5820428,288","13,37761","52,4529",7040404.0,Marienhöhe,4234.0,52.0
191313,11,8,,2019,1,8,5,3,5,3,0,1,1,0,0,0,0,0,"804215,013","5816452,578","13,47385","52,41352",8041036.0,Zittauer Straße,5723.0,61.0
191314,11,5,,2019,1,6,5,3,5,2,2,0,1,0,0,0,0,0,"780872,9875","5828321,922","13,14158","52,53242",5020419.0,Magistratsweg,758.0,54.0
191315,11,1,,2019,1,6,5,3,6,2,2,0,1,1,0,0,0,0,"796097,8993","5828437,105","13,36549","52,5254",1022206.0,Lüneburger Straße,4056.0,47.0
191316,11,8,,2019,1,21,4,3,1,5,2,1,1,0,0,0,0,0,"801099,3013","5822182,291","13,43334","52,4666",8010214.0,Glasower Straße,5038.0,31.0
191317,11,3,,2019,1,18,4,3,0,5,2,0,1,0,1,0,0,1,"800484,4344","5829484,347","13,4309","52,53239",3071639.0,Bötzowstraße,5058.0,45.0
191318,11,4,,2019,1,18,4,3,5,3,2,1,1,0,0,0,0,0,"792965,1076","5826950,747","13,31814","52,51377",4030623.0,Ernst-Reuter-Platz,3352.0,26.0
191319,11,2,,2019,1,16,4,3,2,6,2,0,1,0,0,0,0,1,"801385,6543","5828739,203","13,44347","52,52521",2040503.0,Richard-Sorge-Viertel,5256.0,48.0
191320,11,1,,2019,1,14,4,3,3,6,0,0,1,0,0,0,0,0,"797734,0961","5827617,167","13,38881","52,51716",1011202.0,Unter den Linden Nord,4453.0,15.0
191321,11,6,,2019,1,13,4,3,2,6,0,0,1,0,0,0,0,1,"791938,5768","5819049,864","13,29614","52,44349",6030610.0,Lichterfelde West,3032.0,48.0
191322,11,8,,2019,1,12,4,3,5,3,0,0,1,0,0,0,0,1,"801239,357","5822480,497","13,43566","52,46919",8010213.0,Körnerpark,5139.0,41.0
191323,11,4,,2019,1,12,4,3,6,2,0,0,1,1,0,0,0,0,"790701,947","5822699,462","13,28117","52,47687",4041136.0,Hagenplatz,2841.0,54.0
191324,11,10,,2019,1,12,4,3,2,6,0,0,1,0,0,0,1,1,"806514,9359","5829428,772","13,51948","52,52853",10010308.0,Marzahner Chaussee,6357.0,60.0
191325,11,4,,2019,1,11,4,2,6,4,0,0,0,1,0,0,1,1,"793448,3446","5826561,315","13,3249","52,51002",4030623.0,Ernst-Reuter-Platz,3451.0,50.0
191326,11,7,,2019,1,10,4,3,5,3,0,0,1,0,0,0,0,1,"799936,3633","5816020,422","13,41074","52,412",7070702.0,Alt-Lichtenrade/Töpchiner Weg,4723.0,63.0
191327,11,6,,2019,1,7,4,3,2,7,1,0,1,0,0,0,0,1,"790181,2916","5815258,344","13,26707","52,41043",6030504.0,Teltower Damm,2622.0,54.0
191328,11,11,,2019,1,13,4,3,4,7,0,0,1,0,0,0,0,0,"805314,4795","5827226,316","13,49982","52,50947",11040926.0,Weitlingstraße,6051.0,55.0
191329,11,12,,2019,1,16,3,3,4,1,2,0,1,0,0,0,0,1,"790857,2","5839961,151","13,29858","52,63153",12231102.0,Frohnau,3087.0,65.0
191330,11,7,,2019,1,17,3,2,2,6,2,0,1,0,0,0,0,1,"793973,2127","5822309,529","13,32886","52,47162",7030301.0,Friedenau,3540.0,51.0
191331,11,6,,2019,1,17,3,3,6,2,2,0,1,1,0,0,0,1,"795051,1934","5819613,273","13,3423","52,44687",6010206.0,Stadtpark,3733.0,55.0
191332,11,8,,2019,1,16,3,3,5,3,2,0,1,0,0,0,0,1,"805840,7675","5816730,83","13,49793","52,41511",8041038.0,Waßmannsdorfer Chaussee,6023.0,59.0
191333,11,5,,2019,1,6,3,3,2,6,2,0,1,0,0,0,0,1,"787003,1036","5828154,798","13,23157","52,52773",5010339.0,Freiheit,2056.0,62.0
191334,11,2,,2019,1,5,3,3,5,3,2,0,1,0,0,0,0,1,"798931,0484","5826353,186","13,40526","52,50517",2010103.0,Moritzplatz,4650.0,45.0
191335,11,1,,2019,1,17,3,3,1,5,2,0,1,0,0,0,0,1,"796295,3414","5828281,21","13,36826","52,5239",1022206.0,Lüneburger Straße,4155.0,51.0
191336,11,1,,2019,1,2,3,2,6,4,2,0,1,1,0,0,0,1,"800120,202","5826877,772","13,4232","52,50922",1011306.0,Heine-Viertel Ost,4951.0,32.0
191337,11,1,,2019,1,3,3,3,6,2,2,0,1,1,0,0,0,1,"796032,8411","5830350,533","13,36624","52,54259",1044202.0,Sparrplatz,4161.0,54.0
191338,11,7,,2019,1,15,4,3,1,5,0,1,1,0,0,0,0,1,"796131,3631","5824119,694","13,36215","52,48668",7020203.0,Kaiser-Wilhelm-Platz,4044.0,52.0
191339,11,2,,2019,1,4,3,3,5,2,2,0,1,0,0,0,0,1,"801758,0573","5826253,305","13,44669","52,50272",2040703.0,Wriezener Bahnhof/Entwicklungsgebiet,5249.0,5.0
191340,11,7,,2019,1,0,3,2,6,4,2,0,1,1,0,0,0,1,"794995,8834","5823455,023","13,34488","52,48134",7020202.0,Volkspark (Rudolf-Wilde-Park),3743.0,63.0
191341,11,7,,2019,1,1,3,2,5,3,2,0,1,0,0,0,1,1,"799789,6539","5813976,948","13,40676","52,39377",7070703.0,John-Locke-Straße,4717.0,54.0
191342,11,1,,2019,1,3,3,3,5,3,2,0,1,0,0,0,1,1,"797560,8201","5827406,867","13,38607","52,51537",1011203.0,Unter den Linden Süd,4353.0,37.0
191345,11,1,,2019,1,15,4,3,2,6,0,0,1,0,0,0,0,1,"794584,1741","5828548,339","13,34334","52,52722",1022104.0,Emdener Straße,3756.0,4.0
191353,11,7,,2019,1,15,4,3,2,6,0,0,1,0,0,0,0,1,"795831,2553","5820978,767","13,35495","52,45869",7030303.0,Grazer Platz,3936.0,50.0
191362,11,5,,2019,1,14,4,3,5,3,0,0,1,0,0,0,0,0,"788046,7554","5829307,035","13,24791","52,53751",5030833.0,Motardstraße,2359.0,44.0
191366,11,5,,2019,1,14,4,3,5,3,0,0,1,0,0,0,1,1,"782450,6498","5828511,164","13,16494","52,53331",5020417.0,Staakener Straße,1158.0,56.0
191369,11,4,,2019,1,17,4,2,0,7,2,0,1,0,0,0,0,1,"791120,432","5829146,564","13,29296","52,53444",4010103.0,Paul-Hertz-Siedlung,3058.0,38.0
191371,11,3,,2019,1,13,4,3,5,3,0,0,1,0,0,0,0,1,"796557,9558","5840100,935","13,38269","52,6297",3020203.0,Blankenfelde,4386.0,61.0
191372,11,8,,2019,1,13,4,3,5,7,0,0,1,0,0,0,0,1,"801331,1339","5819998,801","13,43477","52,4469",8020622.0,Parchimer Allee,5133.0,32.0
191376,11,2,,2019,1,13,4,3,5,7,0,0,1,0,1,0,0,1,"797846,3633","5825288,106","13,38837","52,49622",2020202.0,Rathaus Yorckstraße,4447.0,16.0
191378,11,6,,2019,1,12,4,3,5,3,0,0,1,0,0,0,0,1,"789617,1237","5819794,86","13,26273","52,4514",6040808.0,Hüttenweg,2534.0,59.0
191381,11,4,,2019,1,16,4,3,2,6,1,0,1,0,0,0,0,1,"793363,2268","5829646,419","13,32637","52,53772",4010102.0,Plötzensee,3559.0,22.0
191388,11,3,,2019,1,18,4,3,2,2,2,0,1,0,0,0,0,1,"800051,1093","5835717,651","13,43017","52,5885",3040614.0,Pankow Zentrum,5074.0,56.0
191391,11,1,,2019,1,18,4,3,5,3,2,0,1,0,0,0,0,1,"800315,8415","5827620,451","13,42674","52,51577",2040701.0,Andreasviertel,5053.0,45.0
191400,11,4,,2019,1,12,4,3,2,6,0,0,1,0,0,0,0,1,"793147,5946","5825616,966","13,31965","52,50171",4030930.0,George-Grosz-Platz,3449.0,40.0
191406,11,11,,2019,1,19,6,3,0,1,2,0,1,0,0,0,0,1,"803556,1403","5829737,47","13,47628","52,53295",11030619.0,Fennpfuhl Ost,5758.0,52.0
191407,11,1,,2019,1,17,6,2,1,5,2,1,1,0,0,0,0,1,"797337,1087","5827137,561","13,38254","52,51308",1011201.0,Wilhelmstraße,4352.0,37.0
191408,11,12,,2019,1,17,6,3,1,5,2,0,1,0,0,0,0,1,"794629,572","5832993,654","13,34796","52,56704",12103218.0,Teichstraße,3868.0,48.0
191409,11,1,,2019,1,17,6,3,5,3,2,0,1,0,0,0,0,0,"798573,0321","5826872,267","13,40046","52,51002",1011204.0,Leipziger Straße,4651.0,31.0
191410,11,9,,2019,1,16,6,3,0,6,0,0,1,0,0,0,1,0,"812540,845","5820115,604","13,59929","52,44165",9041402.0,Siedlung Kämmereiheide,7531.0,59.0
191411,11,5,,2019,1,15,6,2,1,1,0,0,1,0,0,1,0,0,"785353,5319","5827856,651","13,20706","52,52593",5020627.0,Tiefwerder,1756.0,58.0
191412,11,6,,2019,1,15,6,3,0,1,0,0,0,0,1,0,0,2,"787445,911","5816273,066","13,22783","52,42097",6030501.0,Berlepschstraße,2025.0,63.0
191413,11,10,,2019,1,14,6,3,2,2,0,0,1,0,0,0,0,0,"813363,6541","5830117,118","13,62076","52,53081",10020517.0,Adele-Sandrock-Straße,7857.0,55.0
191414,11,10,,2019,1,14,6,3,5,2,0,1,1,0,0,0,0,1,"809052,6057","5828645,993","13,55604","52,52008",10030724.0,Oberfeldstraße,6954.0,63.0
191415,11,4,,2019,1,14,6,3,1,5,0,0,1,0,0,0,0,0,"792163,2858","5827963,177","13,30725","52,52327",4030519.0,Kaiserin-Augusta-Allee,3255.0,52.0
191416,11,1,,2019,1,13,6,3,5,2,0,0,1,0,0,0,0,0,"798703,146","5827080,377","13,40256","52,51182",1011204.0,Leipziger Straße,4652.0,24.0
191417,11,11,,2019,1,13,6,3,5,7,0,0,1,0,0,0,1,0,"803243,9063","5830239,802","13,47215","52,53763",11020513.0,Orankesee,5659.0,55.0
191418,11,5,,2019,1,13,6,2,2,6,0,0,1,0,0,0,0,0,"785302,7585","5830833,743","13,20887","52,55264",5010311.0,Eiswerder,1764.0,58.0
191419,11,1,,2019,1,12,6,3,5,2,0,1,0,0,0,1,0,0,"796230,7775","5828511,857","13,36751","52,526",1022206.0,Lüneburger Straße,4156.0,34.0
191420,11,2,,2019,1,0,6,3,5,3,2,1,1,0,0,0,0,1,"800119,0774","5825731,95","13,42215","52,49895",2030301.0,Oranienplatz,4948.0,23.0
191421,11,11,,2019,1,6,6,3,6,4,2,0,1,1,0,0,0,1,"803297,6726","5826311,238","13,46936","52,50239",2050803.0,Stralauer Kiez,5649.0,33.0
191422,11,10,,2019,1,6,6,3,6,2,2,0,1,1,0,0,0,1,"810915,125","5829239,809","13,58396","52,52435",10020622.0,Kaulsdorf Nord I,7355.0,51.0
191423,11,3,,2019,1,7,6,3,5,3,1,1,1,0,0,0,0,2,"798347,317","5838420,913","13,40753","52,61366",3020307.0,Buchholz,4781.0,65.0
191424,11,7,,2019,1,7,6,3,6,2,1,0,1,1,0,0,0,1,"794807,5724","5824461,898","13,34301","52,49046",7020201.0,Bayerischer Platz,3745.0,36.0
191425,11,2,,2019,1,7,6,2,6,4,1,0,1,1,0,0,0,1,"800728,157","5828471,679","13,43357","52,52318",2040502.0,Friedenstraße,5155.0,43.0
191426,11,7,,2019,1,8,6,3,6,2,0,0,1,1,0,0,0,1,"794426,7776","5822340,798","13,33554","52,47166",7030301.0,Friedenau,3640.0,55.0
191427,11,1,,2019,1,8,6,3,6,4,0,1,0,1,0,0,0,1,"799722,7643","5827451,541","13,41788","52,51459",1011303.0,Alexanderplatzviertel,4853.0,18.0
191428,11,7,,2019,1,8,6,3,1,5,0,1,1,0,0,0,0,0,"795383,5017","5824674,199","13,35166","52,49206",7010103.0,Barbarossaplatz,3846.0,63.0
191429,11,10,,2019,1,9,6,3,5,2,0,0,1,0,0,0,0,1,"809592,1697","5828542,285","13,56387","52,51885",10030724.0,Oberfeldstraße,7054.0,53.0
191430,11,1,,2019,1,11,6,3,2,7,0,0,1,0,0,0,0,0,"798476,0178","5826665,289","13,39885","52,50822",1011204.0,Leipziger Straße,4551.0,40.0
191431,11,8,,2019,1,10,6,3,2,6,0,0,1,0,0,0,1,1,"803593,2646","5818127,475","13,46626","52,42887",8030829.0,Gropiusstadt Nord,5527.0,60.0
191432,11,12,,2019,1,12,6,3,5,3,0,0,1,0,0,0,1,0,"791009,0428","5831336,575","13,29324","52,55413",12214125.0,Waldidyll/Flughafensee,3064.0,60.0
191433,11,1,,2019,1,10,1,3,5,3,0,0,1,0,0,0,0,0,"796401,6239","5826271,435","13,36803","52,50582",1011104.0,Körnerstraße,4150.0,19.0
191434,11,2,,2019,1,10,6,3,1,7,0,0,1,0,0,0,0,0,"801302,1669","5827438,229","13,44107","52,5136",2040702.0,Weberwiese,5252.0,55.0
191435,11,1,,2019,1,7,5,3,5,2,2,1,1,0,0,0,0,1,"794577,312","5829787,053","13,34434","52,53833",1022103.0,Westhafen,3759.0,54.0
191436,11,1,,2019,1,5,5,3,5,2,2,0,1,0,0,0,0,1,"795522,703","5828217,893","13,35685","52,52375",1022206.0,Lüneburger Straße,3955.0,57.0
191437,11,4,,2019,1,21,5,3,6,2,2,0,1,1,0,0,0,1,"792295,0412","5825875,467","13,30735","52,50449",4030929.0,Hindemithplatz,3250.0,40.0
191438,11,9,,2019,1,20,5,2,3,6,2,1,1,0,0,0,0,1,"811813,9744","5818128,414","13,58678","52,42426",9041301.0,Kietzer Feld/Nachtheide,7326.0,60.0
191439,11,7,,2019,1,19,5,3,6,7,2,0,1,1,0,0,0,1,"794039,6717","5821660,771","13,32926","52,46577",7030301.0,Friedenau,3538.0,44.0
191440,11,10,,2019,1,19,5,3,6,3,2,0,1,1,0,0,0,1,"809554,0766","5834201,242","13,56859","52,56958",10010102.0,Havemannstraße,7169.0,62.0
191441,11,11,,2019,1,18,5,2,6,2,2,0,1,1,0,0,0,1,"806327,0348","5833881,203","13,52083","52,56854",11010205.0,Falkenberg West,6368.0,50.0
191442,11,3,,2019,1,18,7,3,4,6,2,0,1,0,0,0,0,1,"804114,5183","5841795,36","13,49555","52,64071",3010101.0,Bucher Forst,6089.0,64.0
191443,11,1,,2019,1,19,5,3,2,6,2,0,1,0,0,0,0,1,"795780,4206","5831878,15","13,36389","52,55642",1044203.0,Leopoldplatz,4065.0,7.0
191444,11,1,,2019,1,18,5,3,5,3,1,1,1,0,0,0,0,1,"796972,821","5831932,165","13,38148","52,55625",1044201.0,Reinickendorfer Straße,4365.0,7.0
191445,11,2,,2019,1,18,5,3,5,2,2,1,1,0,0,0,0,1,"797663,4119","5826303,921","13,38659","52,50543",2010101.0,Askanischer Platz,4450.0,25.0
191446,11,8,,2019,1,18,5,3,5,7,2,0,1,0,1,0,0,1,"801806,3459","5822373,627","13,44389","52,46792",8010214.0,Glasower Straße,5239.0,47.0
191447,11,9,,2019,1,18,5,2,6,2,2,0,1,1,0,0,0,1,"805021,3747","5822710,888","13,49138","52,46916",9010301.0,Baumschulenstraße,5939.0,38.0
191448,11,1,,2019,1,18,5,3,3,6,2,1,1,0,0,0,0,1,"797479,1497","5827939,21","13,38535","52,52019",1011202.0,Unter den Linden Nord,4354.0,42.0
191449,11,2,,2019,1,18,5,2,0,2,2,0,1,0,0,0,1,1,"801214,3038","5828623,932","13,44085","52,52427",2040502.0,Friedenstraße,5255.0,60.0
191450,11,4,,2019,1,13,5,3,6,2,0,0,1,1,0,0,0,0,"792076,7259","5826805,57","13,30496","52,51294",4030622.0,Richard-Wagner-Straße,3152.0,19.0
191451,11,1,,2019,1,11,5,2,6,4,0,0,0,1,0,0,1,0,"797241,9275","5829079,206","13,38288","52,53053",1011301.0,Charitéviertel,4357.0,21.0
191452,11,6,,2019,1,12,5,3,1,5,0,1,1,0,0,0,0,0,"795101,9224","5818278,263","13,34186","52,43487",6020303.0,Lankwitz Kirche,3729.0,56.0
191453,11,4,,2019,1,14,5,2,5,7,0,0,1,0,0,0,0,0,"793918,284","5825306,031","13,33069","52,49851",4051448.0,Schaperstraße,3548.0,45.0
191454,11,4,,2019,1,18,7,3,1,5,2,1,1,0,0,0,1,0,"791116,6958","5824761,653","13,28906","52,49513",4031032.0,Halensee,2947.0,18.0
191455,11,6,,2019,1,14,5,2,2,3,0,1,1,0,0,0,0,0,"790189,3252","5815242,842","13,26717","52,41029",6030504.0,Teltower Damm,2622.0,54.0
191456,11,1,,2019,1,15,5,3,1,5,0,1,1,0,0,0,0,1,"793488,3145","5828518,985","13,32721","52,52755",1022102.0,Beusselkiez,3556.0,48.0
191457,11,7,,2019,1,15,5,3,5,2,0,0,1,0,1,0,0,0,"796383,9225","5819736,312","13,36196","52,44725",7040404.0,Marienhöhe,4033.0,40.0
191458,11,7,,2019,1,14,1,2,6,2,0,0,1,1,0,0,0,0,"799069,3914","5813141,24","13,39546","52,38667",7070705.0,Franziusweg/Rohrbachstraße,4515.0,62.0
191459,11,4,,2019,1,16,5,2,6,2,0,0,1,1,0,0,0,0,"793436,3626","5823916,366","13,32239","52,48631",4051654.0,Wilhelmsaue,3444.0,24.0
191460,11,7,,2019,1,16,5,3,0,2,1,0,1,0,0,0,1,0,"797303,0049","5817285,066","13,37326","52,42478",7060601.0,Marienfelder Allee Nordwest,4226.0,61.0
191461,11,4,,2019,1,17,5,3,2,1,1,0,1,0,0,0,0,1,"794423,5085","5825451,067","13,33824","52,49954",4051448.0,Schaperstraße,3648.0,35.0
191462,11,4,,2019,1,17,5,3,1,5,1,0,1,0,0,0,0,1,"790463,6309","5822808,588","13,27777","52,47797",4041136.0,Hagenplatz,2742.0,61.0
191463,11,9,,2019,1,17,5,2,2,6,1,0,1,0,1,0,0,1,"807427,796","5818120,331","13,52247","52,42667",9020701.0,Adlershof West,6427.0,48.0
191464,11,8,,2019,1,17,5,3,8,1,1,0,1,0,0,0,0,1,"802492,8255","5820704,401","13,45245","52,45258",8020619.0,Buschkrugallee Nord,5334.0,54.0
191465,11,11,,2019,1,10,5,2,9,1,0,0,1,0,0,0,0,0,"808692,1414","5834353,1","13,55605","52,57143",11010103.0,Dorf Falkenberg,6969.0,62.0
191466,11,8,,2019,1,22,4,2,1,1,2,0,1,0,0,0,1,0,"804670,0846","5816843,708","13,48087","52,41677",8041036.0,Zittauer Straße,5824.0,65.0
191467,11,1,,2019,1,21,4,2,6,4,2,1,0,1,0,0,0,0,"796774,7548","5830528,507","13,37731","52,54378",1033203.0,Humboldthain Nordwest,4261.0,37.0
191468,11,1,,2019,1,21,4,3,1,5,2,1,1,0,0,0,0,0,"799013,9252","5828896,581","13,40876","52,52793",1011302.0,Oranienburger Straße,4756.0,48.0
191469,11,3,,2019,1,21,4,3,5,3,2,1,1,0,0,0,0,0,"800158,7173","5831670,99","13,42809","52,55217",3061227.0,Humannplatz,5063.0,29.0
191470,11,1,,2019,1,17,4,3,2,6,2,0,1,0,0,0,0,0,"796528,2655","5828672,244","13,37203","52,52727",1022206.0,Lüneburger Straße,4156.0,34.0
191471,11,5,,2019,1,14,4,3,2,6,0,0,1,0,0,0,1,0,"786774,4112","5828202,254","13,22824","52,52828",5010339.0,Freiheit,2057.0,59.0
191472,11,11,,2019,1,15,4,3,5,2,0,0,1,0,0,0,0,0,"803882,3222","5827895,199","13,47939","52,51626",11030721.0,Rüdigerstraße,5753.0,54.0
191473,11,12,,2019,1,14,4,3,2,3,0,1,1,0,0,0,0,0,"786427,1397","5837332,67","13,23102","52,61032",12224230.0,Heiligensee,2081.0,65.0
191474,11,4,,2019,1,13,4,3,5,3,0,0,1,0,0,0,0,0,"790492,0779","5826558,62","13,28146","52,51158",4020313.0,Königin-Elisabeth-Straße,2852.0,40.0
191475,11,5,,2019,1,13,4,3,5,3,0,0,1,0,0,0,1,0,"784032,545","5827417,465","13,18727","52,52268",5020626.0,Adamstraße,1455.0,54.0
191476,11,4,,2019,1,11,4,3,6,4,0,0,1,1,0,0,0,1,"793341,7391","5827268,67","13,32395","52,51642",4030623.0,Ernst-Reuter-Platz,3453.0,59.0
191477,11,8,,2019,1,10,4,3,6,4,0,0,1,1,0,0,0,1,"800632,914","5822062,086","13,42639","52,46578",8010118.0,Silbersteinstraße,4938.0,62.0
191478,11,3,,2019,1,7,4,3,5,3,1,1,1,0,0,0,0,1,"799979,5232","5831084,88","13,42493","52,54701",3061227.0,Humannplatz,4962.0,45.0
191479,11,7,,2019,1,12,4,3,6,2,0,0,1,1,0,0,0,0,"795888,0418","5816196,507","13,35155","52,41579",7060601.0,Marienfelder Allee Nordwest,3824.0,63.0
191480,11,6,,2019,1,9,4,3,6,2,0,0,0,1,1,0,0,1,"790650,5096","5817860,919","13,27621","52,43351",6030503.0,Zehlendorf Mitte,2729.0,59.0
191481,11,11,,2019,1,7,4,3,5,2,1,0,1,0,0,1,0,1,"806092,1845","5831389,446","13,51507","52,54634",11020412.0,Hauptstraße,6362.0,63.0
191482,11,7,,2019,1,17,7,3,5,2,2,1,0,0,0,0,1,0,"798697,8409","5816021,293","13,39259","52,41269",7070701.0,Kettinger Straße/Schillerstraße,4423.0,52.0
191483,11,3,,2019,1,7,4,3,6,4,1,0,1,1,0,0,0,1,"800705,5495","5830952,307","13,43548","52,54542",3061228.0,Erich-Weinert-Straße,5162.0,47.0
191484,11,10,,2019,1,7,4,3,5,3,1,1,1,0,0,0,0,1,"813010,8353","5830201,997","13,61565","52,53177",10020517.0,Adele-Sandrock-Straße,7858.0,63.0
191485,11,12,,2019,1,8,4,3,5,2,0,0,1,0,0,0,0,1,"795479,7332","5833414,803","13,36084","52,57036",12103115.0,Breitkopfbecken,4069.0,34.0
191486,11,4,,2019,1,9,4,3,5,3,0,0,1,0,0,0,0,1,"793379,1756","5821960,22","13,31983","52,46881",4041344.0,Rüdesheimer Platz,3439.0,54.0
191487,11,8,,2019,1,15,4,3,6,2,0,0,0,1,0,0,1,0,"800514,983","5824466,169","13,42682","52,48739",8010301.0,Reuterkiez,5045.0,46.0
191488,11,1,,2019,1,12,3,3,5,2,0,1,1,0,0,0,0,0,"797642,7802","5831852,41","13,39126","52,55517",1033102.0,Gesundbrunnen,4464.0,34.0
191489,11,1,,2019,1,22,3,2,0,1,2,0,0,0,1,0,0,1,"797656,7278","5828081,419","13,38808","52,52136",1011202.0,Unter den Linden Nord,4454.0,36.0
191490,11,5,,2019,1,18,3,3,6,2,2,0,1,1,0,0,0,1,"785242,328","5832250,664","13,2092","52,56538",5010101.0,Hakenfelde Nord,1767.0,61.0
191491,11,5,,2019,1,17,3,3,9,1,2,0,1,0,0,0,0,1,"782710,2643","5826940,259","13,16742","52,51909",5020523.0,Maulbeerallee,1154.0,55.0
191492,11,10,,2019,1,12,3,3,2,2,0,0,1,0,0,0,0,1,"806486,5217","5829660,635","13,51928","52,53063",10010308.0,Marzahner Chaussee,6357.0,60.0
191493,11,4,,2019,1,20,3,3,0,3,2,0,0,0,1,0,1,1,"788855,6181","5827183,007","13,25795","52,51804",4020311.0,Reichsstraße,2454.0,58.0
191494,11,7,,2019,1,17,7,3,5,2,1,0,1,0,0,0,0,0,"798710,9056","5817580,321","13,39417","52,42666",7050502.0,Fritz-Werner-Straße,4527.0,63.0
191495,11,7,,2019,1,20,3,3,5,3,2,0,1,0,0,0,1,0,"797341,7771","5818586,032","13,37499","52,43642",7050502.0,Fritz-Werner-Straße,4230.0,54.0
191496,11,4,,2019,1,16,3,3,0,1,2,0,0,0,1,0,0,1,"787272,2737","5826012,679","13,23367","52,50839",4020207.0,Flatowallee,2151.0,65.0
191497,11,10,,2019,1,16,3,2,6,2,2,0,1,1,0,0,0,1,"809844,8703","5831011,178","13,56989","52,54083",10010310.0,Alt-Marzahn,7160.0,65.0
191498,11,12,,2019,1,16,3,3,0,5,0,0,1,0,1,0,0,1,"791302,6005","5833223,855","13,29921","52,5709",12214125.0,Waldidyll/Flughafensee,3169.0,61.0
191499,11,4,,2019,1,14,3,3,2,2,0,0,0,0,0,1,1,1,"793915,1616","5825542,656","13,33086","52,50063",4030931.0,Breitscheidplatz,3548.0,45.0
191500,11,5,,2019,1,14,3,3,0,2,0,0,1,0,0,0,1,1,"789043,3308","5829715,149","13,26291","52,54064",5030832.0,Rohrdamm,2560.0,61.0
191501,11,12,,2019,1,14,3,3,1,5,0,0,1,0,0,0,0,1,"789962,8688","5835542,509","13,28153","52,5924",12214527.0,Alt-Tegel,2875.0,57.0
191502,11,3,,2019,1,13,3,3,5,3,0,0,1,0,0,0,0,1,"801752,6458","5829154,396","13,44924","52,52873",3061435.0,Conrad-Blenkle-Straße,5357.0,55.0
191503,11,8,,2019,1,10,3,3,0,7,0,0,1,0,0,0,0,1,"801144,1684","5823779,033","13,43544","52,48089",8010303.0,Donaustraße,5143.0,6.0
191504,11,2,,2019,1,10,3,3,5,3,1,1,1,0,0,0,0,1,"802909,3735","5827125,545","13,4644","52,5099",2050801.0,Traveplatz,5551.0,40.0
191505,11,3,,2019,1,10,3,3,1,5,0,1,1,0,0,0,0,1,"800728,0755","5831963,52","13,43673","52,55447",3050923.0,Weißenseer Spitze,5164.0,53.0
191506,11,3,,2019,1,9,3,3,5,3,0,0,1,0,0,0,0,1,"799604,2876","5834019,454","13,42206","52,57352",3040614.0,Pankow Zentrum,4970.0,56.0
191507,11,1,,2019,1,5,3,3,5,2,2,0,0,0,0,0,1,0,"799242,9022","5828468,568","13,41174","52,52397",1011303.0,Alexanderplatzviertel,4755.0,4.0
191508,11,2,,2019,1,22,3,3,6,3,2,0,1,1,0,0,0,1,"801645,5498","5826476,481","13,44524","52,50479",2040703.0,Wriezener Bahnhof/Entwicklungsgebiet,5250.0,54.0
191509,11,3,,2019,1,17,3,3,2,2,1,0,1,0,0,1,0,1,"800672,3231","5830653,372","13,43472","52,54276",3061228.0,Erich-Weinert-Straße,5161.0,52.0
191510,11,6,,2019,1,17,3,3,6,4,1,0,1,1,0,0,0,1,"793679,2366","5818213,567","13,32094","52,43506",6020409.0,Königsberger Straße,3429.0,56.0
191511,11,12,,2019,1,17,3,2,6,4,1,0,1,1,0,0,0,1,"794899,2578","5836310,208","13,35487","52,59663",12302110.0,Dannenwalder Weg,3976.0,55.0
191512,11,8,,2019,1,15,3,3,6,4,0,0,1,1,0,0,0,1,"802531,4232","5822958,568","13,45506","52,47276",8010404.0,Rixdorf,5440.0,58.0
191513,11,4,,2019,1,17,3,2,5,2,1,0,1,0,0,0,0,1,"790476,0561","5826697,938","13,28134","52,51283",4020313.0,Königin-Elisabeth-Straße,2852.0,40.0
191514,11,5,,2019,1,17,3,3,6,2,2,0,1,1,0,0,0,1,"782373,0036","5830489,313","13,16548","52,55108",5010206.0,Gütersloher Weg,1163.0,42.0
191515,11,1,,2019,1,18,3,3,6,7,1,0,1,1,0,0,0,1,"798164,7088","5826606,661","13,39423","52,50787",1011204.0,Leipziger Straße,4551.0,40.0
191516,11,4,,2019,1,18,3,3,6,7,1,0,1,1,0,0,0,1,"793854,4224","5826060,167","13,33042","52,50531",4030931.0,Breitscheidplatz,3550.0,28.0
191517,11,5,,2019,1,19,3,3,4,1,2,0,1,0,0,0,0,1,"787170,49","5830666,338","13,2362","52,55016",5030730.0,Zitadellenweg,2163.0,61.0