ObjectID,State,District,LOR_ab_2021,AccidentYear,AccidentMonth,AccidentHour,DayOfWeek,AccidentCategory,AccidentType,AccidentTypeDetail,LightingCondition,InvolvingBike,InvolvingCar,InvolvingPedestrian,InvolvingMotorcycle,InvolvingHGV,InvolvingOther,RoadCondition,GraphicCoord1,GraphicCoord2,LongitudeWGS84,LatitudeWGS84,quadrant,quadrant_rank
191518,11,1,,2019,1,22,3,3,6,2,2,0,1,1,0,0,0,1,"797473,8222","5826792,13","13,38424","52,50991",1011201.0,Wilhelmstraße,4351.0,43.0
191519,11,8,,2019,1,23,3,3,6,4,2,0,1,1,0,0,0,1,"801439,1012","5823873,119","13,43985","52,48157",8010303.0,Donaustraße,5143.0,6.0
191520,11,9,,2019,1,23,3,3,5,2,2,1,1,0,0,0,0,1,"808983,6231","5818110,329","13,54527","52,4257",9020701.0,Adlershof West,6727.0,55.0
191521,11,1,,2019,1,22,2,3,0,7,2,0,1,0,0,0,0,0,"794536,333","5829324,303","13,34333","52,5342",1022104.0,Emdener Straße,3758.0,50.0
191522,11,1,,2019,1,21,2,3,5,2,2,1,1,0,0,0,0,0,"795230,5272","5826625,853","13,35114","52,50963",1011101.0,Stülerstraße,3851.0,47.0
191523,11,4,,2019,1,17,2,3,6,7,2,0,1,1,0,0,0,0,"792105,1841","5825292,444","13,30405","52,49936",4030726.0,Droysenstraße,3148.0,24.0
191524,11,8,,2019,1,6,2,3,5,3,2,0,1,0,0,0,0,1,"804454,467","5816943,144","13,4778","52,41778",8041036.0,Zittauer Straße,5724.0,59.0
191525,11,12,,2019,1,7,2,3,5,3,0,0,1,0,0,0,1,1,"793557,9707","5834252,136","13,3333","52,5789",12301203.0,Wittenau Süd,3671.0,59.0
191526,11,7,,2019,1,8,2,3,6,4,0,0,0,1,0,1,0,1,"798054,2003","5815809,427","13,38296","52,41114",7060603.0,Marienfelde Nordost,4322.0,52.0
191527,11,1,,2019,1,9,2,3,6,4,0,1,0,1,0,0,0,1,"795324,8911","5827382,69","13,3532","52,51637",1011102.0,Großer Tiergarten,3953.0,55.0
191528,11,7,,2019,1,9,2,2,5,2,0,0,1,0,0,0,1,0,"799260,9218","5816265,352","13,40106","52,41457",7070701.0,Kettinger Straße/Schillerstraße,4623.0,43.0
191529,11,6,,2019,1,18,2,2,6,2,2,0,1,1,0,0,0,0,"795445,1059","5817851,368","13,34652","52,43086",6020305.0,Gemeindepark Lankwitz,3828.0,63.0
191530,11,4,,2019,1,17,2,3,2,6,2,0,1,0,0,0,0,1,"794262,4496","5825421,594","13,33585","52,49936",4051448.0,Schaperstraße,3648.0,35.0
191531,11,7,,2019,1,17,2,3,5,3,2,0,1,0,0,0,0,0,"797674,4822","5819325,588","13,38053","52,44287",7050501.0,Rathausstraße,4332.0,40.0
191532,11,3,,2019,1,17,2,3,6,4,2,0,1,1,0,0,0,1,"800697,8222","5830705,169","13,43515","52,54321",3061228.0,Erich-Weinert-Straße,5161.0,52.0
191533,11,1,,2019,1,20,2,3,6,7,2,0,1,1,0,0,0,0,"798766,2158","5828142,297","13,40444","52,5213",1011303.0,Alexanderplatzviertel,4654.0,10.0
191534,11,8,,2019,1,17,2,3,6,4,2,0,1,1,0,0,0,1,"802285,0148","5822856,855","13,45135","52,47199",8010404.0,Rixdorf,5340.0,54.0
191535,11,7,,2019,1,16,2,3,6,4,2,0,1,1,0,0,0,1,"797337,5443","5822179,208","13,37813","52,46863",7040403.0,Manteuffelstraße,4239.0,42.0
191536,11,4,,2019,1,16,7,2,5,2,1,0,1,0,0,0,0,0,"790850,872","5826736,008","13,28688","52,51297",4030417.0,Schloßstraße,2952.0,50.0
191537,11,9,,2019,1,16,2,3,6,4,0,0,1,1,0,0,0,2,"810989,1167","5821740,289","13,57805","52,4571",9051901.0,Dammvorstadt,7236.0,45.0
191538,11,9,,2019,1,16,2,3,5,3,0,0,1,0,0,0,0,1,"809456,8241","5819065,71","13,55309","52,434",9020702.0,Adlershof Ost,6829.0,60.0
191539,11,7,,2019,1,16,2,2,6,4,2,0,1,1,0,0,0,0,"797789,5446","5819621,721","13,38248","52,44546",7050501.0,Rathausstraße,4332.0,40.0
191540,11,10,,2019,1,14,2,3,5,3,0,0,1,0,0,0,0,1,"807809,0787","5830769,897","13,53974","52,53982",10010310.0,Alt-Marzahn,6660.0,39.0
191541,11,4,,2019,1,15,2,3,6,4,0,0,1,1,0,0,0,0,"788914,7251","5825680,754","13,25752","52,50454",4020209.0,Eichkamp,2450.0,60.0
191542,11,3,,2019,1,14,2,3,5,2,0,0,1,0,0,0,0,1,"804491,1935","5840931,584","13,50031","52,63276",3010102.0,Buch,6087.0,61.0
191543,11,2,,2019,1,13,2,3,0,6,0,0,1,0,1,0,0,1,"800510,2838","5826667,649","13,42874","52,50713",2030302.0,Lausitzer Platz,5050.0,37.0
191544,11,5,,2019,1,13,2,3,5,2,0,0,1,0,0,0,0,0,"784666,894","5829708,815","13,19855","52,54289",5010313.0,Ackerstraße,1661.0,51.0
191545,11,1,,2019,1,14,7,2,0,3,0,0,1,0,0,0,1,0,"799106,4409","5828313,416","13,4096","52,52265",1011303.0,Alexanderplatzviertel,4755.0,4.0
191546,11,8,,2019,1,13,2,2,5,3,0,0,1,0,1,0,0,0,"800976,1624","5823490,13","13,43271","52,47839",8010212.0,Rollberg,5042.0,54.0
191547,11,7,,2019,1,11,2,3,5,2,0,1,1,0,0,0,0,0,"800015,0293","5813266,699","13,40943","52,38728",7070703.0,John-Locke-Straße,4715.0,55.0
191548,11,6,,2019,1,13,7,3,2,1,0,0,1,0,0,0,0,0,"796059,153","5817549,51","13,35526","52,42782",6020305.0,Gemeindepark Lankwitz,3927.0,63.0
191549,11,7,,2019,1,11,2,3,5,2,0,0,1,0,0,0,1,0,"796045,0367","5822852,09","13,35975","52,47536",7030303.0,Grazer Platz,4041.0,37.0
191550,11,5,,2019,1,7,2,3,0,5,1,0,1,0,0,0,0,0,"785042,6185","5826926,918","13,20169","52,51775",5020626.0,Adamstraße,1653.0,65.0
191551,11,3,,2019,1,10,2,3,6,4,0,0,1,1,0,0,0,1,"801852,906","5831378,02","13,45274","52,5486",3050925.0,Komponistenviertel Weißensee,5362.0,45.0
191552,11,12,,2019,1,15,1,3,5,3,1,0,1,0,0,0,0,1,"793277,5662","5837726,72","13,33226","52,6102",12302212.0,Rollbergesiedlung,3580.0,59.0
191553,11,1,,2019,1,22,1,3,5,3,2,1,0,0,0,0,1,1,"800068,1604","5828502,746","13,4239","52,52382",1011304.0,Karl-Marx-Allee,4955.0,53.0
191554,11,11,,2019,1,20,1,2,5,2,2,0,1,0,0,0,0,1,"804274,0172","5827878,344","13,48513","52,51589",11030721.0,Rüdigerstraße,5853.0,62.0
191555,11,3,,2019,1,19,1,3,5,3,2,0,1,0,0,0,1,1,"796952,065","5835829,143","13,38466","52,5912",3040512.0,Wilhelmsruh,4375.0,52.0
191556,11,8,,2019,1,18,1,2,6,4,2,0,1,1,0,0,1,1,"802574,2173","5823086,924","13,45581","52,47389",8010404.0,Rixdorf,5441.0,34.0
191557,11,4,,2019,1,17,1,3,6,2,2,0,1,1,0,0,0,1,"792080,158","5825769,76","13,3041","52,50366",4030726.0,Droysenstraße,3149.0,47.0
191558,11,10,,2019,1,17,1,3,2,6,2,0,1,0,0,0,0,1,"811156,8082","5829124,849","13,5874","52,52318",10020622.0,Kaulsdorf Nord I,7355.0,51.0
191559,11,12,,2019,1,16,1,2,6,2,2,0,1,1,0,0,0,1,"793415,8828","5836085,951","13,33284","52,59542",12301203.0,Wittenau Süd,3676.0,38.0
191560,11,5,,2019,1,13,1,3,2,6,0,0,1,0,0,0,0,1,"781430,3467","5830724,599","13,15181","52,55368",5010206.0,Gütersloher Weg,964.0,53.0
191561,11,1,,2019,1,14,1,3,5,5,0,1,1,0,0,0,0,1,"796243,2881","5826760,144","13,36614","52,51029",1011105.0,Nördlicher Landwehrkanal,4151.0,37.0
191562,11,2,,2019,1,3,1,3,5,3,2,0,1,0,0,0,0,1,"798837,5909","5825094,027","13,40276","52,49394",2020204.0,Urbanstraße,4646.0,50.0
191563,11,8,,2019,1,3,1,3,5,7,2,0,1,0,0,0,0,1,"804289,8204","5819652,456","13,47786","52,44216",8041035.0,Blumenviertel,5731.0,61.0
191564,11,6,,2019,1,7,1,3,6,2,2,0,1,1,0,0,0,1,"792248,3862","5816671,749","13,29861","52,422",6030608.0,Schweizer Viertel,3025.0,58.0
191565,11,1,,2019,1,7,1,3,2,2,2,0,1,0,0,0,0,1,"795531,9497","5830740,695","13,35922","52,54636",1044202.0,Sparrplatz,3962.0,49.0
191566,11,5,,2019,1,11,1,2,1,1,0,0,1,0,1,0,0,1,"788076,0131","5827871,012","13,24709","52,52462",5010339.0,Freiheit,2355.0,58.0
191567,11,11,,2019,1,12,1,3,5,3,0,0,1,0,0,0,0,1,"807046,8155","5824594,465","13,52284","52,48491",11051330.0,Karlshorst West,6444.0,53.0
191568,11,4,,2019,1,1,1,3,5,3,2,0,1,0,0,0,1,1,"792441,4297","5824096,203","13,30794","52,48846",4051445.0,Eisenzahnstraße,3245.0,33.0
191569,11,9,,2019,1,9,7,3,6,2,0,0,1,1,0,0,0,0,"808240,5952","5821081,937","13,53712","52,45275",9020601.0,Schnellerstraße,6634.0,61.0
191570,11,7,,2019,1,11,7,3,2,2,0,0,1,0,0,0,0,1,"795306,5277","5825551,79","13,3513","52,49996",7010102.0,Nollendorfplatz,3848.0,36.0
191571,11,8,,2019,1,17,7,3,6,2,1,0,1,1,0,0,0,1,"800319,2188","5816736,487","13,417","52,41821",8020727.0,Buckow Mitte,4824.0,53.0
191572,11,7,,2019,1,18,7,3,5,3,2,0,1,0,0,0,0,1,"799074,228","5821704,817","13,40319","52,46343",7040405.0,Rathaus Tempelhof,4638.0,48.0
191573,11,10,,2019,1,18,7,3,6,2,2,0,1,1,0,0,0,1,"812099,447","5831798,697","13,60376","52,5466",10020415.0,Hellersdorfer Promenade,7662.0,65.0
191574,11,7,,2019,1,18,7,3,6,2,2,0,1,1,0,0,0,1,"794966,4723","5825194,707","13,34599","52,49695",7010102.0,Nollendorfplatz,3847.0,40.0
191575,11,7,,2019,1,17,7,3,3,5,2,0,1,0,0,0,0,1,"796527,702","5815892,518","13,36066","52,41272",7060604.0,Marienfelde Süd,4023.0,43.0
191576,11,4,,2019,1,17,7,3,6,2,2,0,1,1,0,0,0,1,"792983,7677","5826636,328","13,31814","52,51094",4030828.0,Savignyplatz,3351.0,63.0
191577,11,7,,2019,1,17,7,3,6,2,2,0,1,1,0,0,0,1,"794966,3871","5825195,724","13,34599","52,49696",7010102.0,Nollendorfplatz,3847.0,40.0
191578,11,5,,2019,1,16,7,3,2,6,1,0,1,0,0,0,0,1,"784726,0292","5828632,438","13,1985","52,53321",5020625.0,Borkumer Straße,1658.0,8.0
191579,11,1,,2019,1,15,7,3,2,6,1,0,1,0,0,0,0,1,"797302,8998","5831244,532","13,38571","52,54991",1033102.0,Gesundbrunnen,4363.0,22.0
191580,11,1,,2019,1,14,7,3,5,3,0,0,1,0,0,0,0,1,"798001,4567","5826778,894","13,39198","52,5095",1011204.0,Leipziger Straße,4451.0,11.0
191581,11,3,,2019,1,11,7,3,5,3,0,0,1,0,0,0,0,1,"797901,0383","5835185,579","13,39805","52,58491",3020209.0,Niederschönhausen,4573.0,56.0
191582,11,5,,2019,1,11,7,3,2,6,0,0,1,0,0,0,1,1,"784734,9976","5828656,163","13,19865","52,53342",5020625.0,Borkumer Straße,1658.0,8.0
191583,11,8,,2019,1,20,7,3,6,4,2,0,1,1,0,0,0,1,"803574,5505","5818136,258","13,46599","52,42896",8030829.0,Gropiusstadt Nord,5527.0,60.0
191584,11,1,,2019,1,21,7,3,2,1,2,0,1,0,0,0,0,1,"797724,3322","5832903,587","13,3934","52,56455",3040614.0,Pankow Zentrum,4567.0,50.0
191585,11,11,,2019,1,23,7,3,6,4,2,0,1,1,0,0,0,1,"807263,989","5824386,6","13,52583","52,48292",11051331.0,Karlshorst Nord,6443.0,52.0
191586,11,1,,2019,1,23,7,2,0,4,2,0,0,1,1,0,0,1,"794464,5645","5828354,323","13,34141","52,52554",1022106.0,Elberfelder Straße,3756.0,4.0
191587,11,9,,2019,1,13,6,3,0,3,0,0,1,0,0,0,1,0,"810928,5242","5820527,379","13,57603","52,44626",9041501.0,Altstadt Kietz,7233.0,59.0
191588,11,10,,2019,1,19,7,3,6,2,2,0,1,1,0,0,0,1,"809905,2792","5831566,066","13,57129","52,54577",10010310.0,Alt-Marzahn,7162.0,51.0
191589,11,1,,2019,1,19,7,3,8,1,2,0,0,0,1,0,0,1,"799615,2022","5827979,332","13,41677","52,51938",1011304.0,Karl-Marx-Allee,4854.0,36.0
191590,11,11,,2019,1,17,7,2,0,7,2,1,0,0,0,0,0,1,"805706,5098","5831402,229","13,50942","52,54667",11020412.0,Hauptstraße,6262.0,56.0
191591,11,4,,2019,1,13,7,3,0,1,0,0,0,0,1,0,0,1,"789590,9193","5823347,622","13,26542","52,48327",4041135.0,Hundekehle,2643.0,59.0
191592,11,6,,2019,1,18,7,1,6,4,2,0,1,1,0,0,1,1,"790202,2648","5815162,657","13,26729","52,40956",6030504.0,Teltower Damm,2622.0,54.0
191593,11,6,,2019,1,17,6,3,0,7,1,0,1,0,1,0,0,1,"795304,401","5821047,076","13,34728","52,45958",6010210.0,Bismarckstraße,3836.0,55.0
191594,11,5,,2019,1,18,6,3,5,5,2,0,1,0,1,0,0,1,"784729,2454","5827543,382","13,19761","52,52344",5020626.0,Adamstraße,1555.0,55.0
191595,11,6,,2019,1,17,6,3,0,4,1,0,1,1,0,0,0,1,"795882,4067","5818137,794","13,35319","52,43319",6020305.0,Gemeindepark Lankwitz,3929.0,55.0
191596,11,2,,2019,1,15,6,3,4,6,0,1,1,0,0,0,0,1,"801693,1633","5828103,348","13,44742","52,51934",2040503.0,Richard-Sorge-Viertel,5354.0,49.0
191597,11,4,,2019,1,20,6,2,5,3,2,0,1,0,0,0,0,1,"793163,2016","5826876,659","13,32099","52,513",4030623.0,Ernst-Reuter-Platz,3452.0,33.0
191598,11,3,,2019,1,18,7,3,0,1,2,0,0,0,1,0,0,1,"800956,7113","5831213,876","13,43941","52,54763",3061228.0,Erich-Weinert-Straße,5162.0,47.0
191599,11,8,,2019,1,19,6,3,5,3,2,0,1,0,0,0,0,1,"800383,5801","5825121,49","13,42548","52,49334",8010301.0,Reuterkiez,4946.0,51.0
191600,11,2,,2019,1,19,6,3,1,5,2,1,1,0,0,0,0,1,"797766,2989","5826438,753","13,38823","52,50658",2010102.0,Mehringplatz,4450.0,25.0
191601,11,4,,2019,1,17,6,2,6,2,2,0,1,1,0,0,0,1,"791346,915","5822564,977","13,29053","52,47532",4041241.0,Breite Straße,2941.0,57.0
191602,11,4,,2019,1,17,6,3,6,2,2,0,0,1,0,0,1,1,"792308,9605","5825393,399","13,30713","52,50016",4030726.0,Droysenstraße,3248.0,24.0
191603,11,10,,2019,1,16,6,3,6,2,2,0,1,1,0,0,0,1,"810854,7891","5826866,363","13,58086","52,50311",10040830.0,Kaulsdorf Süd,7249.0,63.0
191604,11,1,,2019,1,15,6,3,5,3,1,1,1,0,0,0,0,1,"797575,2575","5827894,408","13,38672","52,51973",1011202.0,Unter den Linden Nord,4454.0,36.0
191605,11,12,,2019,1,15,6,3,2,6,0,0,1,0,0,0,0,1,"790284,0286","5835028,977","13,28581","52,58762",12214527.0,Alt-Tegel,2974.0,55.0
191606,11,2,,2019,1,14,6,2,6,4,0,1,0,1,0,0,0,1,"802839,6722","5827471,654","13,46369","52,51304",2050801.0,Traveplatz,5552.0,49.0
191607,11,4,,2019,1,14,6,3,5,2,0,1,1,0,0,0,0,1,"792711,523","5825638,208","13,31326","52,50214",4030929.0,Hindemithplatz,3349.0,12.0
191608,11,9,,2019,1,14,6,3,5,3,0,0,1,0,0,0,0,1,"808108,496","5818398,273","13,53271","52,42878",9020701.0,Adlershof West,6527.0,56.0
191609,11,12,,2019,1,9,1,3,1,5,0,0,1,0,0,0,1,0,"791414,8893","5836569,727","13,30381","52,60083",12304314.0,Ziekowstraße/Freie Scholle,3178.0,63.0
191610,11,2,,2019,1,14,6,3,5,7,0,1,1,0,0,0,0,1,"799153,635","5825784,31","13,40802","52,49995",2010103.0,Moritzplatz,4748.0,28.0
191611,11,11,,2019,1,2,7,2,5,3,2,0,1,0,0,0,1,0,"807317,0217","5824793,6","13,52699","52,48654",11051331.0,Karlshorst Nord,6444.0,53.0
191612,11,4,,2019,1,13,6,3,6,3,0,0,1,1,0,0,0,1,"789003,2436","5826972,467","13,25994","52,51608",4020311.0,Reichsstraße,2553.0,40.0
191613,11,11,,2019,1,13,6,3,5,3,0,1,1,0,0,0,0,1,"807117,8505","5825776,979","13,52497","52,49546",11041128.0,Sewanstraße,6447.0,54.0
191614,11,7,,2019,1,11,6,3,6,4,0,0,1,1,0,0,0,1,"794839,4189","5823915,242","13,34299","52,48555",7020202.0,Volkspark (Rudolf-Wilde-Park),3744.0,45.0
191615,11,5,,2019,1,13,1,3,5,2,0,0,1,0,0,0,0,0,"785189,9079","5829737,093","13,20627","52,54287",5010312.0,Kurstraße,1761.0,52.0
191616,11,7,,2019,1,11,6,3,5,3,0,0,1,0,0,0,0,1,"796348,2579","5825091,478","13,36619","52,49527",7010104.0,Dennewitzplatz,4147.0,61.0
191617,11,7,,2019,1,10,6,3,5,2,0,0,1,0,0,0,0,1,"797323,2969","5821758,328","13,37754","52,46487",7040403.0,Manteuffelstraße,4238.0,48.0
191618,11,11,,2019,1,13,7,3,2,6,0,0,1,0,0,0,0,1,"806048,0287","5826582,78","13,51","52,50329",11041128.0,Sewanstraße,6249.0,59.0
191619,11,7,,2019,1,10,6,3,5,3,0,1,1,0,0,0,0,1,"796115,2642","5824947,367","13,36264","52,49411",7010104.0,Dennewitzplatz,4047.0,22.0
191620,11,12,,2019,1,10,6,2,5,7,0,0,1,1,0,0,0,1,"790033,4183","5835368,874","13,28241","52,5908",12214527.0,Alt-Tegel,2875.0,57.0
191621,11,4,,2019,1,9,6,3,2,6,0,0,1,0,0,0,0,1,"791565,445","5827521,559","13,29807","52,51964",4030415.0,Schloßgarten,3054.0,54.0
191622,11,3,,2019,1,8,6,3,0,7,0,1,0,0,0,0,0,1,"802580,26","5829428,165","13,46166","52,53072",3061430.0,Volkspark Prenzlauer Berg,5557.0,49.0
191623,11,10,,2019,1,8,6,3,6,4,0,0,1,1,0,0,0,1,"812386,4546","5824379,104","13,60102","52,47995",10040933.0,Mahlsdorf Süd,7542.0,53.0
191624,11,9,,2019,1,8,6,3,1,5,1,0,1,0,0,0,0,1,"807957,0457","5817331,996","13,5295","52,41931",9030901.0,Dorf Altglienicke,6525.0,65.0
191625,11,2,,2019,1,14,6,2,0,3,0,0,1,0,0,0,1,1,"800638,773","5825687,565","13,42974","52,49827",2030401.0,Reichenberger Straße,5048.0,24.0
191626,11,12,,2019,1,0,7,3,6,4,2,0,1,1,0,0,0,2,"793678,1258","5833318,333","13,33425","52,57047",12103220.0,Humboldtstraße,3669.0,63.0
191627,11,9,,2019,1,7,6,3,5,2,2,1,1,0,0,0,0,1,"812066,2051","5821345,417","13,59348","52,45295",9051901.0,Dammvorstadt,7434.0,57.0
191628,11,9,,2019,1,13,6,3,2,7,0,0,1,0,0,0,1,1,"811386,3529","5820133,239","13,58238","52,44247",9041501.0,Altstadt Kietz,7331.0,39.0
191629,11,7,,2019,1,17,5,3,1,7,1,0,1,0,0,0,0,0,"796249,6744","5815783,934","13,35649","52,41189",7060604.0,Marienfelde Süd,3922.0,65.0
191630,11,7,,2019,1,15,5,3,1,5,0,1,1,0,0,0,0,1,"798854,1181","5814382,257","13,39342","52,39791",7070703.0,John-Locke-Straße,4518.0,52.0
191631,11,5,,2019,1,9,5,2,4,7,0,0,1,0,0,0,1,0,"784753,6279","5826613,356","13,19718","52,51509",5020626.0,Adamstraße,1553.0,65.0
191632,11,5,,2019,1,8,5,3,5,3,0,1,1,0,0,0,0,0,"782166,5597","5820304,85","13,15381","52,45987",5040935.0,Groß-Glienicker Weg,937.0,64.0
191633,11,8,,2019,1,8,5,2,0,7,0,0,1,0,0,0,1,1,"800748,3652","5823739,016","13,42959","52,48074",8010211.0,Flughafenstraße,5043.0,50.0
191634,11,7,,2019,1,7,5,2,6,4,0,0,1,1,0,0,0,1,"793475,5396","5822279,375","13,32153","52,47162",7030301.0,Friedenau,3440.0,55.0
191635,11,5,,2019,1,7,7,3,2,6,1,0,1,0,0,0,0,0,"784651,4847","5827814,719","13,1967","52,52592",5020626.0,Adamstraße,1556.0,46.0
191636,11,11,,2019,1,7,5,2,6,4,1,0,1,1,0,0,0,1,"805042,6877","5833519,319","13,5016","52,56602",11010309.0,Zingster Straße West,6168.0,60.0
191637,11,7,,2019,1,7,5,3,6,2,2,0,1,1,0,0,0,1,"798480,0383","5819047,379","13,3921","52,43993",7050505.0,Hundsteinweg,4431.0,51.0
191638,11,1,,2019,1,7,5,2,6,4,2,0,1,1,0,0,0,1,"796708,2376","5831916,147","13,37757","52,55625",1044201.0,Reinickendorfer Straße,4265.0,5.0
191639,11,1,,2019,1,13,7,3,0,7,0,0,1,0,0,0,1,0,"797904,2411","5827375,028","13,39109","52,5149",1011203.0,Unter den Linden Süd,4453.0,15.0
191640,11,11,,2019,1,16,5,2,0,6,2,0,1,0,0,0,1,0,"805253,0864","5834308,505","13,50542","52,57297",11010207.0,Wartenberg Nord,6170.0,58.0
191641,11,8,,2019,1,19,5,3,5,3,2,0,1,0,0,0,0,0,"800877,2852","5820926,169","13,42895","52,45546",8020620.0,Tempelhofer Weg,5035.0,60.0
191642,11,9,,2019,1,15,7,2,6,2,0,0,1,1,0,0,0,0,"812045,005","5821382,095","13,5932","52,45329",9051901.0,Dammvorstadt,7435.0,58.0
191643,11,11,,2019,1,19,5,3,4,5,2,0,1,0,0,0,0,0,"804464,4352","5828170,772","13,4882","52,51841",11030721.0,Rüdigerstraße,5954.0,61.0
191644,11,2,,2019,1,13,7,3,5,2,0,1,1,0,0,0,0,0,"802616,697","5827005,742","13,45999","52,50899",2050802.0,Boxhagener Platz,5451.0,41.0
191645,11,7,,2019,1,10,7,2,5,3,0,0,1,0,0,0,0,0,"800194,0112","5813681,92","13,41242","52,3909",7070704.0,Nahariyastraße,4716.0,61.0
191646,11,3,,2019,1,16,5,3,2,6,1,0,1,0,0,0,1,0,"801236,4821","5833180,149","13,44531","52,5651",3030715.0,Heinersdorf,5267.0,58.0
191647,11,2,,2019,1,16,5,3,5,3,2,1,1,0,0,0,0,0,"801104,6444","5827046,2","13,43781","52,51019",2040703.0,Wriezener Bahnhof/Entwicklungsgebiet,5151.0,39.0
191648,11,8,,2019,1,14,5,3,1,5,0,0,1,0,0,0,0,0,"806821,3765","5816427,28","13,51203","52,41184",8041040.0,Waltersdorfer Chaussee Ost,6222.0,65.0
191649,11,12,,2019,1,9,7,3,2,6,0,0,1,0,0,1,0,1,"793214,4397","5832428,047","13,32664","52,56274",12214424.0,Scharnweberstraße,3567.0,10.0
191650,11,4,,2019,1,14,5,3,1,5,0,1,1,0,0,0,0,1,"793661,2877","5825550,702","13,32713","52,50084",4030931.0,Breitscheidplatz,3548.0,45.0
191651,11,11,,2019,1,9,7,3,4,6,0,1,1,0,0,0,1,0,"806625,4321","5825212,511","13,51722","52,49068",11051330.0,Karlshorst West,6346.0,64.0
191652,11,1,,2019,1,14,5,3,2,6,0,0,1,0,0,0,0,0,"796769,1176","5831912,005","13,37846","52,55618",1044201.0,Reinickendorfer Straße,4265.0,5.0
191653,11,7,,2019,1,14,5,3,6,4,0,1,0,1,0,0,0,0,"794891,0554","5823273,455","13,34318","52,47977",7020202.0,Volkspark (Rudolf-Wilde-Park),3742.0,48.0
191654,11,12,,2019,1,20,7,2,6,2,2,0,1,1,0,0,0,0,"793005,2381","5835697,026","13,32645","52,59215",12301203.0,Wittenau Süd,3575.0,59.0
191655,11,8,,2019,1,13,5,3,5,3,0,1,1,0,0,0,0,0,"801637,5642","5822641,488","13,44165","52,47042",8010213.0,Körnerpark,5240.0,57.0
191656,11,8,,2019,1,13,5,3,5,3,0,0,1,0,0,0,0,0,"802586,5066","5819158,421","13,45243","52,43867",8020622.0,Parchimer Allee,5330.0,56.0
191657,11,2,,2019,1,12,5,3,1,5,0,1,1,0,0,0,0,0,"803465,923","5827756,869","13,47315","52,51525",2050602.0,Samariterviertel,5653.0,57.0
191658,11,12,,2019,1,12,5,3,2,2,0,0,1,0,0,0,0,0,"794132,1566","5833884,179","13,34143","52,57529",12103220.0,Humboldtstraße,3770.0,57.0
191659,11,7,,2019,1,10,5,3,5,2,0,0,1,0,0,0,0,0,"794983,1365","5823964,382","13,34515","52,48591",7020201.0,Bayerischer Platz,3744.0,45.0
191660,11,3,,2019,1,16,5,3,6,7,2,1,0,1,0,0,0,0,"799348,9499","5831412,277","13,41595","52,55029",3061227.0,Humannplatz,4863.0,28.0
191661,11,12,,2019,1,21,6,3,2,6,2,0,1,0,0,0,0,1,"791228,8342","5830773,195","13,29598","52,54897",12214125.0,Waldidyll/Flughafensee,3063.0,49.0
191662,11,10,,2019,1,14,5,2,6,4,0,0,0,1,0,0,1,0,"809945,5612","5831630,44","13,57194","52,54632",10010310.0,Alt-Marzahn,7162.0,51.0
191663,11,10,,2019,1,16,5,2,5,2,1,1,1,0,0,0,0,0,"811947,6165","5828938,851","13,59885","52,52106",10040828.0,Kaulsdorf Nord,7554.0,63.0
191664,11,12,,2019,1,20,6,2,6,2,2,0,1,1,0,0,0,1,"791921,023","5831503,672","13,3068","52,55514",12214125.0,Waldidyll/Flughafensee,3264.0,52.0
191665,11,2,,2019,1,22,5,2,6,4,2,0,1,1,0,0,0,0,"800172,8261","5825048,39","13,42232","52,4928",2020206.0,Graefekiez,4946.0,51.0
191666,11,3,,2019,1,20,5,3,5,3,2,1,1,0,0,0,0,0,"799730,912","5832503,348","13,42255","52,55986",3040818.0,Pankow Süd,4966.0,57.0
191667,11,8,,2019,1,11,4,3,2,6,0,0,0,0,0,1,1,1,"802082,5322","5820666,278","13,4464","52,45247",8020619.0,Buschkrugallee Nord,5234.0,65.0
191668,11,6,,2019,1,17,4,3,2,6,1,0,1,0,0,0,0,1,"795146,6451","5820004,31","13,34404","52,45032",6010205.0,Südende,3734.0,59.0
191669,11,2,,2019,1,20,4,3,5,3,2,0,1,0,1,0,0,1,"798287,67","5824774,714","13,39439","52,49138",2020204.0,Urbanstraße,4546.0,40.0
191670,11,1,,2019,1,20,4,3,2,6,2,0,1,0,0,0,0,1,"799286,718","5828484,804","13,4124","52,52409",1011303.0,Alexanderplatzviertel,4755.0,4.0
191671,11,6,,2019,1,19,4,3,5,3,2,1,1,0,0,0,0,1,"794705,6791","5819228,835","13,33689","52,44361",6020302.0,Komponistenviertel Lankwitz,3632.0,57.0
191672,11,4,,2019,1,10,4,3,1,5,1,1,1,0,0,0,0,1,"793529,9145","5825947,164","13,32555","52,50447",4030931.0,Breitscheidplatz,3450.0,48.0
191673,11,1,,2019,1,20,7,3,2,6,2,0,1,0,0,0,0,0,"796688,0788","5831951,893","13,37731","52,55659",1044201.0,Reinickendorfer Straße,4265.0,5.0
191674,11,2,,2019,1,8,4,3,3,6,0,1,0,0,0,0,1,1,"803095,1421","5827081,85","13,46709","52,50941",2050801.0,Traveplatz,5651.0,53.0
191675,11,6,,2019,1,16,4,3,5,3,2,1,1,0,0,0,0,1,"787540,695","5817030,741","13,22988","52,42772",6030501.0,Berlepschstraße,2027.0,62.0
191676,11,5,,2019,1,16,4,3,0,2,1,1,1,0,0,0,0,1,"784281,1825","5830372,886","13,19345","52,54905",5010313.0,Ackerstraße,1563.0,64.0
191677,11,2,,2019,1,18,4,3,5,3,2,0,1,0,0,0,0,1,"800315,8415","5827620,451","13,42674","52,51577",2040701.0,Andreasviertel,5053.0,45.0