ObjectID,State,District,LOR_ab_2021,AccidentYear,AccidentMonth,AccidentHour,DayOfWeek,AccidentCategory,AccidentType,AccidentTypeDetail,LightingCondition,InvolvingBike,InvolvingCar,InvolvingPedestrian,InvolvingMotorcycle,InvolvingHGV,InvolvingOther,RoadCondition,GraphicCoord1,GraphicCoord2,LongitudeWGS84,LatitudeWGS84,quadrant,quadrant_rank
191678,11,3,,2019,1,10,1,3,5,3,0,0,1,0,0,0,0,0,"799651,5112","5832791,198","13,42165","52,56249",3040818.0,Pankow Süd,4967.0,51.0
191679,11,7,,2019,1,13,4,3,1,5,0,1,1,0,0,0,0,0,"797000,8851","5820419,997","13,37162","52,45304",7040404.0,Marienhöhe,4135.0,49.0
191680,11,3,,2019,1,18,4,3,2,2,2,0,1,0,0,0,0,0,"802697,3279","5831786,299","13,46553","52,55179",3050925.0,Komponistenviertel Weißensee,5563.0,50.0
191681,11,11,,2019,1,18,4,3,2,6,2,0,1,0,0,0,0,0,"806140,3217","5830160,435","13,51465","52,5353",11030720.0,Herzbergstraße,6359.0,27.0
191682,11,1,,2019,1,18,4,3,6,4,2,0,1,1,0,0,0,0,"796772,268","5832418,203","13,37896","52,56072",1033101.0,Soldiner Straße,4266.0,52.0
191683,11,11,,2019,1,7,4,3,2,6,0,0,1,0,0,0,0,2,"807106,9992","5824823,515","13,52393","52,48693",11051330.0,Karlshorst West,6444.0,53.0
191684,11,6,,2019,1,17,4,2,6,4,0,0,1,1,0,0,0,0,"794208,5794","5820908,636","13,33108","52,45893",6010209.0,Feuerbachstraße,3536.0,43.0
191685,11,3,,2019,1,18,5,3,2,2,1,0,1,0,0,0,0,0,"799691,9182","5829228,377","13,41902","52,53053",3071537.0,Kollwitzplatz,4857.0,54.0
191686,11,12,,2019,1,7,4,3,6,4,0,0,1,1,0,0,0,0,"796279,2704","5832416,61","13,37171","52,56097",12103117.0,Letteplatz,4166.0,53.0
191687,11,1,,2019,1,6,4,3,5,2,1,1,1,0,0,0,0,0,"794896,303","5830252,472","13,34944","52,54232",1044202.0,Sparrplatz,3861.0,37.0
191688,11,4,,2019,1,8,4,3,6,4,0,0,1,1,0,0,0,0,"791953,4394","5824759,063","13,30135","52,49466",4051445.0,Eisenzahnstraße,3147.0,43.0
191689,11,4,,2019,1,8,4,3,6,4,0,0,1,1,0,0,0,0,"793441,9749","5824063,122","13,3226","52,48763",4051652.0,Nikolsburger Platz,3445.0,43.0
191690,11,1,,2019,1,8,4,3,1,5,0,1,1,0,0,0,0,0,"797139,1508","5833204,106","13,38506","52,56756",1033101.0,Soldiner Straße,4368.0,65.0
191691,11,3,,2019,1,9,4,3,6,2,0,0,1,1,0,0,0,0,"799261,9896","5837648,843","13,4203","52,60624",3020307.0,Buchholz,4979.0,60.0
191692,11,7,,2019,1,11,4,3,5,2,0,1,1,0,0,0,0,1,"794949,9141","5824666,127","13,34528","52,49222",7020201.0,Bayerischer Platz,3746.0,57.0
191693,11,1,,2019,1,11,4,3,5,2,0,1,1,0,0,0,0,0,"799097,1846","5828456,724","13,40959","52,52394",1011303.0,Alexanderplatzviertel,4755.0,4.0
191694,11,2,,2019,1,11,4,3,0,3,0,0,1,0,0,0,1,0,"799301,9056","5826176,602","13,41055","52,50339",2010103.0,Moritzplatz,4749.0,23.0
191695,11,7,,2019,1,15,5,3,5,2,0,1,1,0,0,0,0,0,"794523,7207","5825186,401","13,33948","52,49711",7010101.0,Wittenbergplatz/Viktoria-Luise-Platz,3747.0,53.0
191696,11,10,,2019,1,12,4,3,6,4,0,0,1,1,0,0,0,0,"808338,209","5831339,162","13,54804","52,54462",10010207.0,Marzahner Promenade,6861.0,54.0
191697,11,8,,2019,1,12,4,3,6,3,0,0,1,1,0,0,0,0,"801520,5707","5817350,688","13,43516","52,42306",8020727.0,Buckow Mitte,5126.0,38.0
191698,11,10,,2019,1,17,4,3,6,2,2,0,1,1,0,0,0,0,"812573,4091","5825142,229","13,60448","52,48668",10040933.0,Mahlsdorf Süd,7644.0,55.0
191699,11,9,,2019,1,12,4,3,5,7,0,0,1,0,0,0,1,0,"805878,3136","5822759,563","13,504","52,46912",9020501.0,Oberschöneweide West,6139.0,65.0
191700,11,5,,2019,1,18,5,3,6,2,2,0,0,1,0,0,1,0,"782360,7527","5830508,488","13,16532","52,55126",5010206.0,Gütersloher Weg,1163.0,42.0
191701,11,1,,2019,1,17,4,3,6,4,2,1,0,1,0,0,0,1,795432,"5831608,641","13,35853","52,55419",1044203.0,Leopoldplatz,3964.0,39.0
191702,11,12,,2019,1,15,4,3,2,6,0,0,1,0,0,0,0,0,"795684,1318","5832532,916","13,36306","52,56234",12103219.0,Schäfersee,4066.0,53.0
191703,11,3,,2019,1,8,4,3,5,3,0,0,1,0,1,0,0,0,"799731,6201","5829841,019","13,42016","52,536",3071537.0,Kollwitzplatz,4959.0,58.0
191704,11,2,,2019,1,19,3,2,6,4,2,0,1,1,0,0,0,0,"800970,0496","5826064,015","13,43495","52,50146",2030302.0,Lausitzer Platz,5149.0,46.0
191705,11,9,,2019,1,17,3,3,4,3,2,0,1,0,0,0,0,0,"822259,9527","5819254,117","13,74096","52,42829",9051801.0,Rahnsdorf/Hessenwinkel,9627.0,65.0
191706,11,1,,2019,2,11,6,1,6,2,0,0,0,1,0,0,1,1,"794560,497","5828452,045","13,34291","52,52637",1022104.0,Emdener Straße,3756.0,4.0
191707,11,5,,2019,1,18,3,3,2,6,2,0,1,0,0,0,0,1,"783929,4016","5830120,882","13,18806","52,54697",5010208.0,Germersheimer Platz,1462.0,37.0
191708,11,8,,2019,1,18,3,3,2,6,2,0,1,0,0,0,0,0,"801069,3678","5821999,639","13,43274","52,46498",8010118.0,Silbersteinstraße,5038.0,31.0
191709,11,11,,2019,1,16,3,2,6,4,0,0,1,1,0,0,0,1,"805210,3","5828461,209","13,49942","52,52059",11030721.0,Rüdigerstraße,6054.0,60.0
191710,11,1,,2019,1,16,4,3,6,4,0,1,0,1,0,0,0,0,"794085,4422","5827801,167","13,33535","52,52079",1022106.0,Elberfelder Straße,3654.0,56.0
191711,11,8,,2019,1,17,3,3,3,6,2,0,1,0,0,0,0,1,"803201,1522","5818388,652","13,46074","52,43143",8030829.0,Gropiusstadt Nord,5528.0,60.0
191712,11,6,,2019,1,16,3,2,6,4,1,0,1,1,0,0,0,0,"793576,1191","5820618,691","13,32154","52,45668",6010102.0,Schloßstraße,3436.0,49.0
191713,11,2,,2019,1,16,3,3,1,5,2,1,1,0,0,0,0,0,"802725,2306","5827436,214","13,46197","52,51279",2050801.0,Traveplatz,5552.0,49.0
191714,11,1,,2019,1,16,3,3,2,6,2,1,1,0,0,0,0,0,"799111,41","5827120,157","13,4086","52,51195",1011305.0,Heine-Viertel West,4752.0,45.0
191715,11,1,,2019,1,16,3,3,5,2,2,0,1,0,0,0,0,1,"796853,0113","5830641,18","13,37856","52,54475",1033203.0,Humboldthain Nordwest,4261.0,37.0
191716,11,6,,2019,1,16,3,2,6,4,0,0,1,1,0,0,0,0,"791389,3313","5817837,091","13,28702","52,43291",6030610.0,Lichterfelde West,2929.0,61.0
191717,11,1,,2019,1,16,3,3,5,3,1,1,1,0,0,0,0,1,"797876,2892","5826766,369","13,39013","52,50946",1011204.0,Leipziger Straße,4451.0,11.0
191718,11,7,,2019,1,9,5,3,5,3,0,0,1,0,0,0,0,1,"797649,579","5822184,011","13,38271","52,4685",7040403.0,Manteuffelstraße,4339.0,29.0
191719,11,2,,2019,1,16,3,3,6,4,0,0,1,1,0,0,0,1,"798200,3969","5826387,35","13,39456","52,50588",2010102.0,Mehringplatz,4550.0,26.0
191720,11,6,,2019,1,15,3,3,5,7,0,0,1,0,0,0,0,1,"795306,7108","5818397,412","13,34497","52,43583",6020303.0,Lankwitz Kirche,3729.0,56.0
191721,11,4,,2019,1,18,4,3,2,2,2,0,1,0,0,0,0,0,"793999,4002","5823931,394","13,33067","52,48614",4051655.0,Babelsberger Straße,3544.0,57.0
191722,11,1,,2019,1,7,3,3,0,5,0,1,0,0,0,0,0,2,"794020,5141","5829170,534","13,33561","52,5331",1022104.0,Emdener Straße,3658.0,61.0
191723,11,11,,2019,1,20,3,2,0,1,2,1,0,0,0,0,0,1,"804649,9764","5831115,506","13,49362","52,54469",11020514.0,Große-Leege-Straße,5961.0,51.0
191724,11,1,,2019,1,15,3,3,5,3,1,1,1,0,0,0,0,0,"796360,8606","5831925,964","13,37247","52,55653",1044203.0,Leopoldplatz,4165.0,55.0
191725,11,4,,2019,1,14,3,3,2,6,0,0,1,0,0,0,0,0,"788927,8765","5827612,146","13,25939","52,52185",4020310.0,Park Ruhwald,2555.0,63.0
191726,11,12,,2019,1,13,3,3,2,6,0,0,1,0,0,0,0,0,"790623,6358","5835957,565","13,29162","52,59577",12304314.0,Ziekowstraße/Freie Scholle,2976.0,49.0
191727,11,5,,2019,1,13,3,3,6,4,0,0,1,1,0,0,0,0,"788027,3196","5829548,271","13,24783","52,53969",5030731.0,Gartenfelder Straße,2360.0,65.0
191728,11,12,,2019,1,6,5,3,3,6,2,0,1,0,0,0,1,0,"791992,0408","5831674,405","13,30799","52,55664",12214125.0,Waldidyll/Flughafensee,3265.0,59.0
191729,11,4,,2019,1,13,3,3,0,3,0,0,1,0,1,0,0,0,"792153,9557","5827387,865","13,3066","52,51812",4030620.0,Alt-Lietzow,3254.0,59.0
191730,11,2,,2019,1,22,3,3,5,7,2,0,1,0,0,0,0,0,"798359,8346","5826535,376","13,39703","52,50712",2010102.0,Mehringplatz,4550.0,26.0
191731,11,6,,2019,1,22,3,3,5,2,2,0,1,0,0,0,0,0,"792945,1219","5817751,317","13,30977","52,43131",6030610.0,Lichterfelde West,3228.0,32.0
191732,11,12,,2019,1,11,5,3,6,2,0,0,0,1,0,1,0,0,"791318,374","5838660,837","13,30423","52,61963",12231101.0,Hermsdorf,3183.0,60.0
191733,11,4,,2019,1,10,3,3,2,6,0,1,1,0,0,0,0,1,"793454,9108",5824440,"13,32312","52,491",4051652.0,Nikolsburger Platz,3446.0,47.0
191734,11,1,,2019,1,8,3,3,1,5,0,1,0,0,0,1,0,1,"794626,9052","5831293,958","13,34641","52,55181",1044101.0,Rehberge,3863.0,41.0
191735,11,1,,2019,1,8,3,3,5,2,0,1,0,0,0,0,1,1,"799708,2841","5827840,626","13,41801","52,51808",1011304.0,Karl-Marx-Allee,4854.0,36.0
191736,11,8,,2019,1,13,4,3,5,3,0,1,1,0,0,0,0,0,"803060,7012","5817397,383","13,45778","52,42263",8030830.0,Gropiusstadt Süd,5426.0,65.0
191737,11,8,,2019,1,7,3,3,6,2,0,0,1,1,0,0,0,1,"801998,398","5823295,202","13,44754","52,47608",8010404.0,Rixdorf,5341.0,41.0
191738,11,10,,2019,1,6,3,2,6,4,1,0,1,1,0,0,0,1,"810287,3849","5830965,121","13,57635","52,54017",10010311.0,Landsberger Tor,7260.0,59.0
191739,11,11,,2019,1,2,3,3,6,4,2,0,1,1,0,0,0,1,"805401,1869","5833282,53","13,50666","52,5637",11010310.0,Mühlengrund,6167.0,41.0
191740,11,1,,2019,1,9,3,3,1,5,0,1,1,0,0,0,0,0,"800407,3245","5826730,983","13,42728","52,50775",1011306.0,Heine-Viertel Ost,5051.0,33.0
191741,11,4,,2019,1,21,2,3,5,3,2,0,1,0,0,0,0,0,"793162,5557","5826882,531","13,32098","52,51305",4030623.0,Ernst-Reuter-Platz,3452.0,33.0
191742,11,7,,2019,1,11,2,3,5,2,0,1,1,0,0,0,0,1,"795039,8005","5821908,712","13,34416","52,46745",7030303.0,Grazer Platz,3739.0,63.0
191743,11,6,,2019,1,18,5,3,1,5,2,1,1,0,0,0,0,0,"793681,6252","5819252,035","13,32189","52,44437",6030606.0,Hindenburgdamm,3432.0,61.0
191744,11,5,,2019,1,20,2,3,6,7,2,0,1,1,0,0,0,1,"789558,6758","5829288,497","13,27012","52,53655",5030832.0,Rohrdamm,2659.0,45.0
191745,11,3,,2019,1,17,2,3,2,6,1,1,0,0,0,0,1,1,"804167,6073","5841063,768","13,49566","52,63412",3010102.0,Buch,6087.0,61.0
191746,11,10,,2019,1,20,2,2,5,3,2,0,1,0,0,0,0,1,"812995,2375","5828482,536","13,61381","52,51637",10040931.0,Mahlsdorf Nord,7753.0,64.0
191747,11,8,,2019,1,18,2,2,6,2,2,0,1,1,0,0,0,1,"800583,1994","5824578,711","13,42793","52,48836",8010301.0,Reuterkiez,5045.0,46.0
191748,11,7,,2019,1,17,2,3,6,2,2,0,1,1,0,0,0,1,"799350,898","5816114,549","13,40224","52,41317",8020726.0,Buckow West,4623.0,43.0
191749,11,6,,2019,1,17,2,2,6,4,2,0,1,1,0,0,0,1,"794230,5542","5820895,585","13,33139","52,45881",6010209.0,Feuerbachstraße,3536.0,43.0
191750,11,6,,2019,1,17,2,3,2,2,2,0,1,0,0,0,0,1,"792396,1322","5817836,175","13,30179","52,43236",6030610.0,Lichterfelde West,3128.0,60.0
191751,11,7,,2019,1,16,2,2,5,3,1,0,1,0,1,0,0,1,"798112,1228","5818348,383","13,38608","52,43387",7050502.0,Fritz-Werner-Straße,4329.0,59.0
191752,11,7,,2019,1,8,2,3,0,1,0,1,0,0,0,0,0,2,"796247,3589","5824305,958","13,36401","52,48829",7010104.0,Dennewitzplatz,4045.0,42.0
191753,11,8,,2019,1,15,2,3,5,3,1,1,1,0,0,0,0,1,"802499,736","5818946,992","13,45096","52,43683",8020625.0,Handwerker-Siedlung,5330.0,56.0
191754,11,4,,2019,1,8,2,3,2,6,0,0,1,0,0,0,0,1,"792731,0345","5829907,454","13,3173","52,5404",4010102.0,Plötzensee,3360.0,65.0
191755,11,5,,2019,1,15,2,2,5,3,0,0,1,0,0,0,0,1,"785832,101","5831732,778","13,21743","52,56043",5010101.0,Hakenfelde Nord,1866.0,59.0
191756,11,8,,2019,1,16,5,3,5,3,1,1,1,0,0,0,0,0,"803891,3852","5818944,957","13,47137","52,43604",8041035.0,Blumenviertel,5630.0,63.0
191757,11,6,,2019,1,9,2,3,1,1,0,0,1,0,0,0,1,2,"788970,5299","5818166,909","13,25183","52,43715",6040805.0,Fischerhüttenstraße,2430.0,59.0
191758,11,10,,2019,1,20,2,3,5,3,2,0,1,0,0,0,0,1,"811348,1431","5831843,897","13,59276","52,54744",10020412.0,Alte Hellersdorfer Straße,7462.0,45.0
191759,11,6,,2019,1,15,2,3,5,2,0,0,1,0,1,0,0,0,"795365,259","5818449,578","13,34588","52,43627",6020303.0,Lankwitz Kirche,3730.0,44.0
191760,11,9,,2019,1,13,2,3,5,3,0,1,1,0,0,0,0,1,"807850,2902","5822047,757","13,53228","52,46163",9020502.0,Oberschöneweide Ost,6537.0,65.0
191761,11,6,,2019,1,8,2,3,0,1,0,1,0,0,0,0,0,2,"787870,421","5818935,637","13,23635","52,44462",6040804.0,Krumme Lanke,2132.0,63.0
191762,11,8,,2019,1,8,5,3,3,6,0,0,1,0,0,1,0,0,"805566,5859","5818578,88","13,4956","52,43182",8041037.0,Alt-Rudow,6028.0,49.0
191763,11,1,,2019,1,13,2,3,2,6,0,0,1,0,0,0,1,0,"796273,9241","5830397,298","13,36983","52,54288",1033203.0,Humboldthain Nordwest,4161.0,54.0
191764,11,4,,2019,1,8,2,3,0,1,0,1,0,0,0,0,0,2,"790428,0262","5825937,222","13,27997","52,50604",4020314.0,Messegelände,2850.0,46.0
191765,11,4,,2019,1,6,2,2,6,2,2,0,1,1,0,0,0,1,"791410,9962","5827471,696","13,29576","52,51927",4030415.0,Schloßgarten,3054.0,54.0
191766,11,6,,2019,2,13,6,3,2,6,0,0,1,0,0,0,0,0,"794593,9593","5819172,286","13,3352","52,44316",6020302.0,Komponistenviertel Lankwitz,3632.0,57.0
191767,11,9,,2019,1,6,2,2,6,2,2,0,1,1,0,0,0,1,"809496,4126","5819862,729","13,55441","52,44112",9020702.0,Adlershof Ost,6831.0,61.0
191768,11,1,,2019,1,19,2,3,6,2,2,0,1,1,0,0,0,0,"794512,4543","5830640,418","13,34414","52,54601",1044103.0,Westliche Müllerstraße,3762.0,55.0
191769,11,10,,2019,1,13,2,3,5,2,0,0,1,0,0,0,0,0,"813544,7329","5827163,202","13,62064","52,50423",10040933.0,Mahlsdorf Süd,7849.0,59.0
191770,11,4,,2019,1,9,4,3,5,2,0,0,1,0,0,0,0,0,"793315,0058","5823784,523","13,32049","52,4852",4051549.0,Rathaus Wilmersdorf,3444.0,24.0
191771,11,5,,2019,1,6,2,2,5,3,2,1,1,0,0,0,0,1,"788058,1165","5829192,6","13,24797","52,53648",5030833.0,Motardstraße,2359.0,44.0
191772,11,10,,2019,1,19,2,2,6,4,2,0,1,1,0,0,0,1,"807802,9504","5830173,309","13,5391","52,53448",10010309.0,Springpfuhl,6658.0,51.0
191773,11,10,,2019,1,12,2,2,5,2,0,0,1,0,1,0,0,0,"809936,3571","5827047,623","13,56754","52,50526",10030727.0,Biesdorf Süd,7050.0,59.0
191774,11,8,,2019,1,5,2,3,5,7,2,1,0,0,0,0,1,1,"803907,9468","5821675,564","13,4741","52,4605",8010510.0,Gewerbegebiet Köllnische Heide,5737.0,63.0
191775,11,4,,2019,1,19,2,3,5,3,2,0,1,0,0,0,0,1,"791647,4627","5826418,884","13,29831","52,50971",4030725.0,Amtsgerichtsplatz,3051.0,26.0
191776,11,4,,2019,1,9,5,3,0,2,0,1,1,0,0,0,0,1,"791251,1288","5829731,136","13,29539","52,53961",4010101.0,Jungfernheide,3060.0,36.0
191777,11,1,,2019,1,5,2,3,6,2,2,0,1,1,0,0,0,1,"794528,8839","5831557,072","13,3452","52,55422",1044101.0,Rehberge,3764.0,45.0
191778,11,12,,2019,1,19,2,3,6,2,2,0,1,1,0,0,0,1,"794862,4614","5833050,134","13,35143","52,56742",12103218.0,Teichstraße,3868.0,48.0
191779,11,4,,2019,1,14,4,3,5,7,0,0,1,0,0,0,1,1,"792431,728","5825396,085","13,30894","52,50012",4030929.0,Hindemithplatz,3248.0,24.0
191780,11,1,,2019,1,10,2,3,1,5,0,0,1,0,0,0,0,1,"793875,1106","5831584,432","13,33561","52,55482",1044101.0,Rehberge,3664.0,65.0
191781,11,11,,2019,1,18,2,3,2,2,2,0,1,0,0,0,0,1,"803409,1863","5826631,554","13,47129","52,5052",11040925.0,Victoriastadt,5650.0,43.0
191782,11,3,,2019,1,10,2,3,5,3,0,1,1,0,0,0,0,1,"799663,4472","5832816,884","13,42184","52,56271",3040818.0,Pankow Süd,4967.0,51.0
191783,11,8,,2019,1,22,4,3,5,7,2,0,1,0,0,0,1,0,"800353,349","5824231,437","13,42424","52,48538",8010211.0,Flughafenstraße,4944.0,25.0
191784,11,6,,2019,1,10,2,3,0,3,0,1,1,0,0,0,0,2,"788959,044","5816405,45","13,25014","52,42136",6030504.0,Teltower Damm,2325.0,54.0
191785,11,6,,2019,1,18,2,2,6,2,2,0,1,1,0,0,0,1,"794889,244","5819743,808","13,34004","52,44813",6010206.0,Stadtpark,3733.0,55.0
191786,11,5,,2019,1,9,2,3,0,5,0,1,1,0,0,0,0,2,"789373,9781","5829812,607","13,26786","52,54134",5030832.0,Rohrdamm,2660.0,65.0
191787,11,7,,2019,1,9,2,3,2,2,0,0,1,0,0,0,0,1,"798004,1553","5819645,909","13,38565","52,44556",7050501.0,Rathausstraße,4332.0,40.0
191788,11,1,,2019,1,18,2,2,5,3,2,1,1,0,0,0,0,1,"797249,6021","5829764,836","13,38361","52,53667",1033202.0,Humboldthain Süd,4359.0,61.0
191789,11,12,,2019,1,8,2,3,0,1,0,1,0,0,0,0,0,2,"790207,5414","5839954,308","13,289","52,63182",12231102.0,Frohnau,2987.0,52.0
191790,11,7,,2019,1,13,5,3,1,5,0,1,1,0,0,0,0,0,"794218,2167","5822611,839","13,33272","52,4742",7030301.0,Friedenau,3641.0,57.0
191791,11,9,,2019,1,9,2,2,0,1,0,1,0,0,0,0,0,2,"821559,4225","5819114,733","13,73056","52,42746",9051801.0,Rahnsdorf/Hessenwinkel,9527.0,65.0
191792,11,4,,2019,1,11,2,3,6,2,0,0,0,1,0,0,1,0,"791966,0908","5825240,11","13,30196","52,49897",4030726.0,Droysenstraße,3148.0,24.0
191793,11,1,,2019,1,2,1,3,1,7,2,0,1,0,0,0,0,1,"795287,2543","5828524,422","13,35366","52,52662",1022203.0,Lübecker Straße,3956.0,59.0
191794,11,1,,2019,1,11,1,3,6,7,0,0,1,1,0,0,0,1,"798238,4672","5828757,908","13,39724","52,52711",1011302.0,Oranienburger Straße,4556.0,46.0
191795,11,5,,2019,1,19,1,3,6,2,2,0,1,1,0,0,0,1,"785231,4157","5831827,237","13,20867","52,56159",5010101.0,Hakenfelde Nord,1766.0,46.0
191796,11,5,,2019,1,19,1,3,2,6,2,0,1,0,0,0,0,1,"786362,486","5829159,866","13,22301","52,53708",5030730.0,Zitadellenweg,1959.0,49.0
191797,11,5,,2019,1,20,1,3,6,4,2,0,1,1,0,0,0,0,"783947,8378","5829087,194","13,18745","52,53769",5010314.0,Carl-Schurz-Straße,1459.0,57.0
191798,11,8,,2019,1,11,1,3,5,3,0,0,1,0,0,0,0,1,"801236,4954","5823388,131","13,43644","52,47733",8010212.0,Rollberg,5142.0,45.0
191799,11,4,,2019,1,8,1,2,1,1,0,0,1,0,0,0,0,1,"792071,3117","5825297,793","13,30356","52,49943",4030726.0,Droysenstraße,3148.0,24.0
191800,11,1,,2019,1,4,1,3,5,3,2,0,1,0,0,0,1,0,"796673,0257","5831931,257","13,37707","52,55641",1044201.0,Reinickendorfer Straße,4265.0,5.0
191801,11,8,,2019,1,18,1,3,2,6,2,0,1,0,0,0,0,1,"801571,2875","5824050,32","13,44196","52,48308",8010301.0,Reuterkiez,5243.0,34.0
191802,11,4,,2019,1,18,1,2,6,2,2,0,1,1,0,0,0,1,"792174,5388","5827292,993","13,30682","52,51726",4030620.0,Alt-Lietzow,3253.0,43.0
191803,11,3,,2019,1,5,5,3,0,6,2,0,1,0,0,0,1,1,"800514,9701","5836163,614","13,4374","52,59224",3020307.0,Buchholz,5175.0,62.0
191804,11,1,,2019,1,18,1,3,2,6,2,0,1,0,0,0,0,1,"794993,2272","5827254,821","13,34821","52,5154",1011102.0,Großer Tiergarten,3853.0,44.0
191805,11,7,,2019,1,18,1,2,6,4,2,0,1,1,0,0,0,1,"798886,1499","5819088,283","13,39809","52,44008",7050505.0,Hundsteinweg,4531.0,62.0
191806,11,5,,2019,1,17,1,3,5,3,2,0,1,0,0,0,0,1,"785102,5357","5831666,932","13,20664","52,56022",5010103.0,Amorbacher Weg,1766.0,46.0
191807,11,6,,2019,1,16,1,3,5,2,2,1,1,0,0,0,0,1,"790624,575","5815222,265","13,27353","52,40987",6030504.0,Teltower Damm,2722.0,60.0
191808,11,6,,2019,1,15,1,3,4,6,0,1,1,0,0,0,0,1,"791301,7079","5817703,782","13,28562","52,43176",6030608.0,Schweizer Viertel,2928.0,65.0
191809,11,12,,2019,1,21,7,3,4,6,2,0,1,0,0,0,0,1,"789937,9016","5836472,864","13,28197","52,60075",12214528.0,Tegeler Forst,2878.0,65.0
191810,11,4,,2019,1,22,7,2,6,4,2,0,1,1,0,0,0,1,"792404,0381","5825018,279","13,3082","52,49674",4051446.0,Preußenpark,3247.0,45.0
191811,11,7,,2019,1,14,7,2,0,7,0,0,1,0,0,0,0,1,"799159,8603","5814216,478","13,39775","52,39626",7070701.0,Kettinger Straße/Schillerstraße,4518.0,52.0
191812,11,11,,2019,1,13,7,3,6,4,0,0,0,1,0,0,1,2,"805353,7185","5833248,849","13,50593","52,56342",11010310.0,Mühlengrund,6167.0,41.0
191813,11,1,,2019,1,15,5,3,5,7,0,1,0,0,0,0,1,0,"799069,859","5827094,875","13,40796","52,51175",1011305.0,Heine-Viertel West,4752.0,45.0
191814,11,12,,2019,1,13,7,3,5,3,0,0,1,0,0,0,0,1,"796271,9056","5832762,798","13,37191","52,56408",12103117.0,Letteplatz,4167.0,59.0
191815,11,8,,2019,1,12,7,3,6,4,0,0,1,1,0,0,0,1,"801604,629","5817441,516","13,43648","52,42383",8020727.0,Buckow Mitte,5126.0,38.0
191816,11,9,,2019,1,11,7,2,4,6,0,0,1,0,0,0,0,1,"803784,9913","5823282,044","13,47375","52,47497",9010202.0,Köpenicker Landstraße,5641.0,65.0
191817,11,1,,2019,1,19,5,3,1,5,2,1,1,0,0,0,0,0,"798948,102","5828428,245","13,40737","52,52377",1011302.0,Oranienburger Straße,4755.0,4.0
191818,11,3,,2019,1,11,7,3,5,3,0,0,1,0,0,0,0,1,"799726,0171","5832496,9","13,42248","52,55981",3040818.0,Pankow Süd,4966.0,57.0
191819,11,7,,2019,1,10,7,2,1,5,0,0,1,0,0,0,0,1,"799320,5318","5820527,98","13,40575","52,45275",7050503.0,Eisenacher Straße,4634.0,65.0
191820,11,1,,2019,1,8,7,3,2,6,0,0,1,0,0,0,0,1,"796651,1043","5831920,225","13,37673","52,55632",1044201.0,Reinickendorfer Straße,4265.0,5.0
191821,11,5,,2019,1,22,7,3,6,7,2,0,1,1,0,0,0,1,"783704,8897","5830202,999","13,18483","52,54782",5010208.0,Germersheimer Platz,1462.0,37.0
191822,11,2,,2019,1,21,7,3,5,7,2,0,1,0,0,0,0,1,"801349,7813","5826458,746","13,44088","52,50479",2040703.0,Wriezener Bahnhof/Entwicklungsgebiet,5250.0,54.0
191823,11,4,,2019,1,20,7,3,6,7,2,0,1,1,0,0,0,1,"792137,4005","5825322,157","13,30455","52,49961",4030726.0,Droysenstraße,3148.0,24.0
191824,11,8,,2019,2,22,6,3,4,5,2,1,0,0,0,0,1,0,"800631,815","5823089,626","13,4273","52,47499",8010117.0,Schillerpromenade,5041.0,31.0
191825,11,6,,2019,1,20,7,3,6,2,2,0,1,1,0,0,0,1,"790178,1242","5819768,77","13,27093","52,45087",6040810.0,Dahlem,2634.0,40.0
191826,11,4,,2019,1,17,7,3,0,3,1,1,1,0,0,0,0,1,"791056,5208","5824827,522","13,28824","52,49576",4031032.0,Halensee,2947.0,18.0
191827,11,3,,2019,1,4,7,3,9,1,2,0,1,0,0,0,0,2,"800858,8465","5838764,336","13,44483","52,61536",3010104.0,Lietzengraben,5282.0,56.0
191828,11,2,,2019,1,12,4,3,5,3,0,1,1,0,0,0,0,0,"797550,2237","5825154,341","13,3839","52,49518",2020202.0,Rathaus Yorckstraße,4347.0,52.0
191829,11,9,,2019,1,18,7,3,6,2,2,0,1,1,0,0,0,1,"805884,2688","5818982,364","13,50063","52,43526",9010402.0,Johannisthal Ost,6029.0,56.0
191830,11,3,,2019,1,17,7,3,5,3,1,0,1,0,0,0,0,1,"799867,1621","5834294,351","13,42618","52,57584",3040614.0,Pankow Zentrum,4970.0,56.0
191831,11,1,,2019,1,17,7,3,5,2,1,0,1,0,0,0,0,1,"797854,8529","5826860,54","13,3899","52,51031",1011204.0,Leipziger Straße,4451.0,11.0
191832,11,7,,2019,1,17,7,2,5,3,1,1,1,0,0,0,0,1,"797090,8214","5822167,274","13,37449","52,46866",7040403.0,Manteuffelstraße,4239.0,42.0
191833,11,6,,2019,1,0,7,3,1,5,2,0,0,0,1,1,0,1,"794629,2608","5818129,887","13,3348","52,4338",6020304.0,Kaiser-Wilhelm-Straße,3629.0,62.0
191834,11,4,,2019,1,12,5,3,5,3,0,0,1,0,0,0,0,0,"793998,0148","5826068,087","13,33254","52,5053",4030931.0,Breitscheidplatz,3650.0,32.0
191835,11,9,,2019,1,17,7,3,6,4,1,0,1,1,0,0,0,1,"811048,6838","5820499,259","13,57777","52,44594",9041501.0,Altstadt Kietz,7232.0,31.0
191836,11,4,,2019,1,16,7,3,2,2,1,0,1,0,0,0,0,1,"791297,5801","5830670,852","13,2969","52,54801",4010101.0,Jungfernheide,3062.0,44.0