ObjectID,State,District,LOR_ab_2021,AccidentYear,AccidentMonth,AccidentHour,DayOfWeek,AccidentCategory,AccidentType,AccidentTypeDetail,LightingCondition,InvolvingBike,InvolvingCar,InvolvingPedestrian,InvolvingMotorcycle,InvolvingHGV,InvolvingOther,RoadCondition,GraphicCoord1,GraphicCoord2,LongitudeWGS84,LatitudeWGS84,quadrant,quadrant_rank
191837,11,10,,2019,1,13,5,3,2,6,0,0,1,0,0,0,0,0,"807045,4106","5829121,963","13,52699","52,52548",10010308.0,Marzahner Chaussee,6456.0,63.0
191838,11,7,,2019,1,16,7,3,3,6,1,1,0,0,0,0,1,1,"794555,1713","5822540,782","13,3376","52,47338",7030301.0,Friedenau,3640.0,55.0
191839,11,1,,2019,1,18,6,3,2,6,2,0,1,0,0,0,0,1,"795555,3969","5825769,199","13,35515","52,50178",1011103.0,Lützowstraße,3949.0,53.0
191840,11,7,,2019,1,20,4,3,2,6,2,0,1,0,0,0,0,0,"795385,5662","5820977,943","13,34841","52,45892",7030303.0,Grazer Platz,3836.0,55.0
191841,11,8,,2019,1,22,6,3,5,2,2,1,1,0,0,0,0,1,"801013,7949","5823905,808","13,43364","52,48209",8010303.0,Donaustraße,5143.0,6.0
191842,11,3,,2019,1,21,6,2,0,7,2,0,1,0,0,0,1,0,"800167,5294","5836913,521","13,43297","52,59915",3020307.0,Buchholz,5077.0,64.0
191843,11,10,,2019,1,12,6,3,9,1,0,0,1,0,0,0,0,2,"807677,511","5830789,621","13,53782","52,54007",10010203.0,Gewerbegebiet Bitterfelder Straße,6660.0,39.0
191844,11,8,,2019,1,19,6,3,0,5,2,1,1,0,0,0,0,1,"800686,7528","5822950,802","13,42798","52,47371",8010117.0,Schillerpromenade,5041.0,31.0
191845,11,6,,2019,1,7,6,3,0,1,1,1,0,0,0,0,0,1,"792242,3439","5820561,329","13,30192","52,45688",6040809.0,Thielallee,3136.0,49.0
191846,11,1,,2019,1,7,6,2,5,2,1,1,1,0,0,0,0,1,"800161,8114","5827358,629","13,42424","52,51351",2040701.0,Andreasviertel,4952.0,44.0
191847,11,6,,2019,1,6,5,3,2,6,2,0,1,0,0,0,1,0,"794076,031","5818788,917","13,32727","52,44",6020302.0,Komponistenviertel Lankwitz,3531.0,58.0
191848,11,1,,2019,1,8,6,3,2,6,0,0,1,0,0,0,0,2,"795191,7185","5827239,765","13,35111","52,51516",1011102.0,Großer Tiergarten,3853.0,44.0
191849,11,1,,2019,1,10,6,3,6,2,0,0,0,1,0,0,1,1,"799663,7495","5827043,318","13,41664","52,51096",1011306.0,Heine-Viertel Ost,4851.0,50.0
191850,11,4,,2019,1,11,6,3,5,2,0,0,1,0,0,0,1,0,"790209,2888","5826041,022","13,27685","52,50709",4020313.0,Königin-Elisabeth-Straße,2750.0,55.0
191851,11,7,,2019,1,11,6,3,2,7,0,0,1,0,0,0,0,1,"797276,1305","5823682,122","13,37856","52,48214",7040401.0,Neu-Tempelhof,4243.0,50.0
191852,11,11,,2019,1,13,6,3,6,4,0,0,1,1,0,0,0,1,"803977,9697","5826070,74","13,47913","52,49985",11051229.0,Rummelsburg,5748.0,59.0
191853,11,11,,2019,1,13,6,2,2,2,0,1,0,0,0,1,0,0,"803345,6762","5826301,38","13,47005","52,50227",11051229.0,Rummelsburg,5649.0,33.0
191854,11,9,,2019,1,14,6,3,5,3,0,0,1,0,0,0,0,0,"811576,9799","5820376,777","13,5854","52,44454",9041401.0,Allende I,7332.0,60.0
191855,11,12,,2019,1,6,6,3,5,2,1,0,1,0,0,0,0,1,"792827,961","5836797,167","13,32481","52,60211",12301204.0,Wittenau Nord,3478.0,64.0
191856,11,2,,2019,1,18,6,3,5,2,2,0,1,0,1,0,0,1,"803398,2589","5826865,207","13,47134","52,5073",2050801.0,Traveplatz,5650.0,43.0
191857,11,9,,2019,1,10,6,3,0,7,0,0,1,0,0,0,0,1,"815143,0261","5821059,387","13,63834","52,44862",9051702.0,Bölschestraße,8133.0,62.0
191858,11,8,,2019,1,18,6,2,6,4,2,0,1,1,0,0,0,1,"803739,373","5817990,696","13,46827","52,42757",8030831.0,Gropiusstadt Ost,5627.0,51.0
191859,11,9,,2019,1,17,6,3,5,2,2,0,1,0,0,0,0,1,"808089,6915","5818627,215","13,53264","52,43084",9020701.0,Adlershof West,6528.0,60.0
191860,11,7,,2019,1,18,5,3,6,2,2,0,1,1,0,0,0,0,"798445,7357","5821049,159","13,39338","52,4579",7040405.0,Rathaus Tempelhof,4536.0,56.0
191861,11,4,,2019,1,16,6,3,5,3,1,0,1,0,0,0,0,0,"793965,7875","5824960,752","13,33109","52,49539",4051448.0,Schaperstraße,3547.0,43.0
191862,11,4,,2019,1,19,5,3,3,6,2,1,1,0,0,0,0,0,"793253,6136","5826186,529","13,32171","52,50676",4030828.0,Savignyplatz,3450.0,48.0
191863,11,11,,2019,1,18,5,3,2,6,2,0,1,0,0,0,0,0,"804146,289","5829813,659","13,48502","52,53331",11030619.0,Fennpfuhl Ost,5858.0,54.0
191864,11,8,,2019,1,17,5,2,5,3,2,0,1,0,0,0,1,0,"801616,6078","5821693,636","13,44049","52,46193",8020619.0,Buschkrugallee Nord,5237.0,45.0
191865,11,6,,2019,1,16,5,3,5,3,2,1,1,0,0,0,0,0,"785322,4398","5817729,986","13,19794","52,43515",6040703.0,Nikolassee,1529.0,61.0
191866,11,10,,2019,1,15,5,2,6,4,0,0,1,1,0,0,0,0,"810137,0137","5833918,832","13,5769","52,56672",10010102.0,Havemannstraße,7268.0,62.0
191867,11,6,,2019,2,15,6,3,5,3,0,0,1,0,0,0,0,0,"781877,5118","5813349,348","13,14371","52,39765",6040701.0,Wannsee,718.0,63.0
191868,11,10,,2019,1,15,5,3,5,3,0,0,1,0,0,1,0,0,"808889,9656","5833395,236","13,55807","52,56274",10010204.0,Wuhletalstraße,6967.0,41.0
191869,11,8,,2019,1,14,5,3,6,7,0,1,0,1,0,0,0,0,"801181,7254","5821806,219","13,43421","52,46318",8010118.0,Silbersteinstraße,5137.0,55.0
191870,11,9,,2019,1,9,5,3,6,4,0,0,1,1,0,0,0,0,"808338,7579","5819178,825","13,5368","52,43564",9020701.0,Adlershof West,6629.0,41.0
191871,11,9,,2019,1,7,5,3,1,5,0,0,1,0,0,0,0,0,"808370,128","5816940,436","13,5352","52,41556",9030901.0,Dorf Altglienicke,6624.0,63.0
191872,11,7,,2019,1,12,4,3,2,6,0,0,1,0,0,0,0,0,"796601,2784","5823946,242","13,36889","52,48487",7020204.0,Schöneberger Insel,4144.0,57.0
191873,11,5,,2019,1,15,4,2,6,4,0,0,1,1,0,0,0,0,"782033,3748","5827359,776","13,15783","52,5232",5020522.0,Pillnitzer Weg,1055.0,59.0
191874,11,8,,2019,1,16,4,3,5,2,2,0,1,0,0,0,0,0,"805548,3298","5818553,236","13,49531","52,4316",8041037.0,Alt-Rudow,6028.0,49.0
191875,11,9,,2019,1,17,5,3,2,2,1,0,1,0,0,0,0,0,"802351,5107","5824749,136","13,45404","52,48891",9010101.0,Elsenstraße,5445.0,59.0
191876,11,1,,2019,1,15,4,3,5,2,0,1,1,0,0,0,0,0,"797623,8441","5827017,473","13,38665","52,51184",1011203.0,Unter den Linden Süd,4452.0,21.0
191877,11,7,,2019,1,15,4,3,2,6,0,0,0,0,1,0,0,0,"796334,468","5825111,897","13,36601","52,49546",7010104.0,Dennewitzplatz,4047.0,22.0
191878,11,3,,2019,1,15,4,3,1,5,0,1,1,0,0,0,0,0,"802687,7117","5831395,923","13,46503","52,5483",3050925.0,Komponistenviertel Weißensee,5562.0,61.0
191879,11,3,,2019,1,14,4,3,1,5,0,0,1,0,0,0,0,0,"798667,2163","5831768,213","13,40625","52,55386",3061126.0,Arnimplatz,4664.0,42.0
191880,11,4,,2019,1,12,4,2,5,2,0,0,1,0,1,0,0,0,"791577,6258","5825525,58","13,2965","52,50173",4030726.0,Droysenstraße,3049.0,57.0
191881,11,3,,2019,1,7,5,3,2,6,0,0,1,0,0,0,0,0,"802865,2545","5833539,449","13,46959","52,56741",3030716.0,Märchenland,5668.0,59.0
191882,11,9,,2019,1,6,4,3,2,6,2,0,1,0,0,0,0,1,"805742,4277","5820365,49","13,49981","52,44774",9010401.0,Johannisthal West,6033.0,62.0
191883,11,9,,2019,1,6,4,3,0,6,2,0,1,0,0,0,1,0,"806348,2068","5821000,52","13,50928","52,45309",9010401.0,Johannisthal West,6235.0,41.0
191884,11,2,,2019,1,22,4,3,5,3,2,0,1,0,0,0,0,0,"800307,6524","5827626,121","13,42663","52,51583",2040701.0,Andreasviertel,4953.0,49.0
191885,11,3,,2019,1,7,4,3,6,4,0,0,1,1,0,0,0,0,"799534,1922","5837801,758","13,42445","52,60746",3020307.0,Buchholz,4980.0,63.0
191886,11,4,,2019,1,7,4,3,3,6,0,1,1,0,0,0,0,0,"793935,143","5825147,122","13,3308","52,49708",4051448.0,Schaperstraße,3547.0,43.0
191887,11,1,,2019,1,8,4,3,2,6,0,1,1,0,0,0,0,1,"796949,3682","5829436,585","13,3789","52,5339",1011301.0,Charitéviertel,4258.0,61.0
191888,11,9,,2019,1,17,4,3,5,2,2,1,1,0,0,0,0,0,"805008,5271","5822690,938","13,49117","52,46899",9010301.0,Baumschulenstraße,5939.0,38.0
191889,11,4,,2019,1,8,4,3,2,6,0,0,1,0,0,0,0,0,"791618,314","5827511,634","13,29884","52,51952",4030415.0,Schloßgarten,3054.0,54.0
191890,11,4,,2019,1,8,4,3,5,2,0,1,1,0,0,0,0,0,"792596,0674","5828268,647","13,31388","52,52578",4030519.0,Kaiserin-Augusta-Allee,3356.0,56.0
191891,11,5,,2019,1,9,4,3,6,2,0,0,1,1,0,0,0,0,"783828,6377","5830130,656","13,18659","52,54711",5010208.0,Germersheimer Platz,1462.0,37.0
191892,11,7,,2019,1,11,4,2,6,2,0,0,1,1,0,0,0,0,"798696,2745","5816020,906","13,39257","52,41269",7070701.0,Kettinger Straße/Schillerstraße,4423.0,52.0
191893,11,12,,2019,1,6,4,3,2,6,2,0,1,0,0,0,0,0,"794631,0586","5836292,83","13,35091","52,59662",12302108.0,Märkisches Zentrum,3876.0,49.0
191894,11,8,,2019,1,9,5,3,0,3,0,0,1,0,1,0,0,0,"801715,4663","5824253,362","13,44426","52,48482",8010301.0,Reuterkiez,5244.0,47.0
191895,11,6,,2019,1,19,4,2,5,3,2,0,1,0,0,0,0,2,"791684,9672","5818800,308","13,2922","52,44139",6030610.0,Lichterfelde West,3031.0,57.0
191896,11,2,,2019,1,18,4,3,5,2,2,1,1,0,0,0,0,0,"798489,3602","5825229,342","13,39776","52,49534",2020204.0,Urbanstraße,4547.0,11.0
191897,11,4,,2019,1,14,4,3,6,4,0,1,0,1,0,0,0,0,"793339,5256","5826672,701","13,3234","52,51107",4030623.0,Ernst-Reuter-Platz,3451.0,50.0
191898,11,4,,2019,1,12,4,3,6,4,0,0,1,1,0,0,0,0,"793229,1012","5823990,763","13,31941","52,48709",4051550.0,Leon-Jessel-Platz,3444.0,24.0
191899,11,8,,2019,1,18,4,3,2,6,2,0,1,0,0,0,0,0,"800904,3416","5824271,697","13,43236","52,48543",8010301.0,Reuterkiez,5044.0,14.0
191900,11,6,,2019,1,18,4,3,5,3,2,1,1,0,0,0,0,0,"794486,9374","5821598,398","13,33577","52,46497",6010209.0,Feuerbachstraße,3638.0,58.0
191901,11,3,,2019,1,12,4,2,5,3,0,1,1,0,0,0,0,0,"799664,4076","5832817,111","13,42186","52,56271",3040818.0,Pankow Süd,4967.0,51.0
191902,11,2,,2019,1,4,4,2,8,1,2,0,1,0,0,0,0,0,"799457,919","5824933,364","13,41172","52,49216",2020206.0,Graefekiez,4746.0,53.0
191903,11,4,,2019,1,17,4,3,6,4,2,1,0,1,0,0,0,0,"793847,1224","5825873,673","13,33015","52,50364",4030931.0,Breitscheidplatz,3549.0,24.0
191904,11,7,,2019,1,17,4,3,5,2,2,1,1,0,0,0,0,0,"797945,3969","5822209,957","13,38708","52,46857",7040405.0,Rathaus Tempelhof,4439.0,53.0
191905,11,2,,2019,1,17,4,3,2,6,2,0,1,0,0,0,0,0,"801389,2705","5828723,685","13,44351","52,52507",2040503.0,Richard-Sorge-Viertel,5256.0,48.0
191906,11,2,,2019,1,13,4,3,1,5,0,1,0,0,0,0,1,0,"800297,0314","5825830,517","13,42485","52,49974",2030302.0,Lausitzer Platz,4948.0,23.0
191907,11,6,,2019,1,13,5,3,5,2,0,1,1,0,0,0,0,0,"794140,6087","5817715,924","13,32727","52,43035",6020409.0,Königsberger Straße,3528.0,65.0
191908,11,8,,2019,1,7,3,3,2,6,0,0,1,0,0,0,0,0,"801254,5084","5819762,051","13,43343","52,44482",8020622.0,Parchimer Allee,5132.0,38.0
191909,11,3,,2019,1,10,3,2,5,7,0,0,1,0,0,0,1,0,"798662,6622","5831707,276","13,40613","52,55331",3061126.0,Arnimplatz,4664.0,42.0
191910,11,1,,2019,1,16,3,3,6,4,0,1,0,1,0,0,0,0,"798172,9525","5830043,176","13,39743","52,53867",1033201.0,Brunnenstraße,4560.0,49.0
191911,11,4,,2019,1,13,4,2,5,3,0,1,1,0,0,0,0,0,"792916,931","5826772,084","13,31727","52,51219",4030623.0,Ernst-Reuter-Platz,3352.0,26.0
191912,11,11,,2019,1,14,3,3,5,3,0,0,1,0,0,0,0,0,"805124,0264","5830057,489","13,49962","52,53495",11020515.0,Landsberger Allee,6058.0,52.0
191913,11,3,,2019,1,14,3,3,5,2,0,1,1,0,0,0,0,0,"801080,0921","5830449,654","13,44053","52,54071",3061429.0,Greifswalder Straße,5260.0,59.0
191914,11,6,,2019,1,13,3,3,2,2,0,0,1,0,0,1,0,0,"790562,6231","5821486,562","13,27807","52,46607",6040810.0,Dahlem,2738.0,62.0
191915,11,6,,2019,1,13,3,3,2,2,0,1,1,0,0,0,0,0,"794120,9734","5820820,925","13,32971","52,4582",6010208.0,Bergstraße,3536.0,43.0
191916,11,8,,2019,1,13,3,3,4,6,0,0,1,0,0,0,0,0,"800580,8856","5819341,581","13,42317","52,44142",8020621.0,Mohriner Allee Nord,4931.0,61.0
191917,11,10,,2019,1,12,3,3,5,2,0,0,1,0,0,0,1,0,"812385,1224","5824270,491","13,60089","52,47898",10040933.0,Mahlsdorf Süd,7542.0,53.0
191918,11,12,,2019,1,18,5,2,6,2,2,0,1,1,0,0,0,0,"794420,6232","5836238,438","13,34776","52,59624",12302110.0,Dannenwalder Weg,3876.0,49.0
191919,11,3,,2019,1,12,3,2,5,3,0,1,1,0,0,0,0,0,"795623,3456","5834694,987","13,36409","52,58175",3040512.0,Wilhelmsruh,4072.0,65.0
191920,11,8,,2019,1,12,3,3,6,7,0,0,1,1,0,0,0,0,"801969,8258","5820748,291","13,44482","52,45326",8020619.0,Buschkrugallee Nord,5235.0,65.0
191921,11,8,,2019,1,18,3,3,6,4,1,0,1,1,0,0,0,0,"805274,3531","5816503,631","13,48942","52,41339",8041036.0,Zittauer Straße,5923.0,63.0
191922,11,8,,2019,1,10,3,3,5,3,0,0,1,0,0,0,1,0,"802266,2523","5823530,721","13,45169","52,47804",8010405.0,Hertzbergplatz,5342.0,38.0
191923,11,8,,2019,1,18,5,2,6,2,1,0,1,1,0,0,0,0,"803146,5604","5818457,92","13,46","52,43208",8030829.0,Gropiusstadt Nord,5428.0,49.0
191924,11,11,,2019,1,9,3,3,2,6,0,0,1,0,0,0,1,0,"805195,7048","5829051,481","13,49975","52,52589",11030720.0,Herzbergstraße,6056.0,54.0
191925,11,4,,2019,1,9,3,2,3,3,0,0,1,0,0,0,1,0,"792845,1175","5825520,588","13,31512","52,50101",4030930.0,George-Grosz-Platz,3349.0,12.0
191926,11,3,,2019,1,22,3,2,5,2,2,1,1,0,0,0,0,0,"799688,2438","5829250,284","13,41899","52,53073",3071537.0,Kollwitzplatz,4857.0,54.0
191927,11,4,,2019,1,20,3,3,5,2,2,0,1,0,0,0,0,0,"790559,054","5827352,592","13,28314","52,51866",4020310.0,Park Ruhwald,2854.0,17.0
191928,11,12,,2019,1,19,3,3,6,7,2,0,1,1,0,0,0,0,"790201,639","5835145,095","13,28469","52,58871",12214527.0,Alt-Tegel,2874.0,52.0
191929,11,6,,2019,1,8,3,3,2,2,0,1,1,0,0,0,0,0,"790139,0618","5819770,878","13,27036","52,45091",6040810.0,Dahlem,2634.0,40.0
191930,11,2,,2019,1,18,3,3,6,4,1,1,0,1,0,0,0,0,"799047,6008","5825596,119","13,40629","52,49832",2010104.0,Wassertorplatz,4648.0,37.0
191931,11,10,,2019,1,20,2,3,2,6,2,0,1,0,0,0,0,1,"807823,2782","5830742,878","13,53992","52,53957",10010310.0,Alt-Marzahn,6660.0,39.0
191932,11,10,,2019,1,16,5,3,6,4,0,0,1,1,0,0,0,0,"811119,601","5830922,521","13,58854","52,53931",10020413.0,Gut Hellersdorf,7460.0,55.0
191933,11,9,,2019,1,19,2,3,5,3,2,0,1,0,0,0,0,0,"804871,0547","5822461,085","13,48895","52,467",9010301.0,Baumschulenstraße,5939.0,38.0
191934,11,1,,2019,1,18,2,3,2,6,2,0,1,0,0,0,0,0,"795552,4438","5830734,915","13,35952","52,54629",1044202.0,Sparrplatz,4062.0,45.0
191935,11,4,,2019,1,17,2,2,6,2,2,0,1,1,0,0,0,0,"792176,1988","5827292,248","13,30685","52,51725",4030620.0,Alt-Lietzow,3253.0,43.0
191936,11,11,,2019,1,17,2,2,6,4,2,0,1,1,0,0,0,0,"807525,8961","5827591,975","13,53264","52,5115",11041023.0,Gensinger Straße,6552.0,64.0
191937,11,9,,2019,1,17,2,3,2,6,2,0,1,0,0,0,0,1,"806027,178","5823050,904","13,50645","52,47164",9020501.0,Oberschöneweide West,6140.0,65.0
191938,11,4,,2019,1,14,2,3,2,3,0,0,1,0,0,0,0,0,"791624,937","5824503,987","13,2963","52,49255",4031032.0,Halensee,3046.0,37.0
191939,11,7,,2019,1,7,2,3,2,6,0,0,1,0,0,0,0,1,"797248,8551","5820826,636","13,37562","52,45655",7040403.0,Manteuffelstraße,4236.0,55.0
191940,11,7,,2019,1,7,2,3,5,2,0,1,1,0,0,0,0,0,"799964,7278","5821327,082","13,41592","52,45956",7040406.0,Germaniagarten,4836.0,61.0
191941,11,3,,2019,1,7,2,3,3,6,2,0,1,0,0,1,0,0,"796786,7517","5835811,529","13,38221","52,59113",3040512.0,Wilhelmsruh,4375.0,52.0
191942,11,12,,2019,2,12,6,3,5,2,0,1,0,0,0,1,0,0,"795278,0396","5836373,535","13,36051","52,59699",12302110.0,Dannenwalder Weg,4077.0,58.0
191943,11,6,,2019,1,6,2,3,6,2,2,0,1,1,0,0,0,1,"787643,5067","5818140,343","13,23234","52,43761",6040804.0,Krumme Lanke,2130.0,45.0
191944,11,9,,2019,1,5,2,3,5,2,2,0,1,0,0,0,0,0,"807683,0988","5817730,715","13,52585","52,42303",9030901.0,Dorf Altglienicke,6426.0,51.0
191945,11,8,,2019,1,17,2,3,2,2,1,0,1,0,1,0,0,0,"802329,6004","5816798,02","13,44652","52,41766",8020728.0,Buckow Ost,5224.0,60.0
191946,11,1,,2019,1,13,4,3,6,4,0,0,0,1,0,0,1,0,"798321,9847","5829380,233","13,39903","52,53264",1011401.0,Invalidenstraße,4558.0,14.0
191947,11,9,,2019,1,17,2,2,6,2,1,0,1,1,0,0,0,0,"810361,9869","5823543,278","13,57052","52,47361",9052001.0,Köpenick Nord,7141.0,63.0
191948,11,7,,2019,1,15,2,3,6,4,0,1,0,1,0,0,0,0,"796338,0338","5823954,737","13,36503","52,48509",7020204.0,Schöneberger Insel,4044.0,52.0
191949,11,10,,2019,1,15,2,3,2,2,0,0,1,0,0,0,0,0,"812265,8877","5827761,993","13,60242","52,51033",10040829.0,Alt-Kaulsdorf,7651.0,64.0
191950,11,4,,2019,1,13,2,3,2,2,0,0,1,0,0,0,0,0,"790292,053","5826036,09","13,27806","52,507",4020313.0,Königin-Elisabeth-Straße,2750.0,55.0
191951,11,8,,2019,1,13,2,3,0,3,0,0,1,0,0,0,1,0,"802722,4055","5819458,555","13,45469","52,44129",8020622.0,Parchimer Allee,5431.0,57.0
191952,11,2,,2019,1,9,5,3,3,6,0,0,1,0,0,0,1,0,"800127,2833","5825757,633","13,42229","52,49918",2030301.0,Oranienplatz,4948.0,23.0
191953,11,2,,2019,1,12,2,3,6,7,0,0,1,1,0,0,0,0,"800189,9192","5824401,843","13,42199","52,48699",2020206.0,Graefekiez,4944.0,25.0
191954,11,8,,2019,1,11,2,3,2,6,0,0,1,0,0,0,0,0,"801219,4062","5821686,849","13,43466","52,46209",8020619.0,Buschkrugallee Nord,5137.0,55.0
191955,11,4,,2019,1,8,5,3,0,2,0,1,1,0,0,0,0,0,"792255,2988","5826004,691","13,30688","52,50567",4030827.0,Karl-August-Platz,3250.0,40.0
191956,11,1,,2019,1,11,2,3,6,4,0,0,1,1,0,0,0,0,"797640,1982","5828177,428","13,38793","52,52223",1011301.0,Charitéviertel,4455.0,27.0
191957,11,6,,2019,1,10,2,3,5,3,0,1,1,0,0,0,0,0,"792344,4798","5820808,71","13,30363","52,45904",6040810.0,Dahlem,3136.0,49.0
191958,11,1,,2019,1,9,2,3,2,6,0,0,1,0,0,0,0,0,"793422,6437","5829465,483","13,32708","52,53607",1022103.0,Westhafen,3559.0,22.0
191959,11,1,,2019,1,21,4,3,2,6,2,0,1,0,0,0,0,0,"799567,7605","5828230,669","13,4163","52,52165",1011303.0,Alexanderplatzviertel,4855.0,25.0
191960,11,5,,2019,1,8,2,3,6,4,0,0,1,1,0,0,0,0,"779819,3823","5830157,798","13,12764","52,54943",5020415.0,Isenburger Weg,563.0,65.0
191961,11,4,,2019,1,10,2,3,0,1,0,0,0,0,1,0,0,2,"790898,9112","5826974,488","13,2878","52,51509",4030416.0,Klausenerplatz,2953.0,57.0
191962,11,1,,2019,1,15,1,3,1,5,0,1,1,0,0,0,1,1,"797738,3337","5831237,543","13,39211","52,54961",1033102.0,Gesundbrunnen,4463.0,27.0
191963,11,1,,2019,1,23,1,2,5,3,2,1,1,0,0,0,0,0,"796637,1662","5829798,932","13,37463","52,53731",1033203.0,Humboldthain Nordwest,4259.0,40.0
191964,11,6,,2019,1,17,1,3,6,2,2,0,1,1,0,0,0,0,"795116,5885","5821277,184","13,34473","52,46175",6010210.0,Bismarckstraße,3737.0,55.0
191965,11,4,,2019,1,17,1,3,5,2,2,0,1,0,0,0,0,1,"789487,5381","5830629,091","13,27024","52,5486",4010101.0,Jungfernheide,2662.0,61.0
191966,11,4,,2019,1,10,5,3,5,2,0,0,1,0,0,0,0,0,"792191,3008","5827027,389","13,30684","52,51487",4030622.0,Richard-Wagner-Straße,3253.0,43.0
191967,11,1,,2019,1,15,1,3,2,1,0,1,1,0,0,0,0,0,"797677,5811","5829624,223","13,38977","52,53518",1033202.0,Humboldthain Süd,4459.0,28.0
191968,11,8,,2019,1,14,1,3,5,2,0,0,1,0,0,0,0,1,"803724,1188","5818010,323","13,46807","52,42775",8030831.0,Gropiusstadt Ost,5627.0,51.0
191969,11,12,,2019,1,1,1,2,1,1,2,0,1,0,0,0,1,1,"795863,8643","5832599,492","13,36576","52,56284",12103117.0,Letteplatz,4067.0,9.0
191970,11,1,,2019,2,15,3,3,5,3,0,0,1,0,0,0,0,0,"794050,016","5832122,977","13,33866","52,55955",1044102.0,Schillerpark,3666.0,49.0
191971,11,12,,2019,2,13,3,3,3,6,0,1,1,0,0,0,0,0,"792530,8986","5833065,816","13,31714","52,56882",12214424.0,Scharnweberstraße,3368.0,49.0
191972,11,1,,2019,2,14,3,3,5,3,0,1,1,0,0,0,0,0,"794455,0241","5828436,841","13,34135","52,52629",1022104.0,Emdener Straße,3756.0,4.0
191973,11,3,,2019,2,17,5,3,5,3,2,1,1,0,0,0,0,0,"800191,7902","5830931,665","13,42791","52,54552",3061228.0,Erich-Weinert-Straße,5062.0,44.0
191974,11,9,,2019,2,14,3,2,2,7,0,0,1,0,0,0,0,0,"813042,9322","5821425,684","13,60788","52,45311",9051701.0,Hirschgarten,7635.0,61.0
191975,11,9,,2019,2,15,3,2,6,4,0,0,1,1,0,0,0,0,"811563,2054","5818866,162","13,58379","52,43101",9041301.0,Kietzer Feld/Nachtheide,7328.0,63.0
191976,11,6,,2019,2,14,3,3,5,2,0,1,1,1,0,0,0,0,"794767,9006","5819860,234","13,33836","52,44923",6010206.0,Stadtpark,3633.0,59.0
191977,11,4,,2019,2,14,5,2,5,2,0,0,1,0,0,0,0,0,"789835,0757","5827385,635","13,27252","52,51934",4020310.0,Park Ruhwald,2754.0,42.0
191978,11,4,,2019,2,14,3,3,6,7,0,0,1,1,0,0,0,0,"791581,9853","5825047,691","13,29615","52,49745",4031032.0,Halensee,3047.0,56.0
191979,11,5,,2019,2,11,3,3,2,2,0,0,1,0,0,0,0,0,"779587,9778","5827831,917","13,12228","52,52869",5020521.0,Döberitzer Weg,457.0,54.0
191980,11,5,,2019,2,11,3,2,5,3,0,0,1,0,0,0,0,0,"783057,672","5829305,085","13,17454","52,54011",5010209.0,An der Kappe,1260.0,65.0
191981,11,6,,2019,2,7,3,3,3,6,0,1,0,0,0,0,1,0,"796398,7649","5816915,293","13,35968","52,42195",6020306.0,Lankwitz Süd,4025.0,60.0
191982,11,2,,2019,2,17,3,3,8,1,2,0,1,0,0,0,0,0,"798311,6702","5825332,738","13,39525","52,49637",2020204.0,Urbanstraße,4547.0,11.0
191983,11,4,,2019,2,18,3,3,2,6,2,0,1,0,0,0,0,0,"791979,7575","5824834,055","13,3018","52,49532",4031032.0,Halensee,3147.0,43.0
191984,11,8,,2019,2,20,3,3,5,3,2,1,1,0,0,0,0,0,"804138,0878","5817802,937","13,47395","52,42566",8030831.0,Gropiusstadt Ost,5727.0,61.0
191985,11,8,,2019,2,17,3,3,2,6,2,1,1,0,0,0,0,0,"800683,7211","5822915,114","13,4279","52,4734",8010117.0,Schillerpromenade,5040.0,48.0
191986,11,1,,2019,2,17,3,3,1,5,2,1,1,0,0,0,0,0,"799467,6076","5826587,861","13,41335","52,50698",1011305.0,Heine-Viertel West,4850.0,38.0
191987,11,2,,2019,2,13,5,2,6,4,0,1,0,1,0,0,0,0,"800799,8778","5825819,163","13,43223","52,49936",2030302.0,Lausitzer Platz,5048.0,24.0
191988,11,7,,2019,2,17,3,3,1,7,2,0,1,0,0,0,1,0,"797965,9513","5819460,655","13,38492","52,44392",7050501.0,Rathausstraße,4332.0,40.0
191989,11,2,,2019,2,15,5,3,3,6,0,1,1,0,0,0,0,0,"799237,096","5824556,034","13,40814","52,4889",2020206.0,Graefekiez,4745.0,46.0
191990,11,8,,2019,2,16,3,3,6,4,1,0,1,1,0,0,0,0,"804992,2893","5817756,296","13,48643","52,42477",8041037.0,Alt-Rudow,5826.0,49.0
191991,11,1,,2019,2,16,3,3,6,4,0,0,0,1,1,0,0,0,"797029,6831","5830895,961","13,38139","52,54693",1033203.0,Humboldthain Nordwest,4362.0,59.0
191992,11,12,,2019,2,16,3,3,5,2,0,0,1,0,0,0,0,0,"793545,003","5834253,179","13,33312","52,57892",12301203.0,Wittenau Süd,3671.0,59.0
191993,11,5,,2019,2,13,5,3,2,6,0,0,1,0,0,0,0,0,"788032,287","5829372,451","13,24775","52,53811",5030731.0,Gartenfelder Straße,2359.0,44.0
191994,11,5,,2019,2,15,3,3,5,3,0,1,1,0,0,0,0,0,"782906,1268","5827421,529","13,17071","52,5233",5020523.0,Maulbeerallee,1155.0,58.0
191995,11,4,,2019,2,17,3,2,5,2,2,1,1,0,0,0,0,0,"792948,9667","5825319,057","13,31647","52,49915",4051446.0,Preußenpark,3348.0,36.0
191996,11,12,,2019,2,10,3,3,2,2,0,1,0,0,0,0,0,0,"790812,6528","5834331,83","13,29297","52,58109",12214125.0,Waldidyll/Flughafensee,3072.0,57.0