ObjectID,State,District,LOR_ab_2021,AccidentYear,AccidentMonth,AccidentHour,DayOfWeek,AccidentCategory,AccidentType,AccidentTypeDetail,LightingCondition,InvolvingBike,InvolvingCar,InvolvingPedestrian,InvolvingMotorcycle,InvolvingHGV,InvolvingOther,RoadCondition,GraphicCoord1,GraphicCoord2,LongitudeWGS84,LatitudeWGS84,quadrant,quadrant_rank
191997,11,1,,2019,2,14,6,3,5,2,0,1,0,0,0,0,1,0,"799110,8712","5828465,981","13,4098","52,52401",1011303.0,Alexanderplatzviertel,4755.0,4.0
191998,11,6,,2019,2,10,3,3,3,6,0,0,1,0,0,0,1,0,"795229,3258","5818685,552","13,34409","52,43846",6020303.0,Lankwitz Kirche,3730.0,44.0
191999,11,5,,2019,2,7,3,3,2,7,0,0,1,0,0,0,0,0,"784649,6321","5827269,114","13,19621","52,52103",5020626.0,Adamstraße,1554.0,46.0
192000,11,1,,2019,2,13,5,3,2,6,0,0,1,0,0,0,0,0,"794636,3248","5826163,135","13,342","52,50581",1011101.0,Stülerstraße,3750.0,33.0
192001,11,2,,2019,2,7,3,3,5,3,1,1,1,0,0,0,0,0,"800365,0273","5827188,8","13,42708","52,51188",2040701.0,Andreasviertel,5052.0,43.0
192002,11,2,,2019,2,17,2,3,2,6,2,0,1,0,0,0,0,0,"801647,9232","5825899,153","13,44475","52,49961",2030402.0,Wrangelkiez,5248.0,21.0
192003,11,2,,2019,2,17,2,3,2,6,2,0,1,0,0,0,0,0,"801647,9232","5825899,153","13,44475","52,49961",2030402.0,Wrangelkiez,5248.0,21.0
192004,11,11,,2019,2,9,5,3,4,6,0,0,1,0,0,0,0,0,"803446,2207","5828618,434","13,47364","52,52299",11030721.0,Rüdigerstraße,5655.0,61.0
192005,11,4,,2019,2,15,2,3,2,6,0,0,1,0,0,0,0,0,"793931,9632","5826032,839","13,33154","52,50502",4030931.0,Breitscheidplatz,3550.0,28.0
192006,11,3,,2019,2,9,2,3,5,2,0,0,1,0,0,1,0,1,"797872,651","5836024,615","13,39839","52,59245",3020209.0,Niederschönhausen,4575.0,58.0
192007,11,9,,2019,2,8,2,3,2,2,0,0,1,0,0,0,0,1,"809791,1161","5820493,661","13,55932","52,44661",9020802.0,Köllnische Vorstadt,6933.0,57.0
192008,11,1,,2019,2,9,5,3,5,2,0,1,1,0,0,0,0,0,"799054,3076","5828993,34","13,40944","52,52877",1011302.0,Oranienburger Straße,4757.0,11.0
192009,11,9,,2019,2,11,2,3,2,6,0,0,1,0,0,0,0,1,"816108,7049","5813266,556","13,64514","52,37823",9031202.0,Schmöckwitz/Rauchfangswerder,8213.0,65.0
192010,11,1,,2019,2,21,2,3,6,7,2,0,1,1,0,0,0,0,"795518,132","5828345,68","13,35689","52,5249",1022205.0,Zillesiedlung,3956.0,59.0
192011,11,4,,2019,2,14,6,3,0,1,0,1,0,0,0,0,0,0,"791554,614","5822477,081","13,2935","52,47442",4041241.0,Breite Straße,3041.0,60.0
192012,11,9,,2019,2,21,2,3,6,7,2,0,0,1,0,0,1,0,"811054,7724","5818037,065","13,57556","52,42387",9031101.0,Grünau,7226.0,60.0
192013,11,5,,2019,2,5,2,3,3,6,2,1,0,0,0,0,1,1,"780912,829","5828336,297","13,14218","52,53253",5020419.0,Magistratsweg,758.0,54.0
192014,11,10,,2019,2,11,5,3,5,3,0,0,1,0,0,0,0,0,"809336,8958","5832706,088","13,564","52,55631",10010204.0,Wuhletalstraße,7065.0,59.0
192015,11,12,,2019,2,7,2,3,6,2,0,0,1,1,0,0,0,1,"794963,0381","5832708,33","13,35261","52,5643",12103219.0,Schäfersee,3867.0,65.0
192016,11,8,,2019,2,5,2,2,5,3,2,0,0,0,1,0,1,1,"802278,5584","5823881,701","13,45219","52,48118",8010406.0,Treptower Straße Nord,5343.0,62.0
192017,11,8,,2019,2,11,5,3,2,6,0,0,1,0,0,0,1,0,"802106,7801","5823434,353","13,44926","52,47726",8010404.0,Rixdorf,5342.0,38.0
192018,11,5,,2019,2,19,2,3,6,2,2,0,1,1,0,0,0,0,"784548,115","5828156,36","13,19548","52,52903",5020626.0,Adamstraße,1557.0,28.0
192019,11,1,,2019,2,7,2,2,6,7,1,1,0,1,0,0,0,1,"794191,2365","5827121,602","13,33631","52,51464",1022207.0,Hansaviertel,3653.0,61.0
192020,11,8,,2019,2,18,2,3,6,2,1,0,1,1,0,0,0,0,"801524,0108","5817548,343","13,43539","52,42483",8020727.0,Buckow Mitte,5126.0,38.0
192021,11,1,,2019,2,19,5,3,0,2,2,1,0,0,0,0,1,0,"797685,7217","5827902,94","13,38835","52,51975",1011202.0,Unter den Linden Nord,4454.0,36.0
192022,11,7,,2019,2,16,2,3,6,7,0,1,0,1,0,0,0,0,"794861,289","5825676,6","13,34487","52,50132",7010101.0,Wittenbergplatz/Viktoria-Luise-Platz,3749.0,17.0
192023,11,11,,2019,2,16,2,2,5,3,0,1,1,0,0,0,0,0,"804303,7547","5830307,14","13,48779","52,53764",11020514.0,Große-Leege-Straße,5959.0,65.0
192024,11,8,,2019,2,15,2,3,6,4,0,0,1,1,0,0,0,0,"801430,7196","5820268,839","13,43648","52,44926",8020622.0,Parchimer Allee,5133.0,32.0
192025,11,4,,2019,2,7,5,3,5,2,0,1,1,0,0,0,0,1,"792489,5126","5824122,668","13,30867","52,48867",4051445.0,Eisenzahnstraße,3245.0,33.0
192026,11,9,,2019,2,15,2,2,0,1,0,1,1,0,0,0,0,0,"811185,663","5817766,294","13,57723","52,42137",9031101.0,Grünau,7225.0,65.0
192027,11,1,,2019,2,14,2,3,2,6,0,0,1,0,0,0,0,1,"797514,9588","5831010,255","13,38862","52,54769",1033201.0,Brunnenstraße,4462.0,55.0
192028,11,10,,2019,2,12,2,3,2,6,0,0,1,0,1,0,0,0,"812928,884","5827928,147","13,61231","52,51144",10040932.0,Alt-Mahlsdorf,7752.0,58.0
192029,11,6,,2019,2,7,5,3,5,3,0,0,1,0,0,0,0,0,"792586,2752","5818924,367","13,30553","52,44202",6030609.0,Augustaplatz,3131.0,59.0
192030,11,4,,2019,2,12,2,3,6,2,0,0,1,1,0,0,0,1,"790525,3985","5826497,051","13,28189","52,51101",4020313.0,Königin-Elisabeth-Straße,2851.0,8.0
192031,11,3,,2019,2,8,2,3,5,7,0,0,1,0,0,0,1,1,"799469,8859","5831030,816","13,41739","52,54681",3061332.0,Helmholtzplatz,4862.0,43.0
192032,11,12,,2019,2,8,2,3,5,7,0,0,1,0,0,0,1,1,"791756,3438","5834578,048","13,30708","52,58279",12304313.0,Borsigwalde,3272.0,65.0
192033,11,8,,2019,2,7,5,3,5,2,0,0,1,0,0,0,1,1,"801546,2909","5820647,214","13,43851","52,45259",8020619.0,Buschkrugallee Nord,5134.0,50.0
192034,11,9,,2019,2,18,2,3,6,4,1,0,1,1,0,0,0,0,"804233,543","5824169,615","13,48115","52,48267",9010202.0,Köpenicker Landstraße,5843.0,63.0
192035,11,8,,2019,2,16,1,3,2,2,2,0,1,0,0,0,0,1,"800664,1935","5824380,216","13,42894","52,48654",8010301.0,Reuterkiez,5044.0,14.0
192036,11,9,,2019,2,21,1,3,2,7,2,0,1,0,1,0,0,1,"809389,4491","5819628,756","13,55262","52,43908",9020702.0,Adlershof Ost,6830.0,43.0
192037,11,12,,2019,2,16,5,3,5,2,0,1,1,0,0,0,0,0,"792851,671","5835170,064","13,32372","52,58751",12301203.0,Wittenau Süd,3474.0,49.0
192038,11,10,,2019,2,15,1,3,5,2,0,0,1,0,0,0,0,1,"811288,9316","5831562,997","13,59163","52,54495",10020413.0,Gut Hellersdorf,7461.0,52.0
192039,11,5,,2019,2,1,1,3,8,1,1,0,1,0,0,0,0,1,"784997,6005","5829401,608","13,20315","52,53996",5010314.0,Carl-Schurz-Straße,1660.0,30.0
192040,11,2,,2019,2,18,1,2,2,6,2,1,1,0,0,0,0,1,"799847,6463","5825811,428","13,41823","52,49982",2030301.0,Oranienplatz,4848.0,3.0
192041,11,8,,2019,2,7,5,3,0,3,0,0,1,0,1,0,0,0,"806884,2256","5817354,097","13,5138","52,42011",8041040.0,Waltersdorfer Chaussee Ost,6225.0,65.0
192042,11,4,,2019,2,19,1,2,6,2,2,0,1,1,0,0,0,1,"791837,3073","5824702,002","13,2996","52,49421",4031032.0,Halensee,3147.0,43.0
192043,11,6,,2019,2,18,1,2,8,1,2,0,1,0,0,0,1,1,"793564,5509","5817986,521","13,31906","52,43308",6020409.0,Königsberger Straße,3429.0,56.0
192044,11,1,,2019,2,9,1,3,2,6,0,0,1,0,0,0,0,1,"795552,4438","5830734,915","13,35952","52,54629",1044202.0,Sparrplatz,4062.0,45.0
192045,11,2,,2019,2,2,1,3,5,3,2,0,1,0,0,0,1,0,"798183,347","5826499,56","13,39441","52,5069",2010102.0,Mehringplatz,4550.0,26.0
192046,11,11,,2019,2,10,6,3,5,2,0,1,1,0,0,0,0,0,"805833,1405","5831863,726","13,5117","52,55074",11020412.0,Hauptstraße,6263.0,48.0
192047,11,2,,2019,2,3,7,3,0,1,2,1,0,0,0,0,0,0,"800724,3014","5826537,615","13,43177","52,50584",2030302.0,Lausitzer Platz,5050.0,37.0
192048,11,1,,2019,2,1,7,2,8,1,2,0,1,0,0,0,0,0,"794223,5065","5830421,662","13,3397","52,54421",1044101.0,Rehberge,3761.0,56.0
192049,11,12,,2019,2,23,7,3,0,3,2,0,1,0,1,0,0,1,"794640,3828","5836270,786","13,35103","52,59641",12302110.0,Dannenwalder Weg,3876.0,49.0
192050,11,8,,2019,2,23,7,3,2,6,2,0,1,0,0,0,1,1,"803824,2776","5817909,914","13,46944","52,4268",8030831.0,Gropiusstadt Ost,5627.0,51.0
192051,11,8,,2019,2,21,7,3,6,4,2,0,1,1,0,0,0,0,"802470,4269","5823158,055","13,45435","52,47459",8010404.0,Rixdorf,5441.0,34.0
192052,11,10,,2019,2,14,5,3,6,4,0,0,1,1,0,0,0,0,"809964,4385","5834535,877","13,57493","52,57235",10010102.0,Havemannstraße,7269.0,65.0
192053,11,1,,2019,2,14,7,3,0,7,0,0,1,0,0,0,1,0,"796425,0273","5828596,967","13,37044","52,52666",1022206.0,Lüneburger Straße,4156.0,34.0
192054,11,11,,2019,2,20,7,3,5,2,2,0,1,0,0,0,0,1,"804416,9952","5833377,312","13,49227","52,5651",11010309.0,Zingster Straße West,5967.0,61.0
192055,11,9,,2019,2,18,7,3,2,6,2,0,1,0,0,0,0,1,"809683,0962","5821311,777","13,55849","52,454",9051901.0,Dammvorstadt,6935.0,43.0
192056,11,6,,2019,2,5,5,3,3,6,2,0,1,0,0,0,0,0,"796010,1437","5819872,042","13,3566","52,44867",6010205.0,Südende,3933.0,51.0
192057,11,1,,2019,2,17,7,3,9,1,2,0,0,0,0,0,1,0,"799218,5895","5827172,358","13,41022","52,51236",1011305.0,Heine-Viertel West,4752.0,45.0
192058,11,4,,2019,2,15,7,3,5,2,0,0,1,0,0,0,0,0,"793353,0982","5829678,816","13,32625","52,53802",4010102.0,Plötzensee,3559.0,22.0
192059,11,4,,2019,2,15,7,3,5,2,0,0,1,0,0,0,0,0,"793341,673","5829714,923","13,32611","52,53835",4010102.0,Plötzensee,3559.0,22.0
192060,11,1,,2019,2,11,6,2,6,2,0,0,0,1,0,1,0,0,"796846,0834","5830319,929","13,37817","52,54187",1033203.0,Humboldthain Nordwest,4260.0,59.0
192061,11,4,,2019,2,14,7,3,3,6,0,1,1,0,0,0,0,0,"794396,2008","5824180,077","13,33672","52,48816",4051655.0,Babelsberger Straße,3645.0,59.0
192062,11,5,,2019,2,14,7,3,0,2,0,1,1,0,0,0,0,0,"787978,7442","5830394,277","13,24785","52,5473",5030731.0,Gartenfelder Straße,2362.0,54.0
192063,11,8,,2019,2,9,5,3,0,1,0,1,0,0,0,0,0,1,"803025,0944","5819379,62","13,45906","52,44041",8040933.0,Vogelviertel Süd,5431.0,57.0
192064,11,7,,2019,2,20,7,2,5,3,2,0,1,0,0,0,0,1,"797854,9371","5821887,666","13,38546","52,46574",7040403.0,Manteuffelstraße,4338.0,47.0
192065,11,5,,2019,2,20,7,2,6,4,2,0,1,1,0,0,0,1,"784663,2226","5829717,353","13,19851","52,54297",5010313.0,Ackerstraße,1661.0,51.0
192066,11,4,,2019,2,13,7,3,2,6,0,0,1,0,0,0,1,0,"794350,2675","5825430,17","13,33715","52,49939",4051448.0,Schaperstraße,3648.0,35.0
192067,11,1,,2019,2,14,4,3,5,2,0,1,1,0,0,0,0,0,"795536,22","5830472,575","13,35905","52,54395",1044202.0,Sparrplatz,3961.0,48.0
192068,11,3,,2019,2,13,7,3,5,3,0,0,1,0,0,0,0,0,"798823,2127","5831623,567","13,40841","52,55248",3061126.0,Arnimplatz,4764.0,60.0
192069,11,9,,2019,2,13,7,3,2,6,0,0,1,0,0,0,0,0,"810190,8848","5821526,516","13,56614","52,45564",9051901.0,Dammvorstadt,7035.0,48.0
192070,11,1,,2019,2,12,7,3,5,2,0,1,1,0,0,0,0,1,"794587,425","5828438,769","13,3433","52,52623",1022104.0,Emdener Straße,3756.0,4.0
192071,11,2,,2019,2,7,4,3,2,2,0,1,1,0,0,0,0,0,"801988,3694","5826925,116","13,45069","52,50862",2050802.0,Boxhagener Platz,5351.0,36.0
192072,11,7,,2019,2,12,7,2,5,2,0,1,1,0,0,0,0,0,"799223,1157","5820044,142","13,40389","52,44846",7050503.0,Eisenacher Straße,4633.0,58.0
192073,11,9,,2019,2,12,7,3,2,6,0,0,1,0,0,0,0,0,"806526,5216","5822524,433","13,5133","52,46665",9020501.0,Oberschöneweide West,6238.0,43.0
192074,11,3,,2019,2,14,7,3,5,3,0,1,0,0,0,0,1,0,"801320,7825","5832448,911","13,44589","52,5585",3050919.0,Gustav-Adolf-Straße,5265.0,58.0
192075,11,6,,2019,2,18,5,2,0,3,1,0,0,0,0,0,1,0,"793615,4209","5815913,53","13,31799","52,41447",6020411.0,Schütte-Lanz-Straße,3323.0,62.0
192076,11,4,,2019,2,10,6,3,1,5,0,0,1,0,0,1,0,0,"794202,3545","5825661,737","13,33518","52,50155",4030931.0,Breitscheidplatz,3649.0,23.0
192077,11,10,,2019,2,12,6,3,5,3,0,0,1,0,0,0,0,0,"809450,0448","5834612,146","13,56744","52,57332",10010102.0,Havemannstraße,7070.0,63.0
192078,11,4,,2019,2,13,4,3,5,3,0,0,1,0,0,0,0,0,"789992,273","5826317,665","13,2739","52,50968",4020311.0,Reichsstraße,2751.0,29.0
192079,11,11,,2019,2,9,6,2,5,3,0,0,1,0,0,0,0,0,"805694,8833","5834155,697","13,51178","52,57136",11010206.0,Wartenberg Süd,6269.0,65.0
192080,11,11,,2019,2,14,6,3,0,7,0,0,0,0,0,0,1,0,"803669,9137","5829506,621","13,47774","52,53082",11030619.0,Fennpfuhl Ost,5757.0,55.0
192081,11,11,,2019,2,15,4,3,5,3,0,0,1,0,0,0,0,1,"805870,3633","5831421,101","13,51184","52,54675",11020412.0,Hauptstraße,6262.0,56.0
192082,11,2,,2019,2,23,6,3,6,7,2,0,1,1,0,0,0,0,"802390,3024","5826832,824","13,45651","52,50757",2050802.0,Boxhagener Platz,5450.0,55.0
192083,11,4,,2019,2,9,6,3,0,6,0,0,1,0,0,0,0,0,"790838,3904","5824734,273","13,28495","52,49504",4041134.0,Bismarckallee,2847.0,41.0
192084,11,10,,2019,2,5,6,3,6,4,2,0,1,1,0,0,0,0,"808256,5308","5829821,659","13,54544","52,53107",10010309.0,Springpfuhl,6757.0,65.0
192085,11,11,,2019,2,15,4,2,3,6,0,0,1,0,1,0,0,1,"804646,8625","5829931,815","13,49249","52,53409",11030720.0,Herzbergstraße,5958.0,60.0
192086,11,4,,2019,2,15,6,2,5,2,0,0,1,0,1,0,0,0,"794464,3962","5825853,144","13,3392","52,50312",4030931.0,Breitscheidplatz,3649.0,23.0
192087,11,6,,2019,2,17,6,3,5,2,1,0,1,0,0,0,0,0,"795052,7897","5819615,413","13,34232","52,44689",6010206.0,Stadtpark,3733.0,55.0
192088,11,1,,2019,2,18,6,3,6,4,1,0,1,1,0,0,0,0,"797686,6893","5827897,219","13,38836","52,5197",1011202.0,Unter den Linden Nord,4454.0,36.0
192089,11,1,,2019,2,21,5,2,5,2,2,1,0,0,0,1,0,0,"796661,2191","5831953,422","13,37691","52,55661",1044201.0,Reinickendorfer Straße,4265.0,5.0
192090,11,6,,2019,2,2,6,2,5,3,2,0,1,0,0,0,0,1,"791708,0149","5819371,451","13,29304","52,44649",6040809.0,Thielallee,3033.0,58.0
192091,11,11,,2019,2,5,6,3,5,3,2,0,1,0,0,0,0,0,"805138,7654","5834437,672","13,50386","52,57419",11010207.0,Wartenberg Nord,6170.0,58.0
192092,11,3,,2019,2,5,6,3,2,6,2,0,1,0,0,0,0,0,"795912,5219","5835398,819","13,36898","52,58791",3040512.0,Wilhelmsruh,4174.0,59.0
192093,11,1,,2019,2,15,4,3,5,3,0,0,1,0,1,0,0,1,"794901,4863","5830562,886","13,3498","52,5451",1044103.0,Westliche Müllerstraße,3861.0,37.0
192094,11,3,,2019,2,8,6,3,2,6,0,0,1,0,0,0,1,0,"801729,8184","5830075,731","13,44975","52,537",3061430.0,Volkspark Prenzlauer Berg,5359.0,51.0
192095,11,4,,2019,2,9,6,2,1,5,0,1,0,0,0,0,1,1,"792526,6922","5825417,873","13,31035","52,50026",4030929.0,Hindemithplatz,3248.0,24.0
192096,11,3,,2019,2,11,6,3,0,2,0,0,1,0,0,0,1,0,"799675,9043","5837846,604","13,42658","52,60779",3020307.0,Buchholz,4980.0,63.0
192097,11,8,,2019,2,11,6,3,5,3,0,0,1,0,0,0,0,0,"801482,1442","5823005,501","13,4397","52,47377",8010213.0,Körnerpark,5141.0,58.0
192098,11,9,,2019,2,11,6,3,4,2,0,0,1,0,0,0,0,0,"816663,4856","5817388,768","13,65716","52,41485",9041601.0,Müggelheim,8423.0,59.0
192099,11,2,,2019,2,16,5,3,5,2,0,1,1,0,0,0,0,0,"800601,7044","5827103,871","13,43048","52,51099",2040701.0,Andreasviertel,5051.0,33.0
192100,11,3,,2019,2,13,6,2,6,4,0,0,1,1,0,0,0,0,"800171,0622","5836458,527","13,43261","52,59507",3020307.0,Buchholz,5076.0,61.0
192101,11,5,,2019,2,14,6,3,2,6,0,0,1,0,0,0,0,0,"786442,9563","5831148,428","13,22591","52,55487",5030730.0,Zitadellenweg,2064.0,55.0
192102,11,2,,2019,2,14,6,3,2,6,0,0,1,0,0,0,0,0,"800290,9119","5824374,709","13,42345","52,48669",2020206.0,Graefekiez,4944.0,25.0
192103,11,12,,2019,2,14,6,3,5,3,0,0,1,0,0,0,0,0,"785498,3705","5837389,229","13,21739","52,61132",12224230.0,Heiligensee,1881.0,61.0
192104,11,1,,2019,2,20,5,3,6,7,2,1,0,1,0,0,0,0,"798456,4012","5829967,081","13,40153","52,53783",1011402.0,Arkonaplatz,4659.0,65.0
192105,11,7,,2019,2,15,6,3,1,5,0,1,1,0,0,0,0,0,"794502,3743","5823360,007","13,33755","52,48075",7020202.0,Volkspark (Rudolf-Wilde-Park),3643.0,61.0
192106,11,6,,2019,2,5,6,2,9,1,1,0,1,0,0,0,0,1,"794277,8231","5817024,861","13,32867","52,42408",6020410.0,Oberhofer Platz,3526.0,59.0
192107,11,12,,2019,2,20,5,2,9,1,2,0,1,0,0,0,0,1,"791386,3522","5835546,474","13,30249","52,59167",12304314.0,Ziekowstraße/Freie Scholle,3175.0,65.0
192108,11,10,,2019,2,15,4,3,2,6,0,0,1,0,0,0,1,0,"810920,3055","5832040,272","13,58666","52,54944",10020412.0,Alte Hellersdorfer Straße,7363.0,56.0
192109,11,1,,2019,2,5,5,3,5,3,2,0,1,0,1,0,0,0,"799474,4742","5826560,96","13,41343","52,50674",1011306.0,Heine-Viertel Ost,4850.0,38.0
192110,11,3,,2019,2,10,5,3,5,2,0,0,1,0,0,0,0,0,"804491,6526","5840922,707","13,50031","52,63268",3010102.0,Buch,6087.0,61.0
192111,11,6,,2019,2,10,5,3,2,2,0,0,1,0,0,0,0,0,"790494,2411","5818071,046","13,2741","52,43548",6030503.0,Zehlendorf Mitte,2729.0,59.0
192112,11,9,,2019,2,11,5,3,2,7,0,0,1,0,0,0,1,0,"810408,6229","5818200,933","13,56624","52,42571",9031101.0,Grünau,7027.0,65.0
192113,11,8,,2019,2,13,5,3,5,3,0,0,1,0,0,0,0,0,"801745,7336","5822047,728","13,44271","52,46503",8010214.0,Glasower Straße,5238.0,46.0
192114,11,5,,2019,2,15,5,3,5,7,0,0,1,0,0,0,1,1,"786593,9044","5829226,911","13,22647","52,53756",5030730.0,Zitadellenweg,2059.0,42.0
192115,11,7,,2019,2,14,5,3,5,2,0,1,1,0,0,0,0,0,"797341,3815","5821933,796","13,37796","52,46643",7040403.0,Manteuffelstraße,4238.0,48.0
192116,11,7,,2019,2,17,5,3,3,6,2,0,1,0,0,0,0,0,"797289,667","5822620,407","13,37782","52,47261",7040401.0,Neu-Tempelhof,4240.0,51.0
192117,11,3,,2019,2,18,5,3,2,2,2,0,1,0,0,0,0,0,"802329,1795","5829223,933","13,45778","52,52903",3061430.0,Volkspark Prenzlauer Berg,5457.0,20.0
192118,11,10,,2019,2,20,5,3,5,3,2,0,1,0,0,0,0,0,"811909,1725","5829754,726","13,59905","52,52839",10040828.0,Kaulsdorf Nord,7557.0,60.0
192119,11,9,,2019,2,16,4,3,2,6,0,0,1,0,0,0,1,0,"804101,273","5821293,669","13,47659","52,45697",9010302.0,Späthsfelde,5736.0,65.0
192120,11,7,,2019,2,20,5,3,2,6,2,0,1,0,0,0,0,0,"797339,144","5822107,621","13,37809","52,46799",7040403.0,Manteuffelstraße,4239.0,42.0
192121,11,5,,2019,2,21,5,3,2,6,2,0,1,0,0,1,0,0,"786541,4462","5830619,418","13,2269","52,55007",5030730.0,Zitadellenweg,2063.0,62.0
192122,11,9,,2019,2,21,5,3,5,3,2,0,1,0,0,0,0,0,"804876,3339","5822498,924","13,48906","52,46734",9010301.0,Baumschulenstraße,5939.0,38.0
192123,11,4,,2019,2,16,4,2,5,7,0,0,1,0,1,0,0,0,"792138,7939","5828235,945","13,30713","52,52573",4030519.0,Kaiserin-Augusta-Allee,3256.0,49.0
192124,11,4,,2019,2,18,5,2,2,6,1,0,1,0,1,0,0,1,"790376,9423","5829034,24","13,28193","52,53383",5030833.0,Motardstraße,2858.0,52.0
192125,11,1,,2019,2,23,5,3,5,2,2,0,1,0,0,0,0,0,"796995,2532","5831483,726","13,38141","52,55222",1033102.0,Gesundbrunnen,4364.0,39.0
192126,11,6,,2019,2,16,5,3,5,3,0,0,1,0,0,0,0,1,"795906,3666","5816503,838","13,35209","52,41853",6020306.0,Lankwitz Süd,3824.0,63.0
192127,11,5,,2019,2,11,5,3,2,6,0,0,1,0,0,0,0,0,"785096,5817","5828384,185","13,20374","52,53079",5020627.0,Tiefwerder,1657.0,58.0
192128,11,1,,2019,2,14,6,3,2,6,0,1,1,0,0,0,0,0,"799439,2414","5826517,549","13,41287","52,50637",1011305.0,Heine-Viertel West,4750.0,40.0
192129,11,11,,2019,2,17,5,3,0,7,2,0,0,0,0,1,0,1,"804836,9525","5834757,777","13,49971","52,57723",11010102.0,Dorf Wartenberg,6071.0,65.0
192130,11,8,,2019,2,20,5,3,6,7,2,0,1,1,0,0,0,0,"804466,7151","5817327,581","13,47833","52,42122",8030831.0,Gropiusstadt Ost,5725.0,63.0
192131,11,1,,2019,2,16,4,3,0,4,1,0,0,1,0,0,1,1,"798708,3547","5828099,497","13,40355","52,52095",1011303.0,Alexanderplatzviertel,4654.0,10.0
192132,11,12,,2019,2,11,4,3,2,6,0,0,1,0,0,0,0,0,"793253,4511","5832493,085","13,32727","52,5633",12214424.0,Scharnweberstraße,3567.0,10.0
192133,11,12,,2019,2,10,4,3,2,6,0,0,1,0,0,0,0,0,"793399,0883","5833874,861","13,33063","52,57561",12214421.0,Reinickes Hof,3570.0,53.0
192134,11,8,,2019,2,16,4,2,5,2,0,0,1,0,1,0,0,0,"801904,5254","5817559,085","13,44098","52,42471",8020728.0,Buckow Ost,5226.0,63.0
192135,11,3,,2019,2,12,4,3,5,3,0,0,1,0,0,0,0,1,"802871,6113","5838289,472","13,47403","52,60998",3030406.0,Alt-Karow,5780.0,50.0
192136,11,2,,2019,2,22,4,3,6,4,2,1,0,1,0,0,0,0,"800559,2991","5826963,051","13,42973","52,50975",2040701.0,Andreasviertel,5051.0,33.0
192137,11,3,,2019,2,15,4,3,2,2,0,0,1,0,0,0,0,0,"802826,5142","5832019,742","13,46764","52,55382",3050920.0,Weißer See,5664.0,53.0
192138,11,12,,2019,2,15,4,3,6,7,0,0,1,1,0,0,0,0,"794932,9682","5836130,942","13,35521","52,595",12302107.0,Schorfheidestraße,3976.0,55.0
192139,11,6,,2019,2,16,5,3,5,3,0,0,1,0,0,0,0,0,"792041,9339","5819964,413","13,29845","52,45163",6030605.0,Botanischer Garten,3034.0,65.0
192140,11,11,,2019,2,15,4,2,5,3,0,1,1,0,0,0,0,0,"805027,2157","5830385,34","13,4985","52,53794",11020515.0,Landsberger Allee,6059.0,59.0
192141,11,10,,2019,2,14,4,3,5,3,0,0,1,0,0,0,0,0,"811303,3594","5831186,992","13,59149","52,54157",10020413.0,Gut Hellersdorf,7460.0,55.0
192142,11,5,,2019,2,12,4,3,1,5,0,0,1,0,0,1,0,0,"787525,192","5829440,068","13,24035","52,53898",5030731.0,Gartenfelder Straße,2260.0,56.0
192143,11,1,,2019,2,13,6,3,2,2,0,0,1,0,0,0,1,0,"794657,2987","5829475,99","13,34524","52,53549",1022103.0,Westhafen,3759.0,54.0
192144,11,3,,2019,2,14,4,3,2,7,0,0,1,0,0,0,0,0,"800604,8596","5833192,001","13,43603","52,56555",3030715.0,Heinersdorf,5167.0,65.0
192145,11,1,,2019,2,14,4,2,5,2,0,0,1,0,0,0,0,0,"794526,517","5831568,974","13,34518","52,55433",1044101.0,Rehberge,3764.0,45.0
192146,11,9,,2019,2,11,4,3,9,1,0,0,1,0,0,0,0,0,"806259,9309","5820697,1","13,50771","52,45042",9010401.0,Johannisthal West,6234.0,51.0
192147,11,1,,2019,2,13,4,3,6,7,0,0,1,1,0,0,0,0,"797652,2784","5828603,876","13,38849","52,52605",1011302.0,Oranienburger Straße,4456.0,28.0
192148,11,7,,2019,2,13,4,3,6,4,0,0,1,1,0,0,0,0,"798056,22","5820875,912","13,38751","52,45656",7040405.0,Rathaus Tempelhof,4436.0,56.0
192149,11,3,,2019,2,20,4,3,6,2,2,0,1,1,0,0,0,1,"799237,371","5831804,684","13,41466","52,55387",3061126.0,Arnimplatz,4864.0,14.0
192150,11,11,,2019,2,11,4,3,1,5,0,1,0,0,0,1,1,0,"803498,8171","5826482,979","13,47247","52,50382",11040925.0,Victoriastadt,5649.0,33.0
192151,11,7,,2019,2,10,4,3,5,3,0,0,1,0,0,0,1,1,"797970,7948","5815787,009","13,38172","52,41099",7060604.0,Marienfelde Süd,4322.0,52.0
192152,11,12,,2019,2,9,4,2,9,1,0,0,1,0,0,0,0,1,"792877,8476","5835184,738","13,32412","52,58763",12301203.0,Wittenau Süd,3474.0,49.0
192153,11,6,,2019,2,19,5,3,2,6,2,0,1,0,0,0,0,0,"792387,9439","5816554,827","13,30055","52,42088",6030607.0,Goerzwerke,3125.0,61.0
192154,11,3,,2019,2,9,4,3,5,3,0,0,1,0,0,0,0,0,"800442,9614","5832251,836","13,4328","52,55722",3050923.0,Weißenseer Spitze,5065.0,44.0
192155,11,8,,2019,2,8,4,3,9,1,0,1,0,0,0,0,0,0,"802125,2209","5823032,897","13,44917","52,47366",8010404.0,Rixdorf,5341.0,41.0
192156,11,12,,2019,2,7,4,3,0,5,0,0,1,0,0,1,0,0,"790261,5941","5833872,885","13,28446","52,57727",12214126.0,Tegel Süd,2871.0,63.0