ObjectID,State,District,LOR_ab_2021,AccidentYear,AccidentMonth,AccidentHour,DayOfWeek,AccidentCategory,AccidentType,AccidentTypeDetail,LightingCondition,InvolvingBike,InvolvingCar,InvolvingPedestrian,InvolvingMotorcycle,InvolvingHGV,InvolvingOther,RoadCondition,GraphicCoord1,GraphicCoord2,LongitudeWGS84,LatitudeWGS84,quadrant,quadrant_rank
192157,11,1,,2019,2,5,4,3,6,4,2,0,1,1,0,0,0,1,"795453,7285","5831564,999","13,35881","52,55379",1044203.0,Leopoldplatz,3964.0,39.0
192158,11,12,,2019,2,7,4,2,5,2,0,1,1,0,0,0,0,0,"787096,0223","5838199,536","13,24163","52,61774",12224230.0,Heiligensee,2283.0,58.0
192159,11,2,,2019,2,19,4,3,1,5,2,1,1,0,0,0,0,0,"801566,4738","5827330,162","13,44485","52,51248",2040702.0,Weberwiese,5252.0,55.0
192160,11,1,,2019,2,19,4,3,0,6,1,0,1,0,0,0,1,0,"799653,1859","5827919,744","13,41728","52,51882",1011304.0,Karl-Marx-Allee,4854.0,36.0
192161,11,4,,2019,2,18,4,3,0,1,2,1,0,0,0,0,0,0,"793610,4486","5827882,981","13,32845","52,52178",4030621.0,Spreestadt,3555.0,16.0
192162,11,5,,2019,2,16,4,3,0,2,0,0,0,0,0,0,1,0,"784396,8559","5828679,317","13,1937","52,5338",5020625.0,Borkumer Straße,1558.0,34.0
192163,11,10,,2019,2,6,4,3,5,2,2,0,1,0,0,0,1,1,"812396,179","5824671,618","13,60143","52,48256",10040933.0,Mahlsdorf Süd,7543.0,63.0
192164,11,6,,2019,2,8,3,3,5,3,0,1,1,0,0,0,0,1,"790013,4944","5819151,53","13,26798","52,44542",6040807.0,Zehlendorf Eiche,2632.0,59.0
192165,11,2,,2019,2,15,3,3,5,3,0,0,1,0,0,0,0,0,"800637,657","5825688,154","13,42973","52,49828",2030401.0,Reichenberger Straße,5048.0,24.0
192166,11,2,,2019,2,11,3,3,5,2,0,0,1,0,0,0,0,0,"801757,6509","5826260,779","13,44669","52,50279",2040703.0,Wriezener Bahnhof/Entwicklungsgebiet,5249.0,5.0
192167,11,3,,2019,2,16,5,3,5,3,1,0,1,0,0,0,0,1,"803587,7072","5839229,695","13,48544","52,61801",3030405.0,Karow Nord,5883.0,63.0
192168,11,7,,2019,2,10,3,3,5,2,0,1,1,0,0,0,0,1,"797422,4198","5820393,217","13,37778","52,45257",7040404.0,Marienhöhe,4234.0,52.0
192169,11,2,,2019,2,5,3,2,5,3,2,0,1,0,0,0,0,0,"802111,4779","5826366,238","13,45199","52,50354",2050803.0,Stralauer Kiez,5349.0,29.0
192170,11,6,,2019,2,11,3,3,5,3,0,0,1,0,1,0,0,1,"793687,5936","5821581,32","13,32402","52,46524",6010103.0,Markelstraße,3438.0,56.0
192171,11,1,,2019,2,20,4,2,5,3,2,0,1,0,0,0,0,1,"798241,4728","5829623,932","13,39806","52,53487",1011402.0,Arkonaplatz,4558.0,14.0
192172,11,2,,2019,2,12,3,3,6,4,0,0,1,1,0,0,0,1,"799018,049","5826320,055","13,40651","52,50483",2010103.0,Moritzplatz,4750.0,40.0
192173,11,1,,2019,2,15,3,3,2,6,0,0,1,0,0,0,0,0,"799038,4561","5828988,894","13,40921","52,52874",1011302.0,Oranienburger Straße,4757.0,11.0
192174,11,4,,2019,2,7,3,3,5,3,0,0,1,0,0,0,0,1,"792848,3924","5825749,952","13,31537","52,50307",4030930.0,George-Grosz-Platz,3349.0,12.0
192175,11,2,,2019,2,17,3,3,6,7,2,0,1,1,0,0,0,0,"799741,7141","5825777,783","13,41665","52,49957",2010103.0,Moritzplatz,4848.0,3.0
192176,11,9,,2019,2,20,3,3,2,6,2,0,1,0,0,0,0,1,"809764,5334","5820697,408","13,55912","52,44845",9020801.0,Spindlersfeld,6933.0,57.0
192177,11,12,,2019,2,22,3,3,6,2,2,0,1,1,0,0,0,0,"792609,8449","5833525,293","13,31871","52,5729",12214423.0,Mellerbogen,3370.0,55.0
192178,11,1,,2019,2,6,4,3,6,2,1,0,1,1,0,0,0,1,"797014,7613","5828941,125","13,37942","52,52942",1011301.0,Charitéviertel,4257.0,20.0
192179,11,1,,2019,2,22,3,3,5,2,2,0,1,0,0,0,0,0,"796929,4628","5828125,601","13,37744","52,52216",1011301.0,Charitéviertel,4255.0,45.0
192180,11,7,,2019,2,22,3,3,0,2,2,0,1,0,1,0,0,0,"796330,8975","5824892,001","13,36576","52,49349",7010104.0,Dennewitzplatz,4046.0,41.0
192181,11,12,,2019,2,21,3,3,5,2,2,0,1,0,0,0,0,0,"792355,1708","5834061,072","13,31544","52,57784",12301203.0,Wittenau Süd,3371.0,40.0
192182,11,4,,2019,2,11,3,2,5,2,0,1,1,0,0,0,0,1,"791560,0264","5826642,134","13,29722","52,51175",4030417.0,Schloßstraße,3052.0,58.0
192183,11,10,,2019,2,15,5,3,5,2,0,1,1,0,0,0,0,0,"813011,8913","5827626,667","13,61325","52,50869",10040932.0,Alt-Mahlsdorf,7751.0,59.0
192184,11,8,,2019,2,17,3,2,5,2,2,0,1,0,1,0,0,1,"801055,713","5824924,693","13,43518","52,4912",8010301.0,Reuterkiez,5146.0,51.0
192185,11,4,,2019,2,11,3,2,4,6,0,0,1,0,0,0,1,0,"793287,5387","5830042,661","13,32561","52,54131",4010102.0,Plötzensee,3460.0,57.0
192186,11,7,,2019,2,13,3,2,2,6,0,0,1,0,0,0,0,1,"799484,3535","5820546,542","13,40817","52,45282",7040405.0,Rathaus Tempelhof,4734.0,59.0
192187,11,6,,2019,2,18,4,3,2,6,2,0,1,0,0,0,0,1,"793240,3023","5817305,74","13,31371","52,42716",6020409.0,Königsberger Straße,3327.0,59.0
192188,11,5,,2019,2,17,3,3,1,6,2,0,1,0,0,0,0,1,"786865,3092","5829335,003","13,23056","52,53839",5030730.0,Zitadellenweg,2059.0,42.0
192189,11,5,,2019,2,12,3,2,1,5,0,1,1,0,0,0,0,1,"785310,6049","5829242,089","13,20762","52,53837",5010314.0,Carl-Schurz-Straße,1759.0,52.0
192190,11,8,,2019,2,21,3,3,0,1,2,1,0,0,0,0,0,1,"801356,3858","5823847,435","13,43862","52,48138",8010303.0,Donaustraße,5143.0,6.0
192191,11,4,,2019,2,10,6,3,6,2,0,0,1,1,0,0,0,0,"792853,1066","5823931,143","13,31384","52,48676",4051549.0,Rathaus Wilmersdorf,3344.0,61.0
192192,11,7,,2019,2,14,3,3,8,1,0,0,1,0,0,0,0,0,"796299,5622","5822819,037","13,36346","52,47493",7020204.0,Schöneberger Insel,4041.0,37.0
192193,11,12,,2019,2,9,2,3,5,3,0,1,1,0,0,0,0,1,"792531,7395","5833071,019","13,31716","52,56887",12214424.0,Scharnweberstraße,3368.0,49.0
192194,11,9,,2019,2,18,4,2,6,2,2,0,1,1,0,0,0,1,"808678,5448","5817094,416","13,53986","52,41677",9030901.0,Dorf Altglienicke,6624.0,63.0
192195,11,4,,2019,2,21,2,3,0,7,2,0,0,0,1,0,0,1,"791699,8457","5826093,318","13,2988","52,50676",4030725.0,Amtsgerichtsplatz,3050.0,39.0
192196,11,3,,2019,2,20,2,3,5,3,2,0,1,0,0,0,0,1,"804120,4596","5838852,263","13,49293","52,61433",3030405.0,Karow Nord,5982.0,62.0
192197,11,9,,2019,2,6,4,3,2,6,1,0,1,0,0,0,0,1,"804482,9147","5820692,942","13,48164","52,45137",9010302.0,Späthsfelde,5834.0,65.0
192198,11,8,,2019,2,20,2,3,1,5,2,1,1,0,0,0,0,0,"800914,0412","5823851,266","13,43213","52,48166",8010211.0,Flughafenstraße,5043.0,50.0
192199,11,1,,2019,2,20,2,3,5,3,2,0,1,0,0,0,0,0,"797000,5257","5826615,313","13,37713","52,50858",1011201.0,Wilhelmstraße,4251.0,2.0
192200,11,4,,2019,2,20,2,3,5,2,2,0,1,0,0,0,0,0,"791265,2527","5823330,781","13,29","52,48223",4041137.0,Flinsberger Platz,2943.0,55.0
192201,11,4,,2019,2,9,4,3,0,1,0,0,0,0,1,0,0,1,"792537,9798","5828264,255","13,31302","52,52577",4030519.0,Kaiserin-Augusta-Allee,3356.0,56.0
192202,11,8,,2019,2,19,2,3,2,6,2,0,1,0,0,0,0,1,"802603,269","5823076,336","13,45622","52,47378",8010404.0,Rixdorf,5441.0,34.0
192203,11,3,,2019,2,18,2,3,2,6,2,0,1,0,0,0,0,0,"802343,9706","5829202,478","13,45798","52,52883",3061430.0,Volkspark Prenzlauer Berg,5457.0,20.0
192204,11,8,,2019,2,18,2,2,6,4,2,0,1,1,0,0,0,0,"800627,9945","5823100,149","13,42725","52,47508",8010117.0,Schillerpromenade,5041.0,31.0
192205,11,10,,2019,2,15,6,2,5,3,0,0,1,0,0,0,1,0,"809930,8183","5831620,646","13,57172","52,54624",10010310.0,Alt-Marzahn,7162.0,51.0
192206,11,5,,2019,2,17,2,2,6,4,2,0,1,1,0,0,0,0,"784767,1778","5827118,882","13,19781","52,51962",5020626.0,Adamstraße,1554.0,46.0
192207,11,2,,2019,2,17,2,2,6,4,2,0,1,1,0,0,0,0,"799223,1856","5826241,246","13,40945","52,50401",2010103.0,Moritzplatz,4749.0,23.0
192208,11,6,,2019,2,7,4,3,3,2,0,1,0,0,0,1,0,0,"793124,3811","5817647,948","13,31231","52,43029",6020409.0,Königsberger Straße,3228.0,32.0
192209,11,6,,2019,2,15,2,3,2,6,0,0,1,0,0,0,1,0,"793139,3831","5816699,821","13,31169","52,42178",6020409.0,Königsberger Straße,3225.0,57.0
192210,11,4,,2019,2,14,2,3,5,3,0,1,1,0,0,0,0,0,"792763,0149","5827047,864","13,31526","52,51475",4030620.0,Alt-Lietzow,3353.0,38.0
192211,11,7,,2019,2,8,4,3,5,3,0,0,1,0,0,0,0,1,"794956,7293","5824450,027","13,34519","52,49028",7020201.0,Bayerischer Platz,3745.0,36.0
192212,11,4,,2019,2,14,2,3,9,1,0,0,1,0,0,0,0,0,"792753,045","5827026,452","13,31509","52,51456",4030620.0,Alt-Lietzow,3353.0,38.0
192213,11,5,,2019,2,14,2,3,6,4,0,0,1,1,0,0,0,0,"784490,5145","5828862,284","13,19523","52,53539",5010314.0,Carl-Schurz-Straße,1559.0,52.0
192214,11,2,,2019,2,13,2,3,5,3,0,1,1,0,0,0,0,0,"800634,0631","5827321,169","13,43115","52,51292",2040701.0,Andreasviertel,5052.0,43.0
192215,11,7,,2019,2,19,5,3,5,2,2,0,1,0,0,0,1,0,"796016,4629","5824955,115","13,3612","52,49423",7010104.0,Dennewitzplatz,4047.0,22.0
192216,11,2,,2019,2,13,2,3,6,2,0,0,1,1,0,0,0,0,"800330,303","5827622,638","13,42696","52,51578",2040701.0,Andreasviertel,5053.0,45.0
192217,11,3,,2019,2,11,2,3,0,7,0,0,1,0,0,0,1,1,"799213,9062","5831774,133","13,41429","52,55361",3061126.0,Arnimplatz,4864.0,14.0
192218,11,5,,2019,2,5,2,3,6,2,2,0,1,1,0,0,0,1,"789803,5107","5829252,895","13,27369","52,5361",5030832.0,Rohrdamm,2759.0,59.0
192219,11,11,,2019,2,20,5,3,6,2,2,0,1,1,0,0,0,0,"805176,067","5827915,1","13,49842","52,51572",11030721.0,Rüdigerstraße,6053.0,51.0
192220,11,12,,2019,2,6,2,3,6,4,1,0,1,1,0,0,0,1,"789944,8512","5834936,864","13,28073","52,58698",12214527.0,Alt-Tegel,2874.0,52.0
192221,11,3,,2019,2,6,2,3,2,2,2,0,1,0,0,0,1,1,"799535,3767","5833302,102","13,4204","52,56713",3040818.0,Pankow Süd,4968.0,61.0
192222,11,4,,2019,2,7,2,3,5,3,0,1,1,0,0,0,0,1,"792466,3168","5824018,55","13,30824","52,48775",4051549.0,Rathaus Wilmersdorf,3245.0,33.0
192223,11,9,,2019,2,8,4,3,0,1,0,1,0,0,0,0,0,1,"813657,6686","5821703,477","13,61716","52,45524",9051702.0,Bölschestraße,7835.0,51.0
192224,11,6,,2019,2,7,2,3,6,2,0,0,1,1,0,0,0,1,"792338,0771","5820744,487","13,30348","52,45847",6040809.0,Thielallee,3136.0,49.0
192225,11,4,,2019,2,8,2,3,6,2,0,0,1,1,0,0,0,1,"793397,8816","5821769,754","13,31994","52,46709",4041344.0,Rüdesheimer Platz,3439.0,54.0
192226,11,12,,2019,2,9,2,3,2,6,0,0,1,0,0,0,0,1,"793391,7255","5833197,66","13,32993","52,56954",12214421.0,Reinickes Hof,3569.0,53.0
192227,11,1,,2019,2,18,4,3,5,3,2,0,1,0,0,0,0,1,"798483,9722","5826666,626","13,39897","52,50823",1011204.0,Leipziger Straße,4551.0,40.0
192228,11,2,,2019,2,12,2,3,2,6,0,0,1,0,0,0,0,1,"797108,4274","5824295,441","13,37665","52,48772",2020203.0,Viktoriapark,4245.0,40.0
192229,11,11,,2019,2,12,2,3,0,3,0,0,1,0,0,0,1,0,"805501,3025","5834600,412","13,50934","52,57545",11010207.0,Wartenberg Nord,6270.0,65.0
192230,11,12,,2019,2,11,1,3,5,2,0,0,1,0,0,0,0,1,"795480,04","5833415,007","13,36084","52,57036",12103115.0,Breitkopfbecken,4069.0,34.0
192231,11,3,,2019,2,16,5,2,6,4,0,0,1,1,0,0,0,0,"799990,6231","5838623,79","13,43191","52,61458",3020307.0,Buchholz,5082.0,65.0
192232,11,2,,2019,2,4,1,3,5,3,2,0,1,0,0,0,0,0,"799031,3183","5826071,755","13,40648","52,5026",2010103.0,Moritzplatz,4649.0,53.0
192233,11,8,,2019,2,1,1,3,5,3,2,0,1,0,0,0,0,1,"801212,6569","5822539,809","13,43533","52,46974",8010213.0,Körnerpark,5139.0,41.0
192234,11,4,,2019,2,15,1,3,5,3,0,0,1,0,1,0,0,1,"787784,9179","5826169,529","13,24134","52,50952",4020207.0,Flatowallee,2251.0,65.0
192235,11,4,,2019,2,18,4,3,6,2,2,0,1,1,0,0,0,1,"792116,5437","5825765,879","13,30463","52,5036",4030726.0,Droysenstraße,3149.0,47.0
192236,11,4,,2019,2,15,1,3,6,2,0,0,1,1,0,0,0,0,"792819,4825","5821878,463","13,31154","52,46837",4041344.0,Rüdesheimer Platz,3239.0,57.0
192237,11,1,,2019,2,16,1,3,5,3,1,0,1,0,0,0,0,0,"798674,2573","5829452,209","13,40427","52,53309",1011402.0,Arkonaplatz,4658.0,28.0
192238,11,1,,2019,2,17,1,3,6,4,1,1,0,1,0,0,0,0,"794816,8792","5825999,64","13,34451","52,50424",1011101.0,Stülerstraße,3749.0,17.0
192239,11,10,,2019,2,19,1,3,5,2,2,0,1,0,0,0,0,1,"811286,4024","5831546,593","13,59157","52,54481",10020413.0,Gut Hellersdorf,7461.0,52.0
192240,11,6,,2019,2,7,4,3,6,4,0,0,1,1,0,0,0,0,"795223,7334","5818696,699","13,34402","52,43856",6020303.0,Lankwitz Kirche,3730.0,44.0
192241,11,11,,2019,2,13,1,3,5,3,0,0,1,0,0,0,0,1,"803704,7389","5829526,333","13,47827","52,53098",11030619.0,Fennpfuhl Ost,5757.0,55.0
192242,11,8,,2019,2,23,7,3,6,4,2,0,1,1,0,0,0,1,"801042,3269","5823879,037","13,43404","52,48184",8010303.0,Donaustraße,5143.0,6.0
192243,11,4,,2019,2,21,7,3,5,2,2,0,1,0,0,0,0,1,"793606,683","5827940,495","13,32844","52,5223",4030621.0,Spreestadt,3555.0,16.0
192244,11,9,,2019,2,20,7,3,5,2,2,0,1,0,0,0,0,1,"808978,8515","5818114,138","13,5452","52,42574",9020701.0,Adlershof West,6727.0,55.0
192245,11,4,,2019,2,18,7,2,5,3,2,0,1,0,0,0,0,1,"793966,0989","5824598,156","13,33077","52,49214",4051653.0,Prager Platz,3546.0,33.0
192246,11,3,,2019,2,14,5,3,2,6,0,0,1,0,0,0,1,0,"802785,6451","5833529,74","13,46841","52,56737",3030716.0,Märchenland,5668.0,59.0
192247,11,4,,2019,2,20,7,3,2,6,2,0,1,0,0,0,0,1,"788940,628","5827609,299","13,25957","52,52182",4020310.0,Park Ruhwald,2555.0,63.0
192248,11,3,,2019,2,18,7,3,5,3,2,0,1,0,0,0,0,1,"803640,8822","5839002,322","13,48601","52,61594",3030405.0,Karow Nord,5882.0,63.0
192249,11,1,,2019,2,17,7,3,5,2,2,0,1,0,0,0,0,1,"799730,882","5827547,138","13,41808","52,51544",1011304.0,Karl-Marx-Allee,4853.0,18.0
192250,11,10,,2019,2,17,4,2,6,4,1,0,1,1,0,0,0,1,"809304,0654","5833251,096","13,56402","52,56121",10010204.0,Wuhletalstraße,7066.0,62.0
192251,11,7,,2019,2,16,7,3,3,2,2,0,1,0,0,0,1,1,"800050,5856","5820446,349","13,41639","52,45161",7050504.0,Imbrosweg,4834.0,58.0
192252,11,1,,2019,2,16,7,3,5,3,1,0,1,0,0,0,0,1,"796805,276","5831272,527","13,37842","52,55043",1033203.0,Humboldthain Nordwest,4263.0,51.0
192253,11,11,,2019,2,16,7,3,5,3,1,0,1,0,0,0,0,1,"804531,1334","5827753,191","13,48879","52,51463",11030721.0,Rüdigerstraße,5953.0,55.0
192254,11,1,,2019,2,14,6,3,2,6,0,0,1,0,0,0,0,0,"793308,2499","5828260,773","13,32434","52,52533",1022101.0,Huttenkiez,3456.0,59.0
192255,11,7,,2019,2,15,7,3,5,3,0,1,1,0,0,0,0,1,"795226,77","5825154,604","13,34978","52,49645",7010102.0,Nollendorfplatz,3847.0,40.0
192256,11,6,,2019,2,15,7,3,5,2,0,0,1,0,0,0,0,2,"790385,2272","5820847,328","13,27491","52,46043",6040810.0,Dahlem,2737.0,55.0
192257,11,5,,2019,2,15,7,3,2,6,0,0,1,0,0,0,0,1,"783959,8415","5830098,802","13,18849","52,54676",5010208.0,Germersheimer Platz,1462.0,37.0
192258,11,9,,2019,2,15,7,3,5,3,0,0,1,0,0,0,0,1,"803063,207","5820926,183","13,46102","52,45425",9010302.0,Späthsfelde,5535.0,53.0
192259,11,4,,2019,2,11,6,3,5,2,0,0,1,0,0,0,0,0,"787712,0896","5826435,547","13,2405","52,51195",4020204.0,Olympiagelände,2252.0,63.0
192260,11,2,,2019,2,12,7,3,1,5,0,1,1,0,0,0,0,0,"799776,1131","5825763,986","13,41714","52,49943",2010103.0,Moritzplatz,4848.0,3.0
192261,11,12,,2019,2,9,7,3,2,2,0,0,1,0,0,0,0,1,"792653,6771","5834699,95","13,32039","52,5834",12301203.0,Wittenau Süd,3473.0,64.0
192262,11,8,,2019,2,17,4,3,5,3,1,1,1,0,0,0,0,0,"801264,7116","5819705,65","13,43353","52,44431",8020622.0,Parchimer Allee,5132.0,38.0
192263,11,4,,2019,2,19,6,3,2,6,2,0,1,0,0,0,0,0,"794409,0856","5824886,859","13,33753","52,49449",7010101.0,Wittenbergplatz/Viktoria-Luise-Platz,3647.0,52.0
192264,11,5,,2019,2,10,6,3,3,6,0,0,1,0,0,0,0,0,"784977,3416","5829485,951","13,20293","52,54073",5010314.0,Carl-Schurz-Straße,1660.0,30.0
192265,11,1,,2019,2,12,6,3,2,6,0,0,1,0,0,0,0,1,"794435,337","5828436,611","13,34106","52,5263",1022104.0,Emdener Straße,3756.0,4.0
192266,11,2,,2019,2,7,4,3,2,2,0,0,1,0,0,0,0,1,"800907,1112","5826859,872","13,43474","52,50863",2040703.0,Wriezener Bahnhof/Entwicklungsgebiet,5151.0,39.0
192267,11,1,,2019,2,17,6,3,1,5,1,0,1,0,0,0,0,0,"797135,1728","5831845,568","13,38379","52,55539",1033102.0,Gesundbrunnen,4364.0,39.0
192268,11,4,,2019,2,20,6,3,5,2,2,0,1,0,0,0,1,0,"793941,2539","5825913,463","13,33157","52,50394",4030931.0,Breitscheidplatz,3549.0,24.0
192269,11,5,,2019,2,19,6,3,5,2,2,0,1,0,0,0,0,1,"784745,2903","5826390,162","13,19686","52,5131",5020628.0,Graetschelsteig,1552.0,61.0
192270,11,11,,2019,2,18,5,3,2,6,2,0,1,0,0,0,0,0,"804118,3111","5829847,095","13,48464","52,53362",11030619.0,Fennpfuhl Ost,5858.0,54.0
192271,11,9,,2019,2,17,6,3,2,6,2,0,1,0,0,0,0,1,"810485,6933","5820185,744","13,56922","52,44345",9020802.0,Köllnische Vorstadt,7132.0,48.0
192272,11,6,,2019,2,15,6,3,5,3,0,0,1,0,0,0,0,1,"795854,8151","5817511,041","13,35223","52,42759",6020305.0,Gemeindepark Lankwitz,3827.0,59.0
192273,11,5,,2019,2,16,4,2,6,4,1,0,1,1,0,0,0,1,"782130,8557","5830499,635","13,16193","52,5513",5010206.0,Gütersloher Weg,1063.0,62.0
192274,11,3,,2019,2,23,6,2,6,4,2,0,1,1,0,0,0,1,"802304,9395","5829214,379","13,45742","52,52896",3061430.0,Volkspark Prenzlauer Berg,5457.0,20.0
192275,11,3,,2019,2,8,6,3,5,3,0,1,1,0,0,0,0,1,"799662,4868","5832816,658","13,42183","52,56271",3040818.0,Pankow Süd,4967.0,51.0
192276,11,3,,2019,2,7,4,3,3,2,0,0,1,0,0,1,0,0,"798342,175","5834830,075","13,40422","52,58148",3020209.0,Niederschönhausen,4672.0,50.0
192277,11,7,,2019,2,16,6,3,2,6,1,0,1,0,0,0,0,0,"794214,2832","5821987,664","13,33211","52,4686",7030301.0,Friedenau,3539.0,53.0
192278,11,1,,2019,2,17,6,3,1,5,1,1,1,0,0,0,0,0,"797052,008","5826872,147","13,37812","52,51085",1011201.0,Wilhelmstraße,4251.0,2.0
192279,11,3,,2019,2,10,6,3,0,2,0,0,1,0,0,0,1,0,"799997,1797","5834946,167","13,42868","52,58161",3040614.0,Pankow Zentrum,5072.0,61.0
192280,11,2,,2019,2,7,4,3,2,6,0,0,1,0,0,0,1,0,"798449,8765","5824770,584","13,39677","52,49125",2020204.0,Urbanstraße,4546.0,40.0
192281,11,4,,2019,2,10,6,3,0,5,0,0,1,0,1,0,0,0,"792936,7652","5825758,069","13,31667","52,50309",4030930.0,George-Grosz-Platz,3349.0,12.0
192282,11,4,,2019,2,9,6,2,1,5,0,1,1,0,0,0,1,0,"791762,1648","5825979,742","13,29961","52,50571",4030725.0,Amtsgerichtsplatz,3150.0,36.0
192283,11,4,,2019,2,9,6,3,1,5,0,0,1,0,1,0,0,0,"794377,0211","5825896,412","13,33795","52,50356",4030931.0,Breitscheidplatz,3649.0,23.0
192284,11,2,,2019,2,19,5,3,1,5,2,1,1,0,0,0,0,0,"800335,1607","5825815,873","13,4254","52,49959",2030302.0,Lausitzer Platz,4948.0,23.0
192285,11,6,,2019,2,7,6,3,5,2,1,1,1,0,0,0,0,1,"788136,3651","5818749,989","13,24009","52,44282",6040804.0,Krumme Lanke,2232.0,63.0
192286,11,1,,2019,2,7,6,3,5,3,1,0,1,0,0,0,0,0,"796217,505","5831516,042","13,37","52,55293",1044201.0,Reinickendorfer Straße,4164.0,52.0
192287,11,8,,2019,2,7,6,3,5,3,1,0,1,0,0,0,0,0,"804478,8534","5816941,643","13,47816","52,41775",8041036.0,Zittauer Straße,5724.0,59.0
192288,11,1,,2019,2,9,3,3,2,6,0,0,1,0,0,0,0,0,"800213,3546","5827482,282","13,42511","52,51459",2040701.0,Andreasviertel,4953.0,49.0
192289,11,2,,2019,2,7,6,3,5,3,1,1,1,0,0,0,0,1,"799444,1273","5825668,013","13,41218","52,49875",2010104.0,Wassertorplatz,4748.0,28.0
192290,11,2,,2019,2,6,6,3,6,4,2,0,1,1,0,0,0,1,"799546,8981","5824913,747","13,41301","52,49193",2020206.0,Graefekiez,4746.0,53.0
192291,11,2,,2019,2,20,1,3,5,3,2,0,1,0,1,0,0,0,"797704,579","5825813,425","13,38676","52,50101",2010101.0,Askanischer Platz,4449.0,28.0
192292,11,1,,2019,2,12,4,3,6,4,0,1,0,1,0,0,0,0,"798558,2973","5829218,511","13,40235","52,53106",1011402.0,Arkonaplatz,4657.0,9.0
192293,11,9,,2019,2,14,1,3,5,3,0,0,1,0,1,0,0,0,"811334,012","5815651,485","13,57744","52,40234",9031001.0,Bohnsdorf,7220.0,63.0
192294,11,12,,2019,2,13,1,3,6,4,0,0,1,1,0,0,0,0,"794439,0667","5837013,148","13,34872","52,60318",12302108.0,Märkisches Zentrum,3878.0,65.0
192295,11,12,,2019,2,7,4,3,5,2,0,1,1,0,0,0,0,0,"791310,7822","5838652,615","13,30411","52,61956",12231101.0,Hermsdorf,3183.0,60.0
192296,11,3,,2019,2,12,1,3,5,3,0,0,1,0,0,0,0,0,"799967,0901","5831076,006","13,42474","52,54694",3061227.0,Humannplatz,4962.0,45.0
192297,11,4,,2019,2,0,1,3,2,6,2,0,1,0,0,0,0,0,"791562,1443","5825090,526","13,2959","52,49784",4031032.0,Halensee,3048.0,43.0
192298,11,2,,2019,2,0,1,3,5,3,2,0,1,0,0,0,0,0,"797574,5628","5825331,774","13,38442","52,49676",2020202.0,Rathaus Yorckstraße,4347.0,52.0
192299,11,1,,2019,2,22,4,3,5,3,2,0,1,0,0,0,0,0,"798022,5701","5826590,182","13,39213","52,5078",1011204.0,Leipziger Straße,4451.0,11.0
192300,11,2,,2019,2,5,7,3,5,3,1,0,1,0,0,0,0,0,"800634,705","5825682,868","13,42968","52,49823",2030401.0,Reichenberger Straße,5048.0,24.0
192301,11,10,,2019,2,13,7,3,6,4,0,0,1,1,0,0,0,0,"809554,5342","5826617,183","13,56153","52,50162",10030727.0,Biesdorf Süd,7049.0,63.0
192302,11,10,,2019,2,19,7,2,6,4,2,0,0,1,0,0,1,0,"808987,9101","5832688,382","13,55885","52,55635",10010204.0,Wuhletalstraße,6965.0,61.0
192303,11,2,,2019,2,20,7,3,5,3,2,1,1,0,0,0,0,0,"800462,3464","5825770,043","13,42723","52,49911",2030302.0,Lausitzer Platz,5048.0,24.0
192304,11,11,,2019,2,20,7,3,2,6,2,0,1,0,0,0,0,0,"808672,2621","5834214,375","13,55563","52,5702",11010103.0,Dorf Falkenberg,6969.0,62.0
192305,11,12,,2019,2,19,7,3,5,2,2,0,1,0,0,0,0,0,"791910,2282","5834712,377","13,30946","52,58391",12304313.0,Borsigwalde,3273.0,64.0
192306,11,4,,2019,2,19,7,3,3,6,2,0,1,0,0,0,0,0,"791886,114","5823940,008","13,29965","52,48736",4041137.0,Flinsberger Platz,3145.0,38.0
192307,11,5,,2019,2,21,7,2,0,1,2,0,1,0,0,0,0,0,"785011,6404","5829499,892","13,20344","52,54084",5010314.0,Carl-Schurz-Straße,1660.0,30.0
192308,11,4,,2019,2,8,7,3,1,5,0,1,1,0,0,0,0,0,"793208,3652","5824022,875","13,31914","52,48739",4051550.0,Leon-Jessel-Platz,3445.0,43.0
192309,11,6,,2019,2,20,4,3,1,5,2,0,1,0,0,0,0,0,"791585,8215","5816212,847","13,28849","52,41824",6030607.0,Goerzwerke,2924.0,62.0
192310,11,5,,2019,2,13,7,3,0,7,0,0,1,0,0,0,0,0,"784449,1502","5832411,707","13,19767","52,56724",5010101.0,Hakenfelde Nord,1568.0,63.0
192311,11,4,,2019,2,20,4,3,5,3,2,1,1,0,0,0,0,0,"791802,0499","5826224,883","13,30041","52,50788",4030725.0,Amtsgerichtsplatz,3151.0,40.0
192312,11,3,,2019,2,12,7,3,2,6,0,0,1,0,0,0,0,0,"799800,784","5829552,663","13,42092","52,53338",3071537.0,Kollwitzplatz,4958.0,60.0
192313,11,7,,2019,2,12,7,2,6,4,0,0,1,1,0,0,0,0,"799270,2078","5819056,232","13,40369","52,43958",7050505.0,Hundsteinweg,4631.0,55.0
192314,11,11,,2019,2,12,7,3,6,4,0,1,0,1,0,0,0,0,"805279,8212","5833243,439","13,50484","52,56341",11010310.0,Mühlengrund,6167.0,41.0
192315,11,4,,2019,2,19,4,3,3,6,2,0,1,0,0,0,0,0,"790705,325","5822726,526","13,28125","52,47711",4041136.0,Hagenplatz,2842.0,47.0
192316,11,4,,2019,2,11,7,3,0,1,0,0,0,0,1,0,0,0,"791925,5389","5826104,735","13,30212","52,50674",4030725.0,Amtsgerichtsplatz,3150.0,36.0