ObjectID,State,District,LOR_ab_2021,AccidentYear,AccidentMonth,AccidentHour,DayOfWeek,AccidentCategory,AccidentType,AccidentTypeDetail,LightingCondition,InvolvingBike,InvolvingCar,InvolvingPedestrian,InvolvingMotorcycle,InvolvingHGV,InvolvingOther,RoadCondition,GraphicCoord1,GraphicCoord2,LongitudeWGS84,LatitudeWGS84,quadrant,quadrant_rank
192317,11,9,,2019,2,11,7,3,5,2,0,1,1,0,0,0,0,0,"805012,4605","5822697,024","13,49124","52,46904",9010301.0,Baumschulenstraße,5939.0,38.0
192318,11,4,,2019,2,11,7,3,5,2,0,1,1,0,0,0,0,0,"790025,389","5825236,385","13,27345","52,49997",4020314.0,Messegelände,2748.0,55.0
192319,11,12,,2019,2,19,4,2,6,4,2,0,1,1,0,0,0,0,"789989,7629","5835723,329","13,28208","52,594",12214527.0,Alt-Tegel,2876.0,40.0
192320,11,10,,2019,2,10,7,3,2,6,0,0,1,0,0,0,0,0,"806488,4565","5829476,172","13,51913","52,52897",10010308.0,Marzahner Chaussee,6357.0,60.0
192321,11,2,,2019,2,1,7,3,1,5,2,1,1,0,0,0,0,0,"800771,8637","5826179,869","13,43214","52,50261",2030302.0,Lausitzer Platz,5049.0,52.0
192322,11,1,,2019,2,19,4,3,5,2,2,1,0,0,0,0,1,0,"797575,1544","5826531,775","13,3855","52,50752",1011201.0,Wilhelmstraße,4350.0,52.0
192323,11,9,,2019,2,3,7,2,5,3,2,0,1,0,0,0,0,0,"802327,3725","5825309,699","13,4542","52,49395",9010101.0,Elsenstraße,5446.0,19.0
192324,11,5,,2019,2,9,7,3,5,2,0,0,1,0,0,0,0,0,"784358,9034","5830001,294","13,19427","52,54567",5010313.0,Ackerstraße,1562.0,57.0
192325,11,12,,2019,2,10,7,3,6,7,0,0,1,1,0,0,0,0,"795476,7293","5836835,832","13,36384","52,60102",12302109.0,Treuenbrietzener Straße,4078.0,63.0
192326,11,8,,2019,2,19,4,3,6,2,2,0,1,1,0,0,0,0,"803211,5228","5818470,739","13,46097","52,43216",8040933.0,Vogelviertel Süd,5528.0,60.0
192327,11,1,,2019,2,10,7,3,2,6,0,0,1,0,0,0,0,0,"794326,216","5828450,461","13,33947","52,52648",1022104.0,Emdener Straße,3756.0,4.0
192328,11,11,,2019,2,19,5,2,0,1,2,1,0,0,0,0,0,0,"803470,5022","5826533,652","13,4721","52,50429",11040925.0,Victoriastadt,5649.0,33.0
192329,11,1,,2019,2,19,7,3,2,6,2,0,1,0,0,0,0,0,"799530,0633","5828814,673","13,41627","52,52691",1011303.0,Alexanderplatzviertel,4856.0,19.0
192330,11,12,,2019,2,17,7,3,5,3,1,0,1,0,0,0,1,0,"791932,6746","5834136,109","13,30929","52,57874",12304313.0,Borsigwalde,3271.0,61.0
192331,11,4,,2019,2,18,4,3,1,5,1,1,1,0,0,0,0,0,"792610,8122","5826113,386","13,3122","52,50645",4030827.0,Karl-August-Platz,3250.0,40.0
192332,11,1,,2019,2,10,5,3,1,5,0,1,1,0,0,0,0,0,"797086,9012","5828187,321","13,37981","52,52262",1011301.0,Charitéviertel,4355.0,53.0
192333,11,3,,2019,2,17,7,3,2,6,2,0,1,0,0,0,0,0,"800374,4999","5831549,874","13,43116","52,55096",3061228.0,Erich-Weinert-Straße,5063.0,29.0
192334,11,1,,2019,2,16,7,3,5,3,0,1,1,0,0,0,0,0,"796679,9247","5828759,818","13,37434","52,52798",1011301.0,Charitéviertel,4256.0,57.0
192335,11,7,,2019,2,18,4,3,5,3,2,0,1,0,0,0,0,0,"798131,0863","5816687,783","13,38487","52,41897",7060603.0,Marienfelde Nordost,4325.0,61.0
192336,11,3,,2019,2,15,7,3,5,3,0,0,1,0,0,0,0,0,"802542,7867","5831446,868","13,46294","52,54884",3050925.0,Komponistenviertel Weißensee,5563.0,50.0
192337,11,1,,2019,2,13,7,3,6,7,0,0,1,1,0,0,0,0,"799348,8505","5828110,555","13,41298","52,5207",1011303.0,Alexanderplatzviertel,4754.0,20.0
192338,11,3,,2019,2,17,4,3,2,7,1,1,1,0,0,0,0,0,"799375,2612","5829512,726","13,41463","52,53325",3071537.0,Kollwitzplatz,4858.0,57.0
192339,11,12,,2019,2,13,7,2,6,7,0,0,0,1,0,0,1,0,"795953,6469","5833850,933","13,3682","52,57401",12103115.0,Breitkopfbecken,4170.0,64.0
192340,11,4,,2019,2,9,6,3,0,5,0,0,1,0,1,0,0,0,"792439,1893","5824962,534","13,30867","52,49623",4051446.0,Preußenpark,3247.0,45.0
192341,11,3,,2019,2,18,4,3,5,3,1,1,0,0,0,0,0,0,"802809,2767","5828610,776","13,46428","52,52327",3061441.0,Eldenaer Straße,5555.0,53.0
192342,11,6,,2019,2,18,6,3,3,2,2,1,1,0,0,0,0,1,"792814,3417","5816211,41","13,3065","52,41757",6020408.0,Lichterfelde Süd,3224.0,65.0
192343,11,3,,2019,2,13,4,3,5,2,0,1,1,0,0,0,0,0,"799241,889","5831771,604","13,4147","52,55357",3061126.0,Arnimplatz,4864.0,14.0
192344,11,6,,2019,2,14,6,3,2,6,0,0,1,0,0,0,0,0,"794320,591","5820488,998","13,33235","52,45511",6010208.0,Bergstraße,3535.0,50.0
192345,11,6,,2019,2,8,6,3,2,6,0,0,1,0,0,0,1,0,"790288,472","5814825,282","13,26826","52,40649",6030502.0,Zehlendorf Süd,2621.0,57.0
192346,11,4,,2019,2,17,4,3,5,2,0,1,1,0,0,0,0,0,"793300,7336","5823601,729","13,32012","52,48356",4051549.0,Rathaus Wilmersdorf,3443.0,52.0
192347,11,4,,2019,2,21,6,3,5,2,2,1,1,0,0,0,0,0,"791015,0738","5824859,226","13,28766","52,49606",4031032.0,Halensee,2947.0,18.0
192348,11,11,,2019,2,13,6,3,6,4,0,0,1,1,0,0,0,0,"804458,3787","5833718,008","13,49319","52,56813",11010309.0,Zingster Straße West,5968.0,65.0
192349,11,1,,2019,2,12,6,3,5,2,0,1,0,0,0,1,0,0,"794609,9111","5829869,148","13,34489","52,53904",1044202.0,Sparrplatz,3760.0,45.0
192350,11,1,,2019,2,16,4,3,2,6,1,0,1,0,0,0,1,0,"797892,3584","5831860,907","13,39494","52,55511",1033102.0,Gesundbrunnen,4564.0,57.0
192351,11,2,,2019,2,13,6,3,6,2,0,0,1,1,0,0,0,0,"800733,7418","5828103,081","13,43332","52,51987",2040502.0,Friedenstraße,5054.0,36.0
192352,11,5,,2019,2,13,6,3,6,4,0,0,1,1,0,0,0,0,"784738,5872","5828820,988","13,19885","52,53489",5010314.0,Carl-Schurz-Straße,1658.0,8.0
192353,11,1,,2019,2,14,6,3,2,2,0,1,1,0,0,0,0,0,"796438,0222","5831976,239","13,37365","52,55694",1044201.0,Reinickendorfer Straße,4265.0,5.0
192354,11,6,,2019,2,17,4,3,2,6,2,1,1,0,0,0,0,0,"787560,5137","5816401,839","13,22963","52,42207",6030501.0,Berlepschstraße,2025.0,63.0
192355,11,3,,2019,2,13,6,3,0,3,0,1,0,0,1,0,0,0,"799347,7782","5829466,363","13,41418","52,53285",3071537.0,Kollwitzplatz,4858.0,57.0
192356,11,3,,2019,2,14,6,3,2,6,0,0,1,0,0,0,0,0,"802964,435","5841989,287","13,47879","52,64309",3010101.0,Bucher Forst,5790.0,63.0
192357,11,2,,2019,2,14,6,3,1,5,0,1,1,0,0,0,0,0,"800728,6578","5828014,004","13,43316","52,51907",2040502.0,Friedenstraße,5054.0,36.0
192358,11,8,,2019,2,16,4,3,1,5,0,0,1,0,0,0,0,0,"800849,8796","5816984,877","13,425","52,42015",8020727.0,Buckow Mitte,4925.0,61.0
192359,11,9,,2019,2,14,6,3,6,4,0,0,1,1,0,0,0,0,"806440,5494","5822605,249","13,51211","52,46742",9020501.0,Oberschöneweide West,6239.0,62.0
192360,11,9,,2019,2,10,4,3,2,6,0,0,1,0,0,0,0,0,"807850,1717","5818113,884","13,52866","52,42637",9020701.0,Adlershof West,6527.0,56.0
192361,11,2,,2019,2,7,6,3,6,7,0,0,1,1,0,0,0,0,"801205,6662","5828639,855","13,44074","52,52442",2040502.0,Friedenstraße,5255.0,60.0
192362,11,2,,2019,2,15,6,3,5,3,0,1,1,0,0,0,0,0,"801133,8827","5827231,312","13,43841","52,51183",2040703.0,Wriezener Bahnhof/Entwicklungsgebiet,5152.0,56.0
192363,11,1,,2019,2,15,4,3,5,3,0,0,1,0,0,0,0,0,"797709,9351","5830185,727","13,39075","52,5402",1033202.0,Humboldthain Süd,4460.0,59.0
192364,11,2,,2019,2,12,6,3,5,7,0,1,1,0,0,0,0,0,"799190,4857","5824229,189","13,40716","52,48599",2020205.0,Chamissokiez,4744.0,63.0
192365,11,7,,2019,2,5,6,3,0,5,2,0,0,0,0,0,1,0,"793955,9366","5821925,13","13,32827","52,46818",7030301.0,Friedenau,3539.0,53.0
192366,11,1,,2019,2,16,6,3,5,3,0,0,1,0,0,0,0,0,"798610,6365","5826916,806","13,40106","52,5104",1011204.0,Leipziger Straße,4651.0,31.0
192367,11,4,,2019,2,15,4,3,1,5,0,1,1,0,0,0,0,0,"792903,6719","5825521,565","13,31598","52,50099",4030930.0,George-Grosz-Platz,3349.0,12.0
192368,11,2,,2019,2,11,6,3,5,5,0,0,1,0,1,0,0,0,"800560,5567","5825711,508","13,42862","52,49853",2030401.0,Reichenberger Straße,5048.0,24.0
192369,11,2,,2019,2,16,6,3,1,5,0,1,1,0,0,0,1,0,"801405,8562","5826415,337","13,44167","52,50437",2040703.0,Wriezener Bahnhof/Entwicklungsgebiet,5250.0,54.0
192370,11,3,,2019,2,11,6,3,5,2,0,0,0,0,1,1,0,1,"801348,4282","5832471,114","13,44631","52,55868",3050919.0,Gustav-Adolf-Straße,5265.0,58.0
192371,11,11,,2019,2,16,6,3,2,7,0,0,1,0,0,0,0,0,"805813,942","5832289,712","13,51181","52,55457",11020411.0,Malchower Weg,6264.0,64.0
192372,11,8,,2019,2,15,4,2,6,4,0,0,1,1,0,0,0,0,"805563,5175","5817122,234","13,49423","52,41877",8041037.0,Alt-Rudow,6024.0,50.0
192373,11,4,,2019,2,11,6,3,2,6,0,0,0,0,0,1,1,0,"791654,1035","5827913,748","13,29972","52,5231",4030518.0,Tegeler Weg,3155.0,63.0
192374,11,4,,2019,2,10,6,3,5,3,0,0,1,0,0,0,0,0,"792609,9731","5824956,268","13,31117","52,49608",4051446.0,Preußenpark,3247.0,45.0
192375,11,1,,2019,2,18,6,3,1,5,1,1,1,0,0,0,0,0,"798480,2995","5828386,55","13,40046","52,52365",1011302.0,Oranienburger Straße,4655.0,41.0
192376,11,5,,2019,2,7,4,3,0,2,0,1,1,0,0,0,0,0,"784509,2249","5828605,99","13,19529","52,53309",5020625.0,Borkumer Straße,1558.0,34.0
192377,11,3,,2019,2,14,6,3,5,2,0,1,1,0,0,0,0,0,"799177,295","5831110,598","13,41316","52,54768",3061131.0,Falkplatz,4762.0,48.0
192378,11,3,,2019,2,19,6,3,2,6,2,0,1,0,1,0,0,0,"798689,1868","5830905,619","13,40579","52,54611",3061131.0,Falkplatz,4662.0,59.0
192379,11,4,,2019,2,5,4,3,6,4,2,0,1,1,0,0,0,0,"792046,0916","5825849,916","13,30367","52,50439",4030726.0,Droysenstraße,3150.0,36.0
192380,11,11,,2019,2,10,6,3,5,2,0,1,1,0,0,0,0,0,"803887,4877","5827939,284","13,47951","52,51665",11030721.0,Rüdigerstraße,5753.0,54.0
192381,11,4,,2019,2,19,6,3,6,7,2,0,1,1,0,0,0,0,"793124,0917","5825215,575","13,31895","52,49813",4051447.0,Ludwigkirchplatz,3348.0,36.0
192382,11,2,,2019,2,20,6,3,5,3,2,1,1,0,0,0,0,0,"802859,1831","5827477,993","13,46398","52,51309",2050801.0,Traveplatz,5552.0,49.0
192383,11,5,,2019,2,7,3,3,2,6,0,0,1,0,0,0,0,0,"785089,0971","5828965,438","13,20412","52,53601",5010314.0,Carl-Schurz-Straße,1659.0,46.0
192384,11,7,,2019,2,20,6,3,6,4,2,1,0,1,0,0,0,0,"800200,7118","5813333,434","13,41221","52,38777",7070704.0,Nahariyastraße,4715.0,55.0
192385,11,4,,2019,2,21,6,3,5,2,2,0,1,0,0,0,0,0,"792442,0155","5824101,776","13,30795","52,48851",4051445.0,Eisenzahnstraße,3245.0,33.0
192386,11,10,,2019,2,11,6,2,5,3,0,1,1,0,0,0,0,0,"813309,0097","5828734,39","13,61865","52,51845",10040931.0,Mahlsdorf Nord,7854.0,62.0
192387,11,5,,2019,2,13,3,3,5,3,0,0,1,0,0,0,0,0,"784898,2895","5830497,355","13,20263","52,54984",5010312.0,Kurstraße,1663.0,55.0
192388,11,1,,2019,2,9,6,3,2,6,0,0,1,0,0,0,1,0,"795516,0151","5830722,595","13,35897","52,5462",1044202.0,Sparrplatz,3962.0,49.0
192389,11,8,,2019,2,14,6,3,5,2,0,0,1,0,0,0,1,0,"800603,2608","5816867,031","13,42128","52,41923",8020727.0,Buckow Mitte,4925.0,61.0
192390,11,10,,2019,2,7,3,3,5,3,0,0,1,0,0,0,1,0,"809975,3127","5832061,819","13,57278","52,55017",10010206.0,Ringkolonnaden,7163.0,56.0
192391,11,12,,2019,2,16,6,2,3,6,0,1,1,0,0,0,0,0,"788713,5851","5833359,048","13,26123","52,57349",12214125.0,Waldidyll/Flughafensee,2570.0,65.0
192392,11,6,,2019,2,20,6,3,0,1,2,0,0,0,1,0,0,0,"796243,1388","5818611,039","13,3589","52,43724",6020301.0,Alt-Lankwitz,3930.0,60.0
192393,11,9,,2019,2,16,6,2,0,1,0,0,0,0,1,0,0,0,"811614,2722","5821150,041","13,58667","52,45145",9051901.0,Dammvorstadt,7334.0,59.0
192394,11,12,,2019,2,12,3,3,6,4,0,0,1,1,0,0,0,0,"791066,0399","5831166,862","13,29393","52,55258",12214125.0,Waldidyll/Flughafensee,3064.0,60.0
192395,11,7,,2019,2,16,5,3,3,6,0,0,1,0,0,0,0,0,"794956,8088","5824448,003","13,34519","52,49026",7020201.0,Bayerischer Platz,3745.0,36.0
192396,11,7,,2019,2,15,5,3,5,2,0,0,1,0,0,0,1,0,"796384,2203","5819736,513","13,36197","52,44725",7040404.0,Marienhöhe,4033.0,40.0
192397,11,7,,2019,2,18,5,2,6,2,2,0,1,1,0,0,0,1,"794931,7147","5824662,007","13,34501","52,49219",7020201.0,Bayerischer Platz,3746.0,57.0
192398,11,7,,2019,2,15,3,3,5,3,0,0,1,0,0,0,0,0,"799476,6099","5813653,464","13,40189","52,39104",7070703.0,John-Locke-Straße,4616.0,65.0
192399,11,8,,2019,2,16,5,3,1,5,0,0,1,0,0,0,0,1,"802028,9323","5823591,062","13,44826","52,47871",8010405.0,Hertzbergplatz,5342.0,38.0
192400,11,8,,2019,2,20,5,3,6,2,2,0,1,1,0,0,0,0,"801300,8819","5824010,038","13,43795","52,48287",8010301.0,Reuterkiez,5143.0,6.0
192401,11,7,,2019,2,11,5,3,2,6,0,0,1,0,0,0,0,1,"793967,676","5821530,288","13,32809","52,46464",7030301.0,Friedenau,3538.0,44.0
192402,11,4,,2019,2,21,5,3,6,2,2,0,1,1,0,0,0,1,"791348,8998","5822564,516","13,29055","52,47531",4041241.0,Breite Straße,2941.0,57.0
192403,11,10,,2019,2,12,3,3,5,3,0,0,1,0,0,0,0,0,"812386,0313","5824308,53","13,60094","52,47932",10040933.0,Mahlsdorf Süd,7542.0,53.0
192404,11,1,,2019,2,19,5,2,5,2,2,0,1,0,1,0,0,1,"796640,2538","5826651,994","13,37187","52,5091",1011105.0,Nördlicher Landwehrkanal,4151.0,37.0
192405,11,2,,2019,2,19,5,3,6,2,2,0,1,1,0,0,0,1,"799899,918","5825981,922","13,41916","52,50132",2030301.0,Oranienplatz,4849.0,28.0
192406,11,2,,2019,2,9,3,3,3,6,0,1,0,0,0,1,0,0,"801629,2853","5826033,857","13,4446","52,50083",2030302.0,Lausitzer Platz,5248.0,21.0
192407,11,1,,2019,2,19,5,3,5,3,2,1,1,0,0,0,0,1,"794805,1802","5825990,495","13,34433","52,50417",7010101.0,Wittenbergplatz/Viktoria-Luise-Platz,3749.0,17.0
192408,11,8,,2019,2,19,5,3,5,2,2,0,0,0,1,0,1,1,"800990,9392","5824209,697","13,43358","52,48483",8010301.0,Reuterkiez,5144.0,42.0
192409,11,2,,2019,2,9,3,3,5,2,0,1,1,0,0,0,0,0,"801353,1441","5826456,898","13,44093","52,50477",2040703.0,Wriezener Bahnhof/Entwicklungsgebiet,5250.0,54.0
192410,11,10,,2019,2,19,5,2,6,2,2,0,1,1,0,0,0,1,"813736,5301","5829980,558","13,62611","52,52937",10040931.0,Mahlsdorf Nord,7957.0,59.0
192411,11,4,,2019,2,13,4,3,6,2,0,0,1,1,0,0,0,0,"789003,1923","5826971,668","13,25994","52,51607",4020311.0,Reichsstraße,2553.0,40.0
192412,11,7,,2019,2,18,5,3,5,2,1,0,1,0,1,0,0,1,"798772,4223","5819086,06","13,39642","52,44012",7050505.0,Hundsteinweg,4531.0,62.0
192413,11,5,,2019,2,17,5,3,5,7,2,0,1,0,1,0,0,1,"787204,2461","5829743,85","13,2359","52,54187",5030731.0,Gartenfelder Straße,2160.0,45.0
192414,11,1,,2019,2,8,3,3,5,2,0,1,1,0,0,0,0,0,"796254,3824","5825960,306","13,36559","52,50311",1011104.0,Körnerstraße,4049.0,39.0
192415,11,3,,2019,2,17,5,3,5,3,2,1,1,0,0,0,0,1,"800751,6117","5831291,354","13,43647","52,54844",3061228.0,Erich-Weinert-Straße,5162.0,47.0
192416,11,1,,2019,2,15,4,3,2,6,0,0,1,0,0,0,0,0,"798710,1789","5827548,942","13,40309","52,51601",1011204.0,Leipziger Straße,4653.0,53.0
192417,11,4,,2019,2,16,5,3,5,7,0,0,1,0,0,0,0,1,"792095,9804","5825760,877","13,30432","52,50357",4030726.0,Droysenstraße,3149.0,47.0
192418,11,12,,2019,2,16,5,3,0,2,0,1,1,0,0,0,0,1,"789887,1936","5835695,449","13,28055","52,59381",12214527.0,Alt-Tegel,2876.0,40.0
192419,11,9,,2019,2,6,3,3,3,6,0,0,1,0,0,0,0,0,"806480,5448","5820668,366","13,51092","52,45004",9010402.0,Johannisthal Ost,6234.0,51.0
192420,11,6,,2019,2,10,5,3,0,7,0,0,1,0,0,0,0,1,"789573,3644","5817322,888","13,25994","52,42926",6030503.0,Zehlendorf Mitte,2528.0,57.0
192421,11,11,,2019,2,8,5,3,2,2,0,0,1,0,0,0,0,1,"803330,7841","5826304,542","13,46984","52,50231",11051229.0,Rummelsburg,5649.0,33.0
192422,11,8,,2019,2,8,5,3,5,2,0,0,1,0,0,0,1,1,"801398,7122","5819151,832","13,435","52,43927",8020625.0,Handwerker-Siedlung,5130.0,63.0
192423,11,11,,2019,2,18,3,3,1,1,2,0,1,0,0,0,0,0,"806187,3968","5831036,36","13,51615","52,54312",11020412.0,Hauptstraße,6361.0,62.0
192424,11,1,,2019,2,8,5,3,6,7,0,0,1,1,0,0,0,1,"797475,435","5827934,947","13,38529","52,52015",1011202.0,Unter den Linden Nord,4354.0,42.0
192425,11,10,,2019,2,7,5,3,5,2,0,0,1,0,0,0,1,0,"808519,2092","5829496,472","13,54899","52,52801",10030724.0,Oberfeldstraße,6856.0,63.0
192426,11,1,,2019,2,6,5,3,6,2,0,0,1,1,0,0,0,1,"798453,1284","5830193,634","13,40168","52,53986",1033201.0,Brunnenstraße,4660.0,51.0
192427,11,6,,2019,2,8,4,3,5,7,0,0,1,0,0,0,0,0,"792738,5799","5818746,761","13,30761","52,44034",6030609.0,Augustaplatz,3231.0,65.0
192428,11,9,,2019,2,6,5,2,5,2,0,1,1,0,0,0,0,1,"810762,679","5818707,025","13,5719","52,43004",9020802.0,Köllnische Vorstadt,7128.0,65.0
192429,11,1,,2019,2,1,5,3,1,1,2,0,1,0,0,0,0,0,"797452,0609","5831441,472","13,38808","52,55159",1033102.0,Gesundbrunnen,4463.0,27.0
192430,11,3,,2019,2,5,3,3,2,6,2,0,1,0,0,0,0,0,"804242,5828","5841118,509","13,49682","52,63457",3010102.0,Buch,6088.0,54.0
192431,11,4,,2019,2,6,5,3,5,2,1,0,1,0,1,0,0,1,"791134,9247","5829154,649","13,29318","52,53451",4010103.0,Paul-Hertz-Siedlung,3058.0,38.0
192432,11,1,,2019,2,13,5,3,5,3,0,0,1,0,0,0,0,0,"797153,9102","5830368,879","13,38274","52,54214",1033202.0,Humboldthain Süd,4361.0,61.0
192433,11,2,,2019,2,12,5,3,5,3,0,0,1,0,1,0,0,1,"801432,1267","5827930,26","13,44342","52,51793",2040503.0,Richard-Sorge-Viertel,5253.0,35.0
192434,11,1,,2019,2,12,5,3,2,6,0,0,1,0,0,0,0,0,"797637,3868","5827777,896","13,38753","52,51865",1011202.0,Unter den Linden Nord,4454.0,36.0
192435,11,4,,2019,2,0,3,3,5,3,2,0,1,0,0,0,0,0,"786443,6826","5826274,065","13,22172","52,51117",4020206.0,Angerburger Allee,1952.0,65.0
192436,11,10,,2019,2,12,5,3,6,4,0,0,1,1,0,0,0,1,"807543,4081","5829356,371","13,53453","52,5273",10010308.0,Marzahner Chaussee,6656.0,56.0
192437,11,5,,2019,2,11,5,2,2,6,0,0,1,0,0,0,1,0,"787321,272","5828088,266","13,23619","52,52697",5010339.0,Freiheit,2156.0,63.0
192438,11,8,,2019,2,11,5,2,6,2,0,0,0,1,0,0,1,1,"800645,9369","5816184,696","13,42129","52,41309",8020727.0,Buckow Mitte,4923.0,62.0
192439,11,5,,2019,2,16,3,2,5,2,0,0,1,0,0,0,0,0,"789207,0025","5829280,489","13,26494","52,53666",5030833.0,Motardstraße,2559.0,56.0
192440,11,7,,2019,2,9,5,3,0,6,0,1,1,0,0,0,0,0,"796664,4067","5819994,134","13,3663","52,44941",7040404.0,Marienhöhe,4133.0,63.0
192441,11,3,,2019,2,11,5,2,6,3,0,0,1,1,0,0,0,0,"801045,0747","5833837,806","13,44309","52,5711",3030715.0,Heinersdorf,5269.0,57.0
192442,11,7,,2019,2,10,5,3,5,3,0,0,1,0,0,0,0,1,"795981,938","5822754,879","13,35874","52,47453",7030303.0,Grazer Platz,3941.0,55.0
192443,11,1,,2019,2,18,4,3,3,6,2,1,0,0,0,0,0,0,"797986,6525","5828620,611","13,39342","52,52602",1011302.0,Oranienburger Straße,4556.0,46.0
192444,11,10,,2019,2,14,4,3,2,6,0,0,1,0,0,0,0,0,"809651,2813","5829224,323","13,56538","52,52493",10030724.0,Oberfeldstraße,7056.0,63.0
192445,11,12,,2019,2,8,4,3,0,6,0,0,1,0,0,0,0,0,"791309,0957","5834342,427","13,30029","52,58092",12304313.0,Borsigwalde,3172.0,56.0
192446,11,1,,2019,2,17,4,3,0,3,0,1,1,0,0,0,0,0,"796095,7488","5826518,49","13,36375","52,5082",1011105.0,Nördlicher Landwehrkanal,4051.0,54.0
192447,11,11,,2019,2,16,3,3,2,2,0,1,1,0,0,0,1,0,"806134,3989","5827352,483","13,51198","52,51014",11041022.0,Rosenfelder Ring,6251.0,61.0
192448,11,6,,2019,2,8,4,3,6,4,0,0,1,1,0,0,0,0,"795829,5765","5819912,57","13,35398","52,44913",6010205.0,Südende,3933.0,51.0
192449,11,3,,2019,2,5,4,3,5,2,2,1,1,0,0,0,0,0,"803364,375","5838249,928","13,48125","52,60935",3030406.0,Alt-Karow,5880.0,64.0
192450,11,3,,2019,2,7,4,3,5,3,0,0,1,0,0,0,0,0,"798144,3824","5835472,386","13,40189","52,58735",3020209.0,Niederschönhausen,4674.0,48.0
192451,11,8,,2019,2,11,3,2,0,1,0,0,0,0,1,0,0,0,"801523,2708","5820742,659","13,43826","52,45346",8020619.0,Buschkrugallee Nord,5135.0,57.0
192452,11,7,,2019,2,7,4,3,5,3,0,1,1,0,0,0,0,0,"800601,9005","5814440,635","13,41908","52,39748",7070702.0,Alt-Lichtenrade/Töpchiner Weg,4818.0,65.0
192453,11,10,,2019,2,11,5,3,5,3,0,0,1,0,0,0,0,0,"811295,5899","5829144,974","13,58946","52,52328",10020623.0,Rotes Viertel,7455.0,64.0
192454,11,8,,2019,2,12,4,3,2,6,0,0,1,0,0,0,0,0,"799388,3523","5823787,521","13,40967","52,48193",8010115.0,Hasenheide,4743.0,63.0
192455,11,10,,2019,2,13,4,3,0,3,0,0,1,0,0,0,1,0,"806295,7303","5830208,072","13,51698","52,53564",11020516.0,Weiße Taube,6359.0,27.0
192456,11,2,,2019,2,16,3,3,3,6,0,1,1,0,0,0,0,0,"798300,8306","5825395,944","13,39514","52,49694",2020204.0,Urbanstraße,4547.0,11.0
192457,11,4,,2019,2,10,4,3,6,2,0,0,1,1,0,0,0,0,"792321,7636","5825370,853","13,3073","52,49995",4030726.0,Droysenstraße,3248.0,24.0
192458,11,8,,2019,2,11,4,3,0,2,0,0,1,0,1,0,0,0,"800469,794","5823613,312","13,42539","52,47977",8010117.0,Schillerpromenade,4942.0,18.0
192459,11,1,,2019,2,11,4,3,1,5,0,1,1,0,0,0,0,0,"794179,5789","5828447,04","13,33731","52,52653",1022104.0,Emdener Straße,3656.0,44.0
192460,11,5,,2019,2,14,4,3,5,3,0,0,1,0,0,0,0,0,"786319,4129","5829484,428","13,22266","52,54001",5030730.0,Zitadellenweg,1960.0,63.0
192461,11,1,,2019,2,18,2,2,0,7,2,0,0,0,1,0,0,0,"799828,2743","5828595,834","13,42046","52,52478",1011304.0,Karl-Marx-Allee,4955.0,53.0
192462,11,1,,2019,2,11,4,3,6,3,0,0,1,1,0,0,0,0,"794798,8998","5828309,199","13,34629","52,52496",1022204.0,Thomasiusstraße,3856.0,49.0
192463,11,1,,2019,2,13,4,3,5,2,0,1,1,0,0,0,0,0,"794789,0525","5828310,617","13,34615","52,52498",1022204.0,Thomasiusstraße,3856.0,49.0
192464,11,8,,2019,2,14,2,3,1,5,0,0,1,0,0,0,0,0,"801815,6679","5824395,148","13,44586","52,48604",8010302.0,Bouchéstraße,5244.0,47.0
192465,11,2,,2019,2,14,4,3,3,6,0,1,1,0,0,0,0,0,"801401,1895","5825991,081","13,44121","52,50057",2030302.0,Lausitzer Platz,5248.0,21.0
192466,11,4,,2019,2,15,4,3,5,2,0,0,1,0,0,0,0,0,"794098,993","5826355,638","13,33428","52,50782",4030931.0,Breitscheidplatz,3651.0,62.0
192467,11,4,,2019,2,10,4,3,0,1,0,0,0,0,1,0,0,0,"792639,2038","5827102,855","13,31349","52,51531",4030620.0,Alt-Lietzow,3353.0,38.0
192468,11,1,,2019,2,8,2,3,2,6,0,0,0,0,0,1,1,0,"793418,647","5829470,748","13,32703","52,53611",1022103.0,Westhafen,3559.0,22.0
192469,11,5,,2019,2,16,4,2,5,3,0,0,1,0,0,0,0,0,"783705,5141","5830175,281","13,18481","52,54758",5010207.0,Darbystraße,1462.0,37.0
192470,11,7,,2019,2,17,5,3,5,2,1,0,1,0,0,0,0,0,"794938,7887","5824458,025","13,34493","52,49036",7020201.0,Bayerischer Platz,3745.0,36.0
192471,11,3,,2019,2,17,4,2,6,4,0,0,1,1,0,0,0,0,"802056,4926","5831122,916","13,4555","52,5462",3050925.0,Komponistenviertel Weißensee,5462.0,60.0
192472,11,8,,2019,2,17,4,3,2,6,1,0,1,0,0,0,0,0,"801299,0653","5819564,609","13,43391","52,44302",8020622.0,Parchimer Allee,5132.0,38.0
192473,11,10,,2019,2,7,2,3,0,7,0,1,0,0,0,0,0,0,"808415,5568","5830155,951","13,54808","52,53398",10010309.0,Springpfuhl,6858.0,59.0
192474,11,3,,2019,2,18,4,2,6,4,1,0,1,1,0,0,0,0,"800705,5495","5830952,307","13,43548","52,54542",3061228.0,Erich-Weinert-Straße,5162.0,47.0
192475,11,2,,2019,2,12,3,3,5,2,0,0,1,0,0,0,0,0,"797921,6369","5825269,677","13,38946","52,49601",2020202.0,Rathaus Yorckstraße,4447.0,16.0
192476,11,6,,2019,2,18,2,3,5,2,2,1,0,0,0,0,1,0,"792725,5296","5821687,457","13,31","52,46671",6010103.0,Markelstraße,3239.0,57.0