ObjectID,State,District,LOR_ab_2021,AccidentYear,AccidentMonth,AccidentHour,DayOfWeek,AccidentCategory,AccidentType,AccidentTypeDetail,LightingCondition,InvolvingBike,InvolvingCar,InvolvingPedestrian,InvolvingMotorcycle,InvolvingHGV,InvolvingOther,RoadCondition,GraphicCoord1,GraphicCoord2,LongitudeWGS84,LatitudeWGS84,quadrant,quadrant_rank
192477,11,3,,2019,2,17,2,3,1,5,1,1,0,0,0,1,0,0,"802709,8518","5833896,351","13,46763","52,5707",3030716.0,Märchenland,5669.0,65.0
192478,11,4,,2019,2,8,3,3,0,4,0,1,0,1,0,0,0,0,"792727,8912","5826154,674","13,31395","52,50676",4030827.0,Karl-August-Platz,3350.0,22.0
192479,11,1,,2019,2,10,3,3,5,7,0,0,1,0,0,0,0,0,"797491,9149","5827805,893","13,38542","52,51898",1011202.0,Unter den Linden Nord,4354.0,42.0
192480,11,3,,2019,2,17,2,2,6,4,0,0,1,1,0,0,0,0,"797983,6505","5833064,797","13,39736","52,56585",3040614.0,Pankow Zentrum,4567.0,50.0
192481,11,4,,2019,2,16,3,3,1,5,0,1,1,0,0,0,0,0,"792397,0114","5825405,983","13,30844","52,50022",4030929.0,Hindemithplatz,3248.0,24.0
192482,11,5,,2019,2,15,3,3,5,7,0,0,1,0,1,0,0,0,"782365,3183","5830496,712","13,16537","52,55115",5010206.0,Gütersloher Weg,1163.0,42.0
192483,11,6,,2019,2,16,2,3,0,2,0,1,0,0,0,0,1,0,"790013,2327","5817494,83","13,26654","52,43057",6030503.0,Zehlendorf Mitte,2628.0,59.0
192484,11,3,,2019,2,14,3,3,4,7,0,0,1,0,0,0,0,0,"801828,8222","5832464,965","13,45337","52,55836",3050919.0,Gustav-Adolf-Straße,5365.0,63.0
192485,11,2,,2019,2,12,4,3,2,6,0,0,1,0,0,0,0,0,"800247,9484","5824392,539","13,42284","52,48688",2020206.0,Graefekiez,4944.0,25.0
192486,11,12,,2019,2,12,3,3,5,3,0,0,1,0,0,0,1,0,"791865,761","5831451,807","13,30594","52,55471",12214125.0,Waldidyll/Flughafensee,3264.0,52.0
192487,11,12,,2019,2,11,3,3,5,3,0,0,1,0,0,0,1,0,"793837,8816","5835502,121","13,33853","52,58996",12301203.0,Wittenau Süd,3675.0,61.0
192488,11,2,,2019,2,16,2,3,5,3,0,0,1,0,0,0,0,0,"798333,3958","5824030,971","13,3944","52,48469",2020205.0,Chamissokiez,4544.0,57.0
192489,11,6,,2019,2,10,3,3,2,6,0,0,1,0,0,0,0,0,"795220,5677","5818703,009","13,34398","52,43862",6020303.0,Lankwitz Kirche,3730.0,44.0
192490,11,11,,2019,2,9,3,3,2,4,0,0,1,1,1,0,0,0,"805317,0366","5833223,804","13,50537","52,56322",11010310.0,Mühlengrund,6167.0,41.0
192491,11,9,,2019,2,9,3,3,0,1,0,1,0,0,0,0,0,0,"811933,3956","5817765,183","13,58819","52,42094",9041302.0,Wendenschloß,7425.0,64.0
192492,11,12,,2019,2,16,2,3,5,3,0,0,1,0,1,0,0,0,"791865,761","5831451,807","13,30594","52,55471",12214125.0,Waldidyll/Flughafensee,3264.0,52.0
192493,11,2,,2019,2,8,3,3,5,7,0,1,1,0,0,0,0,0,"802875,7712","5827547,56","13,46429","52,5137",2050801.0,Traveplatz,5552.0,49.0
192494,11,1,,2019,2,8,3,3,5,3,0,1,1,0,0,0,0,0,"793671,2883","5832250,352","13,3332","52,5609",1044101.0,Rehberge,3666.0,49.0
192495,11,1,,2019,2,8,3,3,5,2,0,1,1,0,0,0,0,0,"794554,2804","5828334,351","13,34272","52,52532",1022106.0,Elberfelder Straße,3756.0,4.0
192496,11,12,,2019,2,7,3,3,6,4,0,1,0,1,0,0,0,0,"790778,604","5833708,817","13,29193","52,57552",12214125.0,Waldidyll/Flughafensee,2970.0,64.0
192497,11,1,,2019,2,22,3,3,0,7,2,1,0,0,0,0,0,0,"796843,4848","5826614,035","13,37482","52,50865",1011105.0,Nördlicher Landwehrkanal,4251.0,2.0
192498,11,8,,2019,2,20,3,3,6,4,2,0,1,1,0,0,0,1,"800999,4922","5822172,354","13,43187","52,46656",8010118.0,Silbersteinstraße,5038.0,31.0
192499,11,8,,2019,2,18,3,3,5,2,2,1,1,0,0,0,0,0,"801413,1329","5824471,391","13,44001","52,48694",8010301.0,Reuterkiez,5144.0,42.0
192500,11,6,,2019,2,11,4,3,5,2,0,1,1,0,0,0,0,0,"787637,2724","5818151,709","13,23226","52,43771",6040804.0,Krumme Lanke,2130.0,45.0
192501,11,12,,2019,2,17,3,3,3,6,2,1,1,0,0,0,0,0,"796680,5191","5832835,529","13,37799","52,56451",12103117.0,Letteplatz,4267.0,59.0
192502,11,1,,2019,2,17,3,3,2,6,2,1,1,0,0,0,0,0,"799728,0609","5827518,642","13,41802","52,51518",1011304.0,Karl-Marx-Allee,4853.0,18.0
192503,11,12,,2019,2,15,2,3,0,7,0,0,0,0,0,0,1,0,"786293,6001","5834305,513","13,22644","52,58325",12224229.0,Konradshöhe/Tegelort,2073.0,61.0
192504,11,1,,2019,2,17,3,3,6,4,1,0,1,1,0,0,0,0,"792715,4168","5828653,388","13,31597","52,52917",1022101.0,Huttenkiez,3357.0,62.0
192505,11,9,,2019,2,14,2,3,5,2,0,0,1,0,0,0,0,0,"808413,9953","5816399,03","13,53534","52,41069",9030901.0,Dorf Altglienicke,6622.0,65.0
192506,11,8,,2019,2,7,2,3,5,3,0,0,1,0,0,0,0,0,"800868,416","5823468,136","13,43111","52,47825",8010212.0,Rollberg,5042.0,54.0
192507,11,6,,2019,2,15,2,3,2,6,0,0,1,0,0,0,1,0,"793028,0288","5817691,867","13,31093","52,43073",6030607.0,Goerzwerke,3228.0,32.0
192508,11,2,,2019,2,19,2,3,1,5,2,1,1,0,0,0,1,0,"800936,8971","5826812,131","13,43514","52,50819",2040703.0,Wriezener Bahnhof/Entwicklungsgebiet,5151.0,39.0
192509,11,9,,2019,2,13,2,2,6,4,0,1,0,1,0,0,0,0,"810910,6548","5821522,799","13,57669","52,45519",9051901.0,Dammvorstadt,7235.0,47.0
192510,11,1,,2019,2,21,2,3,5,3,2,1,1,0,0,0,0,0,"795285,2039","5826174,141","13,35154","52,50556",1011103.0,Lützowstraße,3850.0,33.0
192511,11,2,,2019,2,19,2,3,3,6,2,0,1,0,1,0,0,0,"799757,7232","5825709,097","13,41682","52,49895",2010104.0,Wassertorplatz,4848.0,3.0
192512,11,9,,2019,2,17,2,3,2,7,2,0,1,0,0,0,0,0,"810521,2926","5820047,026","13,56961","52,44219",9020802.0,Köllnische Vorstadt,7131.0,58.0
192513,11,7,,2019,2,17,2,3,6,4,1,1,0,1,0,0,0,0,"795514,1771","5824888,461","13,35376","52,49391",7010103.0,Barbarossaplatz,3946.0,62.0
192514,11,2,,2019,2,15,2,3,4,5,0,1,0,0,0,0,0,0,"797874,3608","5824585,651","13,38816","52,48991",2020205.0,Chamissokiez,4445.0,43.0
192515,11,4,,2019,2,17,2,2,0,6,0,0,1,0,0,0,1,0,"794287,6269","5826077,127","13,3368","52,50522",4030931.0,Breitscheidplatz,3650.0,32.0
192516,11,8,,2019,2,17,2,3,6,4,0,0,1,1,0,0,0,0,"800435,2469","5823749,38","13,42501","52,48101",8010211.0,Flughafenstraße,4943.0,45.0
192517,11,2,,2019,2,9,4,2,5,3,0,0,1,0,0,0,0,0,"798411,3574","5825782,726","13,39711","52,50035",2010102.0,Mehringplatz,4548.0,24.0
192518,11,12,,2019,2,14,2,3,5,3,0,1,1,0,0,0,0,0,"796697,3218","5832997,761","13,37838","52,56596",12103117.0,Letteplatz,4268.0,58.0
192519,11,8,,2019,2,14,2,3,5,3,0,0,1,0,0,0,0,0,"803196,0866","5822714,976","13,4646","52,47021",8010508.0,Weiße Siedlung,5540.0,55.0
192520,11,10,,2019,2,14,2,3,2,6,0,0,1,0,0,0,0,0,"811354,0532","5830674,874","13,59175","52,53696",10020413.0,Gut Hellersdorf,7459.0,61.0
192521,11,11,,2019,2,12,2,3,5,3,0,1,0,0,0,0,1,0,"805130,7888","5830018,512","13,49968","52,53459",11020515.0,Landsberger Allee,6058.0,52.0
192522,11,10,,2019,2,11,2,3,3,6,0,0,1,0,0,0,0,0,"806277,0998","5830169,314","13,51667","52,5353",11030720.0,Herzbergstraße,6359.0,27.0
192523,11,3,,2019,2,11,2,3,0,5,0,1,1,0,0,0,0,0,"798534,7146","5834962,637","13,40717","52,58256",3020210.0,Herthaplatz,4772.0,55.0
192524,11,5,,2019,2,14,2,3,3,6,0,1,1,0,0,0,0,0,"783872,1397","5831072,024","13,18803","52,55553",5010103.0,Amorbacher Weg,1464.0,65.0
192525,11,9,,2019,2,11,2,2,0,1,0,1,0,0,0,0,0,0,"811043,3091","5820355,65","13,57755","52,44466",9041501.0,Altstadt Kietz,7232.0,31.0
192526,11,1,,2019,2,10,2,3,2,6,0,0,1,0,0,0,0,0,"795199,229","5830788,025","13,35437","52,54696",1044103.0,Westliche Müllerstraße,3962.0,49.0
192527,11,4,,2019,2,8,2,2,6,4,0,0,1,1,0,0,0,0,"790987,4161","5826616,797","13,28879","52,51183",4030417.0,Schloßstraße,2952.0,50.0
192528,11,8,,2019,2,13,2,3,1,1,0,0,1,0,0,0,1,0,"803331,781","5818555,602","13,46281","52,43286",8040933.0,Vogelviertel Süd,5529.0,57.0
192529,11,1,,2019,2,17,2,3,5,3,0,0,1,0,1,0,0,0,"798121,0449","5829344,503","13,39604","52,53243",1011401.0,Invalidenstraße,4558.0,14.0
192530,11,7,,2019,2,16,2,3,5,2,0,1,0,0,0,0,0,0,"795580,2492","5824152,73","13,35408","52,48728",7020203.0,Kaiser-Wilhelm-Platz,3945.0,34.0
192531,11,11,,2019,2,13,2,2,6,4,0,0,1,1,0,0,0,0,"804885,4468","5831343,153","13,49729","52,5466",11020412.0,Hauptstraße,6062.0,52.0
192532,11,3,,2019,2,16,2,3,5,2,0,1,1,0,0,0,0,0,"800190,7875","5838470,161","13,43472","52,61309",3020307.0,Buchholz,5181.0,61.0
192533,11,6,,2019,2,16,2,3,5,2,0,0,1,0,0,0,0,0,"791768,0201","5819273,767","13,29383","52,44559",6030605.0,Botanischer Garten,3032.0,48.0
192534,11,12,,2019,2,13,2,3,2,6,0,0,1,0,1,0,0,0,"792669,8015","5833873,39","13,3199","52,57599",12214423.0,Mellerbogen,3470.0,55.0
192535,11,1,,2019,2,15,2,3,3,2,0,0,1,0,1,0,0,0,"795140,2766","5827072,352","13,35021","52,51369",1011102.0,Großer Tiergarten,3852.0,51.0
192536,11,4,,2019,2,15,5,2,5,3,0,0,1,0,0,0,0,0,"791325,3971","5822055,741","13,28977","52,47076",4041241.0,Breite Straße,2940.0,57.0
192537,11,9,,2019,2,14,2,3,5,3,0,1,1,0,0,0,0,0,"808014,6846","5821569,908","13,53425","52,45726",9020502.0,Oberschöneweide Ost,6536.0,61.0
192538,11,1,,2019,2,14,2,3,5,5,0,0,1,0,1,0,0,0,"794494,91","5828350,57","13,34186","52,52549",1022106.0,Elberfelder Straße,3756.0,4.0
192539,11,9,,2019,2,10,2,3,6,4,0,0,1,1,0,0,0,0,"804577,0848","5822011,226","13,48422","52,46314",9010301.0,Baumschulenstraße,5837.0,51.0
192540,11,3,,2019,2,20,1,3,6,4,2,0,1,1,0,0,0,0,"801088,47","5830429,067","13,44064","52,54052",3061429.0,Greifswalder Straße,5260.0,59.0
192541,11,1,,2019,2,23,5,3,5,2,2,0,1,0,0,0,0,0,"796582,4773","5826872,612","13,37122","52,51111",1011105.0,Nördlicher Landwehrkanal,4151.0,37.0
192542,11,7,,2019,2,13,1,3,1,5,0,1,1,0,0,0,0,0,"794879,524","5823766,676","13,34345","52,48419",7020202.0,Volkspark (Rudolf-Wilde-Park),3744.0,45.0
192543,11,8,,2019,2,14,1,3,2,6,0,0,1,0,0,0,0,0,"799590,3487","5816402,534","13,40601","52,41562",8020726.0,Buckow West,4624.0,53.0
192544,11,3,,2019,2,10,2,3,3,6,0,0,1,0,0,1,0,0,"798447,2681","5835563,651","13,40643","52,588",3020210.0,Herthaplatz,4674.0,48.0
192545,11,9,,2019,2,9,1,3,3,6,0,1,0,0,0,0,1,0,"806563,6326","5820533,629","13,51201","52,44878",9010402.0,Johannisthal Ost,6233.0,61.0
192546,11,5,,2019,2,18,1,2,2,4,2,0,1,1,0,0,0,0,"784801,4051","5828809,465","13,19976","52,53476",5010314.0,Carl-Schurz-Straße,1658.0,8.0
192547,11,11,,2019,2,10,2,3,6,2,0,0,1,1,0,0,0,0,"806074,5454","5825804,404","13,50968","52,4963",11041128.0,Sewanstraße,6247.0,60.0
192548,11,4,,2019,2,16,1,3,1,5,0,1,1,0,0,0,0,0,"793153,3339","5822082,197","13,31662","52,47002",4041344.0,Rüdesheimer Platz,3339.0,61.0
192549,11,2,,2019,2,21,1,2,6,2,2,0,1,1,0,0,0,0,"797655,7674","5826290,578","13,38647","52,50531",2010101.0,Askanischer Platz,4450.0,25.0
192550,11,1,,2019,2,9,2,3,0,7,0,0,1,0,1,0,0,0,"797652,8953","5828104,128","13,38805","52,52157",1011202.0,Unter den Linden Nord,4455.0,27.0
192551,11,2,,2019,2,21,1,2,5,2,2,0,1,0,1,0,0,0,"801248,424","5827823,23","13,44063","52,51708",2040502.0,Friedenstraße,5253.0,35.0
192552,11,11,,2019,2,13,4,3,5,2,0,1,1,0,0,0,0,0,"803064,9756","5829527,675","13,46887","52,53135",11030618.0,Fennpfuhl West,5657.0,53.0
192553,11,1,,2019,2,17,1,3,5,2,1,1,1,0,0,0,0,0,"798616,2254","5827001,398","13,40122","52,51116",1011204.0,Leipziger Straße,4652.0,24.0
192554,11,9,,2019,2,15,1,3,6,4,0,1,0,1,0,0,0,0,"811237,9291","5820211,94","13,58027","52,44326",9041501.0,Altstadt Kietz,7232.0,31.0
192555,11,4,,2019,2,9,2,3,5,7,0,0,1,0,0,0,1,0,"792436,6005","5824117,499","13,30789","52,48865",4051445.0,Eisenzahnstraße,3245.0,33.0
192556,11,1,,2019,2,15,1,3,6,2,0,0,1,1,0,0,0,0,"797156,002","5831919,612","13,38416","52,55604",1033102.0,Gesundbrunnen,4365.0,7.0
192557,11,2,,2019,2,15,1,3,2,6,0,1,1,0,0,0,0,0,"801649,9852","5825897,593","13,44478","52,49959",2030402.0,Wrangelkiez,5248.0,21.0
192558,11,11,,2019,2,14,1,3,5,3,0,0,1,0,0,0,0,0,"803533,9787","5829749,778","13,47597","52,53308",11030619.0,Fennpfuhl Ost,5758.0,52.0
192559,11,12,,2019,2,8,2,3,2,6,0,0,1,0,0,0,0,0,"790778,7847","5837599,266","13,29535","52,6104",12231101.0,Hermsdorf,3081.0,63.0
192560,11,1,,2019,2,14,1,3,2,1,0,1,1,0,0,0,0,0,"795358,3226","5830249,227","13,35623","52,54205",1044202.0,Sparrplatz,3961.0,48.0
192561,11,4,,2019,2,3,1,3,9,1,2,0,1,0,0,0,0,0,"791216,058","5829730,96","13,29487","52,53963",4010101.0,Jungfernheide,3060.0,36.0
192562,11,2,,2019,2,14,1,3,1,5,0,0,1,0,0,0,0,0,"800808,3068","5826486,035","13,43295","52,50533",2030302.0,Lausitzer Platz,5050.0,37.0
192563,11,1,,2019,2,22,2,3,5,2,2,1,1,0,0,0,0,0,"799593,7643","5828256,38","13,41671","52,52187",1011303.0,Alexanderplatzviertel,4855.0,25.0
192564,11,1,,2019,2,18,1,2,5,2,2,1,1,0,0,0,0,0,"798236,2352","5827696,029","13,39626","52,51759",1011202.0,Unter den Linden Nord,4553.0,29.0
192565,11,7,,2019,2,21,1,2,5,2,2,0,1,0,0,0,1,0,"795004,1569","5823818,288","13,34533","52,48459",7020202.0,Volkspark (Rudolf-Wilde-Park),3744.0,45.0
192566,11,10,,2019,2,15,1,2,5,2,0,0,1,0,0,0,0,0,"810311,3843","5831817,081","13,5775","52,54779",10010311.0,Landsberger Tor,7262.0,61.0
192567,11,12,,2019,2,5,2,3,2,6,2,0,1,0,0,0,0,0,"796643,5503","5832436,112","13,37708","52,56095",12103117.0,Letteplatz,4266.0,52.0
192568,11,2,,2019,2,8,1,3,1,5,0,0,1,0,0,0,1,0,"797694,1616","5824024,14","13,38501","52,48497",2020203.0,Viktoriapark,4344.0,28.0
192569,11,6,,2019,2,8,4,3,5,3,0,1,1,0,0,0,0,0,"785318,6063","5817722,139","13,19787","52,43508",6040703.0,Nikolassee,1529.0,61.0
192570,11,11,,2019,2,10,7,3,5,2,0,0,1,0,1,0,0,0,"805805,7172","5834706,494","13,51392","52,57623",11010102.0,Dorf Wartenberg,6271.0,64.0
192571,11,1,,2019,2,2,7,3,6,4,2,0,1,1,0,0,0,0,"796247,6487","5828494,293","13,36775","52,52583",1022206.0,Lüneburger Straße,4156.0,34.0
192572,11,9,,2019,2,6,2,3,2,6,1,0,1,0,0,0,0,0,"811693,7768","5818521,013","13,58538","52,42785",9041301.0,Kietzer Feld/Nachtheide,7327.0,63.0
192573,11,4,,2019,2,22,7,3,5,3,2,1,1,0,0,0,0,0,"793932,411","5826044,861","13,33155","52,50513",4030931.0,Breitscheidplatz,3550.0,28.0
192574,11,2,,2019,2,21,7,3,3,6,2,1,1,0,0,0,0,0,"800348,8445","5826276,422","13,42602","52,50371",2030301.0,Oranienplatz,4949.0,42.0
192575,11,4,,2019,2,18,7,3,1,5,2,0,1,0,0,0,0,0,"792402,1885","5826259,487","13,30926","52,50787",4030827.0,Karl-August-Platz,3251.0,57.0
192576,11,12,,2019,2,7,2,3,3,6,0,0,1,0,0,1,0,0,"793387,3094","5833083,998","13,32976","52,56852",12214424.0,Scharnweberstraße,3568.0,52.0
192577,11,10,,2019,2,17,7,3,5,3,1,0,1,0,0,0,1,0,"811133,1244","5830925,043","13,58874","52,53932",10020413.0,Gut Hellersdorf,7460.0,55.0
192578,11,7,,2019,2,11,7,3,5,2,0,1,1,0,0,0,0,0,"794770,9525","5825692,85","13,34356","52,50152",7010101.0,Wittenbergplatz/Viktoria-Luise-Platz,3749.0,17.0
192579,11,3,,2019,2,9,7,3,5,3,0,0,1,0,0,0,0,0,"802871,58","5838289,263","13,47403","52,60998",3030406.0,Alt-Karow,5780.0,50.0
192580,11,5,,2019,2,16,7,3,0,7,0,0,1,0,0,0,0,0,"783916,1066","5831341,346","13,18891","52,55792",5010103.0,Amorbacher Weg,1465.0,57.0
192581,11,12,,2019,2,20,2,3,1,5,2,0,1,0,0,0,0,0,"792899,4214","5832941,954","13,32246","52,56751",12214424.0,Scharnweberstraße,3468.0,60.0
192582,11,4,,2019,2,15,7,3,6,4,0,0,1,1,0,0,0,0,"793849,6545","5826060,351","13,33035","52,50531",4030931.0,Breitscheidplatz,3550.0,28.0
192583,11,8,,2019,2,14,7,3,5,2,0,1,1,0,0,0,0,0,"801752,6013","5822051,211","13,44281","52,46506",8010214.0,Glasower Straße,5238.0,46.0
192584,11,2,,2019,2,14,7,3,2,6,0,0,1,0,0,0,0,0,"798654,9344","5825144,836","13,40012","52,49449",2020204.0,Urbanstraße,4647.0,52.0
192585,11,3,,2019,2,7,4,3,5,2,0,1,1,0,0,0,0,0,"803669,2204","5832011,797","13,48002","52,55327",3051022.0,Hansastraße,5764.0,57.0
192586,11,4,,2019,2,13,7,2,6,7,0,0,1,1,0,0,0,0,"792784,501","5824307,681","13,31316","52,49017",4051445.0,Eisenzahnstraße,3345.0,42.0
192587,11,7,,2019,2,13,7,3,6,4,0,0,1,1,0,0,0,0,"797198,8069","5823816,873","13,37755","52,48339",7040401.0,Neu-Tempelhof,4243.0,50.0
192588,11,10,,2019,2,19,2,3,6,7,2,0,1,1,0,0,0,0,"808098,6908","5830047,871","13,54333","52,53319",10010309.0,Springpfuhl,6758.0,63.0
192589,11,7,,2019,2,13,7,3,2,6,0,0,1,0,0,0,0,0,"797750,9478","5815406,764","13,37816","52,4077",7060604.0,Marienfelde Süd,4221.0,62.0
192590,11,1,,2019,2,20,6,2,5,3,2,1,1,0,0,0,0,0,"797265,3955","5827806,35","13,38209","52,51911",1011202.0,Unter den Linden Nord,4354.0,42.0
192591,11,5,,2019,2,19,6,3,2,6,2,0,1,0,0,0,0,0,"785188,4003","5829363,049","13,20592","52,53952",5010314.0,Carl-Schurz-Straße,1760.0,43.0
192592,11,12,,2019,2,7,2,3,1,5,0,1,1,0,0,0,0,0,"791453,9255","5838714,338","13,30627","52,62004",12231101.0,Hermsdorf,3283.0,60.0
192593,11,3,,2019,2,21,6,3,6,4,2,1,0,1,0,0,0,0,"799670,3627","5831248,488","13,42053","52,54865",3061227.0,Humannplatz,4962.0,45.0
192594,11,5,,2019,2,10,5,2,1,7,0,0,1,0,0,0,1,0,"784617,0655","5830861,365","13,19881","52,55325",5010310.0,Eckschanze,1664.0,56.0
192595,11,4,,2019,2,20,6,3,2,6,2,0,1,0,1,0,0,0,"790377,456","5829034,106","13,28193","52,53383",5030833.0,Motardstraße,2858.0,52.0
192596,11,12,,2019,2,18,6,3,2,6,2,0,1,0,0,0,0,0,"794663,9434","5836274,149","13,35138","52,59643",12302110.0,Dannenwalder Weg,3876.0,49.0
192597,11,10,,2019,2,21,2,2,9,1,2,0,0,0,1,0,0,0,"810000,1456","5828363,534","13,5697","52,51701",10030725.0,Buckower Ring,7153.0,65.0
192598,11,9,,2019,2,8,6,3,5,3,0,0,1,0,0,0,1,0,"812181,2353","5819098,725","13,59307","52,43275",9041301.0,Kietzer Feld/Nachtheide,7429.0,65.0
192599,11,4,,2019,2,8,6,3,1,5,0,0,1,0,1,0,0,0,"794526,2843","5825937,611","13,34018","52,50385",4030931.0,Breitscheidplatz,3749.0,17.0
192600,11,8,,2019,2,8,6,3,6,4,0,0,1,1,0,0,0,0,"801918,9907","5824159,585","13,44716","52,48387",8010406.0,Treptower Straße Nord,5344.0,56.0
192601,11,4,,2019,2,7,6,3,5,2,0,1,1,0,0,0,0,0,"794002,846","5824280,562","13,33103","52,48927",4051653.0,Prager Platz,3545.0,51.0
192602,11,7,,2019,2,7,2,3,0,1,0,0,0,0,1,0,0,0,"794376,3676","5821956,869","13,33446","52,46824",7030302.0,Ceciliengärten,3639.0,45.0
192603,11,1,,2019,2,15,6,2,6,2,0,0,1,1,0,0,0,0,"794116,098","5827763,257","13,33577","52,52043",1022106.0,Elberfelder Straße,3654.0,56.0
192604,11,12,,2019,2,15,6,3,2,6,0,0,1,0,0,0,0,0,"794038,5671","5835339,144","13,34134","52,58839",12103218.0,Teichstraße,3774.0,53.0
192605,11,3,,2019,2,8,2,3,5,3,0,1,1,0,0,0,0,0,"797887,5049","5834640,666","13,39736","52,58003",3020209.0,Niederschönhausen,4572.0,61.0
192606,11,1,,2019,2,15,6,3,1,5,0,1,1,0,0,0,0,0,"796764,0452","5826927,977","13,37394","52,51151",1011105.0,Nördlicher Landwehrkanal,4252.0,53.0
192607,11,9,,2019,2,16,6,2,2,7,0,1,1,0,0,0,0,0,"802533,1257","5824562,412","13,45654","52,48714",9010101.0,Elsenstraße,5444.0,54.0
192608,11,1,,2019,2,7,6,2,2,7,0,1,0,0,0,0,0,0,"795596,9601","5831751,05","13,36108","52,55538",1044203.0,Leopoldplatz,4064.0,52.0
192609,11,4,,2019,2,16,1,3,2,6,0,0,1,0,0,0,0,0,"793342,6551","5829711,539","13,32612","52,53831",4010102.0,Plötzensee,3559.0,22.0
192610,11,10,,2019,2,7,6,3,3,6,0,0,1,0,0,1,0,0,"811153,5774","5829036,825","13,58727","52,52239",10020622.0,Kaulsdorf Nord I,7355.0,51.0
192611,11,11,,2019,2,18,5,3,2,6,1,0,1,0,0,0,0,0,"803312,8464","5830109,326","13,47304","52,53642",11020513.0,Orankesee,5659.0,55.0
192612,11,8,,2019,2,7,6,3,6,2,0,0,1,1,0,0,0,0,"800975,4154","5824764,866","13,43385","52,48981",8010301.0,Reuterkiez,5145.0,46.0
192613,11,7,,2019,2,7,6,3,5,3,1,1,1,0,0,0,0,0,"798241,7677","5820503,243","13,3899","52,45311",7050503.0,Eisenacher Straße,4435.0,61.0
192614,11,7,,2019,2,16,1,3,0,7,0,0,0,1,0,0,1,0,"798729,8477","5816017,473","13,39305","52,41264",7070701.0,Kettinger Straße/Schillerstraße,4523.0,61.0
192615,11,1,,2019,2,6,6,3,2,6,0,0,1,0,0,0,0,0,"796977,3891","5827004,171","13,37714","52,51208",1011201.0,Wilhelmstraße,4252.0,53.0
192616,11,2,,2019,2,5,6,2,5,2,2,1,1,0,0,0,0,0,"797100,9444","5824491,31","13,37671","52,48948",2020203.0,Viktoriapark,4245.0,40.0
192617,11,9,,2019,2,16,1,3,2,6,0,0,1,0,0,0,0,0,"809224,9548","5819572,653","13,55016","52,43867",9020702.0,Adlershof Ost,6830.0,43.0
192618,11,9,,2019,2,5,6,2,3,6,2,0,1,0,0,1,0,0,"806882,4751","5823240,453","13,51918","52,47286",9020501.0,Oberschöneweide West,6340.0,64.0
192619,11,3,,2019,2,16,6,3,6,4,0,0,1,1,0,0,0,0,"801756,7568","5832405,253","13,45226","52,55786",3050919.0,Gustav-Adolf-Straße,5365.0,63.0
192620,11,8,,2019,2,16,1,3,1,5,0,0,1,0,0,0,1,0,"802789,772","5818791,091","13,45507","52,43527",8040933.0,Vogelviertel Süd,5429.0,59.0
192621,11,3,,2019,2,16,6,2,2,6,1,0,1,0,0,0,0,0,"799330,2489","5833455,289","13,41752","52,56862",3040818.0,Pankow Süd,4868.0,52.0
192622,11,8,,2019,2,17,6,3,1,1,1,0,1,0,0,0,1,0,"800335,143","5816688,479","13,41719","52,41777",8020727.0,Buckow Mitte,4824.0,53.0
192623,11,2,,2019,2,8,6,3,2,3,0,1,1,0,0,0,0,0,"797913,354","5825279,649","13,38935","52,49611",2020202.0,Rathaus Yorckstraße,4447.0,16.0
192624,11,1,,2019,2,16,1,3,5,7,0,0,1,0,0,0,0,0,"799498,5635","5828143,631","13,41521","52,52091",1011303.0,Alexanderplatzviertel,4854.0,36.0
192625,11,2,,2019,2,8,6,3,5,2,0,1,1,0,0,0,0,0,"798493,6885","5825222,747","13,39782","52,49528",2020204.0,Urbanstraße,4547.0,11.0
192626,11,3,,2019,2,14,4,3,3,6,0,0,1,0,0,0,0,0,"799958,1172","5831721,628","13,42519","52,55273",3061227.0,Humannplatz,4964.0,49.0
192627,11,6,,2019,2,18,6,3,5,2,1,0,1,0,0,0,1,0,"791532,077","5819139,009","13,29025","52,4445",6030605.0,Botanischer Garten,2932.0,61.0
192628,11,3,,2019,2,18,6,3,6,4,1,0,1,1,0,0,0,0,"799101,2854","5829106,76","13,41023","52,52976",3071536.0,Teutoburger Platz,4757.0,11.0
192629,11,4,,2019,2,17,1,3,5,7,1,1,1,0,0,0,0,0,"793506,3035","5825347,13","13,32468","52,4991",4051448.0,Schaperstraße,3448.0,49.0
192630,11,9,,2019,2,9,6,3,3,6,0,1,0,0,0,0,0,0,"810317,6485","5821373,528","13,56786","52,45419",9051901.0,Dammvorstadt,7035.0,48.0
192631,11,8,,2019,2,18,6,3,5,3,2,0,1,0,0,0,0,0,"801774,2292","5821103,644","13,44227","52,45656",8020619.0,Buschkrugallee Nord,5236.0,65.0
192632,11,5,,2019,2,15,6,3,5,2,0,1,1,0,0,0,0,0,"786999,7561","5829460,36","13,23264","52,53944",5030731.0,Gartenfelder Straße,2160.0,45.0
192633,11,4,,2019,2,17,1,3,2,7,2,0,1,0,0,1,0,0,"791105,9432","5829127,122","13,29273","52,53427",4010103.0,Paul-Hertz-Siedlung,3058.0,38.0
192634,11,11,,2019,2,10,6,3,5,3,0,0,1,0,0,0,0,0,"804606,541","5827495,575","13,48967","52,51227",11030721.0,Rüdigerstraße,5952.0,37.0
192635,11,4,,2019,2,7,4,3,6,4,0,0,1,1,0,0,0,0,"792889,5905","5827360,635","13,31739","52,51748",4030620.0,Alt-Lietzow,3353.0,38.0