ObjectID,State,District,LOR_ab_2021,AccidentYear,AccidentMonth,AccidentHour,DayOfWeek,AccidentCategory,AccidentType,AccidentTypeDetail,LightingCondition,InvolvingBike,InvolvingCar,InvolvingPedestrian,InvolvingMotorcycle,InvolvingHGV,InvolvingOther,RoadCondition,GraphicCoord1,GraphicCoord2,LongitudeWGS84,LatitudeWGS84,quadrant,quadrant_rank
192795,11,6,,2019,3,11,4,3,5,7,0,1,1,0,0,0,0,0,"794061,1949","5818772,899","13,32703","52,43987",6020409.0,Königsberger Straße,3531.0,58.0
192796,11,7,,2019,3,13,4,3,1,7,0,0,1,0,0,0,1,0,"793645,4629","5822419,666","13,32414","52,47278",7030301.0,Friedenau,3440.0,55.0
192797,11,1,,2019,3,11,4,3,5,3,0,1,1,0,0,0,0,0,"795306,8497","5826271,315","13,35195","52,50641",1011101.0,Stülerstraße,3850.0,33.0
192798,11,1,,2019,3,11,4,2,5,2,0,1,1,0,0,0,0,0,"796961,1086","5826699,89","13,37663","52,50936",1011201.0,Wilhelmstraße,4251.0,2.0
192799,11,1,,2019,3,13,4,3,5,2,0,1,1,0,0,0,0,0,"795668,9129","5829732,336","13,36034","52,53724",1022202.0,Heidestraße,4059.0,30.0
192800,11,7,,2019,3,11,4,3,5,2,0,0,1,0,1,0,0,0,"799019,8548","5814282,127","13,39576","52,39692",7070703.0,John-Locke-Straße,4518.0,52.0
192801,11,4,,2019,3,9,4,3,6,4,0,1,0,1,0,0,0,0,"793760,8617","5827072,999","13,32994","52,51444",4030621.0,Spreestadt,3552.0,52.0
192802,11,9,,2019,3,8,4,3,3,6,0,0,0,0,1,0,1,0,"810726,8885","5820929,841","13,57345","52,44998",9051901.0,Dammvorstadt,7134.0,43.0
192803,11,7,,2019,3,15,4,2,6,4,0,0,1,1,0,0,0,0,"795356,0127","5823479,369","13,35019","52,48136",7020203.0,Kaiser-Wilhelm-Platz,3843.0,36.0
192804,11,1,,2019,3,7,4,3,5,2,0,0,1,0,0,0,0,0,"796852,9193","5830641,047","13,37856","52,54475",1033203.0,Humboldthain Nordwest,4261.0,37.0
192805,11,4,,2019,3,15,4,3,2,6,0,0,1,0,0,0,1,0,"793294,4273","5827818,962","13,32374","52,52137",4030621.0,Spreestadt,3454.0,49.0
192806,11,3,,2019,3,7,4,3,5,2,0,1,1,0,0,0,0,0,"800883,1644","5833381,892","13,4403","52,5671",3030715.0,Heinersdorf,5268.0,60.0
192807,11,10,,2019,3,6,4,3,6,4,1,0,1,1,0,0,0,0,"813278,5266","5829057,579","13,61851","52,52136",10040931.0,Mahlsdorf Nord,7854.0,62.0
192808,11,5,,2019,3,15,4,3,0,2,0,0,1,0,0,0,1,0,"784846,5804","5829228,539","13,20078","52,53849",5010314.0,Carl-Schurz-Straße,1659.0,46.0
192809,11,3,,2019,3,15,3,3,5,3,0,1,1,0,0,0,0,0,"797774,0077","5832965,555","13,39419","52,56508",3040614.0,Pankow Zentrum,4567.0,50.0
192810,11,4,,2019,3,19,5,3,5,3,2,1,1,0,0,0,0,1,"792090,9226","5825310,163","13,30386","52,49953",4030726.0,Droysenstraße,3148.0,24.0
192811,11,6,,2019,3,8,3,3,5,3,0,1,0,0,0,0,1,0,"792715,0329","5821673,533","13,30983","52,46659",6010101.0,Fichtenberg,3238.0,58.0
192812,11,4,,2019,3,21,3,3,6,2,2,1,0,1,0,0,0,0,"792337,216","5824074,31","13,30639","52,48832",4051445.0,Eisenzahnstraße,3245.0,33.0
192813,11,2,,2019,3,19,3,3,5,3,2,0,1,0,0,0,1,1,"802524,2252","5827271,208","13,45887","52,51142",2050802.0,Boxhagener Platz,5452.0,39.0
192814,11,11,,2019,3,16,4,2,5,7,0,0,1,0,1,0,0,0,"804146,4714","5829812,456","13,48503","52,5333",11030619.0,Fennpfuhl Ost,5858.0,54.0
192815,11,4,,2019,3,19,3,3,2,6,2,0,1,0,0,0,0,1,"790861,2747","5824620,665","13,28519","52,494",4041134.0,Bismarckallee,2846.0,54.0
192816,11,2,,2019,3,19,3,3,5,2,2,1,1,0,0,0,0,0,"799118,3786","5826276,424","13,40794","52,50438",2010103.0,Moritzplatz,4750.0,40.0
192817,11,4,,2019,3,16,4,3,2,7,0,1,1,0,0,0,0,0,"792611,259","5827365,268","13,31331","52,51767",4030620.0,Alt-Lietzow,3353.0,38.0
192818,11,7,,2019,3,18,3,3,6,2,2,0,1,1,0,0,0,1,"796116,3313","5824097,043","13,3619","52,48649",7020203.0,Kaiser-Wilhelm-Platz,4044.0,52.0
192819,11,1,,2019,3,18,3,3,5,3,2,1,1,0,0,0,0,1,"795848,7077","5826675,736","13,36027","52,50975",1011105.0,Nördlicher Landwehrkanal,4051.0,54.0
192820,11,8,,2019,3,19,3,3,5,2,2,1,1,0,0,0,0,1,"802025,7381","5824298,294","13,44885","52,48505",8010406.0,Treptower Straße Nord,5344.0,56.0
192821,11,5,,2019,3,16,4,2,5,7,0,0,1,0,0,0,0,0,"784826,8174","5830252,302","13,20137","52,54768",5010312.0,Kurstraße,1662.0,57.0
192822,11,7,,2019,3,17,3,3,5,3,2,0,1,0,0,0,0,1,"799070,0521","5821704,455","13,40313","52,46343",7040405.0,Rathaus Tempelhof,4638.0,48.0
192823,11,7,,2019,3,18,4,3,5,2,1,1,1,0,0,0,0,0,"798388,65","5813699,983","13,38599","52,39205",7070705.0,Franziusweg/Rohrbachstraße,4317.0,65.0
192824,11,1,,2019,3,17,3,2,6,4,1,0,1,1,0,0,0,1,"796203,8335","5828205,897","13,36684","52,52327",1022206.0,Lüneburger Straße,4155.0,51.0
192825,11,8,,2019,3,16,3,2,6,7,0,0,1,1,0,0,0,0,"801713,0865","5823697,488","13,44372","52,47984",8010404.0,Rixdorf,5242.0,49.0
192826,11,2,,2019,3,20,4,3,0,1,2,1,1,0,0,0,0,0,"798458,6781","5824735,743","13,39687","52,49094",2020204.0,Urbanstraße,4546.0,40.0
192827,11,9,,2019,3,15,3,3,5,3,2,1,1,0,0,0,0,0,"813348,9456","5821562,382","13,6125","52,45416",9051701.0,Hirschgarten,7735.0,63.0
192828,11,1,,2019,3,15,3,3,3,6,0,0,1,0,1,0,0,1,"794479,5559","5826092,151","13,33963","52,50526",1011101.0,Stülerstraße,3750.0,33.0
192829,11,6,,2019,3,23,4,3,6,7,2,0,1,1,0,0,0,1,"794684,2267","5819217,976","13,33657","52,44352",6020302.0,Komponistenviertel Lankwitz,3632.0,57.0
192830,11,4,,2019,3,10,3,3,6,3,0,0,1,1,0,0,0,1,"790347,57","5827464,472","13,28012","52,51977",4020310.0,Park Ruhwald,2854.0,17.0
192831,11,10,,2019,3,12,3,2,0,3,0,0,1,0,1,0,0,1,"811461,8337","5830676,287","13,59334","52,53691",10020413.0,Gut Hellersdorf,7459.0,61.0
192832,11,6,,2019,3,12,3,2,5,2,0,0,1,0,0,1,0,0,"791226,5729","5820636,548","13,28708","52,45809",6040810.0,Dahlem,2936.0,63.0
192833,11,4,,2019,3,16,3,3,2,6,0,0,1,0,0,0,1,0,"794095,212","5826439,412","13,33429","52,50858",4030931.0,Breitscheidplatz,3651.0,62.0
192834,11,11,,2019,3,6,3,3,6,4,1,0,0,1,1,0,0,0,"803600,4629","5830227,555","13,47738","52,53732",11020515.0,Landsberger Allee,5759.0,55.0
192835,11,1,,2019,3,6,3,3,5,2,0,1,1,0,0,0,0,0,"798798,1988","5829172,914","13,40584","52,53052",1011402.0,Arkonaplatz,4657.0,9.0
192836,11,2,,2019,3,9,3,2,1,5,0,1,1,0,0,0,0,0,"798037,3036","5826555,497","13,39231","52,50748",2010102.0,Mehringplatz,4450.0,25.0
192837,11,12,,2019,3,6,3,3,0,3,0,0,1,0,1,0,0,1,"792791,1302","5837479,513","13,32487","52,60825",12302212.0,Rollbergesiedlung,3480.0,38.0
192838,11,7,,2019,3,19,3,3,0,2,2,0,1,0,0,0,1,0,"794241,9163","5822036,98","13,33256","52,46903",7030301.0,Friedenau,3639.0,45.0
192839,11,1,,2019,3,6,3,3,5,3,0,0,1,0,0,0,0,0,"797782,9293","5827352,193","13,38929","52,51476",1011203.0,Unter den Linden Süd,4453.0,15.0
192840,11,1,,2019,3,7,3,3,3,6,0,1,0,0,0,1,0,0,"795649,8481","5829746,648","13,36007","52,53738",1022103.0,Westhafen,4059.0,30.0
192841,11,3,,2019,3,19,3,2,5,3,2,1,1,0,0,0,0,0,"797412,3571","5833971,488","13,38977","52,57429",3040513.0,Schönholz,4470.0,56.0
192842,11,3,,2019,3,8,3,3,2,2,0,1,1,0,0,0,0,0,"799927,3735","5830736,112","13,42385","52,54391",3061332.0,Helmholtzplatz,4961.0,45.0
192843,11,2,,2019,3,8,3,3,5,3,0,1,1,0,0,0,0,0,"799102,428","5825207,14","13,40675","52,49481",2020204.0,Urbanstraße,4747.0,65.0
192844,11,6,,2019,3,17,3,3,0,2,0,1,1,0,0,0,0,1,"793122,9027","5817654,353","13,31229","52,43034",6020409.0,Königsberger Straße,3228.0,32.0
192845,11,3,,2019,3,19,3,3,5,3,2,0,1,0,0,0,0,0,"802185,2157","5832421,244","13,45857","52,55777",3050920.0,Weißer See,5465.0,60.0
192846,11,1,,2019,3,9,3,3,6,4,0,0,1,1,0,0,0,0,"797744,8473","5829711,43","13,39084","52,53593",1033202.0,Humboldthain Süd,4459.0,28.0
192847,11,1,,2019,3,5,5,3,0,6,2,0,1,0,1,0,0,1,"795085,2848","5831211,714","13,35308","52,55082",1044203.0,Leopoldplatz,3963.0,52.0
192848,11,1,,2019,3,9,3,3,5,2,0,1,1,0,0,0,0,0,"799648,6808","5827039,581","13,41642","52,51093",1011305.0,Heine-Viertel West,4851.0,50.0
192849,11,4,,2019,3,17,3,3,5,2,1,1,1,0,0,0,0,0,"790373,8651","5827299,193","13,28037","52,51828",4020310.0,Park Ruhwald,2854.0,17.0
192850,11,6,,2019,3,10,3,3,5,3,0,0,1,0,0,0,0,0,"792933,5835","5817745,462","13,30959","52,43126",6030610.0,Lichterfelde West,3228.0,32.0
192851,11,4,,2019,3,11,3,3,5,3,0,0,1,0,0,0,0,0,"791992,0613","5827500,99","13,30432","52,51922",4030620.0,Alt-Lietzow,3154.0,20.0
192852,11,5,,2019,3,16,3,3,5,3,0,1,1,0,0,0,0,0,"786453,0434","5831100,42","13,22602","52,55443",5030730.0,Zitadellenweg,2064.0,55.0
192853,11,4,,2019,3,11,3,3,5,2,0,1,1,0,0,0,0,0,"794040,2623","5824716,526","13,33197","52,49316",4051653.0,Prager Platz,3546.0,33.0
192854,11,4,,2019,3,18,3,3,5,3,2,1,1,0,0,0,0,1,"791493,2201","5827210,917","13,29674","52,51689",4030417.0,Schloßstraße,3053.0,54.0
192855,11,1,,2019,3,16,3,3,5,7,0,0,1,0,0,0,0,0,"798525,9738","5826770,855","13,39968","52,50914",1011204.0,Leipziger Straße,4551.0,40.0
192856,11,2,,2019,3,16,3,3,1,5,0,1,1,0,0,0,0,1,"802304,3386","5827104,549","13,45549","52,51005",2050802.0,Boxhagener Platz,5451.0,41.0
192857,11,11,,2019,3,17,3,3,5,3,0,0,1,0,0,0,0,0,"802949,9153","5829190,773","13,46687","52,52839",11030618.0,Fennpfuhl West,5557.0,49.0
192858,11,2,,2019,3,16,3,2,6,4,0,0,1,1,0,0,0,0,"797867,016","5825068,566","13,38848","52,49424",2020202.0,Rathaus Yorckstraße,4447.0,16.0
192859,11,7,,2019,3,16,3,3,5,3,0,1,1,0,0,0,0,0,"797389,141","5821873,231","13,37861","52,46586",7040403.0,Manteuffelstraße,4238.0,48.0
192860,11,1,,2019,3,9,2,3,1,5,0,1,1,0,0,0,0,0,"796736,1946","5826827,547","13,37344","52,51063",1011105.0,Nördlicher Landwehrkanal,4251.0,2.0
192861,11,1,,2019,3,17,3,3,5,3,0,1,0,0,0,1,0,0,"797843,4225","5829077,815","13,39172","52,53019",1011401.0,Invalidenstraße,4457.0,55.0
192862,11,2,,2019,3,18,2,3,2,2,2,0,1,0,0,0,0,1,"799685,1834","5824504,007","13,41467","52,48819",2020206.0,Graefekiez,4845.0,36.0
192863,11,8,,2019,3,18,5,3,5,3,2,1,1,0,0,0,0,1,"802381,5512","5824040,972","13,45384","52,48255",8010406.0,Treptower Straße Nord,5443.0,63.0
192864,11,4,,2019,3,16,2,3,6,4,0,0,1,1,0,0,0,0,"792827,8656","5824351,434","13,31384","52,49054",4051446.0,Preußenpark,3345.0,42.0
192865,11,4,,2019,3,16,2,3,2,6,1,0,1,0,0,0,0,1,"793993,6301","5824427,361","13,33103","52,49059",4051653.0,Prager Platz,3545.0,51.0
192866,11,2,,2019,3,16,2,3,5,3,0,1,1,0,0,0,0,0,"799611,2848","5824523,634","13,4136","52,4884",2020206.0,Graefekiez,4845.0,36.0
192867,11,6,,2019,3,15,2,3,2,6,0,0,1,0,0,0,0,0,"793619,4948","5820552,137","13,32212","52,45606",6010102.0,Schloßstraße,3435.0,54.0
192868,11,1,,2019,3,14,2,3,5,7,0,0,1,0,1,0,0,0,"793271,9817","5828544,641","13,32405","52,52789",1022101.0,Huttenkiez,3456.0,59.0
192869,11,5,,2019,3,14,3,3,2,6,0,0,1,0,0,0,0,0,"786448,556","5830945,616","13,22582","52,55305",5030730.0,Zitadellenweg,2064.0,55.0
192870,11,10,,2019,3,14,2,3,5,3,0,0,1,0,0,0,0,0,"807807,0029","5830769,237","13,53971","52,53982",10010310.0,Alt-Marzahn,6660.0,39.0
192871,11,6,,2019,3,12,2,3,3,6,0,1,1,0,0,0,0,1,"794242,6885","5817028,558","13,32816","52,42413",6020410.0,Oberhofer Platz,3526.0,59.0
192872,11,3,,2019,3,11,3,3,5,7,0,1,0,0,0,0,1,0,"799735,9922","5830870,747","13,42115","52,54523",3061332.0,Helmholtzplatz,4961.0,45.0
192873,11,7,,2019,3,13,2,3,5,2,0,0,1,0,0,0,1,1,"795808,6524","5816024,528","13,35024","52,41429",7060604.0,Marienfelde Süd,3823.0,52.0
192874,11,6,,2019,3,13,2,3,1,5,0,0,1,0,1,0,0,1,"792834,508","5816448,972","13,307","52,41969",6020408.0,Lichterfelde Süd,3225.0,57.0
192875,11,8,,2019,3,10,3,3,5,3,0,1,0,0,0,0,1,1,"800440,1271","5823728,065","13,42506","52,48082",8010211.0,Flughafenstraße,4943.0,45.0
192876,11,7,,2019,3,12,2,3,5,3,0,0,1,0,0,0,0,1,"797105,54","5823462,511","13,37586","52,48026",7040401.0,Neu-Tempelhof,4242.0,52.0
192877,11,4,,2019,3,12,2,3,5,3,0,0,1,0,0,0,0,1,"791479,6966","5828283,765","13,29748","52,52651",4030518.0,Tegeler Weg,3056.0,54.0
192878,11,1,,2019,3,11,2,3,1,5,0,0,1,0,1,0,0,0,"797571,4507","5831290,818","13,38971","52,55018",1033102.0,Gesundbrunnen,4463.0,27.0
192879,11,4,,2019,3,10,3,3,6,4,0,1,0,1,0,0,0,0,"794137,395","5824705,94","13,33338","52,49301",4051653.0,Prager Platz,3646.0,63.0
192880,11,4,,2019,3,9,2,3,2,6,0,0,1,0,0,0,0,1,"790214,796","5826660,659","13,27747","52,51264",4020313.0,Königin-Elisabeth-Straße,2752.0,59.0
192881,11,8,,2019,3,17,5,3,2,6,2,0,1,0,0,0,0,1,"802603,269","5823076,336","13,45622","52,47378",8010404.0,Rixdorf,5441.0,34.0
192882,11,4,,2019,3,6,2,3,3,6,0,0,1,0,0,0,0,1,"792999,8361","5826960,768","13,31866","52,51384",4030623.0,Ernst-Reuter-Platz,3352.0,26.0
192883,11,4,,2019,3,18,2,3,5,2,1,0,1,0,1,0,0,1,"792961,1267","5825687,952","13,31697","52,50245",4030930.0,George-Grosz-Platz,3349.0,12.0
192884,11,4,,2019,3,9,3,3,5,2,0,0,1,0,1,0,0,0,"794172,1556","5825317,13","13,33443","52,49847",4051448.0,Schaperstraße,3648.0,35.0
192885,11,1,,2019,3,19,2,3,5,3,2,1,1,0,0,0,0,1,"798020,6032","5826589,865","13,3921","52,50779",1011204.0,Leipziger Straße,4451.0,11.0
192886,11,9,,2019,3,19,2,3,5,3,2,1,1,0,0,0,0,1,"807874,7835","5818129,657","13,52903","52,4265",9020701.0,Adlershof West,6527.0,56.0
192887,11,2,,2019,3,8,3,2,6,2,0,0,0,1,0,1,0,0,"797945,1393","5825258,906","13,3898","52,49591",2020202.0,Rathaus Yorckstraße,4447.0,16.0
192888,11,2,,2019,3,20,2,2,5,3,2,1,1,0,0,0,0,1,"799561,8065","5824891,292","13,41321","52,49173",2020206.0,Graefekiez,4746.0,53.0
192889,11,1,,2019,3,22,2,2,5,2,2,0,1,0,0,0,0,1,"795665,74","5829739,276","13,3603","52,53731",1022202.0,Heidestraße,4059.0,30.0
192890,11,9,,2019,3,8,3,3,5,3,0,1,1,0,0,0,0,1,"802121,3644","5825068,427","13,45095","52,4919",9010101.0,Elsenstraße,5346.0,61.0
192891,11,1,,2019,3,23,2,2,6,4,2,0,1,1,0,0,0,0,"796859,435","5828863,782","13,37707","52,52881",1011301.0,Charitéviertel,4257.0,20.0
192892,11,1,,2019,3,8,3,3,5,3,0,1,1,0,0,0,0,1,"797646,8075","5826896,191","13,38688","52,51074",1011201.0,Wilhelmstraße,4451.0,11.0
192893,11,5,,2019,3,17,2,2,6,4,1,0,1,1,0,0,0,1,"784616,0214","5828841,983","13,19706","52,53515",5010314.0,Carl-Schurz-Straße,1559.0,52.0
192894,11,9,,2019,3,8,2,3,5,3,0,0,1,0,0,0,0,0,"809468,6383","5819066,285","13,55326","52,434",9020702.0,Adlershof Ost,6829.0,60.0
192895,11,2,,2019,3,0,3,3,5,3,2,0,1,0,0,0,0,1,"797809,833","5824908,594","13,3875","52,49284",2020203.0,Viktoriapark,4446.0,12.0
192896,11,11,,2019,3,17,2,2,0,1,0,1,0,0,0,0,0,1,"805209,7064","5828125,408","13,4991","52,51758",11030721.0,Rüdigerstraße,6053.0,51.0
192897,11,5,,2019,3,6,3,3,0,6,0,0,0,0,1,0,1,1,"784969,3741","5829415,118","13,20275","52,5401",5010314.0,Carl-Schurz-Straße,1660.0,30.0
192898,11,10,,2019,3,4,2,3,0,6,2,0,1,0,0,0,1,1,"813149,0614","5826930,516","13,61461","52,50237",10040933.0,Mahlsdorf Süd,7749.0,63.0
192899,11,1,,2019,3,13,2,3,0,1,0,0,0,0,1,0,0,1,"795186,3645","5831034,125","13,3544","52,54917",1044103.0,Westliche Müllerstraße,3963.0,52.0
192900,11,6,,2019,3,7,3,3,5,2,0,1,1,0,0,0,0,0,"790233,2817","5814957,489","13,26757","52,40771",6030502.0,Zehlendorf Süd,2621.0,57.0
192901,11,12,,2019,3,18,1,3,5,2,1,1,1,0,0,0,0,0,"794990,7913","5836323,183","13,35623","52,59669",12302110.0,Dannenwalder Weg,3977.0,59.0
192902,11,8,,2019,3,13,1,3,5,2,0,0,1,0,0,0,0,1,"801856,445","5821906,435","13,4442","52,46371",8020619.0,Buschkrugallee Nord,5238.0,46.0
192903,11,4,,2019,3,7,3,3,3,6,0,0,1,0,1,0,0,0,"792344,7515","5826120,703","13,3083","52,50666",4030827.0,Karl-August-Platz,3250.0,40.0
192904,11,9,,2019,3,0,1,2,1,5,2,0,1,0,0,0,0,0,"808008,877","5816742,563","13,52972","52,41399",9030901.0,Dorf Altglienicke,6523.0,59.0
192905,11,4,,2019,3,22,1,3,4,1,2,0,1,0,0,0,1,1,"790223,1405","5828157,83","13,2789","52,52606",4020310.0,Park Ruhwald,2856.0,54.0
192906,11,1,,2019,3,16,3,3,2,6,0,0,1,0,0,0,0,0,"796957,3703","5831433,892","13,3808","52,5518",1033203.0,Humboldthain Nordwest,4363.0,22.0
192907,11,3,,2019,3,18,1,3,0,6,2,0,1,0,1,0,0,1,"799180,0805","5830843,803","13,41296","52,54529",3061131.0,Falkplatz,4761.0,38.0
192908,11,3,,2019,3,8,3,3,5,2,0,1,1,0,0,0,0,1,"800131,6555","5833862,363","13,42968","52,57182",3030715.0,Heinersdorf,5069.0,51.0
192909,11,1,,2019,3,17,1,3,5,2,1,1,1,0,0,0,0,1,"800051,239","5828091,307","13,42328","52,52014",1011304.0,Karl-Marx-Allee,4954.0,49.0
192910,11,5,,2019,3,16,1,3,2,1,0,0,1,0,1,0,0,1,"783743,6279","5828681,991","13,1841","52,53417",5020625.0,Borkumer Straße,1358.0,51.0
192911,11,5,,2019,3,16,3,3,6,4,0,0,1,1,0,0,0,0,"784701,7652","5827687,064","13,19733","52,52475",5020626.0,Adamstraße,1555.0,55.0
192912,11,2,,2019,3,15,1,3,3,6,0,0,1,0,1,0,0,1,"799860,4213","5825697,363","13,41832","52,49879",2010104.0,Wassertorplatz,4848.0,3.0
192913,11,4,,2019,3,15,1,3,5,3,0,0,1,0,0,0,0,1,"788805,0654","5825931,392","13,25612","52,50685",4020208.0,Kranzallee,2450.0,60.0
192914,11,12,,2019,3,10,1,3,5,3,0,0,1,0,0,0,0,1,"792091,3586","5832945,375","13,31057","52,56798",12214422.0,Klixstraße,3268.0,42.0
192915,11,3,,2019,3,8,3,3,1,5,0,1,1,0,0,0,0,1,"798737,7957","5833132,832","13,40851","52,56605",3040614.0,Pankow Zentrum,4768.0,57.0
192916,11,6,,2019,3,4,1,2,6,4,2,0,0,1,0,0,1,1,"788960,6713","5816411,527","13,25017","52,42142",6030504.0,Teltower Damm,2325.0,54.0
192917,11,2,,2019,3,23,1,3,2,2,2,0,1,0,0,0,0,1,"800125,2433","5824422,947","13,42106","52,48722",2020206.0,Graefekiez,4945.0,47.0
192918,11,6,,2019,3,10,1,3,2,6,0,0,1,0,0,0,0,1,"793387,3496","5816216,625","13,31491","52,41731",6020411.0,Schütte-Lanz-Straße,3324.0,63.0
192919,11,3,,2019,3,16,3,3,2,6,0,1,1,0,0,0,0,0,"799346,1554","5834261,743","13,41848","52,57583",3040614.0,Pankow Zentrum,4870.0,61.0
192920,11,1,,2019,3,10,1,3,5,3,0,0,1,0,0,0,0,0,"795409,961","5830258,652","13,357","52,5421",1044202.0,Sparrplatz,3961.0,48.0
192921,11,1,,2019,3,23,1,3,9,1,2,0,1,0,0,0,0,1,"797107,9674","5831922,887","13,38346","52,5561",1044201.0,Reinickendorfer Straße,4365.0,7.0
192922,11,7,,2019,3,13,7,3,2,6,0,0,1,0,0,0,0,0,"794964,4202","5825398,172","13,34614","52,49877",7010102.0,Nollendorfplatz,3848.0,36.0
192923,11,7,,2019,3,16,3,3,2,6,0,0,1,0,0,1,0,0,"796369,7041","5819726,733","13,36174","52,44717",7040404.0,Marienhöhe,4033.0,40.0
192924,11,1,,2019,3,17,7,3,6,4,1,0,1,1,0,0,0,0,"798961,3042","5828525,637","13,40765","52,52463",1011303.0,Alexanderplatzviertel,4755.0,4.0
192925,11,3,,2019,3,16,3,3,3,6,0,0,1,0,0,0,1,0,"802763,3012","5832374,953","13,46703","52,55703",3050920.0,Weißer See,5665.0,61.0
192926,11,4,,2019,3,18,7,3,5,2,2,1,1,0,0,0,0,0,"792174,1124","5827293,184","13,30682","52,51726",4030620.0,Alt-Lietzow,3253.0,43.0
192927,11,5,,2019,3,14,7,3,5,3,0,0,1,0,0,0,0,0,"783139,7998","5826434,053","13,17331","52,51432",5020524.0,Weinmeisterhornweg,1252.0,65.0
192928,11,4,,2019,3,14,3,3,1,5,0,0,1,0,1,0,0,0,"790879,7646","5827050,138","13,28758","52,51578",4030416.0,Klausenerplatz,2953.0,57.0
192929,11,11,,2019,3,13,7,3,5,2,0,0,1,0,0,0,0,0,"802883,73","5831201,591","13,46773","52,54645",11020513.0,Orankesee,5662.0,47.0
192930,11,4,,2019,3,12,7,3,3,1,0,1,0,0,0,0,1,0,"793245,8398","5827801,771","13,32302","52,52125",4030621.0,Spreestadt,3454.0,49.0
192931,11,3,,2019,3,18,7,3,5,3,2,0,1,0,0,0,0,0,"802494,4189","5832696,476","13,46337","52,56007",3051017.0,Rennbahnstraße,5566.0,61.0
192932,11,4,,2019,3,14,3,2,5,2,0,0,1,0,1,0,0,0,"791216,058","5829730,96","13,29487","52,53963",4010101.0,Jungfernheide,3060.0,36.0
192933,11,7,,2019,3,12,7,3,6,4,0,1,0,1,0,0,0,0,"795726,978","5824016,603","13,35612","52,48598",7020203.0,Kaiser-Wilhelm-Platz,3944.0,21.0
192934,11,9,,2019,3,18,5,2,6,2,2,0,1,1,0,0,0,1,"809668,744","5819050,76","13,55618","52,43374",9020702.0,Adlershof Ost,6929.0,62.0
192935,11,2,,2019,3,12,7,3,5,7,0,0,1,0,0,0,0,0,"800778,3025","5828423,489","13,43426","52,52272",2040502.0,Friedenstraße,5155.0,43.0
192936,11,1,,2019,3,6,7,3,2,6,2,0,1,0,0,0,1,1,"795218,8942","5829333,622","13,35337","52,53391",1022201.0,Stephankiez,3958.0,60.0
192937,11,1,,2019,3,19,7,3,2,2,2,0,1,0,0,0,0,0,"797180,9336","5827188,066","13,38029","52,51361",1011201.0,Wilhelmstraße,4352.0,37.0
192938,11,12,,2019,3,14,3,3,5,3,0,0,1,0,0,0,0,0,"794831,4543","5833499,647","13,35138","52,57147",12103218.0,Teichstraße,3869.0,63.0
192939,11,8,,2019,3,19,7,2,6,7,2,1,0,1,0,0,0,0,"805777,9561","5817112,593","13,49736","52,41856",8041037.0,Alt-Rudow,6024.0,50.0
192940,11,1,,2019,3,18,5,3,5,2,1,1,1,0,0,0,0,1,"796963,9548","5830140,609","13,37974","52,5402",1033202.0,Humboldthain Süd,4360.0,52.0
192941,11,5,,2019,3,18,7,2,1,1,2,0,1,0,0,0,0,0,"782330,8149","5827312,483","13,16216","52,52262",5020523.0,Maulbeerallee,1055.0,59.0
192942,11,3,,2019,3,1,7,3,5,5,2,0,1,0,0,0,0,0,"799342,9889","5829458,284","13,4141","52,53278",3071537.0,Kollwitzplatz,4858.0,57.0
192943,11,4,,2019,3,18,2,3,6,2,1,0,1,1,0,0,0,0,"792914,2762","5824363,081","13,31512","52,4906",4051446.0,Preußenpark,3345.0,42.0
192944,11,11,,2019,3,1,7,3,0,1,2,1,0,0,0,0,0,0,"806980,5867","5823416,997","13,52078","52,47439",11051332.0,Karlshorst Süd,6341.0,65.0
192945,11,2,,2019,3,15,6,2,5,2,0,1,1,0,0,0,0,0,"802110,0106","5827355,439","13,45286","52,51241",2050802.0,Boxhagener Platz,5352.0,35.0
192946,11,3,,2019,3,14,2,3,2,6,0,0,1,0,0,0,0,1,"799663,2174","5833724,552","13,42266","52,57085",3040818.0,Pankow Süd,4969.0,65.0
192947,11,1,,2019,3,17,6,3,2,2,1,0,1,0,0,0,0,0,"796974,4818","5826706,322","13,37683","52,50941",1011201.0,Wilhelmstraße,4251.0,2.0
192948,11,8,,2019,3,17,6,3,6,4,0,1,0,1,0,0,0,0,"802238,0143","5819101,448","13,44726","52,43835",8020622.0,Parchimer Allee,5330.0,56.0
192949,11,2,,2019,3,16,6,3,2,3,0,1,0,0,0,0,1,0,"799574,8006","5825635,107","13,41407","52,49839",2010104.0,Wassertorplatz,4848.0,3.0
192950,11,2,,2019,3,19,2,3,6,2,2,0,1,1,0,0,0,1,"798707,835","5824709,015","13,4005","52,49056",2020204.0,Urbanstraße,4645.0,45.0
192951,11,3,,2019,3,13,6,3,6,3,0,0,1,1,0,0,0,0,"798971,9462","5835025,925","13,41366","52,58289",3040614.0,Pankow Zentrum,4872.0,61.0
192952,11,4,,2019,3,12,2,3,6,2,0,0,1,1,0,0,0,0,"789727,1188","5826409,311","13,27009","52,51064",4020311.0,Reichsstraße,2651.0,45.0
192953,11,4,,2019,3,14,6,3,2,2,0,0,0,0,0,0,1,0,"793981,8524","5826162,257","13,33238","52,50615",4030931.0,Breitscheidplatz,3550.0,28.0
192954,11,5,,2019,3,14,6,2,5,3,0,1,0,0,1,0,0,0,"784517,7478","5827998,304","13,19489","52,52763",5020626.0,Adamstraße,1556.0,46.0
192955,11,6,,2019,3,12,2,3,5,7,0,0,1,0,1,0,0,1,"793478,6011","5820180,581","13,31973","52,4528",6010207.0,Mittelstraße,3434.0,57.0