ObjectID,State,District,LOR_ab_2021,AccidentYear,AccidentMonth,AccidentHour,DayOfWeek,AccidentCategory,AccidentType,AccidentTypeDetail,LightingCondition,InvolvingBike,InvolvingCar,InvolvingPedestrian,InvolvingMotorcycle,InvolvingHGV,InvolvingOther,RoadCondition,GraphicCoord1,GraphicCoord2,LongitudeWGS84,LatitudeWGS84,quadrant,quadrant_rank
193116,11,4,,2019,3,13,5,3,2,7,0,1,1,0,0,0,0,0,"793510,7364","5825408,356","13,3248","52,49965",4051448.0,Schaperstraße,3448.0,49.0
193117,11,7,,2019,3,12,6,3,2,6,0,0,1,0,0,0,0,0,"798943,9801","5819534,615","13,39934","52,44405",7050503.0,Eisenacher Straße,4532.0,63.0
193118,11,6,,2019,3,21,4,3,6,2,2,0,1,1,0,0,0,1,"794752,4149","5821232,981","13,33935","52,46155",6010209.0,Feuerbachstraße,3737.0,55.0
193119,11,7,,2019,3,13,5,3,2,6,0,0,1,0,1,0,0,0,"796074,1811","5815946,284","13,35406","52,41344",7060604.0,Marienfelde Süd,3923.0,60.0
193120,11,3,,2019,3,11,5,3,5,3,0,0,1,0,0,0,0,0,"798741,9117","5834923,985","13,41019","52,5821",3040614.0,Pankow Zentrum,4772.0,55.0
193121,11,8,,2019,3,9,5,3,6,4,0,0,0,1,1,0,0,0,"800984,7939","5824783,452","13,43401","52,48998",8010301.0,Reuterkiez,5145.0,46.0
193122,11,5,,2019,3,14,5,3,0,1,0,0,1,0,0,0,1,0,"787378,13","5829830,497","13,23853","52,54256",5030731.0,Gartenfelder Straße,2261.0,57.0
193123,11,5,,2019,3,8,4,3,5,2,0,0,1,0,0,0,0,0,"788032,5992","5829370,155","13,24775","52,53809",5030731.0,Gartenfelder Straße,2359.0,44.0
193124,11,9,,2019,3,14,5,3,0,3,0,0,1,0,1,0,0,0,"805816,133","5819649,282","13,50024","52,44128",9010401.0,Johannisthal West,6031.0,65.0
193125,11,9,,2019,3,18,4,3,3,6,2,0,1,0,1,0,0,0,"809647,1694","5821484,074","13,55812","52,45556",9051901.0,Dammvorstadt,6935.0,43.0
193126,11,5,,2019,3,14,5,3,5,3,0,1,0,0,0,0,1,0,"780311,7375","5827868,741","13,13295","52,52865",5020521.0,Döberitzer Weg,657.0,63.0
193127,11,4,,2019,3,13,5,3,1,5,0,1,0,0,0,0,1,0,"790871,5992","5827395,189","13,28777","52,51887",4030415.0,Schloßgarten,2954.0,41.0
193128,11,9,,2019,3,17,4,3,0,5,0,1,1,0,0,0,0,0,"811007,3658","5817935,386","13,57477","52,42299",9031101.0,Grünau,7226.0,60.0
193129,11,4,,2019,3,13,5,2,2,6,0,1,0,0,0,1,0,0,"790700,3246","5825995,321","13,28403","52,50641",4030724.0,Lietzensee,2850.0,46.0
193130,11,6,,2019,3,9,5,3,5,3,0,0,1,0,0,0,0,0,"791192,479","5816013,718","13,28255","52,41667",6030608.0,Schweizer Viertel,2824.0,63.0
193131,11,4,,2019,3,17,6,3,5,3,0,0,1,0,0,0,0,0,"790179,5454","5829491,523","13,27942","52,53804",4010101.0,Jungfernheide,2859.0,65.0
193132,11,11,,2019,3,6,4,3,2,6,0,1,1,0,0,0,0,0,"804666,6981","5825590,576","13,48881","52,49517",11051229.0,Rummelsburg,5947.0,65.0
193133,11,1,,2019,3,8,5,3,5,3,0,1,1,0,0,0,0,0,"798685,129","5827093,38","13,40231","52,51194",1011204.0,Leipziger Straße,4652.0,24.0
193134,11,7,,2019,3,14,5,3,5,3,0,0,1,0,1,0,0,0,"795419,204","5825754,49","13,35314","52,50172",7010102.0,Nollendorfplatz,3949.0,53.0
193135,11,2,,2019,3,8,5,3,2,6,0,0,1,0,0,0,0,0,"798993,6005","5826329,37","13,40616","52,50493",2010103.0,Moritzplatz,4650.0,45.0
193136,11,1,,2019,3,17,4,3,5,2,0,1,1,0,0,0,0,0,"796569,367","5826870,404","13,37103","52,5111",1011105.0,Nördlicher Landwehrkanal,4151.0,37.0
193137,11,7,,2019,3,7,5,3,5,3,0,1,1,0,0,0,0,0,"798341,6706","5820498,241","13,39136","52,45301",7050503.0,Eisenacher Straße,4435.0,61.0
193138,11,4,,2019,3,17,4,3,2,6,0,0,1,0,0,0,0,0,"792804,928","5823237,491","13,31252","52,48057",4051551.0,Brabanter Platz,3343.0,53.0
193139,11,10,,2019,3,7,5,2,5,3,0,0,1,0,1,0,0,0,"811982,494","5826843,854","13,59739","52,50227",10040933.0,Mahlsdorf Süd,7549.0,63.0
193140,11,3,,2019,3,7,5,3,5,2,0,1,1,0,0,0,0,0,"799208,8302","5831774,33","13,41422","52,55361",3061126.0,Arnimplatz,4864.0,14.0
193141,11,8,,2019,3,5,4,3,6,2,0,0,1,1,0,0,0,0,"800164,9277","5823775,588","13,42106","52,48139",8010116.0,Wissmannstraße,4943.0,45.0
193142,11,3,,2019,3,6,5,3,5,3,1,0,1,0,0,0,0,0,"799501,2353","5837472,646","13,42367","52,60453",3020307.0,Buchholz,4979.0,60.0
193143,11,1,,2019,3,4,4,3,6,2,2,0,1,1,0,0,0,0,"797828,5425","5827059,634","13,3897","52,51211",1011203.0,Unter den Linden Süd,4452.0,21.0
193144,11,1,,2019,3,6,5,3,0,1,0,1,0,0,0,0,0,0,"794571,7245","5828744,055","13,34334","52,52898",1022104.0,Emdener Straße,3757.0,51.0
193145,11,9,,2019,3,14,4,2,0,3,0,1,0,0,0,0,1,0,"811057,2588","5815827,283","13,57355","52,40407",9031001.0,Bohnsdorf,7120.0,63.0
193146,11,12,,2019,3,16,4,3,0,6,0,0,1,0,1,0,0,1,"792114,307","5832942,979","13,31091","52,56794",12214422.0,Klixstraße,3268.0,42.0
193147,11,1,,2019,3,21,4,3,0,6,2,0,1,0,1,0,0,0,"797218,5488","5827069,214","13,38074","52,51253",1011201.0,Wilhelmstraße,4352.0,37.0
193148,11,1,,2019,3,8,4,3,1,5,0,1,0,0,0,0,1,0,"796622,1417","5830363,486","13,37492","52,54238",1033203.0,Humboldthain Nordwest,4261.0,37.0
193149,11,6,,2019,3,14,6,3,2,6,0,0,1,0,0,0,0,0,"794288,6621","5819314,413","13,33085","52,4446",6020302.0,Komponistenviertel Lankwitz,3532.0,63.0
193150,11,12,,2019,3,21,4,3,5,3,2,0,1,0,0,0,0,0,"789669,7034","5833670,082","13,27558","52,57577",12214125.0,Waldidyll/Flughafensee,2770.0,62.0
193151,11,2,,2019,3,10,3,3,6,4,0,1,0,1,0,0,0,0,"801909,4191","5828907,083","13,45132","52,52643",2050601.0,Hausburgviertel,5356.0,13.0
193152,11,8,,2019,3,18,4,3,2,6,1,0,1,0,0,0,0,0,"800648,0247","5823047,451","13,4275","52,4746",8010117.0,Schillerpromenade,5041.0,31.0
193153,11,2,,2019,3,12,3,3,5,2,0,1,0,0,0,0,1,1,"802065,394","5827160,95","13,45203","52,51069",2050802.0,Boxhagener Platz,5351.0,36.0
193154,11,9,,2019,3,18,4,3,5,3,1,1,1,0,0,0,0,0,"816780,3239","5817295,627","13,65878","52,41395",9041601.0,Müggelheim,8423.0,59.0
193155,11,3,,2019,3,18,4,3,5,3,1,1,1,0,0,0,0,0,"799245,9774","5831804,282","13,41479","52,55386",3061126.0,Arnimplatz,4864.0,14.0
193156,11,5,,2019,3,7,3,3,5,2,0,1,1,0,0,0,0,0,"784561,6761","5828220,439","13,19573","52,5296",5020625.0,Borkumer Straße,1557.0,28.0
193157,11,10,,2019,3,17,4,3,2,1,1,0,1,0,0,0,0,0,"812704,6337","5825483,593","13,60672","52,48966",10040933.0,Mahlsdorf Süd,7645.0,61.0
193158,11,1,,2019,3,17,4,3,5,2,0,1,1,0,0,0,0,0,"794595,3551","5831872,834","13,34646","52,55701",1044102.0,Schillerpark,3865.0,47.0
193159,11,4,,2019,3,8,3,3,2,6,0,0,1,0,0,0,0,0,"790158,2239","5826636,388","13,27662","52,51245",4020311.0,Reichsstraße,2752.0,59.0
193160,11,11,,2019,3,16,4,3,2,2,0,0,1,0,0,0,0,0,"803917,0038","5827989,485","13,47999","52,51709",11030721.0,Rüdigerstraße,5753.0,54.0
193161,11,11,,2019,3,16,4,3,2,2,2,0,1,0,0,0,0,0,"806869,3619","5832664,563","13,52768","52,55733",11010205.0,Falkenberg West,6565.0,55.0
193162,11,8,,2019,3,16,5,2,2,6,0,0,1,0,0,0,0,1,"801490,0561","5817329,643","13,4347","52,42289",8020727.0,Buckow Mitte,5126.0,38.0
193163,11,2,,2019,3,16,4,3,3,6,0,1,0,0,0,1,0,0,"801713,7421","5826170,011","13,44597","52,502",2040703.0,Wriezener Bahnhof/Entwicklungsgebiet,5249.0,5.0
193164,11,1,,2019,3,9,4,3,5,2,0,1,1,0,0,0,0,0,"798651,8553","5828140,245","13,40276","52,52135",1011303.0,Alexanderplatzviertel,4654.0,10.0
193165,11,12,,2019,3,20,3,2,0,7,2,0,0,0,1,0,0,1,"793370,9363","5832511,043","13,32901","52,56339",12214424.0,Scharnweberstraße,3567.0,10.0
193166,11,12,,2019,3,22,4,2,5,2,2,0,1,0,0,0,0,0,"795501,7733","5833431,344","13,36118","52,57049",12103115.0,Breitkopfbecken,4069.0,34.0
193167,11,1,,2019,3,18,4,3,9,1,2,0,0,0,0,0,1,0,"796982,4088","5830155,08","13,38003","52,54032",1033202.0,Humboldthain Süd,4360.0,52.0
193168,11,1,,2019,3,10,5,3,0,7,0,1,0,0,0,0,0,1,"798694,4","5830098,308","13,40515","52,53887",1011402.0,Arkonaplatz,4660.0,51.0
193169,11,6,,2019,3,16,4,3,2,6,0,0,1,0,0,0,0,0,"794372,2551","5819070,692","13,33186","52,44237",6020302.0,Komponistenviertel Lankwitz,3531.0,58.0
193170,11,10,,2019,3,19,3,3,5,3,2,1,1,0,0,0,0,0,"808758,7083","5831399,875","13,55428","52,54493",10010207.0,Marzahner Promenade,6861.0,54.0
193171,11,1,,2019,3,16,4,3,5,3,0,0,1,0,0,0,0,0,"793775,5002","5831867,548","13,33439","52,55741",1044101.0,Rehberge,3665.0,54.0
193172,11,2,,2019,3,18,3,3,1,5,1,1,0,0,0,0,1,0,"798507,1582","5826513,011","13,39917","52,50684",2010102.0,Mehringplatz,4550.0,26.0
193173,11,2,,2019,3,15,4,3,1,5,0,1,1,0,0,0,0,0,"801300,3939","5826160,041","13,43989","52,50214",2030302.0,Lausitzer Platz,5149.0,46.0
193174,11,12,,2019,3,15,4,3,0,7,0,0,1,0,0,0,0,0,"786992,9715","5838296,368","13,24019","52,61866",12224230.0,Heiligensee,2283.0,58.0
193175,11,3,,2019,3,15,4,2,5,3,0,0,1,0,1,0,1,0,"800111,3335","5831695,241","13,42742","52,55241",3061227.0,Humannplatz,5064.0,24.0
193176,11,1,,2019,3,16,3,3,5,2,0,0,1,0,0,0,0,0,"793554,8319","5828921,377","13,32854","52,53112",1022102.0,Beusselkiez,3557.0,60.0
193177,11,2,,2019,3,12,4,3,3,6,0,1,0,0,0,0,0,0,"801919,6916","5829035,002","13,45159","52,52757",2050601.0,Hausburgviertel,5356.0,13.0
193178,11,12,,2019,3,12,4,3,6,4,0,1,0,1,0,0,0,0,"793238,6885","5832498,917","13,32706","52,56336",12214424.0,Scharnweberstraße,3567.0,10.0
193179,11,1,,2019,3,9,6,3,0,5,0,0,1,0,0,0,0,0,"798030,5709","5827091,658","13,39269","52,51229",1011203.0,Unter den Linden Süd,4452.0,21.0
193180,11,5,,2019,3,15,3,3,2,6,0,0,1,0,0,0,0,1,"789559,4733","5829282,656","13,27013","52,53649",5030832.0,Rohrdamm,2659.0,45.0
193181,11,12,,2019,3,11,4,3,2,6,0,0,1,0,0,0,0,0,"792060,0283","5832941,959","13,31011","52,56796",12214422.0,Klixstraße,3268.0,42.0
193182,11,12,,2019,3,6,4,3,5,3,0,1,1,0,0,0,0,0,"790103,5147","5839983,093","13,28749","52,63213",12231102.0,Frohnau,2987.0,52.0
193183,11,8,,2019,3,8,5,3,5,3,0,0,1,0,0,0,0,1,"801518,0238","5817348,931","13,43512","52,42304",8020727.0,Buckow Mitte,5126.0,38.0
193184,11,11,,2019,3,6,4,3,6,4,0,0,0,1,0,0,1,0,"805338,9265","5834597,975","13,50695","52,57552",11010207.0,Wartenberg Nord,6170.0,58.0
193185,11,10,,2019,3,15,3,3,6,4,0,0,0,1,0,0,1,1,"813194,5509","5831267,146","13,61936","52,54121",10020416.0,Böhlener Straße,7860.0,60.0
193186,11,4,,2019,3,6,4,3,6,2,0,0,0,1,0,0,1,0,"793354,8764","5823070,891","13,32045","52,47878",4051551.0,Brabanter Platz,3442.0,43.0
193187,11,8,,2019,3,18,3,3,0,6,0,0,1,0,0,0,1,0,"800616,9104","5824414,871","13,42827","52,48687",8010301.0,Reuterkiez,5044.0,14.0
193188,11,3,,2019,3,7,4,3,5,3,0,1,1,0,0,0,0,0,"804186,0689","5838961,078","13,494","52,61527",3030405.0,Karow Nord,6082.0,63.0
193189,11,10,,2019,3,7,4,3,5,3,0,0,1,0,0,0,1,0,"811319,9516","5831189,873","13,59173","52,54159",10020413.0,Gut Hellersdorf,7460.0,55.0
193190,11,10,,2019,3,17,3,2,5,3,0,0,1,0,0,0,0,1,"807840,074","5829077,276","13,53863","52,52463",10010309.0,Springpfuhl,6655.0,57.0
193191,11,10,,2019,3,7,4,3,0,7,0,0,1,0,0,0,1,0,"808579,1165","5830116,792","13,55045","52,53353",10010309.0,Springpfuhl,6858.0,59.0
193192,11,7,,2019,3,19,3,3,2,2,2,0,1,0,0,0,1,0,"797258,2891","5820960,583","13,37588","52,45775",7040403.0,Manteuffelstraße,4236.0,55.0
193193,11,3,,2019,3,8,4,3,2,7,0,0,1,0,0,0,0,0,"799972,4039","5831087,45","13,42483","52,54704",3061227.0,Humannplatz,4962.0,45.0
193194,11,1,,2019,3,8,4,2,5,2,0,1,0,0,0,1,0,0,"797472,9448","5826794,385","13,38423","52,50993",1011201.0,Wilhelmstraße,4351.0,43.0
193195,11,4,,2019,3,10,4,3,3,6,0,0,1,0,0,1,0,0,"791145,0297","5829114,831","13,29329","52,53414",4010103.0,Paul-Hertz-Siedlung,3058.0,38.0
193196,11,12,,2019,3,15,3,3,5,3,0,1,1,0,0,0,0,0,"791666,943","5835558,051","13,30663","52,59163",12301204.0,Wittenau Nord,3275.0,65.0
193197,11,4,,2019,3,11,4,2,5,3,0,1,1,0,0,0,0,0,"792284,5515","5825376,637","13,30676","52,50002",4030726.0,Droysenstraße,3248.0,24.0
193198,11,8,,2019,3,7,4,3,5,3,0,1,1,0,0,0,0,0,"804393,3872","5815998,004","13,47605","52,40934",8041036.0,Zittauer Straße,5722.0,63.0
193199,11,1,,2019,3,23,6,3,0,1,2,1,0,0,0,0,0,0,"796753,567","5830731,242","13,37718","52,54561",1033203.0,Humboldthain Nordwest,4262.0,53.0
193200,11,1,,2019,3,15,3,3,0,4,0,1,0,1,0,0,0,1,"797673,9225","5827911,272","13,38819","52,51983",1011202.0,Unter den Linden Nord,4454.0,36.0
193201,11,4,,2019,3,11,4,2,0,7,0,1,0,0,0,0,0,0,"791972,9208","5827382,286","13,30394","52,51817",4030620.0,Alt-Lietzow,3154.0,20.0
193202,11,1,,2019,3,19,4,1,6,4,1,0,1,1,0,0,1,0,"796569,7024","5829846,653","13,37369","52,53778",1033203.0,Humboldthain Nordwest,4259.0,40.0
193203,11,9,,2019,3,11,5,3,5,2,0,1,0,0,0,1,0,0,"808470,0813","5819062,358","13,53862","52,43453",9020701.0,Adlershof West,6629.0,41.0
193204,11,4,,2019,3,13,3,3,1,5,0,1,1,0,0,0,1,0,"792066,01","5825835,733","13,30395","52,50425",4030726.0,Droysenstraße,3149.0,47.0
193205,11,5,,2019,3,15,3,3,6,4,0,0,1,1,0,0,0,1,"784743,3609","5827446,28","13,19774","52,52257",5020626.0,Adamstraße,1555.0,55.0
193206,11,6,,2019,3,9,3,3,5,3,0,0,1,0,1,0,0,0,"794458,5651","5821330,194","13,33512","52,46258",6010209.0,Feuerbachstraße,3637.0,59.0
193207,11,6,,2019,3,15,3,2,1,5,0,0,1,0,1,0,0,1,"795271,8455","5818360,548","13,34443","52,43552",6020303.0,Lankwitz Kirche,3729.0,56.0
193208,11,8,,2019,3,8,3,2,5,3,0,0,1,0,0,0,0,0,"803651,0589","5821882,03","13,47051","52,46249",8010510.0,Gewerbegebiet Köllnische Heide,5637.0,57.0
193209,11,3,,2019,3,7,3,3,5,2,0,1,1,0,0,0,0,0,"801915,263","5836369,608","13,4582","52,59331",3030711.0,Blankenburg,5476.0,61.0
193210,11,8,,2019,3,15,3,3,5,3,0,1,1,0,0,0,0,1,"804053,4221","5821923,049","13,47646","52,46264",8010509.0,Schulenburgpark,5737.0,63.0
193211,11,6,,2019,3,18,3,2,1,5,1,1,1,0,0,0,0,0,"784508,0861","5816918,154","13,1853","52,42829",6040701.0,Wannsee,1427.0,63.0
193212,11,1,,2019,3,19,3,3,3,6,2,0,1,0,0,0,0,0,"796769,1493","5828812,499","13,37569","52,5284",1011301.0,Charitéviertel,4257.0,20.0
193213,11,3,,2019,3,16,6,3,2,6,0,0,1,0,1,0,0,0,"800337,5384","5831570,58","13,43063","52,55117",3061228.0,Erich-Weinert-Straße,5063.0,29.0
193214,11,8,,2019,3,15,3,3,6,4,0,0,1,1,0,0,0,1,"800511,8271","5823453,694","13,42586","52,47832",8010117.0,Schillerpromenade,4942.0,18.0
193215,11,8,,2019,3,15,3,3,6,4,0,0,1,1,0,0,0,1,"801434,7689","5820279,604","13,43655","52,44936",8020622.0,Parchimer Allee,5133.0,32.0
193216,11,5,,2019,3,19,3,3,5,3,2,0,1,0,0,0,0,0,"784584,9932","5831089,472","13,19853","52,55531",5010103.0,Amorbacher Weg,1664.0,56.0
193217,11,11,,2019,3,23,3,3,5,2,2,0,1,0,0,0,1,0,"802896,9356","5831227,324","13,46795","52,54667",11020513.0,Orankesee,5662.0,47.0
193218,11,7,,2019,3,16,6,3,0,2,0,0,1,0,1,0,0,0,"795206,5449","5825600,281","13,34988","52,50045",7010102.0,Nollendorfplatz,3848.0,36.0
193219,11,1,,2019,3,15,3,3,5,3,0,0,1,0,0,0,0,1,"795188,661","5827210,532","13,35104","52,5149",1011102.0,Großer Tiergarten,3853.0,44.0
193220,11,7,,2019,3,17,3,2,0,1,0,1,0,0,0,0,0,0,"798698,6943","5819666,822","13,39586","52,44537",7050503.0,Eisenacher Straße,4532.0,63.0
193221,11,8,,2019,3,20,5,3,1,5,2,1,1,0,0,0,0,1,"800713,5673","5824367,012","13,42965","52,48639",8010301.0,Reuterkiez,5044.0,14.0
193222,11,1,,2019,3,11,3,3,1,5,0,0,1,0,0,1,0,0,"794779,4101","5831849,454","13,34914","52,5567",1044102.0,Schillerpark,3865.0,47.0
193223,11,2,,2019,3,15,3,3,2,6,0,0,1,0,0,0,0,1,"800463,8662","5828447,579","13,42967","52,52311",2040502.0,Friedenstraße,5055.0,41.0
193224,11,4,,2019,3,11,3,2,0,5,0,0,1,0,1,0,0,0,"792720,6639","5825934,638","13,31365","52,50479",4030929.0,Hindemithplatz,3350.0,22.0
193225,11,12,,2019,3,15,3,3,5,3,0,0,1,0,0,0,0,1,"795733,6904","5837042,609","13,36781","52,60274",12302109.0,Treuenbrietzener Straße,4178.0,61.0
193226,11,7,,2019,3,11,3,2,3,6,0,0,0,0,1,0,1,0,"799204,4594","5820009,838","13,40358","52,44817",7050503.0,Eisenacher Straße,4633.0,58.0
193227,11,2,,2019,3,9,3,3,0,2,0,1,0,0,0,0,1,0,"798294,7225","5824811,482","13,39453","52,4917",2020204.0,Urbanstraße,4546.0,40.0
193228,11,1,,2019,3,15,3,3,3,6,0,1,0,0,0,0,1,1,"798973,2369","5828493,056","13,4078","52,52433",1011302.0,Oranienburger Straße,4755.0,4.0
193229,11,1,,2019,3,9,3,3,6,4,0,0,1,1,0,0,0,0,"793889,3927","5830065,901","13,33447","52,5412",1044101.0,Rehberge,3660.0,50.0
193230,11,5,,2019,3,7,3,3,6,2,0,0,0,1,0,1,0,0,"785933,5814","5827990,236","13,2157","52,52682",5020627.0,Tiefwerder,1856.0,55.0
193231,11,7,,2019,3,14,6,3,5,2,0,0,1,0,0,0,0,0,"794951,6046","5825651,056","13,34618","52,50105",7010102.0,Nollendorfplatz,3849.0,22.0
193232,11,6,,2019,3,7,3,3,1,5,0,1,1,0,0,0,0,1,"794485,3376","5821467,248","13,33563","52,46379",6010209.0,Feuerbachstraße,3638.0,58.0
193233,11,6,,2019,3,9,3,3,0,5,0,0,1,0,0,0,1,0,"793969,8681","5817489,275","13,32457","52,42841",6020409.0,Königsberger Straße,3427.0,58.0
193234,11,2,,2019,3,17,3,3,3,2,0,0,1,0,1,0,0,0,"803061,3159","5825880,527","13,4655","52,49866",2050803.0,Stralauer Kiez,5548.0,37.0
193235,11,1,,2019,3,19,3,3,6,4,2,1,0,1,0,0,0,0,"799103,004","5828954,842","13,41012","52,5284",1011303.0,Alexanderplatzviertel,4757.0,11.0
193236,11,2,,2019,3,17,3,2,6,4,1,0,1,1,0,0,0,0,"800357,4339","5826061,977","13,42595","52,50178",2030302.0,Lausitzer Platz,4949.0,42.0
193237,11,8,,2019,3,16,3,3,5,2,0,0,1,0,0,0,0,0,"800759,3071","5824342,291","13,4303","52,48615",8010301.0,Reuterkiez,5044.0,14.0
193238,11,5,,2019,3,15,3,3,0,4,0,0,0,1,0,0,1,0,"784763,7764","5827180,85","13,19781","52,52017",5020626.0,Adamstraße,1554.0,46.0
193239,11,7,,2019,3,13,3,3,1,7,0,1,0,0,0,0,1,0,"797631,6798","5823907,627","13,38399","52,48396",7040401.0,Neu-Tempelhof,4344.0,28.0
193240,11,3,,2019,3,14,3,3,5,2,0,1,0,0,0,0,0,0,"798041,6415","5834786,003","13,39976","52,58125",3020209.0,Niederschönhausen,4572.0,61.0
193241,11,5,,2019,3,13,3,3,6,4,0,0,1,1,0,0,0,0,"784578,5718","5830320,116","13,19778","52,54842",5010313.0,Ackerstraße,1562.0,57.0
193242,11,2,,2019,3,21,3,3,5,2,2,1,1,0,0,0,0,0,"803552,5218","5827193,532","13,47391","52,51016",2050801.0,Traveplatz,5751.0,57.0
193243,11,8,,2019,3,13,3,3,6,2,0,0,1,1,0,0,0,0,"801029,35","5823875,612","13,43384","52,48181",8010303.0,Donaustraße,5143.0,6.0
193244,11,4,,2019,3,23,3,3,3,6,2,0,1,0,0,0,1,1,"791288,723","5830682,824","13,29678","52,54812",4010101.0,Jungfernheide,3062.0,44.0
193245,11,1,,2019,3,15,3,3,2,6,0,0,1,0,0,0,0,1,"799171,8904","5828976,076","13,41115","52,52855",1011303.0,Alexanderplatzviertel,4757.0,11.0
193246,11,8,,2019,3,12,3,3,3,6,0,0,1,0,1,0,1,1,"800764,3403","5822750,985","13,42894","52,47188",8010118.0,Silbersteinstraße,5040.0,48.0
193247,11,10,,2019,3,15,2,3,2,6,0,0,1,0,0,0,0,1,"808519,6937","5832441,41","13,55174","52,5544",10010206.0,Ringkolonnaden,6864.0,63.0
193248,11,4,,2019,3,21,5,3,6,2,2,0,1,1,0,0,0,1,"790804,6093","5827384,504","13,28677","52,51881",4030415.0,Schloßgarten,2954.0,41.0
193249,11,1,,2019,3,15,2,3,1,5,0,1,1,0,0,0,0,1,"797176,8422","5829570,542","13,38236","52,53497",1011401.0,Invalidenstraße,4358.0,45.0
193250,11,2,,2019,3,6,3,3,5,2,0,1,1,0,0,0,0,0,"797744,2439","5826093,69","13,38759","52,5035",2010101.0,Askanischer Platz,4449.0,28.0
193251,11,8,,2019,3,14,2,3,2,6,0,0,1,0,0,0,0,1,"801493,5084","5819225,629","13,43646","52,43988",8020625.0,Handwerker-Siedlung,5131.0,45.0
193252,11,9,,2019,3,7,3,3,5,3,0,1,1,0,0,0,0,0,"808595,6418","5815755,434","13,53741","52,40482",9030903.0,Kölner Viertel,6620.0,64.0
193253,11,7,,2019,3,15,2,3,2,6,0,0,1,0,0,0,0,0,"797864,1275","5818822,81","13,38286","52,43826",7050502.0,Fritz-Werner-Straße,4330.0,47.0
193254,11,7,,2019,3,15,2,3,0,2,0,0,1,0,1,0,0,1,"796048,4184","5823345,958","13,36024","52,47979",7020204.0,Schöneberger Insel,4042.0,56.0
193255,11,2,,2019,3,15,2,3,5,2,0,1,1,0,0,0,0,0,"797502,641","5824015,216","13,38219","52,485",2020203.0,Viktoriapark,4344.0,28.0
193256,11,5,,2019,3,16,2,3,2,1,0,0,1,0,0,0,0,0,"787112,9255","5829378,47","13,23424","52,53865",5030731.0,Gartenfelder Straße,2160.0,45.0
193257,11,1,,2019,3,17,2,2,5,3,1,1,0,0,0,0,0,1,"797913,2258","5828331,135","13,39208","52,52346",1011302.0,Oranienburger Straße,4455.0,27.0
193258,11,8,,2019,3,13,6,3,2,2,0,1,1,0,0,0,0,0,"801716,173","5824254,348","13,44427","52,48483",8010301.0,Reuterkiez,5244.0,47.0
193259,11,1,,2019,3,8,3,3,5,3,0,0,1,0,1,0,0,0,"799169,881","5827795,653","13,41006","52,51797",1011303.0,Alexanderplatzviertel,4753.0,44.0
193260,11,1,,2019,3,18,2,3,5,7,1,0,1,0,0,0,0,1,"794839,5041","5828303,352","13,34688","52,52488",1022204.0,Thomasiusstraße,3856.0,49.0
193261,11,7,,2019,3,18,2,3,6,2,1,0,1,1,0,0,0,1,"795229,5159","5822263,592","13,34726","52,47053",7030303.0,Grazer Platz,3840.0,51.0
193262,11,3,,2019,3,8,3,3,5,3,0,1,1,0,0,0,0,0,"800420,4385","5832299,261","13,43251","52,55765",3050923.0,Weißenseer Spitze,5065.0,44.0
193263,11,2,,2019,3,18,2,3,6,4,1,0,0,1,1,0,0,1,"800447,8684","5825898,905","13,42713","52,50027",2030302.0,Lausitzer Platz,5048.0,24.0
193264,11,11,,2019,3,18,2,3,5,3,1,1,0,0,0,0,1,1,"803619,017","5826582,501","13,47433","52,50464",11040925.0,Victoriastadt,5750.0,59.0
193265,11,12,,2019,3,9,3,3,1,5,0,1,1,0,0,0,0,0,"786169,7596","5834304,579","13,22462","52,58331",12224229.0,Konradshöhe/Tegelort,1973.0,65.0
193266,11,5,,2019,3,18,2,2,6,4,1,0,1,1,0,0,0,1,"784776,0394","5830375,875","13,20073","52,54882",5010310.0,Eckschanze,1663.0,55.0
193267,11,7,,2019,3,20,2,3,5,2,2,1,1,0,0,0,0,1,"796566,3081","5815869,989","13,36121","52,41249",7060604.0,Marienfelde Süd,4023.0,43.0
193268,11,6,,2019,3,12,5,2,1,5,0,0,1,0,0,0,1,1,"789706,856","5818413,4","13,26284","52,43897",6040807.0,Zehlendorf Eiche,2530.0,60.0
193269,11,2,,2019,3,20,2,3,5,7,2,0,1,0,0,0,0,1,"800155,1275","5825054,002","13,42207","52,49286",2020206.0,Graefekiez,4946.0,51.0
193270,11,2,,2019,3,9,3,3,5,3,0,1,1,0,0,0,0,0,"801895,8754","5825670,013","13,44819","52,49742",2030402.0,Wrangelkiez,5347.0,57.0
193271,11,9,,2019,3,20,2,3,6,4,2,0,1,1,0,0,0,1,"811395,6628","5821164,189","13,58347","52,4517",9051901.0,Dammvorstadt,7334.0,59.0
193272,11,9,,2019,3,14,3,3,5,2,0,1,1,0,0,0,0,0,"809516,3314","5818774,6","13,55369","52,43136",9020702.0,Adlershof Ost,6828.0,55.0
193273,11,1,,2019,3,22,2,3,5,2,2,1,1,0,0,0,0,1,"797161,6073","5831879,126","13,38421","52,55568",1033102.0,Gesundbrunnen,4365.0,7.0
193274,11,6,,2019,3,9,2,3,0,6,0,1,1,0,0,0,0,0,"791996,3412","5821478,858","13,29911","52,46523",6040810.0,Dahlem,3138.0,63.0
193275,11,6,,2019,3,14,3,3,5,2,0,1,1,0,0,0,0,1,"790598,4663","5815205,987","13,27314","52,40974",6030504.0,Teltower Damm,2722.0,60.0