ObjectID,State,District,LOR_ab_2021,AccidentYear,AccidentMonth,AccidentHour,DayOfWeek,AccidentCategory,AccidentType,AccidentTypeDetail,LightingCondition,InvolvingBike,InvolvingCar,InvolvingPedestrian,InvolvingMotorcycle,InvolvingHGV,InvolvingOther,RoadCondition,GraphicCoord1,GraphicCoord2,LongitudeWGS84,LatitudeWGS84,quadrant,quadrant_rank
193915,11,1,,2019,4,17,3,3,0,7,0,0,0,0,1,0,0,0,"797529,4644","5827886,581","13,38604","52,51969",1011202.0,Unter den Linden Nord,4354.0,42.0
193916,11,12,,2019,4,20,3,3,2,6,2,0,1,0,0,0,0,0,"792917,8099","5832171,397","13,32205","52,56059",12214424.0,Scharnweberstraße,3466.0,46.0
193917,11,11,,2019,4,19,3,3,5,2,1,1,1,0,0,0,0,0,"806684,9851","5826907,683","13,51966","52,50584",11040926.0,Weitlingstraße,6350.0,50.0
193918,11,2,,2019,4,10,3,3,6,4,0,1,0,1,0,0,0,0,"800276,8459","5824801,021","13,42363","52,49052",2020206.0,Graefekiez,4945.0,47.0
193919,11,12,,2019,4,18,3,3,3,6,0,0,1,0,0,0,0,0,"793537,9091","5834125,324","13,3329","52,57778",12214421.0,Reinickes Hof,3671.0,59.0
193920,11,5,,2019,4,7,3,3,2,6,0,0,1,0,0,0,0,0,"785431,5019","5829253,576","13,20941","52,53841",5010312.0,Kurstraße,1759.0,52.0
193921,11,10,,2019,4,18,3,3,4,5,0,0,1,0,1,0,0,0,"812038,1429","5830889,431","13,60201","52,53849",10020414.0,Helle Mitte,7659.0,42.0
193922,11,8,,2019,4,18,3,3,5,3,0,1,1,0,0,0,0,0,"800399,4711","5823335,403","13,42411","52,47732",8010117.0,Schillerpromenade,4942.0,18.0
193923,11,2,,2019,4,6,3,3,5,3,0,0,0,0,1,0,1,0,"801723,7065","5828129,18","13,44789","52,51956",2040503.0,Richard-Sorge-Viertel,5354.0,49.0
193924,11,7,,2019,4,18,3,3,2,6,0,0,1,0,0,0,0,0,"793952,05","5822236,749","13,32848","52,47098",7030301.0,Friedenau,3540.0,51.0
193925,11,7,,2019,4,9,3,3,5,2,0,1,1,0,0,0,0,0,"794782,3337","5825696,723","13,34373","52,50155",7010101.0,Wittenbergplatz/Viktoria-Luise-Platz,3749.0,17.0
193926,11,2,,2019,4,8,3,3,2,6,0,0,1,0,0,0,0,0,"797770,0399","5826028,043","13,38791","52,5029",2010101.0,Askanischer Platz,4449.0,28.0
193927,11,3,,2019,4,3,3,2,5,2,2,0,1,0,1,0,0,0,"802184,0535","5829413,744","13,45582","52,53081",3061430.0,Volkspark Prenzlauer Berg,5457.0,20.0
193928,11,12,,2019,4,9,3,3,0,2,0,0,1,0,0,0,1,0,"794902,641","5836310,745","13,35492","52,59663",12302110.0,Dannenwalder Weg,3976.0,55.0
193929,11,2,,2019,4,22,3,3,0,6,2,0,1,0,1,0,0,0,"800134,0131","5825397,945","13,42207","52,49595",2030401.0,Reichenberger Straße,4947.0,51.0
193930,11,8,,2019,4,21,3,3,5,2,2,1,1,0,0,0,0,0,"800622,7614","5823114,628","13,42719","52,47522",8010117.0,Schillerpromenade,5041.0,31.0
193931,11,7,,2019,4,17,3,3,1,5,0,1,1,0,0,0,0,0,"793481,9515","5822137,45","13,32149","52,47034",7030301.0,Friedenau,3440.0,55.0
193932,11,9,,2019,4,16,3,3,3,6,0,0,1,0,1,0,0,0,"806340,6309","5820990,562","13,50916","52,453",9010401.0,Johannisthal West,6235.0,41.0
193933,11,4,,2019,4,16,3,3,1,5,0,1,1,0,0,0,0,0,"794250,5038","5825274,788","13,33555","52,49805",4051448.0,Schaperstraße,3648.0,35.0
193934,11,7,,2019,4,15,3,2,4,6,0,0,1,0,0,0,0,0,"799373,3481","5819048,75","13,4052","52,43946",7050505.0,Hundsteinweg,4631.0,55.0
193935,11,6,,2019,4,14,3,3,3,6,0,0,1,0,0,1,0,0,"796241,9056","5819640,87","13,35979","52,44647",6010205.0,Südende,4033.0,40.0
193936,11,9,,2019,4,11,3,3,6,2,0,0,1,1,0,0,0,0,"809789,4637","5820505,079","13,5593","52,44671",9020802.0,Köllnische Vorstadt,6933.0,57.0
193937,11,5,,2019,4,11,3,3,2,6,0,0,1,0,0,0,0,0,"783347,7053","5827675,091","13,17742","52,52534",5020626.0,Adamstraße,1256.0,64.0
193938,11,2,,2019,4,23,3,3,0,1,2,0,0,0,1,0,0,0,"801498,2912","5825260,242","13,44198","52,49397",2030401.0,Reichenberger Straße,5246.0,59.0
193939,11,8,,2019,4,14,2,3,1,5,0,1,0,0,0,0,1,0,"800450,1554","5824498,861","13,4259","52,48772",8010301.0,Reuterkiez,4945.0,47.0
193940,11,1,,2019,4,13,4,2,6,4,0,0,1,1,0,0,0,0,"796333,491","5828573,513","13,36908","52,52649",1022206.0,Lüneburger Straße,4156.0,34.0
193941,11,4,,2019,4,8,4,3,2,6,0,0,1,0,0,0,0,0,"793312,8539","5827204,277","13,32347","52,51585",4030623.0,Ernst-Reuter-Platz,3453.0,59.0
193942,11,11,,2019,4,15,2,3,6,7,0,0,0,1,0,0,1,0,"803849,6385","5828805,57","13,47974","52,52444",11030618.0,Fennpfuhl West,5755.0,49.0
193943,11,1,,2019,4,6,2,3,5,3,0,1,1,0,0,0,0,0,"799778,4163","5826560,25","13,41789","52,50657",1011306.0,Heine-Viertel Ost,4850.0,38.0
193944,11,10,,2019,4,5,2,3,5,3,1,1,1,0,0,0,0,0,"809589,9459","5825056,92","13,5606","52,48761",10030727.0,Biesdorf Süd,6945.0,62.0
193945,11,2,,2019,4,17,2,3,1,5,0,1,0,0,0,0,1,0,"798045,2317","5824557,288","13,39064","52,48956",2020205.0,Chamissokiez,4445.0,43.0
193946,11,4,,2019,4,18,2,3,5,2,0,0,1,0,1,0,0,0,"794229,6395","5825408,59","13,33536","52,49926",4051448.0,Schaperstraße,3648.0,35.0
193947,11,2,,2019,4,19,2,3,2,6,0,1,1,0,0,0,0,0,"798328,9671","5825315,109","13,39548","52,4962",2020204.0,Urbanstraße,4547.0,11.0
193948,11,9,,2019,4,19,2,3,6,2,0,0,1,1,0,0,0,0,"805024,4499","5822715,671","13,49143","52,4692",9010301.0,Baumschulenstraße,5939.0,38.0
193949,11,3,,2019,4,18,2,3,5,3,0,1,1,0,0,0,0,0,"797412,9109","5833971,188","13,38978","52,57429",3040513.0,Schönholz,4470.0,56.0
193950,11,8,,2019,4,18,2,2,6,4,0,0,1,1,0,0,0,0,"802478,7077","5817003,17","13,4489","52,41941",8020728.0,Buckow Ost,5325.0,63.0
193951,11,8,,2019,4,16,2,3,5,2,0,1,1,0,0,0,0,0,"802537,8709","5820721,881","13,45313","52,45271",8020619.0,Buschkrugallee Nord,5334.0,54.0
193952,11,8,,2019,4,16,2,3,0,5,0,0,1,0,1,0,0,0,"800961,2436","5822392,771","13,4315","52,46856",8010213.0,Körnerpark,5039.0,34.0
193953,11,2,,2019,4,9,4,3,3,6,0,1,0,0,0,1,0,0,"801445,8618","5826052,327","13,44193","52,50109",2030302.0,Lausitzer Platz,5249.0,5.0
193954,11,8,,2019,4,14,2,3,5,3,0,1,1,0,0,0,0,0,"801463,7502","5817983,026","13,4349","52,42876",8020625.0,Handwerker-Siedlung,5127.0,55.0
193955,11,7,,2019,4,16,2,3,5,3,0,0,1,0,0,0,0,0,"793641,0081","5822508,667","13,32416","52,47358",7030301.0,Friedenau,3441.0,51.0
193956,11,5,,2019,4,15,2,3,2,6,0,0,1,0,0,0,0,0,"786182,6423","5831235,323","13,22216","52,55578",5010311.0,Eiswerder,1965.0,61.0
193957,11,1,,2019,4,15,2,3,5,2,0,0,1,0,1,0,0,0,"798870,7025","5827372,333","13,40529","52,51434",1011204.0,Leipziger Straße,4652.0,24.0
193958,11,10,,2019,4,15,2,2,6,4,0,0,0,1,0,0,1,0,"807951,3881","5829207,716","13,54038","52,52574",10010309.0,Springpfuhl,6656.0,56.0
193959,11,5,,2019,4,14,2,3,2,6,0,0,1,0,0,0,0,0,"785382,6842","5828156,014","13,20775","52,52859",5020627.0,Tiefwerder,1757.0,59.0
193960,11,9,,2019,4,13,2,3,5,3,0,0,1,0,0,0,0,0,"816503,6624","5816939,756","13,65439","52,41092",9041601.0,Müggelheim,8322.0,65.0
193961,11,7,,2019,4,12,2,3,3,6,0,0,1,0,0,0,0,0,"799398,6105","5819046,797","13,40557","52,43943",7050505.0,Hundsteinweg,4631.0,55.0
193962,11,9,,2019,4,8,2,3,5,2,0,1,1,0,0,0,0,0,"811390,6154","5820161,35","13,58247","52,44272",9041501.0,Altstadt Kietz,7331.0,39.0
193963,11,2,,2019,4,9,2,3,5,3,0,1,1,0,0,0,0,0,"797912,9552","5826214,131","13,39018","52,50449",2010102.0,Mehringplatz,4450.0,25.0
193964,11,8,,2019,4,9,2,3,2,6,0,0,1,0,0,0,0,0,"806374,5614","5817145,481","13,50614","52,41852",8041040.0,Waltersdorfer Chaussee Ost,6124.0,65.0
193965,11,9,,2019,4,11,2,3,5,3,0,1,1,0,0,0,0,0,"810804,5122","5820796,285","13,57446","52,44874",9051901.0,Dammvorstadt,7133.0,61.0
193966,11,8,,2019,4,10,2,3,5,3,0,1,1,0,0,0,0,0,"803004,6459","5819357,755","13,45874","52,44023",8040933.0,Vogelviertel Süd,5431.0,57.0
193967,11,7,,2019,4,10,2,3,5,2,0,1,1,0,0,0,0,0,"797194,799","5823674,27","13,37736","52,48211",7040401.0,Neu-Tempelhof,4243.0,50.0
193968,11,2,,2019,4,11,2,3,1,5,0,0,1,0,1,0,0,0,"798266,8975","5824589,197","13,39392","52,48973",2020205.0,Chamissokiez,4545.0,52.0
193969,11,2,,2019,4,11,2,3,0,3,0,0,1,0,0,0,1,0,"801034,0495","5825237,639","13,43514","52,49402",2030401.0,Reichenberger Straße,5146.0,51.0
193970,11,9,,2019,4,12,2,3,2,6,0,0,1,0,0,0,0,0,"807697,2892","5817812,568","13,52614","52,42376",9030901.0,Dorf Altglienicke,6426.0,51.0
193971,11,1,,2019,4,12,2,3,0,1,0,1,0,0,0,0,0,0,"798305,5458","5829373,33","13,39878","52,53259",1011401.0,Invalidenstraße,4558.0,14.0
193972,11,7,,2019,4,12,1,3,2,7,0,0,1,0,0,0,0,1,"796000,5592","5825140,378","13,36113","52,4959",7010104.0,Dennewitzplatz,4047.0,22.0
193973,11,6,,2019,4,11,1,3,5,3,0,0,1,0,0,0,0,1,"790387,4248","5817150,766","13,27173","52,42729",6030504.0,Teltower Damm,2627.0,61.0
193974,11,4,,2019,4,11,1,3,5,3,0,0,1,0,0,0,0,1,"790279,1244","5823331,291","13,27552","52,48276",4041136.0,Hagenplatz,2743.0,65.0
193975,11,3,,2019,4,11,1,3,5,3,0,0,1,0,0,0,0,1,"802868,9469","5838271,633","13,47397","52,60983",3030406.0,Alt-Karow,5780.0,50.0
193976,11,9,,2019,4,9,1,3,5,3,0,0,1,0,0,0,0,1,"802320,0702","5825532,617","13,45429","52,49595",9010101.0,Elsenstraße,5447.0,55.0
193977,11,10,,2019,4,5,1,3,1,5,1,0,1,0,0,0,1,1,"811299,889","5831631,523","13,59185","52,54556",10020412.0,Alte Hellersdorfer Straße,7462.0,45.0
193978,11,9,,2019,4,16,1,2,5,2,0,0,1,0,0,0,0,0,"812392,2855","5819585,744","13,59662","52,43699",9041301.0,Kietzer Feld/Nachtheide,7530.0,63.0
193979,11,4,,2019,4,16,1,2,5,2,0,0,1,0,1,0,0,0,"791987,7406","5825969,797","13,30292","52,5055",4030725.0,Amtsgerichtsplatz,3150.0,36.0
193980,11,5,,2019,4,20,1,3,1,5,2,1,1,0,0,0,0,0,"784579,2585","5831845,193","13,1991","52,56209",5010103.0,Amorbacher Weg,1666.0,63.0
193981,11,6,,2019,4,22,1,3,5,3,2,0,1,0,1,0,0,0,"787477,9025","5817705,235","13,22953","52,4338",6040804.0,Krumme Lanke,2029.0,63.0
193982,11,6,,2019,4,10,7,3,3,6,0,0,1,0,0,0,0,0,"792949,596","5817756,808","13,30984","52,43135",6030610.0,Lichterfelde West,3228.0,32.0
193983,11,8,,2019,4,15,7,3,3,6,0,0,1,0,0,0,0,0,"800587,1654","5824429,8","13,42785","52,48702",8010301.0,Reuterkiez,5044.0,14.0
193984,11,4,,2019,4,18,7,3,1,5,0,1,1,0,0,0,0,0,"794351,4311","5825641,876","13,33735","52,50129",4030931.0,Breitscheidplatz,3649.0,23.0
193985,11,1,,2019,4,22,7,2,5,2,2,1,1,0,0,0,0,0,"794803,999","5828308,464","13,34636","52,52495",1022204.0,Thomasiusstraße,3856.0,49.0
193986,11,1,,2019,4,19,7,3,5,2,0,1,1,0,0,0,0,0,"798964,405","5828777,155","13,40793","52,52688",1011302.0,Oranienburger Straße,4756.0,48.0
193987,11,3,,2019,4,18,7,3,5,3,0,0,1,0,0,0,0,0,"800122,6702","5830636,664","13,42663","52,54291",3071633.0,Thälmannpark,4961.0,45.0
193988,11,8,,2019,4,18,7,3,5,3,0,0,1,0,0,0,0,0,"801123,8548","5821899,348","13,43344","52,46405",8010118.0,Silbersteinstraße,5138.0,54.0
193989,11,7,,2019,4,16,7,3,6,4,0,0,1,1,0,0,0,0,"794706,3405","5822788,53","13,34004","52,47552",7030301.0,Friedenau,3741.0,61.0
193990,11,6,,2019,4,14,7,3,1,5,0,1,1,0,0,0,0,0,"794637,8698","5820070,402","13,33664","52,45119",6010206.0,Stadtpark,3634.0,50.0
193991,11,11,,2019,4,13,7,3,2,6,0,0,1,0,0,0,0,0,"806137,7213","5830159,968","13,51461","52,5353",11030720.0,Herzbergstraße,6359.0,27.0
193992,11,4,,2019,4,12,7,2,6,4,0,0,1,1,0,0,0,0,"794405,6665","5825735,866","13,33823","52,5021",4030931.0,Breitscheidplatz,3649.0,23.0
193993,11,10,,2019,4,12,7,3,2,4,0,0,1,1,0,0,0,0,"812185,7041","5830937,899","13,60422","52,53884",10020414.0,Helle Mitte,7660.0,47.0
193994,11,3,,2019,4,11,7,3,5,3,0,1,1,0,0,0,0,0,"804213,1719","5841142,405","13,49641","52,6348",3010102.0,Buch,6088.0,54.0
193995,11,1,,2019,4,10,7,2,6,4,0,0,1,1,0,0,0,0,"796414,5701","5828590,914","13,37028","52,52661",1022206.0,Lüneburger Straße,4156.0,34.0
193996,11,1,,2019,4,0,7,3,4,6,2,0,1,0,0,0,0,0,"795952,4124","5828785,827","13,36367","52,52861",1022201.0,Stephankiez,4057.0,61.0
193997,11,7,,2019,4,10,6,3,6,4,0,0,1,1,0,0,0,0,"793773,5122","5822833,089","13,32639","52,47642",7030301.0,Friedenau,3541.0,57.0
193998,11,7,,2019,4,14,6,3,5,5,0,0,1,0,0,0,0,0,"797410,3941","5820424,514","13,37763","52,45286",7040404.0,Marienhöhe,4234.0,52.0
193999,11,4,,2019,4,14,6,3,5,2,0,0,1,0,1,0,0,0,"791248,6015","5829731,165","13,29535","52,53961",4010101.0,Jungfernheide,3060.0,36.0
194000,11,5,,2019,4,11,4,3,0,2,0,0,1,0,0,0,1,0,"784837,7182","5829252,791","13,20067","52,53871",5010314.0,Carl-Schurz-Straße,1660.0,30.0
194001,11,12,,2019,4,14,6,2,5,3,0,0,1,0,1,0,0,0,"791658,3056","5834488,165","13,30556","52,58204",12304313.0,Borsigwalde,3172.0,56.0
194002,11,12,,2019,4,13,6,3,1,5,0,0,1,0,0,0,1,0,"793550,331","5832378,687","13,33153","52,56211",12214424.0,Scharnweberstraße,3566.0,39.0
194003,11,8,,2019,4,11,6,3,5,3,0,1,1,0,0,0,0,0,"801413,8011","5819158,711","13,43523","52,43932",8020625.0,Handwerker-Siedlung,5131.0,45.0
194004,11,1,,2019,4,11,6,3,5,3,0,1,1,0,0,0,0,0,"797140,9446","5831804,109","13,38383","52,55501",1033102.0,Gesundbrunnen,4364.0,39.0
194005,11,11,,2019,4,10,6,3,5,2,0,1,1,0,0,0,0,0,"803791,7288","5827706,607","13,47789","52,51462",11030721.0,Rüdigerstraße,5753.0,54.0
194006,11,4,,2019,4,9,6,3,3,6,0,0,1,0,0,0,1,0,"790227,9336","5826074,817","13,27715","52,50738",4020313.0,Königin-Elisabeth-Straße,2750.0,55.0
194007,11,3,,2019,4,8,6,3,1,5,0,1,1,0,0,0,0,0,"799699,5862","5832536,57","13,42212","52,56018",3040818.0,Pankow Süd,4966.0,57.0
194008,11,1,,2019,4,8,6,3,3,6,0,1,0,0,0,1,0,0,"797565,6405","5827415,109","13,38615","52,51544",1011203.0,Unter den Linden Süd,4353.0,37.0
194009,11,1,,2019,4,12,6,3,2,1,0,0,1,0,1,0,0,0,"795926,6537","5825636,435","13,36049","52,50039",1011103.0,Lützowstraße,4048.0,46.0
194010,11,8,,2019,4,7,6,3,5,3,0,1,1,0,0,0,0,0,"805654,693","5816444,725","13,49494","52,41265",8041038.0,Waßmannsdorfer Chaussee,6023.0,59.0
194011,11,2,,2019,4,13,6,3,2,6,0,0,1,0,0,0,1,0,"797934,4475","5824873,718","13,3893","52,49246",2020204.0,Urbanstraße,4446.0,12.0
194012,11,12,,2019,4,10,6,3,5,2,0,0,1,0,0,0,1,0,"793499,2482","5836110,987","13,33409","52,5956",12301203.0,Wittenau Süd,3676.0,38.0
194013,11,1,,2019,4,8,6,3,5,3,0,1,1,0,0,0,0,0,"797761,9341","5827442,915","13,38906","52,51558",1011203.0,Unter den Linden Süd,4453.0,15.0
194014,11,9,,2019,4,8,6,2,6,4,0,0,1,1,0,0,0,0,"811344,3951","5820154,942","13,58178","52,44269",9041501.0,Altstadt Kietz,7331.0,39.0
194015,11,9,,2019,4,23,6,3,1,5,2,0,1,0,0,0,0,0,"808835,4073","5817207,828","13,54226","52,4177",9030901.0,Dorf Altglienicke,6724.0,65.0
194016,11,8,,2019,4,21,6,3,5,3,2,0,1,0,0,0,0,0,"802382,0508","5817886,025","13,44828","52,42738",8030830.0,Gropiusstadt Süd,5327.0,45.0
194017,11,2,,2019,4,19,6,3,5,7,1,0,1,0,0,0,0,0,"799982,2198","5824731,738","13,41924","52,49006",2020206.0,Graefekiez,4845.0,36.0
194018,11,5,,2019,4,17,6,2,6,4,0,0,1,1,0,0,0,0,"784746,502","5828819,331","13,19896","52,53487",5010314.0,Carl-Schurz-Straße,1658.0,8.0
194019,11,1,,2019,4,17,6,3,0,1,0,0,1,0,0,0,0,0,"795295,4461","5826425,618","13,35191","52,5078",1011101.0,Stülerstraße,3851.0,47.0
194020,11,6,,2019,4,17,6,3,5,3,0,1,1,0,0,0,0,0,"788569,0306","5816884,689","13,24483","52,42586",6030501.0,Berlepschstraße,2227.0,64.0
194021,11,3,,2019,4,6,6,3,5,3,0,0,1,0,0,0,0,0,"802327,4945","5832978,503","13,46117","52,56269",3051017.0,Rennbahnstraße,5567.0,63.0
194022,11,5,,2019,4,3,6,2,8,1,2,0,1,0,0,0,1,0,"781590,5578","5819719,268","13,14486","52,45492",5040937.0,Kladower Damm,835.0,61.0
194023,11,9,,2019,4,9,5,3,5,3,0,1,1,0,0,0,0,0,"804134,236","5822928,372","13,47856","52,4716",9010202.0,Köpenicker Landstraße,5740.0,54.0
194024,11,4,,2019,4,9,5,3,6,2,0,0,1,1,0,0,0,0,"792199,4594","5825009,536","13,30519","52,49678",4051445.0,Eisenzahnstraße,3147.0,43.0
194025,11,1,,2019,4,19,5,2,6,4,1,0,1,1,0,0,0,0,"795461,4993","5830149,391","13,35766","52,54109",1044202.0,Sparrplatz,3960.0,55.0
194026,11,4,,2019,4,14,5,3,2,6,0,0,1,0,0,1,0,0,"790260,104","5827966,443","13,27928","52,52432",4020310.0,Park Ruhwald,2855.0,59.0
194027,11,2,,2019,4,19,5,3,5,2,0,1,1,0,0,0,0,0,"801162,3723","5825951,462","13,43767","52,50035",2030302.0,Lausitzer Platz,5148.0,51.0
194028,11,6,,2019,4,14,5,3,5,2,0,1,0,0,1,0,0,0,"789841,2436","5818778,755","13,26513","52,44217",6040807.0,Zehlendorf Eiche,2531.0,61.0
194029,11,6,,2019,4,14,5,3,5,3,0,1,1,0,0,0,0,0,"794698,7338","5816312,673","13,33422","52,41747",6020410.0,Oberhofer Platz,3624.0,62.0
194030,11,1,,2019,4,17,5,3,0,1,1,1,0,0,0,0,0,0,"793768,7328","5828135,743","13,33099","52,52396",1022106.0,Elberfelder Straße,3555.0,16.0
194031,11,1,,2019,4,13,5,3,5,3,0,1,1,0,0,0,0,0,"799299,46","5827228,221","13,41146","52,51282",1011305.0,Heine-Viertel West,4752.0,45.0
194032,11,6,,2019,4,17,5,3,5,3,0,0,1,0,1,0,1,0,"794804,1812","5819837,286","13,33887","52,44901",6010206.0,Stadtpark,3633.0,59.0
194033,11,12,,2019,4,12,5,3,5,2,0,0,1,0,0,0,1,0,"792353,143","5834071,128","13,31542","52,57793",12304313.0,Borsigwalde,3371.0,40.0
194034,11,9,,2019,4,12,5,3,5,2,0,1,1,0,0,0,0,0,"811683,2967","5819982,022","13,58659","52,44095",9041301.0,Kietzer Feld/Nachtheide,7331.0,39.0
194035,11,10,,2019,4,11,5,3,2,6,0,0,1,0,0,0,0,0,"806363,0428","5830200,092","13,51796","52,53553",10010308.0,Marzahner Chaussee,6359.0,27.0
194036,11,1,,2019,4,10,5,3,5,2,0,1,1,0,0,0,0,0,"797157,6449","5831919,5","13,38418","52,55604",1033102.0,Gesundbrunnen,4365.0,7.0
194037,11,7,,2019,4,17,5,3,0,2,0,0,1,0,0,0,1,0,"797267,3646","5821069,606","13,37611","52,45872",7040403.0,Manteuffelstraße,4236.0,55.0
194038,11,1,,2019,4,10,5,3,6,4,0,0,1,1,0,0,0,0,"797248,7368","5829765,919","13,3836","52,53669",1033202.0,Humboldthain Süd,4359.0,61.0
194039,11,12,,2019,4,9,5,3,6,4,0,0,1,1,0,0,0,0,"790524,0577","5834504,168","13,28888","52,58279",12214527.0,Alt-Tegel,2972.0,55.0
194040,11,1,,2019,4,9,5,3,3,6,0,1,1,0,0,0,0,0,"798526,5133","5828981,867","13,40167","52,52896",1011302.0,Oranienburger Straße,4657.0,9.0
194041,11,6,,2019,4,8,5,3,5,2,0,1,1,0,0,0,0,0,"795748,442","5817560,295","13,35071","52,42809",6020305.0,Gemeindepark Lankwitz,3827.0,59.0
194042,11,3,,2019,4,8,5,3,2,6,0,0,1,0,0,0,1,0,"800451,3811","5830768,969","13,43158","52,54392",3061228.0,Erich-Weinert-Straße,5061.0,55.0
194043,11,1,,2019,4,7,5,3,5,3,0,1,1,0,0,0,0,0,"795562,7539","5828294,414","13,3575","52,52441",1022205.0,Zillesiedlung,3955.0,57.0
194044,11,4,,2019,4,7,5,3,5,3,0,0,0,0,1,1,0,0,"791266,479","5823337,794","13,29002","52,48229",4041137.0,Flinsberger Platz,2943.0,55.0
194045,11,1,,2019,4,7,5,2,0,1,0,0,0,0,1,0,0,1,"798498,4585","5829055,309","13,40133","52,52963",1011302.0,Oranienburger Straße,4657.0,9.0
194046,11,7,,2019,4,20,4,3,5,2,2,1,1,0,0,0,0,0,"797851,2935","5821927,694","13,38544","52,4661",7040403.0,Manteuffelstraße,4338.0,47.0
194047,11,1,,2019,4,9,4,2,1,5,0,1,1,0,0,0,0,0,"796999,2932","5826862,98","13,37734","52,5108",1011201.0,Wilhelmstraße,4251.0,2.0
194048,11,7,,2019,4,9,5,3,0,1,0,0,0,0,1,0,0,0,"799743,7803","5819019,583","13,41061","52,43899",7050505.0,Hundsteinweg,4730.0,63.0
194049,11,1,,2019,4,16,5,2,6,4,0,0,1,1,0,0,0,0,"799578,9795","5828250,676","13,41648","52,52183",1011303.0,Alexanderplatzviertel,4855.0,25.0
194050,11,7,,2019,4,16,5,3,2,6,0,0,1,0,0,0,0,0,"799172,8788","5814186,641","13,39791","52,39598",7070703.0,John-Locke-Straße,4518.0,52.0
194051,11,11,,2019,4,15,5,3,5,2,0,0,1,0,0,0,1,0,"802920,9847","5831082,347","13,46817","52,54536",11020513.0,Orankesee,5662.0,47.0
194052,11,2,,2019,4,18,5,3,5,3,0,0,1,0,0,0,1,0,"797101,0209","5824489,488","13,37671","52,48947",2020203.0,Viktoriapark,4245.0,40.0
194053,11,9,,2019,4,16,4,3,5,2,0,1,1,0,0,0,0,0,"806236,7725","5823200,356","13,50967","52,47287",9020501.0,Oberschöneweide West,6240.0,57.0
194054,11,12,,2019,4,16,4,3,5,2,0,1,1,0,0,0,0,0,"787278,1054","5837913,642","13,24406","52,61508",12224230.0,Heiligensee,2282.0,59.0
194055,11,9,,2019,4,17,4,3,5,3,0,1,1,0,0,0,0,0,"813752,2951","5821739,998","13,61858","52,45552",9051702.0,Bölschestraße,7835.0,51.0
194056,11,7,,2019,4,18,4,3,5,2,1,1,1,0,0,0,0,0,"800941,8632","5813922,307","13,4236","52,39265",7070704.0,Nahariyastraße,4917.0,65.0
194057,11,9,,2019,4,13,4,3,1,5,0,0,1,0,0,0,0,0,"806030,0093","5819128,674","13,5029","52,43649",9010402.0,Johannisthal Ost,6130.0,56.0
194058,11,11,,2019,4,13,4,3,6,4,0,0,1,1,0,0,0,0,"803691,1843","5827487,5","13,47621","52,51271",11030824.0,Frankfurter Allee Süd,5752.0,11.0
194059,11,4,,2019,4,12,4,3,5,2,0,1,0,0,0,0,1,0,"792084,1045","5828582,497","13,30663","52,52887",4030519.0,Kaiserin-Augusta-Allee,3257.0,57.0
194060,11,2,,2019,4,12,4,3,2,6,0,0,1,0,0,0,0,0,"801565,4359","5828843,638","13,44621","52,52605",2040503.0,Richard-Sorge-Viertel,5256.0,48.0
194061,11,6,,2019,4,11,4,3,6,4,0,0,0,1,0,0,1,0,"795078,4624","5819648,181","13,34273","52,44717",6010205.0,Südende,3733.0,55.0
194062,11,3,,2019,4,20,4,3,0,6,2,1,1,0,0,0,0,0,"799026,6608","5830118,612","13,41005","52,53887",3071536.0,Teutoburger Platz,4760.0,20.0
194063,11,8,,2019,4,9,4,3,2,7,0,0,0,0,1,0,1,0,"801173,3817","5822201,529","13,43444","52,46673",8010214.0,Glasower Straße,5139.0,41.0
194064,11,9,,2019,4,9,3,3,6,7,0,0,1,1,0,0,0,0,"810986,3215","5822007,526","13,57826","52,45949",9052001.0,Köpenick Nord,7236.0,45.0
194065,11,3,,2019,4,9,3,3,6,2,0,0,1,1,0,0,0,0,"800883,5057","5831067,436","13,4382","52,54636",3061228.0,Erich-Weinert-Straße,5162.0,47.0
194066,11,4,,2019,4,14,3,3,0,3,0,1,0,0,1,0,0,0,"793246,0758","5826749,937","13,32209","52,51182",4030623.0,Ernst-Reuter-Platz,3452.0,33.0
194067,11,1,,2019,4,9,3,3,2,6,0,0,1,0,0,0,1,0,"793882,6011","5830089,62","13,3344","52,54141",1044101.0,Rehberge,3660.0,50.0
194068,11,5,,2019,4,6,3,2,5,2,0,1,0,0,0,0,1,0,"786580,051","5829222,898","13,22627","52,53753",5030730.0,Zitadellenweg,2059.0,42.0
194069,11,4,,2019,4,14,2,3,6,4,0,1,0,1,0,0,0,0,"793734,5452","5823218,344","13,32615","52,47989",4051656.0,Hildegardstraße,3542.0,38.0
194070,11,1,,2019,4,8,3,2,5,3,0,1,1,0,0,0,0,0,"796741,1578","5826914,659","13,37359","52,5114",1011105.0,Nördlicher Landwehrkanal,4252.0,53.0
194071,11,6,,2019,4,8,3,3,5,3,0,1,1,0,0,0,0,0,"792355,8168","5820952,826","13,30393","52,46032",6040810.0,Dahlem,3137.0,62.0
194072,11,4,,2019,4,8,3,3,0,2,0,1,1,0,0,0,0,0,"792851,7623","5824009,402","13,31389","52,48746",4051549.0,Rathaus Wilmersdorf,3345.0,42.0
194073,11,6,,2019,4,8,3,3,5,3,0,1,1,0,0,0,0,0,"791782,1307","5819084,061","13,29387","52,44388",6030605.0,Botanischer Garten,3032.0,48.0
194074,11,1,,2019,4,8,3,3,5,3,0,1,1,0,0,0,0,0,"797046,915","5828181,34","13,37921","52,52259",1011301.0,Charitéviertel,4255.0,45.0