ObjectID,State,District,LOR_ab_2021,AccidentYear,AccidentMonth,AccidentHour,DayOfWeek,AccidentCategory,AccidentType,AccidentTypeDetail,LightingCondition,InvolvingBike,InvolvingCar,InvolvingPedestrian,InvolvingMotorcycle,InvolvingHGV,InvolvingOther,RoadCondition,GraphicCoord1,GraphicCoord2,LongitudeWGS84,LatitudeWGS84,quadrant,quadrant_rank
194235,11,1,,2019,4,20,4,3,5,3,2,0,1,0,0,0,1,0,"793686,5861","5832251,554","13,33343","52,5609",1044101.0,Rehberge,3666.0,49.0
194236,11,4,,2019,4,5,4,3,6,2,1,1,0,1,0,0,0,0,"792875,9004","5824340,117","13,31453","52,49041",4051446.0,Preußenpark,3345.0,42.0
194237,11,2,,2019,4,20,4,3,5,3,1,1,0,0,0,0,0,0,"797956,2256","5824572,259","13,38935","52,48974",2020205.0,Chamissokiez,4445.0,43.0
194238,11,7,,2019,4,22,4,3,3,6,2,0,1,0,0,0,0,0,"795859,9075","5823156,402","13,3573","52,47819",7020204.0,Schöneberger Insel,3942.0,35.0
194239,11,1,,2019,4,21,4,3,5,7,2,0,1,0,1,0,0,0,"794737,4757","5826038,095","13,34337","52,50463",1011101.0,Stülerstraße,3750.0,33.0
194240,11,4,,2019,4,20,4,3,5,3,1,1,1,0,0,0,0,0,"792956,8541","5825541,968","13,31678","52,50114",4030930.0,George-Grosz-Platz,3349.0,12.0
194241,11,6,,2019,4,18,4,3,3,6,0,1,1,0,0,0,0,0,"791446,323","5819340,096","13,28917","52,44635",6040809.0,Thielallee,2933.0,65.0
194242,11,7,,2019,4,18,4,3,0,6,0,1,0,0,0,0,1,0,"795851,7939","5822567,074","13,35666","52,47291",7030303.0,Grazer Platz,3940.0,61.0
194243,11,5,,2019,4,17,4,3,6,7,0,0,1,1,0,0,0,0,"784859,9298","5829533,696","13,20124","52,54122",5010313.0,Ackerstraße,1660.0,30.0
194244,11,6,,2019,4,20,4,3,1,1,1,0,1,0,0,0,0,0,"790476,5668","5817557,308","13,27339","52,43089",6030503.0,Zehlendorf Mitte,2728.0,63.0
194245,11,1,,2019,4,13,4,3,0,1,0,1,0,0,0,0,0,0,"795945,711","5825827,545","13,36094","52,50209",1011103.0,Lützowstraße,4049.0,39.0
194246,11,3,,2019,4,17,4,3,1,1,0,0,1,0,1,0,0,0,"800483,2138","5836390,306","13,43714","52,59429",3020307.0,Buchholz,5176.0,64.0
194247,11,7,,2019,4,17,4,3,2,6,0,0,1,0,0,0,0,0,"798893,7152","5821134,063","13,40003","52,45841",7040405.0,Rathaus Tempelhof,4636.0,53.0
194248,11,10,,2019,4,12,4,3,2,6,0,0,1,0,1,0,0,0,"812197,9682","5830919,895","13,60438","52,53867",10020414.0,Helle Mitte,7660.0,47.0
194249,11,2,,2019,4,12,4,3,2,7,0,0,1,0,0,0,1,0,"800984,3166","5828251,911","13,43714","52,52106",2040502.0,Friedenstraße,5154.0,55.0
194250,11,11,,2019,4,16,4,3,6,4,0,0,1,1,0,0,0,0,"804578,0699","5829087,519","13,4907","52,52656",11030720.0,Herzbergstraße,5956.0,61.0
194251,11,1,,2019,4,13,4,3,1,5,0,1,1,0,0,0,0,0,"798437,707","5829159,231","13,40053","52,5306",1011401.0,Invalidenstraße,4657.0,9.0
194252,11,2,,2019,4,13,4,3,5,2,0,1,1,0,0,0,0,0,"801765,0173","5826249,193","13,44679","52,50268",2040703.0,Wriezener Bahnhof/Entwicklungsgebiet,5249.0,5.0
194253,11,5,,2019,4,13,4,3,5,2,0,0,1,0,0,0,0,0,"784662,6664","5829704,043","13,19849","52,54285",5010313.0,Ackerstraße,1661.0,51.0
194254,11,1,,2019,4,15,4,3,5,3,0,1,1,0,0,0,0,0,"798582,1308","5829513,656","13,40297","52,5337",1011402.0,Arkonaplatz,4658.0,28.0
194255,11,1,,2019,4,15,4,3,5,2,0,1,1,0,0,0,0,0,"793952,8586","5830171,198","13,3355","52,54211",1044101.0,Rehberge,3661.0,43.0
194256,11,1,,2019,4,10,4,3,5,2,0,0,1,0,0,0,1,0,"798079,604","5829993,131","13,39601","52,53827",1033201.0,Brunnenstraße,4559.0,31.0
194257,11,11,,2019,4,10,4,3,2,2,0,1,0,0,0,0,1,0,"803334,8062","5826303,637","13,4699","52,5023",11051229.0,Rummelsburg,5649.0,33.0
194258,11,1,,2019,4,10,4,3,6,2,0,1,0,1,0,0,0,0,"797079,7622","5828184,997","13,3797","52,52261",1011301.0,Charitéviertel,4355.0,53.0
194259,11,5,,2019,4,9,4,3,2,6,0,0,1,0,0,0,0,0,"784586,6278","5829180,428","13,19692","52,5382",5010314.0,Carl-Schurz-Straße,1559.0,52.0
194260,11,10,,2019,4,8,4,3,5,2,0,1,1,0,0,0,0,0,"809117,8859","5829716,913","13,558","52,52964",10030724.0,Oberfeldstraße,6957.0,63.0
194261,11,3,,2019,4,6,4,3,2,2,0,0,1,0,0,0,0,0,"799387,9321","5835264,099","13,42","52,5848",3040614.0,Pankow Zentrum,4973.0,61.0
194262,11,8,,2019,4,17,4,3,1,2,0,0,1,1,0,0,1,0,"800479,9787","5823616,033","13,42554","52,47979",8010117.0,Schillerpromenade,4942.0,18.0
194263,11,7,,2019,4,14,3,3,5,2,0,1,1,0,0,0,0,0,"798730,812","5821869,15","13,3983","52,46509",7040405.0,Rathaus Tempelhof,4538.0,53.0
194264,11,3,,2019,4,21,3,3,6,4,2,1,1,1,0,0,0,0,"800914,8682","5830713,172","13,43834","52,54316",3061228.0,Erich-Weinert-Straße,5161.0,52.0
194265,11,12,,2019,4,21,3,3,2,2,2,0,1,0,0,0,0,0,"790731,0245","5835265,945","13,29259","52,58951",12304314.0,Ziekowstraße/Freie Scholle,3074.0,65.0
194266,11,1,,2019,4,21,3,3,0,7,2,0,0,0,1,0,0,0,"797927,969","5829908,712","13,39371","52,53759",1033202.0,Humboldthain Süd,4559.0,31.0
194267,11,11,,2019,4,10,3,3,5,2,0,0,1,0,1,0,0,0,"806095,1541","5834571,353","13,51805","52,57486",11010102.0,Dorf Wartenberg,6370.0,63.0
194268,11,4,,2019,4,10,3,3,5,3,0,1,1,0,0,0,0,0,"791665,3445","5830679,34","13,30231","52,54789",4010102.0,Plötzensee,3162.0,49.0
194269,11,9,,2019,4,20,3,3,5,2,2,0,1,0,0,0,0,0,"808977,0649","5818113,376","13,54518","52,42573",9020701.0,Adlershof West,6727.0,55.0
194270,11,12,,2019,4,10,3,3,2,2,0,0,1,0,0,0,0,0,"792927,309","5837087,05","13,32653","52,60466",12302211.0,Lübarser Straße,3579.0,64.0
194271,11,5,,2019,4,12,3,3,2,6,0,0,1,0,0,0,0,0,"784789,0412","5828838,99","13,1996","52,53503",5010314.0,Carl-Schurz-Straße,1658.0,8.0
194272,11,4,,2019,4,17,3,3,5,2,0,0,1,0,1,0,0,0,"792055,444","5822456,13","13,30083","52,47396",4041342.0,Schlangenbader Straße,3141.0,61.0
194273,11,5,,2019,4,10,3,3,8,1,0,0,1,0,0,0,0,0,"782120,7773","5827991,353","13,15965","52,52882",5020417.0,Staakener Straße,1057.0,65.0
194274,11,1,,2019,4,9,3,3,5,3,0,1,1,0,0,0,0,0,"796957,4239","5826860,907","13,37672","52,5108",1011201.0,Wilhelmstraße,4251.0,2.0
194275,11,7,,2019,4,9,3,3,0,2,0,0,1,0,0,0,1,0,"795525,365","5823858,672","13,35302","52,48467",7020203.0,Kaiser-Wilhelm-Platz,3944.0,21.0
194276,11,4,,2019,4,9,3,2,5,2,0,1,1,0,0,0,0,0,"794163,004","5826986,618","13,33577","52,51344",4030621.0,Spreestadt,3652.0,54.0
194277,11,3,,2019,4,8,3,3,5,2,0,0,1,0,0,0,0,0,"800221,7068","5831191,252","13,42858","52,54783",3061228.0,Erich-Weinert-Straße,5062.0,44.0
194278,11,3,,2019,4,9,3,3,2,6,0,0,0,0,1,0,1,0,"801741,4495","5830058,95","13,4499","52,53684",3061430.0,Volkspark Prenzlauer Berg,5359.0,51.0
194279,11,4,,2019,4,9,3,3,3,6,0,0,1,0,0,0,0,0,"794171,2948","5825334,072","13,33443","52,49863",4051448.0,Schaperstraße,3648.0,35.0
194280,11,3,,2019,4,8,3,3,5,3,0,0,1,0,0,0,0,0,"801991,3283","5832821,039","13,45609","52,56146",3050919.0,Gustav-Adolf-Straße,5466.0,58.0
194281,11,5,,2019,4,8,3,2,5,2,0,0,1,0,1,0,0,0,"780081,9237","5830182,741","13,13152","52,54952",5010205.0,An der Tränke,663.0,63.0
194282,11,5,,2019,4,8,3,3,5,7,0,0,1,0,1,0,0,0,"785448,3156","5828608,739","13,2091","52,53262",5010314.0,Carl-Schurz-Straße,1758.0,63.0
194283,11,1,,2019,4,8,3,2,5,3,0,1,1,0,0,0,0,0,"796541,3588","5829874,363","13,37329","52,53804",1033203.0,Humboldthain Nordwest,4259.0,40.0
194284,11,5,,2019,4,7,3,3,5,2,0,1,0,0,0,0,1,0,"784734,2423","5828588,874","13,19858","52,53281",5020625.0,Borkumer Straße,1658.0,8.0
194285,11,9,,2019,4,6,3,3,5,3,0,1,1,0,0,0,0,0,"805715,2015","5823995,11","13,50274","52,48028",9020501.0,Oberschöneweide West,6142.0,65.0
194286,11,2,,2019,4,11,3,2,2,6,0,0,1,0,1,0,0,0,"797373,2477","5824874,809","13,38105","52,49277",2020203.0,Viktoriapark,4346.0,53.0
194287,11,4,,2019,4,11,3,3,5,2,0,1,1,0,0,0,0,0,"792600,8069","5823072,879","13,30938","52,4792",4041239.0,Stadion Wilmersdorf,3242.0,39.0
194288,11,1,,2019,4,11,3,3,5,2,0,0,1,0,0,0,0,0,"794906,5318","5828293,701","13,34786","52,52476",1022204.0,Thomasiusstraße,3855.0,43.0
194289,11,5,,2019,4,12,3,3,2,7,0,1,1,0,0,0,0,0,"781715,5641","5829145,928","13,15467","52,53938",5020417.0,Staakener Straße,960.0,65.0
194290,11,8,,2019,4,12,3,3,0,7,0,0,1,0,0,0,0,0,"801181,5049","5820594,769","13,43311","52,45232",8020620.0,Tempelhofer Weg,5034.0,59.0
194291,11,12,,2019,4,12,3,3,2,6,0,0,1,0,0,0,0,0,"792067,133","5832942,138","13,31021","52,56796",12214422.0,Klixstraße,3268.0,42.0
194292,11,9,,2019,4,13,3,3,2,6,0,0,1,0,0,0,0,0,"809338,0593","5822682,147","13,5547","52,46648",9052001.0,Köpenick Nord,6938.0,65.0
194293,11,4,,2019,4,14,3,3,0,7,0,0,1,0,0,0,1,0,"793331,818","5824306,102","13,3212","52,48986",4051550.0,Leon-Jessel-Platz,3445.0,43.0
194294,11,7,,2019,4,13,3,3,2,6,0,0,1,0,0,0,1,0,"799059,6851","5819743,743","13,40122","52,44586",7050503.0,Eisenacher Straße,4632.0,59.0
194295,11,4,,2019,4,14,3,3,1,5,0,1,1,0,0,0,0,0,"792154,185","5827256,586","13,30649","52,51694",4030622.0,Richard-Wagner-Straße,3253.0,43.0
194296,11,8,,2019,4,14,3,3,0,6,0,0,1,0,1,0,0,0,"802520,0362","5823137,956","13,45506","52,47438",8010404.0,Rixdorf,5441.0,34.0
194297,11,5,,2019,4,15,3,3,2,6,0,0,1,0,0,0,0,0,"781126,8621","5820046,881","13,13833","52,45809",5040936.0,Jägerallee,736.0,65.0
194298,11,4,,2019,4,15,3,3,6,4,0,0,1,1,0,0,0,0,"793054,1234","5825234,726","13,31794","52,49834",4051446.0,Preußenpark,3348.0,36.0
194299,11,9,,2019,4,16,3,2,5,2,0,1,1,0,0,0,0,0,"814209,9275","5821928,129","13,62547","52,45694",9051702.0,Bölschestraße,7936.0,55.0
194300,11,1,,2019,4,16,3,3,5,3,0,1,1,0,0,0,0,0,"798658,8791","5828820,445","13,40348","52,52744",1011302.0,Oranienburger Straße,4656.0,41.0
194301,11,1,,2019,4,16,3,3,5,2,0,0,1,0,1,0,0,0,"794405,322","5827596,943","13,33987","52,51879",1022207.0,Hansaviertel,3754.0,59.0
194302,11,1,,2019,4,15,2,3,2,2,0,0,1,0,0,0,0,0,"794018,7826","5830174,786","13,33647","52,5421",1044101.0,Rehberge,3661.0,43.0
194303,11,8,,2019,4,14,2,3,5,2,0,1,1,0,0,0,0,0,"804702,8475","5817818,272","13,48224","52,42549",8030831.0,Gropiusstadt Ost,5826.0,49.0
194304,11,2,,2019,4,15,2,3,2,6,0,0,1,0,0,0,0,0,"798626,4927","5826386,806","13,40081","52,50564",2010102.0,Mehringplatz,4650.0,45.0
194305,11,1,,2019,4,22,2,3,1,5,2,0,1,0,1,0,0,0,"795871,8214","5831152,289","13,36459","52,54986",1044201.0,Reinickendorfer Straße,4063.0,55.0
194306,11,4,,2019,4,19,2,3,5,7,2,0,1,0,0,0,0,0,"790398,4917","5825655,644","13,27929","52,50353",4020314.0,Messegelände,2849.0,40.0
194307,11,1,,2019,4,0,2,3,2,6,2,0,1,0,0,0,0,0,"796633,8928","5829795,261","13,37458","52,53728",1033203.0,Humboldthain Nordwest,4259.0,40.0
194308,11,11,,2019,4,23,2,3,5,3,2,0,1,0,0,0,0,0,"805479,1079","5826709,051","13,50176","52,50474",11040926.0,Weitlingstraße,6150.0,65.0
194309,11,12,,2019,4,18,2,3,6,4,0,0,1,1,0,0,0,0,"789586,8102","5834345,239","13,27495","52,58186",12214527.0,Alt-Tegel,2772.0,65.0
194310,11,10,,2019,4,18,2,3,5,2,0,0,1,0,0,0,0,0,"809288,6192","5831671,631","13,56232","52,54706",10010207.0,Marzahner Promenade,7062.0,65.0
194311,11,9,,2019,4,18,2,2,0,1,0,0,0,0,1,0,0,0,"814778,0518","5818254,595","13,63034","52,42369",9041301.0,Kietzer Feld/Nachtheide,8026.0,65.0
194312,11,3,,2019,4,16,2,2,2,6,0,1,0,0,0,0,0,0,"801655,0986","5830131,325","13,4487","52,53754",3061429.0,Greifswalder Straße,5359.0,51.0
194313,11,9,,2019,4,14,2,3,0,7,0,1,0,1,0,0,0,0,"811239,5968","5820234,022","13,58032","52,44346",9041501.0,Altstadt Kietz,7232.0,31.0
194314,11,10,,2019,4,14,2,3,5,3,0,1,0,0,0,0,0,0,"814334,1088","5830073,418","13,63498","52,52986",10040931.0,Mahlsdorf Nord,8057.0,65.0
194315,11,9,,2019,4,14,2,2,4,1,0,0,1,0,0,0,0,0,"808012,3533","5819781,715","13,53257","52,44123",9020701.0,Adlershof West,6531.0,61.0
194316,11,9,,2019,4,13,2,3,0,2,0,0,1,0,0,0,1,0,"811334,4335","5815644,977","13,57744","52,40228",9031001.0,Bohnsdorf,7220.0,63.0
194317,11,8,,2019,4,13,2,3,2,6,0,1,1,0,0,0,0,0,"802511,0942","5817956,63","13,45023","52,42794",8030830.0,Gropiusstadt Süd,5327.0,45.0
194318,11,9,,2019,4,10,2,3,5,3,0,1,1,0,0,0,0,0,"816925,2586","5817159,654","13,66078","52,41264",9041601.0,Müggelheim,8423.0,59.0
194319,11,2,,2019,4,9,2,2,5,3,0,0,1,0,1,0,0,0,"797615,8904","5825532,086","13,38521","52,49853",2020202.0,Rathaus Yorckstraße,4348.0,45.0
194320,11,9,,2019,4,10,1,2,5,3,0,0,1,0,0,0,1,0,"807941,2417","5816571,334","13,52857","52,4125",9030901.0,Dorf Altglienicke,6523.0,59.0
194321,11,4,,2019,4,18,1,3,6,4,0,1,0,1,0,0,0,0,"791240,7003","5829696,332","13,29521","52,53931",4010101.0,Jungfernheide,3060.0,36.0
194322,11,7,,2019,4,16,1,3,5,3,0,1,1,0,0,0,0,0,"797858,3473","5815725,804","13,38002","52,4105",7060604.0,Marienfelde Süd,4322.0,52.0
194323,11,8,,2019,4,16,1,3,5,3,0,0,1,0,1,0,0,0,"799853,5367","5816513,466","13,40997","52,41647",8020726.0,Buckow West,4724.0,63.0
194324,11,9,,2019,4,16,1,3,6,7,0,1,0,1,0,0,0,0,"812159,8944","5819710,566","13,59333","52,43824",9041301.0,Kietzer Feld/Nachtheide,7430.0,57.0
194325,11,2,,2019,4,15,1,3,6,7,0,1,0,1,0,0,0,0,"800565,0628","5825807,808","13,42877","52,49939",2030302.0,Lausitzer Platz,5048.0,24.0
194326,11,3,,2019,4,11,1,3,5,7,0,1,1,0,0,0,0,0,"799219,868","5831773,706","13,41438","52,5536",3061126.0,Arnimplatz,4864.0,14.0
194327,11,10,,2019,4,17,1,2,1,5,0,1,1,0,0,0,0,0,"809827,7192","5832983,341","13,57147","52,55851",10010204.0,Wuhletalstraße,7165.0,65.0
194328,11,8,,2019,4,3,1,3,1,1,2,0,1,0,0,0,1,0,"801780,8785","5822803,604","13,4439","52,47179",8010404.0,Rixdorf,5240.0,57.0
194329,11,11,,2019,4,14,1,3,0,2,0,0,0,0,0,0,1,0,"806293,0676","5834079,293","13,52051","52,57033",11010206.0,Wartenberg Süd,6369.0,61.0
194330,11,3,,2019,4,16,1,3,1,1,0,0,1,0,1,0,0,0,"799131,3766","5830269,174","13,41172","52,54017",3071536.0,Teutoburger Platz,4760.0,20.0
194331,11,11,,2019,4,7,1,3,0,1,0,1,0,0,0,0,0,0,"803822,9132","5829137,841","13,47965","52,52743",11030619.0,Fennpfuhl Ost,5756.0,56.0
194332,11,1,,2019,4,15,1,3,5,2,0,0,1,0,0,0,1,0,"796447,1721","5831945,214","13,37376","52,55666",1044201.0,Reinickendorfer Straße,4265.0,5.0
194333,11,1,,2019,4,18,1,3,0,1,0,0,0,0,1,0,0,0,"797834,3294","5830450,071","13,39282","52,5425",1033201.0,Brunnenstraße,4461.0,54.0
194334,11,5,,2019,4,3,7,1,9,1,2,0,1,0,0,1,0,0,"784381,6805","5829957,697","13,19457","52,54527",5010313.0,Ackerstraße,1561.0,61.0
194335,11,3,,2019,4,17,7,3,5,2,0,1,1,0,0,0,0,0,"796558,2255","5840101,447","13,38269","52,62971",3020203.0,Blankenfelde,4386.0,61.0
194336,11,9,,2019,4,9,7,2,1,5,0,1,1,0,0,0,0,0,"814697,5324","5820825,206","13,63158","52,44678",9051702.0,Bölschestraße,8033.0,63.0
194337,11,7,,2019,4,14,7,3,1,5,0,1,1,0,0,0,0,0,"795538,8427","5815979,416","13,34624","52,41403",7060604.0,Marienfelde Süd,3823.0,52.0
194338,11,4,,2019,4,20,7,3,1,5,1,1,1,0,0,0,0,0,"792586,5383","5826114,097","13,31184","52,50647",4030827.0,Karl-August-Platz,3250.0,40.0
194339,11,2,,2019,4,18,7,3,5,2,0,1,1,0,0,0,0,0,"799065,5907","5825613,522","13,40657","52,49847",2010104.0,Wassertorplatz,4748.0,28.0
194340,11,8,,2019,4,15,7,3,3,6,0,1,1,0,0,0,0,0,"801701,5992","5822577,47","13,44254","52,46981",8010404.0,Rixdorf,5239.0,47.0
194341,11,9,,2019,4,15,7,3,6,4,0,0,1,1,0,0,0,0,"814202,5887","5821321,026","13,62479","52,4515",9051702.0,Bölschestraße,7934.0,54.0
194342,11,5,,2019,4,13,7,3,5,2,0,0,1,0,0,0,0,0,"782366,4659","5830501,279","13,1654","52,55119",5010206.0,Gütersloher Weg,1163.0,42.0
194343,11,6,,2019,4,13,7,3,0,7,0,1,0,0,0,0,0,0,"787534,9809","5817273,121","13,23","52,42989",6030501.0,Berlepschstraße,2028.0,63.0
194344,11,2,,2019,4,12,7,3,5,2,0,0,1,0,0,0,1,0,"797751,8312","5824596,901","13,38637","52,49008",2020203.0,Viktoriapark,4445.0,43.0
194345,11,8,,2019,4,11,7,3,2,2,0,0,0,0,1,0,1,0,"801302,133","5823988,251","13,43795","52,48267",8010301.0,Reuterkiez,5143.0,6.0
194346,11,7,,2019,4,1,7,3,0,3,2,0,1,0,0,0,1,0,"799428,2881","5813175,173","13,40075","52,38678",7070703.0,John-Locke-Straße,4615.0,51.0
194347,11,8,,2019,4,7,7,2,5,3,0,0,1,0,0,0,0,0,"805536,0028","5818566,233","13,49514","52,43173",8041037.0,Alt-Rudow,6028.0,49.0
194348,11,12,,2019,4,8,7,3,5,2,0,1,1,0,0,0,0,0,"793390,7319","5832515,873","13,32931","52,56343",12214424.0,Scharnweberstraße,3567.0,10.0
194349,11,6,,2019,4,9,7,3,5,3,0,1,1,0,0,0,0,0,"795532,0335","5819966,641","13,34967","52,44978",6010205.0,Südende,3834.0,50.0
194350,11,7,,2019,4,10,7,3,2,6,0,0,1,0,0,0,0,0,"799818,5648","5813186,494","13,40648","52,38667",7070703.0,John-Locke-Straße,4615.0,51.0
194351,11,6,,2019,4,10,7,2,6,2,0,0,1,1,0,0,0,0,"793275,4515","5819096,086","13,31579","52,44319",6030609.0,Augustaplatz,3332.0,58.0
194352,11,7,,2019,4,10,7,3,2,2,0,0,1,0,0,0,0,0,"798021,4115","5819648,762","13,38591","52,44557",7050501.0,Rathausstraße,4332.0,40.0
194353,11,2,,2019,4,5,7,2,5,3,2,0,1,0,0,0,1,0,"800718,317","5827875,86","13,43289","52,51784",2040701.0,Andreasviertel,5053.0,45.0
194354,11,11,,2019,5,14,5,3,5,7,0,1,1,0,0,0,0,1,"804688,929","5828427,135","13,49173","52,52058",11030721.0,Rüdigerstraße,5954.0,61.0
194355,11,1,,2019,5,14,5,3,0,6,0,1,1,0,0,0,0,0,"797433,396","5831263,498","13,38765","52,55001",1033102.0,Gesundbrunnen,4463.0,27.0
194356,11,6,,2019,5,17,5,3,1,5,0,1,1,0,0,0,0,0,"793963,3532","5820437,767","13,32706","52,45484",6010207.0,Mittelstraße,3535.0,50.0
194357,11,9,,2019,5,12,5,3,5,3,0,1,1,0,0,0,0,0,"808809,4645","5819002,117","13,54354","52,43379",9020701.0,Adlershof West,6729.0,59.0
194358,11,6,,2019,5,17,5,3,5,3,0,0,1,0,0,0,0,0,"796519,01","5817311,25","13,36179","52,42544",6020306.0,Lankwitz Süd,4026.0,63.0
194359,11,9,,2019,5,14,5,3,5,3,0,0,1,0,1,0,0,1,"804938,7156","5820712,241","13,48834","52,45129",9010302.0,Späthsfelde,5934.0,54.0
194360,11,4,,2019,5,13,5,3,1,5,0,1,1,0,0,0,0,1,"793062,9351","5826099,304","13,31883","52,50608",4030828.0,Savignyplatz,3350.0,22.0
194361,11,2,,2019,5,17,5,3,2,6,0,1,1,0,0,0,0,0,"801492,826","5827923,972","13,44431","52,51784",2040503.0,Richard-Sorge-Viertel,5253.0,35.0
194362,11,7,,2019,5,14,5,3,5,2,0,1,1,0,0,0,0,0,"794770,9525","5825692,85","13,34356","52,50152",7010101.0,Wittenbergplatz/Viktoria-Luise-Platz,3749.0,17.0
194363,11,11,,2019,5,17,5,3,5,2,0,1,1,0,0,0,0,0,"804587,552","5826362,866","13,48835","52,50213",11040926.0,Weitlingstraße,5949.0,55.0
194364,11,3,,2019,5,16,5,3,5,3,0,1,1,0,0,0,0,0,"798133,1058","5836522,369","13,40267","52,59676",3020209.0,Niederschönhausen,4677.0,63.0
194365,11,2,,2019,5,16,5,3,0,3,0,1,1,0,0,0,0,0,"800314,7511","5827618,16","13,42673","52,51575",2040701.0,Andreasviertel,5053.0,45.0
194366,11,12,,2019,5,16,5,3,2,6,0,0,1,0,0,1,0,0,"793590,8079","5832534,444","13,33227","52,56349",12103218.0,Teichstraße,3567.0,10.0
194367,11,9,,2019,5,5,5,2,4,6,1,0,0,0,0,0,1,1,"816844,0268","5812910,541","13,65557","52,37462",9031202.0,Schmöckwitz/Rauchfangswerder,8412.0,65.0
194368,11,9,,2019,5,9,5,2,6,3,0,0,1,1,0,0,0,0,"810989,9744","5820319,478","13,57674","52,44436",9041501.0,Altstadt Kietz,7232.0,31.0
194369,11,4,,2019,5,8,5,3,3,6,0,1,1,0,0,0,0,0,"793444,5305","5823962,165","13,32255","52,48672",4051652.0,Nikolsburger Platz,3444.0,24.0
194370,11,1,,2019,5,9,5,3,5,3,0,1,0,0,0,0,1,0,"799060,4355","5829007,208","13,40954","52,52889",1011302.0,Oranienburger Straße,4757.0,11.0
194371,11,8,,2019,5,7,5,3,2,3,0,1,0,0,0,0,0,0,"802163,9174","5823362,712","13,45003","52,47659",8010404.0,Rixdorf,5341.0,41.0
194372,11,2,,2019,5,7,5,3,5,2,0,1,1,0,0,0,0,1,"796768,6885","5826034,571","13,37321","52,5035",2020201.0,Gleisdreieck/Entwicklungsgebiet,4249.0,53.0
194373,11,10,,2019,5,7,5,3,5,3,0,1,1,0,0,0,0,0,"811153,5421","5828388,181","13,58667","52,51658",10020622.0,Kaulsdorf Nord I,7353.0,59.0
194374,11,2,,2019,5,7,5,3,5,2,0,1,0,0,0,0,1,1,"801865,7288","5828983,034","13,45075","52,52713",2050601.0,Hausburgviertel,5356.0,13.0
194375,11,12,,2019,5,7,5,3,5,2,0,1,0,0,0,0,1,0,"792304,4734","5833990,785","13,31463","52,57723",12214422.0,Klixstraße,3371.0,40.0
194376,11,10,,2019,5,14,5,3,5,2,0,0,0,0,1,0,1,1,"809629,5328","5828924,246","13,56478","52,52225",10030724.0,Oberfeldstraße,7055.0,62.0
194377,11,12,,2019,5,13,5,3,5,3,0,1,1,0,0,0,0,1,"796233,2757","5833661,649","13,37214","52,57216",12103115.0,Breitkopfbecken,4169.0,60.0
194378,11,2,,2019,5,13,5,2,4,6,0,0,1,0,0,1,0,1,"802126,3503","5828462,974","13,45411","52,52232",2050601.0,Hausburgviertel,5455.0,61.0
194379,11,5,,2019,5,13,5,2,5,2,0,0,1,0,0,0,0,0,"782379,9454","5827031,936","13,16265","52,52008",5020523.0,Maulbeerallee,1054.0,55.0
194380,11,9,,2019,5,12,5,3,5,2,0,1,0,0,0,0,0,0,"811182,7153","5822107,388","13,58123","52,46028",9052001.0,Köpenick Nord,7237.0,52.0
194381,11,1,,2019,5,11,5,2,5,3,0,0,1,0,0,0,0,0,"796437,2104","5826324,14","13,3686","52,50628",1011105.0,Nördlicher Landwehrkanal,4150.0,19.0
194382,11,4,,2019,5,10,5,3,5,2,0,0,1,0,0,0,0,0,"791265,9289","5823330,345","13,29001","52,48222",4041137.0,Flinsberger Platz,2943.0,55.0
194383,11,4,,2019,5,10,5,3,6,2,0,0,1,1,0,0,0,0,"786924,4429","5825820,218","13,2284","52,50684",4020208.0,Kranzallee,2050.0,58.0
194384,11,10,,2019,5,6,4,3,5,2,0,1,1,0,0,0,0,0,"812227,8769","5830702,522","13,60462","52,5367",10020414.0,Helle Mitte,7659.0,42.0
194385,11,11,,2019,5,10,4,3,3,6,0,0,0,0,1,0,1,0,"807091,4065","5825784,744","13,52459","52,49555",11041128.0,Sewanstraße,6447.0,54.0
194386,11,3,,2019,5,13,4,3,5,2,0,1,1,0,0,0,0,0,"799544,3764","5830089,096","13,41763","52,53832",3071537.0,Kollwitzplatz,4859.0,52.0
194387,11,5,,2019,5,10,4,3,2,6,0,0,1,0,0,0,0,0,"783940,223","5823367,917","13,18245","52,48642",5040934.0,Alt-Gatow,1344.0,62.0
194388,11,7,,2019,5,20,4,3,6,4,0,0,1,1,0,0,0,0,"795431,1577","5821687,531","13,34971","52,46526",7030303.0,Grazer Platz,3838.0,59.0
194389,11,5,,2019,5,18,4,3,5,3,0,0,1,0,0,0,0,0,"780053,1994","5819443,377","13,12207","52,45323",5040936.0,Jägerallee,435.0,65.0
194390,11,2,,2019,5,8,4,3,0,6,0,1,1,0,0,0,0,0,"802842,8777","5826587,4","13,46293","52,50512",2050802.0,Boxhagener Platz,5550.0,62.0
194391,11,11,,2019,5,7,4,2,6,4,0,0,0,1,0,0,1,0,"806602,1766","5827734,549","13,5192","52,5133",11041022.0,Rosenfelder Ring,6352.0,56.0
194392,11,5,,2019,5,21,4,3,5,3,2,1,1,0,0,0,0,0,"784421,2177","5831938,433","13,19685","52,56301",5010101.0,Hakenfelde Nord,1567.0,62.0
194393,11,3,,2019,5,20,4,2,5,2,1,1,1,0,0,0,0,0,"800192,7513","5830931,051","13,42792","52,54551",3061228.0,Erich-Weinert-Straße,5062.0,44.0