ObjectID,State,District,LOR_ab_2021,AccidentYear,AccidentMonth,AccidentHour,DayOfWeek,AccidentCategory,AccidentType,AccidentTypeDetail,LightingCondition,InvolvingBike,InvolvingCar,InvolvingPedestrian,InvolvingMotorcycle,InvolvingHGV,InvolvingOther,RoadCondition,GraphicCoord1,GraphicCoord2,LongitudeWGS84,LatitudeWGS84,quadrant,quadrant_rank
194394,11,10,,2019,5,16,4,3,5,3,0,1,1,0,0,0,0,0,"812640,3779","5825270,994","13,60558","52,4878",10040933.0,Mahlsdorf Süd,7645.0,61.0
194395,11,7,,2019,5,16,4,3,5,2,0,0,1,0,1,0,0,0,"795392,1195","5820977,953","13,34851","52,45892",7030303.0,Grazer Platz,3836.0,55.0
194396,11,8,,2019,5,15,4,3,5,3,0,1,1,0,0,0,0,0,"805190,1034","5816496,393","13,48818","52,41337",8041036.0,Zittauer Straße,5923.0,63.0
194397,11,1,,2019,5,15,4,3,2,2,0,1,1,0,0,0,0,0,"799109,5983","5828466,017","13,40978","52,52402",1011303.0,Alexanderplatzviertel,4755.0,4.0
194398,11,1,,2019,5,17,4,3,2,6,0,0,1,0,0,0,0,0,"795751,8283","5828194,682","13,36019","52,52341",1022206.0,Lüneburger Straße,4055.0,49.0
194399,11,4,,2019,5,17,4,3,5,3,0,0,1,0,0,0,0,0,"790361,6202","5827321,356","13,28021","52,51848",4020310.0,Park Ruhwald,2854.0,17.0
194400,11,1,,2019,5,16,4,3,2,6,0,0,1,0,1,0,0,0,"799567,6423","5828743,121","13,41676","52,52625",1011303.0,Alexanderplatzviertel,4856.0,19.0
194401,11,4,,2019,5,16,4,3,2,6,0,0,1,0,0,0,0,0,"792839,8313","5825503,3","13,31503","52,50086",4030930.0,George-Grosz-Platz,3348.0,36.0
194402,11,6,,2019,5,16,4,3,0,1,0,1,0,0,0,0,0,0,"789182,8873","5818567,649","13,25529","52,44063",6040805.0,Fischerhüttenstraße,2431.0,64.0
194403,11,7,,2019,5,15,4,3,2,6,0,0,1,0,0,0,0,0,"795437,6871","5821007,018","13,3492","52,45915",7030303.0,Grazer Platz,3836.0,55.0
194404,11,7,,2019,5,14,4,3,3,6,0,0,1,0,1,0,0,0,"797323,5431","5821806,776","13,37759","52,4653",7040403.0,Manteuffelstraße,4238.0,48.0
194405,11,5,,2019,5,7,4,2,5,3,0,1,1,0,0,0,0,0,"785933,2119","5831674,059","13,21887","52,55985",5010101.0,Hakenfelde Nord,1966.0,59.0
194406,11,2,,2019,5,13,4,3,0,2,0,1,0,0,0,0,1,0,"797034,962","5825879,766","13,37698","52,50197",2010101.0,Askanischer Platz,4249.0,53.0
194407,11,2,,2019,5,15,4,2,0,1,0,0,0,0,1,0,0,0,"803360,7658","5826703,563","13,47064","52,50587",2050801.0,Traveplatz,5650.0,43.0
194408,11,4,,2019,5,14,4,3,2,6,0,0,1,0,0,0,0,0,"791220,753","5830669,205","13,29577","52,54804",4010101.0,Jungfernheide,3062.0,44.0
194409,11,1,,2019,5,13,4,2,5,2,0,0,1,0,1,0,0,0,"794524,6174","5831566,174","13,34514","52,5543",1044101.0,Rehberge,3764.0,45.0
194410,11,9,,2019,5,13,4,3,2,6,0,0,1,0,0,0,0,0,"812118,4446","5819731,742","13,59274","52,43845",9041301.0,Kietzer Feld/Nachtheide,7430.0,57.0
194411,11,6,,2019,5,12,4,3,6,7,0,0,1,1,0,0,0,0,"789932,1301","5817661,168","13,2655","52,43211",6030503.0,Zehlendorf Mitte,2628.0,59.0
194412,11,8,,2019,5,12,4,3,6,7,0,0,1,1,0,0,0,0,"805724,102","5816948,163","13,49642","52,41712",8041037.0,Alt-Rudow,6024.0,50.0
194413,11,1,,2019,5,11,4,3,2,6,0,0,1,0,0,0,0,0,"799208,301","5828464,611","13,41123","52,52395",1011303.0,Alexanderplatzviertel,4755.0,4.0
194414,11,8,,2019,5,11,4,3,5,2,0,1,1,0,0,0,0,0,"801242,3411","5822469,041","13,4357","52,46909",8010213.0,Körnerpark,5139.0,41.0
194415,11,1,,2019,5,9,4,3,5,2,0,0,1,0,1,0,0,0,"798311,9975","5826963,785","13,39671","52,51099",1011204.0,Leipziger Straße,4551.0,40.0
194416,11,1,,2019,5,9,4,3,5,3,0,1,1,0,0,0,0,0,"796971,925","5830138,085","13,37986","52,54017",1033202.0,Humboldthain Süd,4360.0,52.0
194417,11,2,,2019,5,9,4,3,5,2,0,0,1,0,1,0,0,0,"801945,254","5825652,14","13,4489","52,49723",2030402.0,Wrangelkiez,5347.0,57.0
194418,11,8,,2019,5,9,4,3,0,1,0,0,0,0,1,0,0,0,"803825,4356","5822133,277","13,4733","52,46465",8010509.0,Schulenburgpark,5638.0,53.0
194419,11,4,,2019,5,9,4,2,2,6,0,0,1,0,0,0,0,0,"790856,9311","5824316,495","13,28486","52,49128",4041134.0,Bismarckallee,2846.0,54.0
194420,11,5,,2019,5,9,4,3,5,3,0,0,1,0,0,0,0,0,"783412,2115","5828627,715","13,17918","52,53385",5020417.0,Staakener Straße,1358.0,51.0
194421,11,9,,2019,5,9,4,3,5,3,0,0,1,0,0,0,0,0,"807416,0147","5818311,215","13,52247","52,42839",9020701.0,Adlershof West,6427.0,48.0
194422,11,3,,2019,5,8,4,3,2,2,0,0,1,0,0,0,0,0,"800276,0341","5831757,379","13,4299","52,55288",3040818.0,Pankow Süd,5064.0,24.0
194423,11,2,,2019,5,8,4,3,5,2,0,1,1,0,0,0,0,0,"800426,7408","5827979,713","13,4287","52,51893",2040701.0,Andreasviertel,5054.0,36.0
194424,11,11,,2019,5,8,4,3,0,2,0,0,0,0,0,1,1,0,"802985,7456","5830861,267","13,46892","52,54334",11020513.0,Orankesee,5661.0,61.0
194425,11,4,,2019,5,7,4,3,0,5,0,1,1,0,0,0,0,0,"793543,0094","5826368,36","13,32612","52,50824",4030828.0,Savignyplatz,3551.0,40.0
194426,11,1,,2019,5,6,4,3,5,2,0,0,1,0,1,0,0,0,"796305,05","5828920,954","13,36897","52,52962",1022202.0,Heidestraße,4157.0,57.0
194427,11,4,,2019,5,8,3,3,0,6,0,0,1,0,0,0,0,0,"789148,2701","5826072,509","13,26129","52,50793",4020311.0,Reichsstraße,2551.0,50.0
194428,11,1,,2019,5,19,3,3,0,3,0,0,1,0,1,0,0,0,"795314,6341","5826263,095","13,35205","52,50634",1011101.0,Stülerstraße,3850.0,33.0
194429,11,1,,2019,5,19,3,3,5,3,0,1,1,0,0,0,0,0,"795384,968","5826005,478","13,35286","52,50399",1011103.0,Lützowstraße,3949.0,53.0
194430,11,2,,2019,5,19,3,3,1,5,0,1,1,0,0,0,0,0,"801667,8082","5826285,162","13,4454","52,50306",2040703.0,Wriezener Bahnhof/Entwicklungsgebiet,5249.0,5.0
194431,11,2,,2019,5,22,3,3,1,5,2,1,1,0,0,0,0,0,"799612,2945","5826218,574","13,41514","52,50359",2030301.0,Oranienplatz,4849.0,28.0
194432,11,3,,2019,5,18,3,3,6,6,0,1,0,1,0,0,0,0,"801137,6586","5830739,437","13,44164","52,54328",3061429.0,Greifswalder Straße,5261.0,46.0
194433,11,12,,2019,5,18,3,3,5,2,0,0,1,0,1,0,0,0,"794338,8013","5835703,626","13,34608","52,59149",12302107.0,Schorfheidestraße,3875.0,59.0
194434,11,7,,2019,5,18,3,3,0,1,0,0,1,0,0,0,0,0,"799004,597","5819644,293","13,40032","52,445",7050503.0,Eisenacher Straße,4632.0,59.0
194435,11,11,,2019,5,13,3,3,2,6,0,0,1,0,0,0,0,0,"804498,2384","5830968,062","13,49125","52,54346",11020514.0,Große-Leege-Straße,5961.0,51.0
194436,11,8,,2019,5,17,3,3,5,2,0,0,1,0,1,0,0,0,"801679,8523","5822337,213","13,442","52,46767",8010214.0,Glasower Straße,5239.0,47.0
194437,11,9,,2019,5,17,3,2,0,1,0,1,1,0,0,0,0,0,"809143,0648","5819515,67","13,54891","52,43821",9020702.0,Adlershof Ost,6830.0,43.0
194438,11,3,,2019,5,17,3,3,4,5,0,0,1,0,0,0,1,0,"801387,7637","5831905,76","13,44638","52,55359",3050924.0,Behaimstraße,5264.0,60.0
194439,11,5,,2019,5,16,3,3,2,6,0,0,1,0,0,0,0,0,"785279,4718","5829297,366","13,20721","52,53888",5010314.0,Carl-Schurz-Straße,1760.0,43.0
194440,11,3,,2019,5,16,3,3,5,2,0,1,1,0,0,0,0,0,"800938,789","5831179,531","13,43912","52,54733",3061228.0,Erich-Weinert-Straße,5162.0,47.0
194441,11,5,,2019,5,15,3,3,2,6,0,0,1,0,1,0,0,0,"784645,6254","5829284,376","13,19788","52,5391",5010314.0,Carl-Schurz-Straße,1560.0,63.0
194442,11,4,,2019,5,16,3,2,6,7,0,0,1,1,0,0,0,0,"792023,8119","5827237,286","13,30456","52,51684",4030622.0,Richard-Wagner-Straße,3153.0,49.0
194443,11,2,,2019,5,15,3,2,3,6,0,1,1,0,0,0,0,0,"802483,9704","5827406,978","13,4584","52,51266",2050801.0,Traveplatz,5452.0,39.0
194444,11,2,,2019,5,15,3,3,2,6,0,0,1,0,0,0,0,0,"797826,775","5824903,963","13,38774","52,49279",2020203.0,Viktoriapark,4446.0,12.0
194445,11,2,,2019,5,12,3,3,1,5,0,1,1,0,0,0,0,0,"802214,33","5827126,509","13,45419","52,5103",2050802.0,Boxhagener Platz,5451.0,41.0
194446,11,4,,2019,5,11,3,3,4,6,0,0,1,0,0,1,0,0,"792003,4164","5828567,033","13,30543","52,52877",4030518.0,Tegeler Weg,3157.0,62.0
194447,11,1,,2019,5,10,3,3,3,6,0,1,1,0,0,0,0,0,"797360,28","5829277,149","13,3848","52,53224",1011401.0,Invalidenstraße,4358.0,45.0
194448,11,4,,2019,5,9,3,3,5,3,0,1,1,0,0,0,0,0,"792625,7998","5825458,587","13,31184","52,50057",4030929.0,Hindemithplatz,3248.0,24.0
194449,11,4,,2019,5,8,3,3,5,3,0,0,1,0,1,0,0,0,"792066,9018","5828230,815","13,30607","52,52573",4030519.0,Kaiserin-Augusta-Allee,3256.0,49.0
194450,11,12,,2019,5,8,3,3,2,2,0,0,1,0,0,0,1,0,"794382,21","5836232,761","13,34719","52,59621",12302107.0,Schorfheidestraße,3876.0,49.0
194451,11,1,,2019,5,7,3,3,1,5,0,1,1,0,0,0,0,0,"797309,0304","5827210,91","13,3822","52,51375",1011201.0,Wilhelmstraße,4352.0,37.0
194452,11,12,,2019,5,7,3,3,5,3,0,1,1,0,0,0,0,0,"791780,7795","5836929,471","13,30951","52,60386",12301205.0,Waidmannslust,3279.0,63.0
194453,11,1,,2019,5,7,3,3,3,6,0,0,1,0,0,0,0,0,"799589,1844","5828777,55","13,41711","52,52654",1011303.0,Alexanderplatzviertel,4856.0,19.0
194454,11,12,,2019,5,5,3,3,2,6,1,0,1,0,1,0,0,1,"793438,7793","5833416,061","13,33081","52,57147",12214421.0,Reinickes Hof,3569.0,53.0
194455,11,3,,2019,5,15,2,2,5,2,0,1,1,0,0,0,0,0,"798963,3807","5831449,056","13,41032","52,55083",3061126.0,Arnimplatz,4763.0,56.0
194456,11,6,,2019,5,10,2,3,1,5,0,0,1,0,0,0,0,0,"793893,1798","5817750,323","13,32367","52,43079",6020409.0,Königsberger Straße,3428.0,60.0
194457,11,1,,2019,5,16,2,3,2,2,0,0,1,0,0,0,1,0,"798699,8408","5827083,256","13,40252","52,51185",1011204.0,Leipziger Straße,4652.0,24.0
194458,11,1,,2019,5,22,2,3,5,3,2,1,1,0,0,0,0,0,"794558,808","5828452,024","13,34289","52,52637",1022104.0,Emdener Straße,3756.0,4.0
194459,11,4,,2019,5,20,2,2,6,4,2,0,1,1,0,0,0,0,"793201,119","5827792,842","13,32235","52,52119",4030621.0,Spreestadt,3454.0,49.0
194460,11,1,,2019,5,19,2,2,5,3,0,1,1,0,0,0,0,0,"799457,4152","5827067,357","13,41363","52,51129",1011305.0,Heine-Viertel West,4852.0,45.0
194461,11,1,,2019,5,19,2,3,2,6,2,0,1,0,0,0,0,0,"795770,2352","5825717,509","13,35826","52,5012",1011103.0,Lützowstraße,3949.0,53.0
194462,11,2,,2019,5,18,2,3,0,2,0,1,1,0,0,0,0,0,"797913,354","5825279,649","13,38935","52,49611",2020202.0,Rathaus Yorckstraße,4447.0,16.0
194463,11,6,,2019,5,18,2,3,2,6,0,0,1,0,0,0,0,1,"790162,74","5819744,332","13,27069","52,45066",6040808.0,Hüttenweg,2634.0,40.0
194464,11,7,,2019,5,17,2,2,2,6,0,0,1,0,1,0,0,0,"797256,1102","5820930,401","13,37582","52,45748",7040403.0,Manteuffelstraße,4236.0,55.0
194465,11,7,,2019,5,16,2,3,5,3,0,1,1,0,0,0,0,0,"795620,9184","5824477,768","13,35497","52,49017",7010103.0,Barbarossaplatz,3945.0,34.0
194466,11,11,,2019,5,17,2,3,5,3,0,0,1,0,0,0,0,0,"806390,923","5831399,427","13,51947","52,54626",11020412.0,Hauptstraße,6362.0,63.0
194467,11,6,,2019,5,16,2,3,1,5,0,1,1,0,0,0,0,0,"784491,9874","5816959,32","13,1851","52,42867",6040701.0,Wannsee,1427.0,63.0
194468,11,6,,2019,5,16,2,3,2,6,0,0,1,0,0,0,0,0,"792382,0905","5818469,596","13,30214","52,43805",6030610.0,Lichterfelde West,3130.0,63.0
194469,11,5,,2019,5,17,2,3,1,5,0,0,1,0,0,0,1,0,"787737,8261","5828231,447","13,24243","52,52803",5010339.0,Freiheit,2256.0,58.0
194470,11,3,,2019,5,16,2,3,5,2,0,1,1,0,0,0,0,0,"799215,0969","5831774,087","13,41431","52,55361",3061126.0,Arnimplatz,4864.0,14.0
194471,11,4,,2019,5,16,2,3,0,3,0,0,1,0,0,0,1,0,"793133,5202","5825589,392","13,31942","52,50147",4030930.0,George-Grosz-Platz,3449.0,40.0
194472,11,8,,2019,5,15,2,3,2,6,0,0,1,0,0,0,0,0,"803926,2493","5818240,965","13,47124","52,42971",8030831.0,Gropiusstadt Ost,5628.0,61.0
194473,11,1,,2019,5,15,2,3,1,5,0,1,1,0,0,0,1,0,"798120,5502","5827409,443","13,3943","52,51509",1011203.0,Unter den Linden Süd,4553.0,29.0
194474,11,3,,2019,5,14,2,3,1,5,0,1,1,0,0,0,0,0,"804085,3347","5840223,73","13,49368","52,62664",3010102.0,Buch,5985.0,65.0
194475,11,6,,2019,5,14,2,3,5,2,0,1,1,0,0,0,0,0,"791620,21","5820656,732","13,29287","52,45806",6040809.0,Thielallee,3036.0,63.0
194476,11,4,,2019,5,13,2,3,0,5,0,0,1,0,0,0,0,0,"793542,2895","5826345,978","13,32609","52,50804",4030623.0,Ernst-Reuter-Platz,3551.0,40.0
194477,11,9,,2019,5,13,2,3,5,3,0,1,1,0,0,0,0,0,"817518,8169","5818243,225","13,67051","52,42201",9041601.0,Müggelheim,8625.0,65.0
194478,11,12,,2019,5,16,2,3,5,3,0,1,1,0,0,0,0,0,"796310,0035","5833949,513","13,37353","52,5747",12103115.0,Breitkopfbecken,4270.0,63.0
194479,11,7,,2019,5,13,2,3,5,3,0,1,1,0,0,0,0,0,"797010,2559","5820402,42","13,37174","52,45288",7040404.0,Marienhöhe,4134.0,59.0
194480,11,6,,2019,5,12,2,3,1,5,0,0,1,0,0,0,0,0,"792494,8062","5817042,861","13,30254","52,4252",6030608.0,Schweizer Viertel,3126.0,63.0
194481,11,7,,2019,5,11,2,2,3,6,0,1,0,0,0,1,0,0,"798156,9645","5819022,544","13,38734","52,43989",7050502.0,Fritz-Werner-Straße,4431.0,51.0
194482,11,7,,2019,5,6,2,3,5,3,0,0,1,0,1,0,0,0,"800637,2129","5814907,274","13,42002","52,40164",7070702.0,Alt-Lichtenrade/Töpchiner Weg,4919.0,65.0
194483,11,10,,2019,5,7,2,3,6,2,0,0,1,1,0,0,0,0,"812420,0484","5830374,664","13,60714","52,53366",10020517.0,Adele-Sandrock-Straße,7658.0,55.0
194484,11,4,,2019,5,12,2,3,5,2,0,1,1,0,0,0,0,0,"791877,6547","5822388,264","13,29816","52,47345",4041241.0,Breite Straße,3040.0,60.0
194485,11,6,,2019,5,7,2,3,6,4,0,1,0,1,0,0,0,0,"790951,9943","5820700,806","13,2831","52,45881",6040810.0,Dahlem,2836.0,62.0
194486,11,8,,2019,5,6,2,3,5,3,0,0,1,0,1,0,0,0,"803863,6123","5821820,379","13,47358","52,46182",8010509.0,Schulenburgpark,5637.0,57.0
194487,11,3,,2019,5,6,2,3,5,3,0,0,1,0,1,0,0,0,"797866,2487","5835308,021","13,39765","52,58603",3020209.0,Niederschönhausen,4573.0,56.0
194488,11,6,,2019,5,7,2,3,5,7,0,1,1,0,0,0,0,0,"794848,6531","5817553,856","13,33751","52,42852",6020304.0,Kaiser-Wilhelm-Straße,3627.0,63.0
194489,11,5,,2019,5,7,2,3,5,2,0,0,1,0,0,0,0,0,"785604,077","5828574,33","13,21136","52,53223",5010314.0,Carl-Schurz-Straße,1758.0,63.0
194490,11,12,,2019,5,7,2,3,6,4,0,0,1,1,0,0,0,0,"794782,184","5836291,863","13,35313","52,59652",12302110.0,Dannenwalder Weg,3976.0,55.0
194491,11,7,,2019,5,8,2,2,5,3,0,0,1,0,0,0,0,0,"797688,6443","5823493,14","13,38445","52,48022",7040401.0,Neu-Tempelhof,4342.0,53.0
194492,11,6,,2019,5,8,2,3,0,3,0,0,1,0,1,0,0,0,"791348,9019","5816108,091","13,28492","52,41743",6030607.0,Goerzwerke,2824.0,63.0
194493,11,11,,2019,5,8,2,2,6,4,0,0,1,1,0,0,0,0,"806606,4847","5827753,215","13,51928","52,51346",11041022.0,Rosenfelder Ring,6352.0,56.0
194494,11,1,,2019,5,9,2,3,3,6,0,1,0,0,0,0,0,0,"798277,7946","5827479,54","13,39667","52,51563",1011203.0,Unter den Linden Süd,4553.0,29.0
194495,11,9,,2019,5,9,2,3,3,6,0,0,1,0,0,0,1,0,"808537,5568","5819110,451","13,53965","52,43492",9020701.0,Adlershof West,6629.0,41.0
194496,11,4,,2019,5,9,2,3,6,4,0,0,1,1,0,0,0,0,"794044,3734","5823103,788","13,3306","52,4787",4051655.0,Babelsberger Straße,3542.0,38.0
194497,11,6,,2019,5,10,2,3,5,2,0,0,1,0,0,0,0,0,"790148,897","5819770,493","13,27051","52,4509",6040810.0,Dahlem,2634.0,40.0
194498,11,1,,2019,5,10,2,3,5,3,0,1,0,0,0,0,1,0,"799687,8117","5827827,087","13,4177","52,51797",1011304.0,Karl-Marx-Allee,4853.0,18.0
194499,11,4,,2019,5,10,2,2,2,6,0,0,1,0,0,0,0,0,"788261,2005","5827800,388","13,24975","52,52389",4020310.0,Park Ruhwald,2355.0,58.0
194500,11,4,,2019,5,10,2,3,2,6,0,1,1,0,0,0,0,0,"792705,4296","5825893,894","13,31339","52,50443",4030929.0,Hindemithplatz,3350.0,22.0
194501,11,4,,2019,5,11,2,3,1,5,0,1,1,0,0,0,0,0,"792298,4509","5826012,903","13,30752","52,50572",4030827.0,Karl-August-Platz,3250.0,40.0
194502,11,9,,2019,5,11,2,3,5,2,0,1,1,0,0,0,0,0,"805903,9782","5821819,79","13,50352","52,46068",9020601.0,Schnellerstraße,6137.0,47.0
194503,11,12,,2019,5,11,2,3,6,4,0,0,1,1,0,0,0,0,"796727,9007","5833305,516","13,3791","52,5687",12103116.0,Hausotterplatz,4268.0,58.0
194504,11,5,,2019,5,11,2,3,5,2,0,1,1,0,0,0,0,0,"785077,1717","5829876,784","13,20473","52,54418",5010312.0,Kurstraße,1761.0,52.0
194505,11,9,,2019,5,12,2,3,0,1,0,1,0,0,0,0,0,0,"814202,1963","5821284,925","13,62475","52,45118",9051702.0,Bölschestraße,7934.0,54.0
194506,11,5,,2019,5,12,2,3,3,6,0,0,1,0,0,0,0,0,"783024,355","5828580,341","13,17344","52,53363",5020417.0,Staakener Straße,1258.0,63.0
194507,11,1,,2019,5,5,1,3,6,4,1,1,0,1,0,0,0,0,"797451,1788","5830054,635","13,38683","52,53916",1033202.0,Humboldthain Süd,4460.0,59.0
194508,11,1,,2019,5,15,1,3,5,2,0,1,1,0,0,0,0,0,"796960,8965","5826701,878","13,37663","52,50938",1011201.0,Wilhelmstraße,4251.0,2.0
194509,11,8,,2019,5,17,1,3,0,7,0,0,1,0,1,0,0,0,"802024,3567","5823487,484","13,4481","52,47779",8010404.0,Rixdorf,5342.0,38.0
194510,11,6,,2019,5,17,1,3,1,5,0,1,1,0,0,0,0,0,"795285,1301","5818576,985","13,34482","52,43745",6020303.0,Lankwitz Kirche,3730.0,44.0
194511,11,8,,2019,5,14,1,3,5,2,0,1,1,0,0,0,0,0,"800773,2206","5822754,829","13,42907","52,47191",8010118.0,Silbersteinstraße,5040.0,48.0
194512,11,3,,2019,5,14,1,3,6,4,0,1,0,1,0,0,0,0,"799854,3403","5829796,666","13,42192","52,53553",3071537.0,Kollwitzplatz,4959.0,58.0
194513,11,8,,2019,5,12,1,3,6,4,0,0,0,1,1,0,0,0,"800851,5144","5822529,81","13,43002","52,46985",8010118.0,Silbersteinstraße,5039.0,34.0
194514,11,2,,2019,5,14,1,2,6,4,0,1,0,1,0,0,0,0,"798715,6214","5825011,778","13,40089","52,49327",2020204.0,Urbanstraße,4646.0,50.0
194515,11,10,,2019,5,18,1,2,6,4,0,0,1,1,0,0,0,0,"811408,0764","5829835,227","13,59176","52,5294",10020621.0,Gelbes Viertel,7457.0,61.0
194516,11,8,,2019,5,20,1,2,5,3,1,0,1,0,0,0,0,0,"805316,4929","5817686,377","13,49112","52,42396",8041037.0,Alt-Rudow,5926.0,63.0
194517,11,2,,2019,5,11,1,2,6,4,0,0,1,1,0,0,0,0,"799701,9112","5825677,409","13,41597","52,49869",2010104.0,Wassertorplatz,4848.0,3.0
194518,11,8,,2019,5,9,1,3,5,3,0,0,1,0,1,0,0,0,"799852,9118","5816514,875","13,40996","52,41648",8020726.0,Buckow West,4724.0,63.0
194519,11,4,,2019,5,8,1,2,0,2,0,0,1,0,0,0,0,0,"792707,631","5825467,903","13,31305","52,50061",4030929.0,Hindemithplatz,3348.0,36.0
194520,11,12,,2019,5,3,1,2,1,5,2,0,1,0,0,0,0,0,"791625,9962","5836754,338","13,30708","52,60237",12301205.0,Waidmannslust,3278.0,65.0
194521,11,6,,2019,5,13,1,3,2,6,0,0,1,0,0,0,1,0,"793396,6998","5820359,578","13,31868","52,45445",6010101.0,Fichtenberg,3335.0,47.0
194522,11,12,,2019,5,14,1,3,5,2,0,0,1,0,0,0,0,0,"789903,1543","5835694,804","13,28078","52,59379",12214527.0,Alt-Tegel,2876.0,40.0
194523,11,7,,2019,5,16,7,2,6,2,0,0,0,1,0,0,1,0,"794963,4986","5824889,041","13,34568","52,49421",7010101.0,Wittenbergplatz/Viktoria-Luise-Platz,3747.0,53.0
194524,11,4,,2019,5,12,7,3,1,5,0,0,1,0,0,0,0,0,"794221,9305","5823923,713","13,33393","52,48596",4051655.0,Babelsberger Straße,3644.0,62.0
194525,11,3,,2019,5,19,7,3,5,2,1,1,1,0,0,0,0,0,"800025,0322","5834542,94","13,42872","52,57798",3040614.0,Pankow Zentrum,5071.0,60.0
194526,11,1,,2019,5,17,7,3,5,3,0,1,0,0,0,0,1,0,"798731,3362","5829568,325","13,40521","52,5341",1011402.0,Arkonaplatz,4658.0,28.0
194527,11,12,,2019,5,21,7,2,6,4,2,0,1,1,0,0,0,0,"793826,5854","5836350,248","13,33912","52,59757",12302108.0,Märkisches Zentrum,3677.0,61.0
194528,11,12,,2019,5,21,7,3,6,6,2,0,1,1,0,0,0,0,"793817,42","5836446,814","13,33907","52,59844",12302108.0,Märkisches Zentrum,3677.0,61.0
194529,11,1,,2019,5,19,7,3,5,2,0,1,1,0,0,0,0,0,"794526,2011","5831579,001","13,34518","52,55442",1044101.0,Rehberge,3764.0,45.0
194530,11,9,,2019,5,19,7,3,5,3,0,0,1,0,0,0,0,0,"810306,2572","5819727,921","13,56616","52,43945",9020802.0,Köllnische Vorstadt,7031.0,63.0
194531,11,7,,2019,5,17,7,3,5,2,0,0,1,0,1,0,0,0,"797213,3135","5819550,569","13,37396","52,44513",7050501.0,Rathausstraße,4232.0,61.0
194532,11,9,,2019,5,18,7,3,2,6,0,0,1,0,0,0,0,1,"811260,2851","5820195,324","13,58059","52,4431",9041501.0,Altstadt Kietz,7232.0,31.0
194533,11,10,,2019,5,18,7,2,1,5,0,0,1,0,1,0,0,0,"813910,8792","5825561,296","13,6245","52,48967",10040933.0,Mahlsdorf Süd,7945.0,65.0
194534,11,1,,2019,5,18,7,3,2,6,0,0,1,0,0,0,0,0,"795045,571","5830316,297","13,3517","52,54282",1044202.0,Sparrplatz,3861.0,37.0
194535,11,10,,2019,5,17,7,3,5,3,0,0,1,0,1,0,0,0,"812010,4312","5830589,805","13,60132","52,53582",10020413.0,Gut Hellersdorf,7559.0,63.0
194536,11,1,,2019,5,16,7,3,1,5,0,0,1,0,0,0,0,0,"799906,8773","5826955,879","13,42014","52,51004",1011306.0,Heine-Viertel Ost,4951.0,32.0
194537,11,2,,2019,5,1,7,3,5,3,2,0,1,0,0,0,0,1,"800871,0992","5825304,613","13,43281","52,49471",2030401.0,Reichenberger Straße,5047.0,51.0
194538,11,5,,2019,5,14,7,2,0,6,0,0,1,0,0,0,1,0,"782434,9399","5827016,673","13,16344","52,51991",5020523.0,Maulbeerallee,1054.0,55.0
194539,11,1,,2019,5,14,7,3,6,4,0,0,1,1,0,0,0,1,"794790,4156","5831159,972","13,34869","52,55052",1044101.0,Rehberge,3863.0,41.0
194540,11,10,,2019,5,13,7,2,0,1,0,1,0,0,0,0,0,0,"810968,6965","5830834,146","13,58624","52,5386",10020413.0,Gut Hellersdorf,7360.0,59.0
194541,11,8,,2019,5,13,7,3,5,2,0,1,1,0,0,0,0,0,"805807,5909","5816836,148","13,49754","52,41607",8041040.0,Waltersdorfer Chaussee Ost,6024.0,50.0
194542,11,12,,2019,5,12,7,3,5,3,0,1,1,0,0,0,0,0,"793791,716","5838387,289","13,34041","52,61584",12301206.0,Lübars,3782.0,63.0
194543,11,3,,2019,5,11,7,3,5,3,0,0,1,0,0,0,0,0,"802871,7582","5838290,452","13,47403","52,60999",3030406.0,Alt-Karow,5780.0,50.0
194544,11,6,,2019,5,10,7,3,0,1,0,0,1,0,0,0,0,0,"784608,7136","5816618,354","13,18652","52,42555",6040701.0,Wannsee,1426.0,65.0
194545,11,4,,2019,5,3,6,3,1,1,2,0,1,0,0,0,0,0,"793294,5183","5823078,694","13,31957","52,47888",4051551.0,Brabanter Platz,3442.0,43.0
194546,11,10,,2019,5,8,6,3,5,2,0,1,1,0,0,0,0,0,"813089,3001","5827106,998","13,61389","52,50399",10040933.0,Mahlsdorf Süd,7749.0,63.0
194547,11,9,,2019,5,12,6,3,6,7,0,0,1,1,0,0,0,0,"811036,5617","5821843,097","13,57884","52,45799",9051901.0,Dammvorstadt,7236.0,45.0
194548,11,5,,2019,5,14,6,3,6,6,0,0,1,1,0,0,0,0,"781031,1745","5819392,18","13,13638","52,45227",5040936.0,Jägerallee,634.0,63.0
194549,11,7,,2019,5,22,6,3,2,2,2,0,1,0,0,0,0,0,"794083,5444","5821722,798","13,32996","52,4663",7030301.0,Friedenau,3538.0,44.0
194550,11,7,,2019,5,6,6,3,3,6,0,0,1,0,0,0,1,0,"797300,836","5821360,397","13,37686","52,46131",7040403.0,Manteuffelstraße,4237.0,59.0
194551,11,2,,2019,5,21,6,3,6,4,2,1,0,1,0,0,0,0,"801475,9238","5825766,403","13,44211","52,49852",2030402.0,Wrangelkiez,5248.0,21.0
194552,11,8,,2019,5,19,6,3,1,5,0,1,1,0,0,0,1,0,"801422,6668","5823868,016","13,43961","52,48153",8010303.0,Donaustraße,5143.0,6.0
194553,11,8,,2019,5,7,6,3,5,3,0,0,1,0,0,0,0,0,"800566,6502","5825140,195","13,42819","52,4934",8010301.0,Reuterkiez,5046.0,45.0
194554,11,12,,2019,5,18,6,3,5,2,0,0,1,0,0,0,0,0,"795066,6558","5832467,641","13,35392","52,56209",12103219.0,Schäfersee,3966.0,55.0