ObjectID,State,District,LOR_ab_2021,AccidentYear,AccidentMonth,AccidentHour,DayOfWeek,AccidentCategory,AccidentType,AccidentTypeDetail,LightingCondition,InvolvingBike,InvolvingCar,InvolvingPedestrian,InvolvingMotorcycle,InvolvingHGV,InvolvingOther,RoadCondition,GraphicCoord1,GraphicCoord2,LongitudeWGS84,LatitudeWGS84,quadrant,quadrant_rank
194555,11,7,,2019,5,18,6,3,1,5,0,1,1,0,0,0,1,0,"796478,9357","5824878,982","13,36792","52,4933",7010104.0,Dennewitzplatz,4146.0,50.0
194556,11,11,,2019,5,7,6,3,1,1,0,0,1,0,0,1,0,0,"804591,1166","5832766,386","13,49427","52,55952",11020411.0,Malchower Weg,6066.0,60.0
194557,11,9,,2019,5,17,6,3,5,3,0,1,1,0,0,0,0,0,"807405,1348","5818330,199","13,52233","52,42856",9020701.0,Adlershof West,6427.0,48.0
194558,11,1,,2019,5,8,6,3,5,2,0,1,1,0,0,0,0,0,"799055,7572","5828996,62","13,40947","52,5288",1011302.0,Oranienburger Straße,4757.0,11.0
194559,11,1,,2019,5,8,6,3,1,5,0,1,1,0,0,0,0,0,"797320,9324","5827179,819","13,38234","52,51346",1011201.0,Wilhelmstraße,4352.0,37.0
194560,11,6,,2019,5,0,6,3,1,5,2,1,0,0,0,1,1,0,"781636,4579","5814901,696","13,14148","52,4117",6040701.0,Wannsee,722.0,65.0
194561,11,1,,2019,5,8,6,3,2,6,0,0,1,0,1,0,0,0,"796689,4316","5828765,441","13,37448","52,52802",1011301.0,Charitéviertel,4256.0,57.0
194562,11,5,,2019,5,9,6,2,6,4,0,0,1,1,0,0,0,0,"784637,7828","5827259,952","13,19603","52,52095",5020626.0,Adamstraße,1554.0,46.0
194563,11,7,,2019,5,9,6,2,6,4,0,0,1,1,0,0,0,0,"798082,9263","5815826,686","13,3834","52,41128",7060603.0,Marienfelde Nordost,4322.0,52.0
194564,11,1,,2019,5,9,6,3,5,5,0,0,1,0,1,0,0,0,"797954,8117","5826681,062","13,39121","52,50865",1011204.0,Leipziger Straße,4451.0,11.0
194565,11,1,,2019,5,10,6,3,1,5,0,0,1,0,1,0,0,0,"793890,4918","5827657,664","13,33236","52,51961",1022106.0,Elberfelder Straße,3554.0,52.0
194566,11,6,,2019,5,11,6,3,2,6,0,0,1,0,0,0,0,0,"794204,3995","5821446,042","13,33149","52,46375",6010209.0,Feuerbachstraße,3538.0,44.0
194567,11,5,,2019,5,12,6,3,2,6,0,0,1,0,0,0,0,0,"784791,3084","5828770,72","13,19958","52,53442",5020625.0,Borkumer Straße,1658.0,8.0
194568,11,8,,2019,5,12,6,3,5,2,0,1,0,0,0,0,1,0,"800975,2383","5824764,517","13,43385","52,48981",8010301.0,Reuterkiez,5145.0,46.0
194569,11,2,,2019,5,13,6,2,5,3,0,0,1,0,1,0,0,0,"798420,4282","5824745,839","13,39632","52,49105",2020204.0,Urbanstraße,4546.0,40.0
194570,11,6,,2019,5,13,6,3,5,7,0,1,1,0,0,0,0,0,"793077,4855","5820686,071","13,31428","52,45755",6010101.0,Fichtenberg,3336.0,54.0
194571,11,3,,2019,5,13,6,3,0,7,0,0,1,0,1,0,0,0,"800033,175","5830686,507","13,42536","52,54341",3061332.0,Helmholtzplatz,4961.0,45.0
194572,11,1,,2019,5,14,6,3,2,6,0,0,1,0,1,0,0,0,"797571,7037","5831890,308","13,39025","52,55555",1033102.0,Gesundbrunnen,4464.0,34.0
194573,11,2,,2019,5,15,6,3,5,7,0,0,1,0,1,0,0,0,"797032,9532","5824470,717","13,3757","52,48934",2020203.0,Viktoriapark,4245.0,40.0
194574,11,12,,2019,5,15,6,2,5,2,0,1,1,0,0,0,0,0,"793539,1536","5835464,04","13,3341","52,58978",12301203.0,Wittenau Süd,3674.0,59.0
194575,11,1,,2019,5,16,5,3,1,5,0,1,1,0,0,0,1,0,"797991,7643","5826838,456","13,3919","52,51004",1011204.0,Leipziger Straße,4451.0,11.0
194576,11,3,,2019,5,8,5,3,5,3,0,1,1,0,0,0,0,0,"801415,9424","5830909,621","13,44589","52,54465",3061429.0,Greifswalder Straße,5261.0,46.0
194577,11,8,,2019,5,6,5,2,2,7,0,0,1,0,1,0,0,0,"803600,451","5821923,667","13,46981","52,4629",8010510.0,Gewerbegebiet Köllnische Heide,5637.0,57.0
194578,11,1,,2019,5,11,5,3,6,2,0,0,1,1,0,0,0,0,"797913,3963","5827274,605","13,39113","52,51399",1011203.0,Unter den Linden Süd,4452.0,21.0
194579,11,9,,2019,5,18,5,3,5,2,0,1,1,0,0,0,0,0,"808974,666","5818112,353","13,54514","52,42573",9020701.0,Adlershof West,6727.0,55.0
194580,11,1,,2019,5,18,5,3,0,3,0,1,1,0,0,0,0,0,"799126,1116","5827120,575","13,40881","52,51195",1011305.0,Heine-Viertel West,4752.0,45.0
194581,11,1,,2019,5,8,5,3,5,3,0,1,1,0,0,0,0,0,"799898,9024","5826523,844","13,41963","52,50617",1011306.0,Heine-Viertel Ost,4850.0,38.0
194582,11,12,,2019,5,16,5,3,5,2,0,1,1,0,0,0,0,0,"792217,2608","5833939,835","13,3133","52,57682",12214422.0,Klixstraße,3371.0,40.0
194583,11,4,,2019,5,15,5,3,1,5,0,0,1,0,1,0,0,0,"793503,6914","5827893,08","13,32689","52,52193",4030621.0,Spreestadt,3555.0,16.0
194584,11,2,,2019,5,14,5,3,5,5,0,1,1,0,0,0,0,0,"799564,6194","5826307,676","13,41452","52,50442",2010103.0,Moritzplatz,4850.0,38.0
194585,11,8,,2019,5,15,5,2,5,2,0,0,1,0,0,0,0,0,"802294,9254","5817848,234","13,44697","52,42709",8030830.0,Gropiusstadt Süd,5327.0,45.0
194586,11,12,,2019,5,15,5,3,2,6,0,0,1,0,0,0,0,0,"792548,31","5834467,682","13,31864","52,58138",12301203.0,Wittenau Süd,3372.0,65.0
194587,11,3,,2019,5,15,5,2,5,2,0,0,1,0,1,0,0,0,"803342,4377","5831580,71","13,47482","52,54959",3051022.0,Hansastraße,5763.0,63.0
194588,11,6,,2019,5,9,5,2,5,3,0,1,1,0,0,0,0,0,"792711,912","5821670,605","13,30978","52,46657",6010101.0,Fichtenberg,3238.0,58.0
194589,11,5,,2019,5,12,5,3,5,3,0,0,0,0,1,0,1,0,"786106,7127","5829356,904","13,21942","52,53898",5030730.0,Zitadellenweg,1960.0,63.0
194590,11,1,,2019,5,12,5,3,5,2,0,1,0,0,0,1,0,0,"793500,9477","5829389,725","13,32817","52,53534",1022103.0,Westhafen,3559.0,22.0
194591,11,4,,2019,5,11,5,3,5,3,0,0,1,0,0,0,0,0,"791292,4732","5826060,761","13,29278","52,50669",4030725.0,Amtsgerichtsplatz,3050.0,39.0
194592,11,6,,2019,5,15,5,3,6,7,0,0,1,1,0,0,0,0,"793520,2365","5820658,453","13,32076","52,45706",6010102.0,Schloßstraße,3436.0,49.0
194593,11,9,,2019,5,15,5,3,6,7,0,0,1,1,0,0,0,0,"808749,8299","5815317,378","13,53927","52,4008",9030903.0,Kölner Viertel,6619.0,65.0
194594,11,7,,2019,5,10,5,3,5,3,0,1,1,0,0,0,0,0,"796364,5711","5825091,324","13,36643","52,49526",7010104.0,Dennewitzplatz,4147.0,61.0
194595,11,2,,2019,5,10,5,3,5,2,0,0,1,0,0,0,1,0,"802950,2125","5826077,699","13,46404","52,50049",2050803.0,Stralauer Kiez,5548.0,37.0
194596,11,7,,2019,5,8,5,3,2,6,0,0,1,0,0,0,1,0,"795332,6233","5821559,26","13,34815","52,46416",7030303.0,Grazer Platz,3838.0,59.0
194597,11,1,,2019,5,8,5,3,3,6,0,0,0,0,0,0,1,0,"799113,834","5828309,341","13,4097","52,52261",1011303.0,Alexanderplatzviertel,4755.0,4.0
194598,11,2,,2019,5,8,5,2,0,1,0,0,0,0,1,0,0,0,"798433,2438","5826505,333","13,39808","52,50681",2010102.0,Mehringplatz,4550.0,26.0
194599,11,2,,2019,5,0,5,3,1,5,2,1,1,0,0,0,0,0,"800645,1725","5827393,033","13,43138","52,51355",2040701.0,Andreasviertel,5052.0,43.0
194600,11,7,,2019,5,8,5,3,0,1,0,1,0,0,0,0,0,0,"797284,0038","5821143,507","13,37642","52,45938",7040403.0,Manteuffelstraße,4236.0,55.0
194601,11,2,,2019,5,16,4,3,6,2,0,1,0,1,0,0,0,0,"800921,742","5826861,776","13,43496","52,50864",2040703.0,Wriezener Bahnhof/Entwicklungsgebiet,5151.0,39.0
194602,11,6,,2019,5,19,4,3,5,2,0,0,1,0,0,0,0,0,"792938,7022","5817767,983","13,30969","52,43146",6030610.0,Lichterfelde West,3228.0,32.0
194603,11,8,,2019,5,19,4,2,3,6,0,0,1,0,0,0,0,0,"801027,423","5823894,033","13,43383","52,48198",8010303.0,Donaustraße,5143.0,6.0
194604,11,2,,2019,5,22,4,3,6,4,2,1,0,1,0,0,0,0,"800480,428","5825761,597","13,42748","52,49902",2030401.0,Reichenberger Straße,5048.0,24.0
194605,11,3,,2019,5,12,4,3,5,2,0,1,1,0,0,0,0,0,"803366,1508","5833523,539","13,47695","52,56699",3030716.0,Märchenland,5768.0,60.0
194606,11,5,,2019,5,21,4,2,2,6,2,0,1,0,1,0,0,0,"784391,5608","5828680,705","13,19362","52,53382",5020625.0,Borkumer Straße,1558.0,34.0
194607,11,12,,2019,5,19,4,3,5,2,0,0,1,0,1,0,0,0,"794339,284","5835706,267","13,34609","52,59152",12302107.0,Schorfheidestraße,3875.0,59.0
194608,11,2,,2019,5,18,4,3,6,7,0,0,1,1,0,0,0,0,"801071,1201","5827121,581","13,43739","52,51089",2040701.0,Andreasviertel,5151.0,39.0
194609,11,9,,2019,5,18,4,3,6,2,0,0,1,1,0,0,0,0,"802309,9897","5825530,661","13,45414","52,49594",9010101.0,Elsenstraße,5447.0,55.0
194610,11,7,,2019,5,14,4,3,6,7,0,1,0,1,0,0,0,0,"797855,0421","5821652,03","13,38525","52,46362",7040403.0,Manteuffelstraße,4338.0,47.0
194611,11,4,,2019,5,13,4,3,5,2,0,0,1,0,1,0,0,0,"791577,9677","5824878,875","13,29594","52,49594",4031032.0,Halensee,3047.0,56.0
194612,11,6,,2019,5,13,4,3,1,5,0,1,1,0,0,0,1,0,"792269,5007","5820610,285","13,30236","52,4573",6040809.0,Thielallee,3136.0,49.0
194613,11,5,,2019,5,12,4,3,2,2,0,0,1,0,1,0,0,0,"787665,0754","5829975,328","13,24287","52,54371",5030731.0,Gartenfelder Straße,2261.0,57.0
194614,11,4,,2019,5,12,4,3,3,6,0,1,1,0,0,0,0,0,"792661,1466","5827139,968","13,31384","52,51563",4030620.0,Alt-Lietzow,3353.0,38.0
194615,11,2,,2019,5,17,4,3,5,2,0,0,1,0,1,0,0,0,"798718,12","5825880,516","13,40171","52,50105",2010103.0,Moritzplatz,4649.0,53.0
194616,11,8,,2019,5,12,4,3,5,3,0,0,1,0,0,0,0,0,"801478,55","5817971,456","13,43511","52,42865",8020625.0,Handwerker-Siedlung,5127.0,55.0
194617,11,12,,2019,5,12,4,3,5,3,0,1,1,0,0,0,0,0,"790579,008","5839713,713","13,29426","52,62946",12231102.0,Frohnau,3086.0,61.0
194618,11,4,,2019,5,15,4,3,0,2,0,0,1,0,0,0,1,0,"793503,5733","5825309,422","13,32461","52,49876",4051448.0,Schaperstraße,3448.0,49.0
194619,11,4,,2019,5,15,4,3,0,6,0,1,1,0,0,0,0,0,"793303,0783","5823754,17","13,32029","52,48493",4051549.0,Rathaus Wilmersdorf,3444.0,24.0
194620,11,10,,2019,5,16,4,3,2,1,0,0,1,0,0,0,0,0,"810512,3879","5827974,251","13,57686","52,51323",10020622.0,Kaulsdorf Nord I,7252.0,60.0
194621,11,2,,2019,5,10,4,3,0,1,0,0,0,0,1,0,0,1,"799282,541","5826219,366","13,4103","52,50378",2010103.0,Moritzplatz,4749.0,23.0
194622,11,12,,2019,4,17,3,3,5,3,0,1,1,0,0,0,0,0,"790967,1499","5834529,37","13,29542","52,58278",12304313.0,Borsigwalde,3072.0,57.0
194623,11,7,,2019,4,6,3,2,5,3,0,0,1,0,1,0,0,0,"796332,2021","5825092,714","13,36596","52,49529",7010104.0,Dennewitzplatz,4047.0,22.0
194624,11,1,,2019,4,9,3,3,2,2,0,0,1,0,0,0,0,0,"797179,4009","5831917,919","13,3845","52,55601",1033102.0,Gesundbrunnen,4365.0,7.0
194625,11,9,,2019,4,15,3,3,6,6,0,1,0,1,0,0,0,0,"808562,4573","5819104,777","13,54001","52,43485",9020701.0,Adlershof West,6629.0,41.0
194626,11,2,,2019,4,17,3,3,1,5,0,0,1,0,1,0,0,0,"799852,1146","5825823,338","13,41831","52,49992",2030301.0,Oranienplatz,4848.0,3.0
194627,11,1,,2019,4,7,3,3,2,6,1,0,1,0,0,0,0,0,"793878,0004","5830231,523","13,33445","52,54269",1044101.0,Rehberge,3661.0,43.0
194628,11,9,,2019,4,23,3,3,5,3,2,0,1,0,1,0,0,0,"807417,0875","5818311,38","13,52249","52,42839",9020701.0,Adlershof West,6427.0,48.0
194629,11,1,,2019,4,15,3,2,5,2,0,0,0,0,1,0,1,0,"796634,192","5829789,723","13,37458","52,53723",1033203.0,Humboldthain Nordwest,4259.0,40.0
194630,11,1,,2019,4,15,3,3,3,6,0,1,1,0,0,0,0,0,"796919,9784","5831542,388","13,38035","52,55279",1044201.0,Reinickendorfer Straße,4364.0,39.0
194631,11,9,,2019,4,15,3,3,5,3,0,1,1,0,0,0,0,0,"806015,4078","5820102,357","13,50358","52,44523",9010401.0,Johannisthal West,6132.0,56.0
194632,11,7,,2019,4,15,3,3,5,3,0,1,0,0,0,0,1,0,"797146,8825","5823822,619","13,37679","52,48347",7040401.0,Neu-Tempelhof,4243.0,50.0
194633,11,7,,2019,4,15,3,3,5,3,0,1,1,0,0,0,0,0,"793747,1463","5821713,614","13,32501","52,4664",7030301.0,Friedenau,3438.0,56.0
194634,11,4,,2019,4,15,3,2,5,7,0,1,1,0,0,0,0,0,"790410,8026","5825382,653","13,27924","52,50108",4020314.0,Messegelände,2849.0,40.0
194635,11,2,,2019,4,15,3,2,5,2,0,1,1,0,0,0,0,0,"798680,0182","5826445,145","13,40165","52,50614",2010102.0,Mehringplatz,4650.0,45.0
194636,11,1,,2019,4,15,3,2,5,7,0,0,1,0,1,0,0,0,"794854,6689","5828992,144","13,34771","52,53105",1022201.0,Stephankiez,3857.0,60.0
194637,11,2,,2019,4,14,3,3,5,3,0,1,1,0,0,0,0,0,"798514,8682","5826169,425","13,39898","52,50376",2010102.0,Mehringplatz,4549.0,56.0
194638,11,1,,2019,4,14,3,3,5,2,0,1,0,0,0,1,0,0,"793408,2861","5829078,436","13,32653","52,5326",1022101.0,Huttenkiez,3558.0,50.0
194639,11,10,,2019,4,14,3,3,3,6,0,1,0,0,0,0,1,0,"813212,9248","5825316,6","13,61403","52,48788",10040933.0,Mahlsdorf Süd,7745.0,65.0
194640,11,4,,2019,4,15,3,3,1,5,0,0,1,0,0,0,0,0,"791051,6605","5826351,101","13,2895","52,50942",4030724.0,Lietzensee,2951.0,33.0
194641,11,7,,2019,4,13,3,3,5,7,0,1,1,0,0,0,0,0,"795707,2049","5824041,262","13,35585","52,48621",7020203.0,Kaiser-Wilhelm-Platz,3944.0,21.0
194642,11,4,,2019,4,11,3,3,5,2,0,1,1,0,0,0,0,0,"792891,6925","5824757,108","13,31513","52,49414",4051446.0,Preußenpark,3347.0,62.0
194643,11,9,,2019,4,6,3,3,5,7,0,0,1,0,0,1,0,0,"806236,026","5822494,019","13,50901","52,46654",9020501.0,Oberschöneweide West,6238.0,43.0
194644,11,3,,2019,5,18,5,3,2,6,0,0,1,0,0,0,0,0,"800925,6469","5831198,171","13,43894","52,5475",3061228.0,Erich-Weinert-Straße,5162.0,47.0
194645,11,10,,2019,4,6,3,3,1,5,0,0,1,0,0,1,0,0,"807447,0093","5830728,883","13,53438","52,53966",10010203.0,Gewerbegebiet Bitterfelder Straße,6660.0,39.0
194646,11,5,,2019,4,6,3,3,5,3,0,0,1,0,0,0,0,0,"787269,2566","5830242,612","13,23728","52,54631",5030731.0,Gartenfelder Straße,2162.0,63.0
194647,11,7,,2019,5,18,5,3,5,3,0,0,1,0,0,0,0,0,"797929,7911","5818556,127","13,38359","52,43583",7050502.0,Fritz-Werner-Straße,4329.0,59.0
194648,11,3,,2019,5,14,5,3,5,3,0,1,0,0,0,0,0,1,"798836,0454","5831456,127","13,40845","52,55097",3061126.0,Arnimplatz,4763.0,56.0
194649,11,1,,2019,4,6,3,3,2,6,0,0,1,0,0,0,0,0,"796543,9255","5831927,801","13,37516","52,55645",1044201.0,Reinickendorfer Straße,4265.0,5.0
194650,11,10,,2019,5,14,5,2,2,6,0,0,1,0,0,0,0,1,"809588,09","5828534,085","13,5638","52,51878",10030724.0,Oberfeldstraße,7054.0,53.0
194651,11,11,,2019,5,14,5,3,5,3,0,1,1,0,0,0,0,1,"806449,4155","5826869,53","13,51616","52,50563",11040926.0,Weitlingstraße,6350.0,50.0
194652,11,6,,2019,5,16,6,3,1,5,0,1,1,0,0,0,0,0,"793574,2415","5820963,488","13,32182","52,45977",6010102.0,Schloßstraße,3436.0,49.0
194653,11,11,,2019,5,16,6,3,2,2,0,0,0,0,1,0,1,0,"802427,995","5828890,968","13,45893","52,52599",11030618.0,Fennpfuhl West,5456.0,61.0
194654,11,2,,2019,5,16,6,3,2,6,0,0,1,0,1,0,0,0,"800168,844","5827328,842","13,42432","52,51324",2040701.0,Andreasviertel,4952.0,44.0
194655,11,12,,2019,5,15,6,2,2,6,0,0,1,0,0,0,0,0,"791191,5785","5830904,403","13,29554","52,55016",12214125.0,Waldidyll/Flughafensee,3063.0,49.0
194656,11,1,,2019,5,15,6,3,1,5,0,1,1,0,0,0,0,0,"797040,0027","5828398,904","13,37931","52,52455",1011301.0,Charitéviertel,4255.0,45.0
194657,11,5,,2019,5,15,6,3,5,2,0,0,1,0,1,0,0,0,"783507,6076","5822041,799","13,17497","52,47475",5040934.0,Alt-Gatow,1241.0,65.0
194658,11,2,,2019,5,15,6,3,2,6,0,0,1,0,0,0,1,0,"798083,0715","5826489,931","13,39292","52,50686",2010102.0,Mehringplatz,4450.0,25.0
194659,11,11,,2019,5,13,6,3,5,2,0,0,0,0,0,1,1,0,"803007,8226","5830784,44","13,46918","52,54264",11020513.0,Orankesee,5661.0,61.0
194660,11,4,,2019,5,13,6,2,5,2,0,1,1,0,0,0,0,0,"793633,6498","5824865,512","13,32612","52,49472",4051448.0,Schaperstraße,3547.0,43.0
194661,11,1,,2019,5,13,6,3,0,5,0,1,0,0,0,0,1,0,"797752,4679","5828802,039","13,39014","52,52777",1011302.0,Oranienburger Straße,4456.0,28.0
194662,11,2,,2019,5,13,6,3,5,3,0,0,1,0,0,0,0,0,"799704,9067","5826006,481","13,41631","52,50164",2030301.0,Oranienplatz,4849.0,28.0
194663,11,11,,2019,5,12,6,3,3,6,0,1,0,0,0,0,1,0,"803275,6778","5826146,086","13,46889","52,50092",2050803.0,Stralauer Kiez,5649.0,33.0
194664,11,9,,2019,5,11,6,3,0,3,0,0,1,0,0,0,1,0,"808740,2692","5818502,998","13,54206","52,42936",9020701.0,Adlershof West,6728.0,57.0
194665,11,9,,2019,5,9,5,3,3,6,0,1,0,0,0,0,1,0,"801672,6423","5825161,335","13,44445","52,49298",9010101.0,Elsenstraße,5246.0,59.0
194666,11,6,,2019,5,20,5,3,2,6,1,0,1,0,0,0,0,0,"793196,7893","5819819,793","13,31527","52,44972",6030609.0,Augustaplatz,3334.0,60.0
194667,11,5,,2019,5,19,5,3,5,2,0,0,1,0,0,0,0,1,"789675,18","5829301,072","13,27184","52,5366",5030832.0,Rohrdamm,2659.0,45.0
194668,11,1,,2019,5,19,5,3,5,3,0,1,1,0,0,0,0,1,"795774,917","5829084,013","13,36132","52,53137",1022201.0,Stephankiez,4057.0,61.0
194669,11,1,,2019,5,19,5,3,2,6,0,0,1,0,0,0,0,1,"795770,8142","5831869,086","13,36374","52,55634",1044203.0,Leopoldplatz,4065.0,7.0
194670,11,12,,2019,5,23,5,3,0,1,2,0,0,0,1,0,0,1,"791164,151","5834024,744","13,29788","52,57815",12214125.0,Waldidyll/Flughafensee,3071.0,39.0
194671,11,6,,2019,5,8,5,3,0,1,0,0,0,0,0,0,1,1,"792720,5039","5816241,039","13,30515","52,41789",6020408.0,Lichterfelde Süd,3124.0,62.0
194672,11,5,,2019,5,12,5,3,2,4,0,0,1,1,0,0,0,1,"784885,3067","5830156,404","13,20215","52,54679",5010312.0,Kurstraße,1662.0,57.0
194673,11,4,,2019,5,12,5,3,2,6,0,0,1,0,0,1,0,1,"790563,8669","5825419,472","13,28152","52,50132",4020314.0,Messegelände,2849.0,40.0
194674,11,6,,2019,5,12,5,3,6,2,0,0,0,1,0,0,1,1,"793052,7272","5816371,776","13,31014","52,41888",6020408.0,Lichterfelde Süd,3225.0,57.0
194675,11,2,,2019,5,11,5,3,5,3,0,0,1,0,0,0,0,1,"798538,9619","5825340,119","13,39859","52,49631",2020204.0,Urbanstraße,4547.0,11.0
194676,11,10,,2019,5,10,5,3,6,2,0,0,1,1,0,0,0,1,"809190,2108","5830208,994","13,55952","52,53401",10030724.0,Oberfeldstraße,6958.0,57.0
194677,11,2,,2019,5,10,5,3,0,2,0,0,1,0,0,0,1,1,"802039,4521","5827167,37","13,45166","52,51076",2050802.0,Boxhagener Platz,5351.0,36.0
194678,11,2,,2019,5,10,5,3,2,6,0,0,0,0,0,0,1,1,"800870,9334","5826856,409","13,43421","52,50862",2040701.0,Andreasviertel,5151.0,39.0
194679,11,2,,2019,5,9,5,3,5,3,0,1,1,0,0,0,0,1,"801108,4021","5827043,87","13,43787","52,51017",2040703.0,Wriezener Bahnhof/Entwicklungsgebiet,5151.0,39.0
194680,11,2,,2019,5,9,5,3,5,3,0,0,1,0,1,0,0,1,"800625,1704","5825680,819","13,42954","52,49822",2030401.0,Reichenberger Straße,5048.0,24.0
194681,11,12,,2019,5,9,5,3,5,3,0,0,1,0,0,0,0,1,"796741,1278","5833529,995","13,3795","52,5707",12103116.0,Hausotterplatz,4269.0,61.0
194682,11,2,,2019,5,8,5,3,2,6,0,0,1,0,0,0,0,1,"798501,383","5825362,595","13,39806","52,49653",2020204.0,Urbanstraße,4547.0,11.0
194683,11,1,,2019,5,8,5,3,5,2,0,0,1,0,0,0,0,1,"796695,7454","5831632,059","13,37713","52,55371",1044201.0,Reinickendorfer Straße,4264.0,38.0
194684,11,2,,2019,5,8,5,2,5,2,0,0,1,0,1,0,0,1,"802768,3787","5827684,086","13,46283","52,51499",2050602.0,Samariterviertel,5553.0,28.0
194685,11,3,,2019,5,8,5,3,4,6,0,0,1,0,0,1,0,1,"800997,7698","5833690,921","13,44226","52,56981",3030715.0,Heinersdorf,5269.0,57.0
194686,11,7,,2019,5,6,5,3,6,2,0,0,1,1,0,0,0,1,"797506,2777","5819279,941","13,37802","52,44255",7050501.0,Rathausstraße,4231.0,65.0
194687,11,4,,2019,5,5,5,2,1,1,1,0,1,0,0,0,0,1,"793593,1639","5827840,079","13,32815","52,5214",4030621.0,Spreestadt,3555.0,16.0
194688,11,11,,2019,5,2,5,2,6,4,2,0,0,1,0,1,0,1,"803909,919","5828257,616","13,48013","52,51949",11030721.0,Rüdigerstraße,5754.0,53.0
194689,11,6,,2019,5,17,5,2,6,4,0,0,1,1,0,0,0,0,"795273,5393","5818159,212","13,34428","52,43371",6020303.0,Lankwitz Kirche,3729.0,56.0
194690,11,3,,2019,5,17,5,3,2,6,0,0,1,0,1,0,0,1,"799571,5765","5828972,39","13,41703","52,5283",3071537.0,Kollwitzplatz,4857.0,54.0
194691,11,5,,2019,5,13,5,3,1,5,0,1,1,0,0,0,0,1,"785642,3046","5828568,896","13,21192","52,53216",5010314.0,Carl-Schurz-Straße,1858.0,63.0
194692,11,11,,2019,5,17,5,2,1,5,0,1,1,0,0,0,0,0,"805966,5069","5825290,122","13,50762","52,49175",11041128.0,Sewanstraße,6246.0,65.0
194693,11,2,,2019,5,17,5,3,1,5,0,1,1,0,0,0,0,0,"801778,8935","5825794,152","13,44658","52,4986",2030402.0,Wrangelkiez,5248.0,21.0
194694,11,2,,2019,5,16,5,3,0,2,0,0,0,0,1,0,1,1,"802768,038","5827682,907","13,46283","52,51498",2050602.0,Samariterviertel,5553.0,28.0
194695,11,1,,2019,5,16,5,3,6,4,0,0,1,1,0,0,0,1,"796836,4116","5831496,938","13,37908","52,55243",1044201.0,Reinickendorfer Straße,4264.0,38.0
194696,11,1,,2019,5,15,5,3,6,2,0,0,1,1,0,0,0,1,"797253,17","5827355,928","13,38151","52,51508",1011201.0,Wilhelmstraße,4353.0,37.0
194697,11,3,,2019,5,15,5,3,1,5,0,1,1,0,0,0,0,1,"799611,6666","5832084,792","13,42042","52,55618",3040818.0,Pankow Süd,4965.0,61.0
194698,11,4,,2019,5,15,5,3,5,5,0,0,0,0,1,0,1,1,"793453,4467","5826556,098","13,32497","52,50997",4030623.0,Ernst-Reuter-Platz,3451.0,50.0
194699,11,12,,2019,5,15,5,2,0,1,0,0,0,0,1,0,0,1,"793134,2464","5835277,916","13,32798","52,58833",12301203.0,Wittenau Süd,3574.0,63.0
194700,11,7,,2019,5,14,5,3,2,6,0,0,1,0,0,0,0,1,"797244,3536","5820762,254","13,3755","52,45598",7040403.0,Manteuffelstraße,4235.0,48.0
194701,11,1,,2019,5,14,5,3,2,6,0,0,1,0,0,0,0,1,"797036,1036","5831894,135","13,38237","52,55588",1044201.0,Reinickendorfer Straße,4365.0,7.0
194702,11,10,,2019,5,10,4,3,2,6,0,0,1,0,0,0,0,0,"809906,7119","5831576,953","13,57132","52,54586",10010310.0,Alt-Marzahn,7162.0,51.0
194703,11,4,,2019,5,10,4,2,5,3,0,0,1,0,1,0,0,0,"789829,513","5826308,723","13,2715","52,50969",4020311.0,Reichsstraße,2651.0,45.0
194704,11,7,,2019,5,11,4,3,5,2,0,1,1,0,0,0,0,0,"800108,112","5821434,533","13,41812","52,46044",7040406.0,Germaniagarten,4837.0,50.0
194705,11,1,,2019,5,12,4,3,5,3,0,1,1,0,0,0,0,0,"799139,8896","5827828,865","13,40965","52,51829",1011303.0,Alexanderplatzviertel,4754.0,20.0
194706,11,3,,2019,5,14,4,3,2,6,0,0,0,0,0,1,1,0,"799036,172","5830376,173","13,41042","52,54118",3061131.0,Falkplatz,4760.0,20.0
194707,11,9,,2019,5,14,4,3,5,3,0,1,1,0,0,0,0,1,"811115,3389","5822357,823","13,58047","52,46256",9052001.0,Köpenick Nord,7237.0,52.0
194708,11,5,,2019,5,15,4,3,1,5,0,1,1,0,0,0,0,0,"782063,847","5830186,162","13,16068","52,54853",5010206.0,Gütersloher Weg,1062.0,61.0
194709,11,5,,2019,5,16,4,3,5,3,0,1,1,0,0,0,0,0,"784596,4003","5827970,939","13,19603","52,52735",5020626.0,Adamstraße,1556.0,46.0
194710,11,4,,2019,5,16,4,3,2,6,0,0,1,0,0,0,0,0,"790895,9026","5824758,164","13,28582","52,49522",4031032.0,Halensee,2947.0,18.0
194711,11,5,,2019,5,16,4,3,2,6,0,0,1,0,0,0,0,0,"779568,0472","5827837,031","13,12199","52,52875",5020521.0,Döberitzer Weg,457.0,54.0
194712,11,1,,2019,5,17,4,3,1,5,0,1,1,0,0,0,0,0,"798870,2126","5826660,16","13,40464","52,50796",1011305.0,Heine-Viertel West,4651.0,31.0
194713,11,4,,2019,5,17,4,3,2,6,0,0,1,0,0,0,0,0,"790747,6763","5827375,957","13,28593","52,51877",4030415.0,Schloßgarten,2954.0,41.0
194714,11,10,,2019,5,18,4,3,5,3,0,1,1,0,0,0,0,0,"812010,4005","5830589,949","13,60132","52,53582",10020413.0,Gut Hellersdorf,7559.0,63.0