ObjectID,State,District,LOR_ab_2021,AccidentYear,AccidentMonth,AccidentHour,DayOfWeek,AccidentCategory,AccidentType,AccidentTypeDetail,LightingCondition,InvolvingBike,InvolvingCar,InvolvingPedestrian,InvolvingMotorcycle,InvolvingHGV,InvolvingOther,RoadCondition,GraphicCoord1,GraphicCoord2,LongitudeWGS84,LatitudeWGS84,quadrant,quadrant_rank
194715,11,10,,2019,5,15,4,2,6,4,0,0,1,1,0,0,0,1,"813246,9276","5831036,357","13,61991","52,53911",10020517.0,Adele-Sandrock-Straße,7860.0,60.0
194716,11,5,,2019,5,12,4,3,0,5,0,0,1,0,0,0,1,0,"780159,733","5828726,952","13,13144","52,53642",5020420.0,Werkstraße,659.0,65.0
194717,11,4,,2019,5,17,4,3,2,6,0,0,1,0,0,0,0,0,"791929,9608","5826205,316","13,30228","52,50764",4030725.0,Amtsgerichtsplatz,3150.0,36.0
194718,11,1,,2019,5,10,4,3,2,6,0,0,1,0,0,0,0,0,"794775,0114","5826232,823","13,3441","52,50636",1011101.0,Stülerstraße,3750.0,33.0
194719,11,3,,2019,5,10,4,3,2,2,0,0,0,0,1,0,0,0,"798656,8318","5831793,983","13,40612","52,55409",3061126.0,Arnimplatz,4664.0,42.0
194720,11,4,,2019,5,9,4,2,6,7,0,0,1,1,0,0,0,0,"791967,0817","5825240,483","13,30197","52,49897",4030726.0,Droysenstraße,3148.0,24.0
194721,11,1,,2019,5,9,4,3,5,3,0,1,1,0,0,0,0,0,"794797,2141","5828309,441","13,34626","52,52496",1022204.0,Thomasiusstraße,3856.0,49.0
194722,11,2,,2019,5,9,4,3,5,2,0,1,1,0,0,0,0,0,"798797,741","5824935,578","13,40203","52,49254",2020204.0,Urbanstraße,4646.0,50.0
194723,11,1,,2019,5,9,4,3,2,6,0,1,0,0,0,0,0,0,"800138,0224","5827373,49","13,42391","52,51366",1011304.0,Karl-Marx-Allee,4952.0,44.0
194724,11,4,,2019,5,9,4,3,3,6,0,0,1,0,0,0,0,0,"790492,6671","5826677,484","13,28157","52,51264",4020313.0,Königin-Elisabeth-Straße,2852.0,40.0
194725,11,2,,2019,5,9,4,3,2,2,0,0,1,0,0,0,0,0,"797781,5727","5824941,956","13,38711","52,49315",2020203.0,Viktoriapark,4446.0,12.0
194726,11,4,,2019,5,22,4,3,0,2,2,0,1,0,1,0,0,0,"791964,0814","5825257,345","13,30195","52,49912",4030726.0,Droysenstraße,3148.0,24.0
194727,11,1,,2019,5,8,4,3,2,3,0,1,1,0,0,0,0,0,"797765,4326","5827448,796","13,38912","52,51563",1011203.0,Unter den Linden Süd,4453.0,15.0
194728,11,2,,2019,5,8,4,3,6,2,0,0,0,1,0,0,1,0,"799593,2433","5825828,281","13,41451","52,50011",2010103.0,Moritzplatz,4848.0,3.0
194729,11,12,,2019,5,8,4,3,5,3,0,1,1,0,0,0,0,0,"791374,32","5833124,802","13,30018","52,56997",12214125.0,Waldidyll/Flughafensee,3169.0,61.0
194730,11,11,,2019,5,8,4,3,1,5,0,1,1,0,0,0,0,0,"803824,3205","5828349,301","13,47895","52,52036",11030721.0,Rüdigerstraße,5754.0,53.0
194731,11,7,,2019,5,7,4,3,5,3,0,1,1,0,0,0,0,0,"794798,2513","5823734,554","13,34223","52,48395",7020202.0,Volkspark (Rudolf-Wilde-Park),3744.0,45.0
194732,11,9,,2019,5,7,4,3,6,4,0,0,1,1,0,0,0,0,"808552,9596","5819121,429","13,53989","52,43501",9020701.0,Adlershof West,6629.0,41.0
194733,11,1,,2019,5,21,4,3,8,1,2,0,1,0,0,0,0,1,"796744,0552","5830484,306","13,37682","52,5434",1033203.0,Humboldthain Nordwest,4261.0,37.0
194734,11,8,,2019,5,7,4,3,6,4,0,0,1,1,0,0,0,0,"801794,426","5823034,397","13,44431","52,47385",8010404.0,Rixdorf,5241.0,60.0
194735,11,9,,2019,5,7,4,3,5,3,0,0,1,0,1,0,0,0,"810473,7888","5820264,069","13,56912","52,44416",9020802.0,Köllnische Vorstadt,7132.0,48.0
194736,11,5,,2019,5,7,4,2,5,2,0,1,1,0,0,0,0,0,"786719,5581","5828213,484","13,22745","52,52841",5010339.0,Freiheit,2057.0,59.0
194737,11,5,,2019,5,6,4,3,2,6,0,0,1,0,0,0,0,0,"789773,6498","5829265,461","13,27326","52,53622",5030832.0,Rohrdamm,2759.0,59.0
194738,11,4,,2019,5,18,4,3,5,2,0,1,1,0,0,0,0,1,"793474,2577","5824732,169","13,32367","52,49361",4051448.0,Schaperstraße,3446.0,47.0
194739,11,9,,2019,5,7,3,3,4,6,0,1,0,0,0,0,0,0,"811048,5536","5816925,014","13,57444","52,41391",9031101.0,Grünau,7123.0,63.0
194740,11,11,,2019,5,6,3,3,5,2,0,1,1,0,0,0,0,0,"803330,1831","5830082,83","13,47328","52,53617",11020515.0,Landsberger Allee,5659.0,55.0
194741,11,4,,2019,5,18,3,3,5,2,0,0,1,0,0,0,0,0,"793343,8697","5823071,599","13,32029","52,47879",4051551.0,Brabanter Platz,3442.0,43.0
194742,11,9,,2019,5,17,3,3,6,4,0,0,1,1,0,0,0,0,"810657,4944","5821080,043","13,57257","52,45137",9051901.0,Dammvorstadt,7134.0,43.0
194743,11,12,,2019,5,16,3,3,6,2,0,0,1,1,0,0,0,0,"792284,5413","5833928,505","13,31428","52,57669",12214422.0,Klixstraße,3371.0,40.0
194744,11,1,,2019,5,16,3,2,6,4,0,0,1,1,0,0,0,0,"796442,1858","5832092,099","13,37382","52,55798",1033101.0,Soldiner Straße,4265.0,5.0
194745,11,5,,2019,5,5,3,3,5,2,0,1,1,0,0,0,0,0,"786252,1905","5829129,244","13,22137","52,53686",5030730.0,Zitadellenweg,1959.0,49.0
194746,11,5,,2019,5,19,3,3,5,3,0,0,1,0,0,0,0,0,"782800,1153","5830384,756","13,17167","52,54992",5010209.0,An der Kappe,1263.0,61.0
194747,11,5,,2019,5,16,3,2,5,7,0,0,1,0,0,1,0,0,"787999,8715","5830187,348","13,24798","52,54543",5030731.0,Gartenfelder Straße,2362.0,54.0
194748,11,1,,2019,5,17,3,3,8,1,0,0,1,0,0,0,0,0,"797576,7802","5828569,24","13,38735","52,52578",1011301.0,Charitéviertel,4456.0,28.0
194749,11,1,,2019,5,13,3,3,5,2,0,0,1,0,0,0,0,0,"796855,324","5830644,512","13,3786","52,54478",1033203.0,Humboldthain Nordwest,4261.0,37.0
194750,11,4,,2019,5,22,3,2,6,4,2,0,1,1,0,0,0,0,"791174,1439","5824964,605","13,29009","52,49692",4031032.0,Halensee,2947.0,18.0
194751,11,7,,2019,5,13,3,3,5,2,0,1,1,0,0,0,0,0,"798861,3012","5813649,347","13,39287","52,39134",7070705.0,Franziusweg/Rohrbachstraße,4416.0,63.0
194752,11,12,,2019,5,13,3,3,5,3,0,1,1,0,0,0,0,0,"793826,9076","5836348,108","13,33912","52,59755",12302108.0,Märkisches Zentrum,3677.0,61.0
194753,11,3,,2019,5,13,3,3,5,2,0,1,1,0,0,0,0,0,"800190,4756","5830932,505","13,42789","52,54553",3061228.0,Erich-Weinert-Straße,5062.0,44.0
194754,11,7,,2019,5,11,3,3,5,2,0,1,1,0,0,0,0,0,"793989,873","5821548,87","13,32843","52,46479",7030301.0,Friedenau,3538.0,44.0
194755,11,7,,2019,5,9,3,3,5,2,0,1,1,0,0,0,0,0,"794952,1199","5825645,634","13,34618","52,501",7010102.0,Nollendorfplatz,3849.0,22.0
194756,11,11,,2019,5,9,3,3,0,7,0,1,0,0,0,0,0,0,"807586,926","5824501,725","13,53068","52,48377",11051331.0,Karlshorst Nord,6543.0,63.0
194757,11,9,,2019,5,15,3,3,0,4,0,0,0,1,0,0,1,0,"811257,7372","5820224,523","13,58058","52,44336",9041501.0,Altstadt Kietz,7232.0,31.0
194758,11,7,,2019,5,9,3,2,5,7,0,0,1,0,0,0,0,0,"798347,557","5815900,579","13,38735","52,4118",7060603.0,Marienfelde Nordost,4422.0,65.0
194759,11,6,,2019,5,9,3,3,2,6,0,0,1,0,0,0,0,0,"790161,3871","5819797,243","13,27071","52,45113",6040810.0,Dahlem,2634.0,40.0
194760,11,5,,2019,5,8,3,3,3,2,0,0,1,0,0,1,0,0,"784709,8552","5828610,857","13,19824","52,53302",5020625.0,Borkumer Straße,1658.0,8.0
194761,11,3,,2019,5,8,3,3,2,6,0,0,1,0,0,1,0,0,"799540,559","5833962,642","13,42107","52,57305",3040614.0,Pankow Zentrum,4970.0,56.0
194762,11,7,,2019,5,7,3,3,5,2,0,1,0,0,0,0,1,0,"797204,5773","5818623,52","13,37301","52,43683",7050501.0,Rathausstraße,4230.0,54.0
194763,11,5,,2019,5,7,3,3,5,7,0,0,1,0,1,0,0,0,"784077,5348","5831148,963","13,19112","52,55611",5010103.0,Amorbacher Weg,1465.0,57.0
194764,11,3,,2019,5,7,3,3,5,3,0,0,1,0,0,0,0,0,"799744,2674","5831841,938","13,42215","52,55393",3040818.0,Pankow Süd,4964.0,49.0
194765,11,9,,2019,5,16,3,3,2,6,0,0,1,0,0,0,1,0,"808355,907","5819446,392","13,5373","52,43803",9020701.0,Adlershof West,6630.0,65.0
194766,11,3,,2019,5,16,3,3,5,3,0,1,1,0,0,0,0,0,"799127,4215","5830556,244","13,41192","52,54274",3061131.0,Falkplatz,4761.0,38.0
194767,11,3,,2019,5,16,3,3,5,3,0,1,1,0,0,0,0,0,"800085,705","5831671,197","13,42702","52,55221",3061227.0,Humannplatz,5064.0,24.0
194768,11,8,,2019,5,15,3,3,2,6,0,0,1,0,0,0,0,0,"805300,9048","5818198,645","13,49136","52,42856",8041037.0,Alt-Rudow,5927.0,61.0
194769,11,2,,2019,5,15,3,3,1,5,0,1,1,0,0,0,0,0,"800891,5997","5826110,274","13,43384","52,50192",2030302.0,Lausitzer Platz,5149.0,46.0
194770,11,7,,2019,5,15,3,3,1,5,0,1,0,0,0,0,1,0,"797208,1037","5821393,361","13,37553","52,46166",7040403.0,Manteuffelstraße,4237.0,59.0
194771,11,1,,2019,5,11,3,3,5,3,0,1,0,0,1,0,0,0,"795211,0002","5828229,304","13,35227","52,52402",1022204.0,Thomasiusstraße,3855.0,43.0
194772,11,8,,2019,5,11,3,3,0,6,0,1,0,0,0,0,1,0,"800997,7986","5822176,36","13,43184","52,4666",8010118.0,Silbersteinstraße,5038.0,31.0
194773,11,10,,2019,5,14,2,3,5,3,0,0,1,0,0,0,0,0,"810011,6813","5832304,951","13,57354","52,55233",10010206.0,Ringkolonnaden,7164.0,58.0
194774,11,2,,2019,5,16,2,3,6,7,0,1,0,1,0,0,0,0,"798629,4544","5825311,279","13,39989","52,496",2020204.0,Urbanstraße,4647.0,52.0
194775,11,3,,2019,5,12,2,3,1,5,0,1,1,0,0,0,0,0,"802801,5972","5828576,123","13,46413","52,52296",3061441.0,Eldenaer Straße,5555.0,53.0
194776,11,7,,2019,5,9,2,2,0,5,0,0,1,0,0,0,1,0,"796117,0279","5815936,531","13,35468","52,41333",7060604.0,Marienfelde Süd,3923.0,60.0
194777,11,11,,2019,5,15,2,3,5,3,0,1,1,0,0,0,0,0,"805491,9218","5827157,094","13,50236","52,50875",11040926.0,Weitlingstraße,6151.0,48.0
194778,11,5,,2019,5,11,2,2,0,1,0,0,1,0,1,0,0,0,"783447,9605","5826733,803","13,17809","52,51685",5020524.0,Weinmeisterhornweg,1353.0,41.0
194779,11,1,,2019,5,9,2,3,3,6,0,1,0,0,0,0,0,0,"799107,9376","5827140,17","13,40856","52,51213",1011305.0,Heine-Viertel West,4752.0,45.0
194780,11,2,,2019,5,15,2,3,5,3,0,0,1,0,0,0,0,0,"800591,8972","5827048,699","13,43028","52,5105",2040701.0,Andreasviertel,5051.0,33.0
194781,11,11,,2019,5,15,2,3,6,7,0,0,0,1,1,0,0,0,"806791,6013","5833787,367","13,52757","52,56744",11010204.0,Falkenberg Ost,6568.0,65.0
194782,11,3,,2019,5,14,2,3,2,2,0,1,1,0,0,0,0,0,"801740,3856","5829170,432","13,44908","52,52888",3061435.0,Conrad-Blenkle-Straße,5357.0,55.0
194783,11,11,,2019,5,14,2,3,5,2,0,1,1,0,0,0,0,0,"806996,9693","5825780,863","13,5232","52,49557",11041128.0,Sewanstraße,6447.0,54.0
194784,11,11,,2019,5,14,2,2,5,7,0,0,1,0,0,0,1,0,"806701,7124","5826903,615","13,5199","52,5058",11040926.0,Weitlingstraße,6350.0,50.0
194785,11,5,,2019,5,14,2,3,5,3,0,1,1,0,0,0,0,0,"788963,6388","5829790,687","13,26181","52,54136",5030832.0,Rohrdamm,2560.0,61.0
194786,11,8,,2019,5,13,2,3,2,6,0,0,1,0,0,0,0,0,"804076,024","5819258,85","13,47436","52,43875",8041035.0,Blumenviertel,5730.0,63.0
194787,11,2,,2019,5,11,2,3,5,2,0,0,1,0,1,0,0,0,"801701,6579","5825858,233","13,44551","52,49921",2030402.0,Wrangelkiez,5248.0,21.0
194788,11,1,,2019,5,10,2,3,2,2,0,1,1,0,0,0,0,0,"796636,2115","5829797,861","13,37462","52,53731",1033203.0,Humboldthain Nordwest,4259.0,40.0
194789,11,10,,2019,5,9,2,3,2,6,0,0,1,0,0,0,0,0,"809391,801","5831416,355","13,5636","52,54472",10010310.0,Alt-Marzahn,7061.0,57.0
194790,11,8,,2019,5,10,2,3,0,1,0,0,0,0,1,0,0,0,"801105,6963","5824045,046","13,43512","52,48329",8010303.0,Donaustraße,5143.0,6.0
194791,11,1,,2019,5,9,2,2,5,2,0,1,0,0,0,1,0,0,"799108,7869","5828466,04","13,40977","52,52402",1011303.0,Alexanderplatzviertel,4755.0,4.0
194792,11,11,,2019,5,15,2,3,5,3,0,0,1,0,0,0,0,0,"804696,1207","5830719,916","13,49394","52,54112",11020514.0,Große-Leege-Straße,6060.0,64.0
194793,11,9,,2019,5,14,2,3,8,1,0,0,1,0,0,0,0,0,"811809,5241","5818140,945","13,58672","52,42437",9041301.0,Kietzer Feld/Nachtheide,7326.0,60.0
194794,11,2,,2019,5,8,2,2,5,2,0,1,1,0,0,0,0,0,"800949,2019","5825524,498","13,43415","52,49664",2030401.0,Reichenberger Straße,5147.0,55.0
194795,11,1,,2019,5,8,2,3,1,5,0,1,1,0,0,0,1,0,"798538,8936","5826790,929","13,39989","52,50931",1011204.0,Leipziger Straße,4651.0,31.0
194796,11,7,,2019,5,8,2,2,6,4,0,0,0,1,1,0,0,0,"795199,5541","5825605,528","13,34978","52,5005",7010102.0,Nollendorfplatz,3848.0,36.0
194797,11,6,,2019,5,8,2,3,2,7,0,0,1,0,1,1,0,0,"794997,2999","5821377,003","13,34307","52,46271",6010210.0,Bismarckstraße,3737.0,55.0
194798,11,9,,2019,5,8,2,3,5,2,0,1,0,0,0,1,0,0,"810277,4531","5818053,555","13,56418","52,42446",9031101.0,Grünau,7026.0,65.0
194799,11,6,,2019,5,7,2,3,0,1,0,0,0,0,1,0,0,0,"790682,2482","5821048,534","13,27945","52,46208",6040810.0,Dahlem,2837.0,65.0
194800,11,4,,2019,5,7,2,3,5,3,0,0,1,0,1,0,0,0,"793085,124","5822780,311","13,31623","52,47632",4041344.0,Rüdesheimer Platz,3341.0,63.0
194801,11,7,,2019,5,12,2,3,5,3,0,1,1,0,0,0,0,0,"798071,4168","5814690,199","13,38222","52,4011",7060604.0,Marienfelde Süd,4319.0,61.0
194802,11,2,,2019,5,20,2,3,5,3,0,0,1,0,0,0,1,0,"803201,5498","5827260,878","13,46881","52,51095",2050801.0,Traveplatz,5651.0,53.0
194803,11,7,,2019,5,19,2,3,1,1,0,0,1,0,0,0,0,0,"797746,1973","5820398,892","13,38254","52,45245",7050501.0,Rathausstraße,4334.0,51.0
194804,11,12,,2019,5,18,2,3,2,6,0,0,1,0,0,0,0,0,"793511,6257","5832411,789","13,33099","52,56243",12214424.0,Scharnweberstraße,3566.0,39.0
194805,11,12,,2019,5,18,2,2,6,4,1,0,1,1,0,0,0,0,"792727,349","5833871,973","13,32075","52,57594",12214423.0,Mellerbogen,3470.0,55.0
194806,11,4,,2019,5,18,2,3,6,7,0,0,1,1,0,0,0,0,"792695,8545","5823099,215","13,3108","52,47938",4041343.0,Binger Straße,3242.0,39.0
194807,11,10,,2019,5,17,2,3,5,3,0,1,1,0,0,0,0,0,"811770,6273","5831763,074","13,59889","52,54647",10020412.0,Alte Hellersdorfer Straße,7562.0,61.0
194808,11,1,,2019,5,17,2,3,1,5,0,1,0,0,0,0,1,0,"799528,6038","5826741,844","13,41439","52,50833",1011305.0,Heine-Viertel West,4851.0,50.0
194809,11,5,,2019,5,16,2,2,6,4,0,0,1,1,0,0,0,0,"784521,2249","5828650,413","13,1955","52,53348",5020625.0,Borkumer Straße,1558.0,34.0
194810,11,2,,2019,5,16,2,3,5,3,0,0,1,0,0,0,1,0,"801772,1931","5828665,675","13,44909","52,52434",2050601.0,Hausburgviertel,5355.0,51.0
194811,11,9,,2019,5,15,2,3,5,2,0,1,0,0,0,0,1,0,"802327,5175","5825309,564","13,4542","52,49395",9010101.0,Elsenstraße,5446.0,19.0
194812,11,1,,2019,5,13,2,3,5,3,0,1,1,0,0,0,0,0,"799698,2284","5827210,026","13,4173","52,51243",1011305.0,Heine-Viertel West,4852.0,45.0
194813,11,5,,2019,5,12,2,3,3,3,0,0,1,0,0,0,0,0,"782558,6477","5830463,657","13,16819","52,55076",5010206.0,Gütersloher Weg,1163.0,42.0
194814,11,8,,2019,5,20,1,3,0,7,1,1,1,0,0,0,0,0,"803014,0658","5823520,194","13,46266","52,47753",8010508.0,Weiße Siedlung,5542.0,65.0
194815,11,4,,2019,5,19,1,3,1,7,0,1,1,0,0,0,0,0,"791849,4621","5825196,742","13,30021","52,49864",4031032.0,Halensee,3148.0,24.0
194816,11,6,,2019,5,18,1,3,5,7,0,0,1,0,1,0,0,0,"793003,9873","5817867,185","13,31073","52,43232",6030609.0,Augustaplatz,3228.0,32.0
194817,11,7,,2019,5,17,1,3,5,2,0,1,1,0,0,0,0,0,"795448,8276","5825344,347","13,35321","52,49803",7010102.0,Nollendorfplatz,3948.0,43.0
194818,11,6,,2019,5,17,1,3,1,5,0,1,1,0,0,0,0,0,"792860,1046","5815408,961","13,30647","52,41035",6020408.0,Lichterfelde Süd,3222.0,65.0
194819,11,9,,2019,5,16,1,3,6,7,0,0,0,1,1,0,0,0,"814080,0546","5821883,941","13,62352","52,45662",9051702.0,Bölschestraße,7936.0,55.0
194820,11,9,,2019,5,16,1,3,5,2,0,1,1,0,0,0,0,0,"810635,8732","5821048,723","13,57222","52,4511",9051901.0,Dammvorstadt,7134.0,43.0
194821,11,3,,2019,5,16,1,3,2,6,0,0,1,0,1,0,0,0,"800275,4868","5831605,725","13,42975","52,55152",3061227.0,Humannplatz,5063.0,29.0
194822,11,6,,2019,5,16,1,3,5,3,0,0,1,0,0,0,0,0,"787738,5978","5818260,43","13,23384","52,43864",6040804.0,Krumme Lanke,2130.0,45.0
194823,11,6,,2019,5,12,1,3,1,7,0,1,1,0,0,0,0,0,"793062,9022","5818173,343","13,31186","52,43503",6030609.0,Augustaplatz,3229.0,58.0
194824,11,10,,2019,5,15,1,3,5,2,0,0,1,0,0,0,0,0,"812579,558","5830318,931","13,60943","52,53306",10020517.0,Adele-Sandrock-Straße,7758.0,62.0
194825,11,9,,2019,5,14,1,3,3,6,0,0,1,0,0,0,0,0,"811720,8954","5823293,614","13,59023","52,4706",9052001.0,Köpenick Nord,7440.0,65.0
194826,11,3,,2019,5,12,1,3,0,3,0,1,1,0,0,0,0,0,"801627,5346","5836352,235","13,45395","52,59331",3030711.0,Blankenburg,5476.0,61.0
194827,11,8,,2019,5,16,1,3,3,6,0,1,1,0,0,0,0,0,"801054,0061","5824921,287","13,43515","52,49117",8010301.0,Reuterkiez,5146.0,51.0
194828,11,1,,2019,5,11,1,2,5,7,0,0,1,0,1,0,0,0,"793541,0291","5829060,08","13,32846","52,53237",1022102.0,Beusselkiez,3558.0,50.0
194829,11,2,,2019,5,9,1,3,4,6,0,1,0,0,0,0,0,0,"797613,1853","5824984,564","13,38468","52,49363",2020203.0,Viktoriapark,4346.0,53.0
194830,11,4,,2019,5,10,1,2,5,2,0,0,1,0,0,0,0,0,"790387,6752","5825674,979","13,27915","52,50371",4020314.0,Messegelände,2849.0,40.0
194831,11,2,,2019,5,13,1,3,6,4,0,1,0,1,0,0,0,0,"800201,2074","5824411,83","13,42217","52,48708",2020206.0,Graefekiez,4944.0,25.0
194832,11,1,,2019,5,13,1,3,2,2,0,1,1,0,0,0,0,0,"797590,3553","5828353,179","13,38735","52,52384",1011301.0,Charitéviertel,4455.0,27.0
194833,11,9,,2019,5,10,1,3,5,2,0,0,1,0,0,0,1,0,"809391,89","5821482,711","13,55438","52,4557",9020502.0,Oberschöneweide Ost,6835.0,61.0
194834,11,8,,2019,5,4,1,3,5,7,1,0,1,0,0,0,0,1,"800675,026","5824113,057","13,42885","52,48414",8010303.0,Donaustraße,5044.0,14.0
194835,11,9,,2019,5,20,1,3,0,7,0,0,1,0,0,0,0,0,"802657,2975","5824431,568","13,45825","52,4859",9010101.0,Elsenstraße,5444.0,54.0
194836,11,12,,2019,5,19,1,2,5,3,0,0,1,0,0,0,0,0,"795259,8949","5836637,935","13,36048","52,59937",12302109.0,Treuenbrietzener Straße,4077.0,58.0
194837,11,7,,2019,5,12,7,3,5,3,0,1,0,0,0,0,1,0,"795000,7494","5823312,432","13,34483","52,48006",7020202.0,Volkspark (Rudolf-Wilde-Park),3742.0,48.0
194838,11,5,,2019,5,18,1,3,5,3,0,0,1,0,1,0,0,0,"781738,1891","5828424,998","13,15439","52,5329",5020419.0,Magistratsweg,958.0,48.0
194839,11,1,,2019,5,14,7,3,6,2,0,0,1,1,0,0,0,0,"794612,8561","5831374,565","13,34627","52,55254",1044101.0,Rehberge,3864.0,60.0
194840,11,4,,2019,5,18,1,2,2,6,0,0,1,0,0,0,0,0,"794205,5548","5826084,382","13,3356","52,50533",4030931.0,Breitscheidplatz,3650.0,32.0
194841,11,5,,2019,5,17,1,2,6,4,0,0,1,1,0,0,0,0,"785595,3343","5832202,449","13,21435","52,56476",5010101.0,Hakenfelde Nord,1867.0,58.0
194842,11,1,,2019,5,11,7,3,3,6,0,1,0,0,0,0,0,0,"794318,0025","5828450,573","13,33935","52,52648",1022104.0,Emdener Straße,3756.0,4.0
194843,11,4,,2019,5,16,1,3,1,5,0,0,1,0,0,0,0,0,"790964,741","5823218,889","13,28549","52,48138",4041137.0,Flinsberger Platz,2943.0,55.0
194844,11,1,,2019,5,17,1,2,5,2,0,0,1,0,0,0,1,0,"795663,6242","5829738,909","13,36027","52,53731",1022202.0,Heidestraße,4059.0,30.0
194845,11,5,,2019,5,12,7,3,2,7,0,0,1,0,0,0,0,0,"784573,7714","5828437,344","13,19609","52,53154",5020625.0,Borkumer Straße,1557.0,28.0
194846,11,8,,2019,5,16,1,3,0,1,0,0,0,0,1,0,0,1,"800881,7321","5824265,286","13,43203","52,48539",8010301.0,Reuterkiez,5044.0,14.0
194847,11,11,,2019,5,17,7,2,0,1,0,0,0,0,1,0,0,1,"803239,8134","5829620,784","13,47153","52,53208",11030618.0,Fennpfuhl West,5658.0,55.0
194848,11,9,,2019,5,16,1,2,5,3,0,1,1,0,0,0,0,0,"818930,6181","5820234,175","13,6931","52,43903",9051801.0,Rahnsdorf/Hessenwinkel,8930.0,65.0
194849,11,1,,2019,5,16,1,3,3,6,0,1,1,0,0,0,0,0,"798211,6395","5829356,587","13,39738","52,53249",1011401.0,Invalidenstraße,4558.0,14.0
194850,11,6,,2019,5,23,7,3,5,2,2,0,1,0,0,0,0,0,"794871,372","5817933,697","13,33818","52,43191",6020304.0,Kaiser-Wilhelm-Straße,3628.0,54.0
194851,11,5,,2019,5,19,7,3,5,2,0,0,1,0,0,0,0,1,"784356,7062","5830003,074","13,19424","52,54569",5010313.0,Ackerstraße,1562.0,57.0
194852,11,6,,2019,5,16,1,3,0,1,0,0,1,0,1,0,0,1,"795155,4358","5818833,071","13,34314","52,43982",6020302.0,Komponistenviertel Lankwitz,3731.0,60.0
194853,11,1,,2019,5,15,1,3,5,2,0,1,1,0,0,0,0,0,"795703,8228","5828178,073","13,35947","52,52329",1022206.0,Lüneburger Straße,4055.0,49.0
194854,11,5,,2019,5,18,7,3,5,3,1,0,1,0,0,0,0,1,"782606,1708","5827484,517","13,16636","52,52402",5020523.0,Maulbeerallee,1155.0,58.0
194855,11,6,,2019,5,13,1,3,1,5,0,1,1,0,0,0,0,0,"786758,5891","5817508,623","13,21881","52,43241",6040703.0,Nikolassee,1928.0,56.0
194856,11,2,,2019,5,18,7,3,5,2,0,1,1,0,0,0,0,1,"800634,9945","5825676,122","13,42968","52,49817",2030401.0,Reichenberger Straße,5048.0,24.0
194857,11,3,,2019,5,12,7,3,5,3,0,1,1,0,0,0,0,0,"799917,928","5837070,13","13,42944","52,60069",3020307.0,Buchholz,5078.0,61.0
194858,11,6,,2019,5,13,1,3,0,3,0,0,1,0,1,0,0,0,"782753,228","5815836,286","13,15864","52,4195",6040701.0,Wannsee,1025.0,59.0
194859,11,5,,2019,5,12,1,3,0,2,0,0,1,0,1,0,0,0,"782360,4733","5830492,369","13,1653","52,55112",5010206.0,Gütersloher Weg,1163.0,42.0
194860,11,5,,2019,5,11,7,3,5,2,0,0,1,0,0,0,0,0,"783575,2","5830201,053","13,18292","52,54787",5010207.0,Darbystraße,1362.0,55.0
194861,11,1,,2019,5,11,1,3,2,6,0,0,1,0,0,0,0,0,"796631,4743","5826181,262","13,37132","52,50489",1011104.0,Körnerstraße,4150.0,19.0
194862,11,4,,2019,5,12,7,3,5,2,0,1,1,0,0,0,0,0,"790488,5731","5826704,84","13,28153","52,51289",4020313.0,Königin-Elisabeth-Straße,2852.0,40.0
194863,11,3,,2019,5,11,1,2,1,5,0,1,1,0,0,0,0,0,"803031,6796","5838268,828","13,47637","52,60971",3030406.0,Alt-Karow,5780.0,50.0
194864,11,4,,2019,5,20,7,3,5,2,0,0,1,0,1,0,0,1,"793485,8797","5827580,173","13,32635","52,51913",4030621.0,Spreestadt,3554.0,52.0
194865,11,4,,2019,5,9,1,3,5,2,0,1,1,0,0,0,0,0,"792719,6214","5826110,195","13,31379","52,50636",4030827.0,Karl-August-Platz,3350.0,22.0
194866,11,6,,2019,5,13,7,3,5,3,0,1,0,0,0,0,0,0,"793245,6077","5817229,265","13,31372","52,42647",6020409.0,Königsberger Straße,3327.0,59.0
194867,11,1,,2019,5,1,1,3,0,7,2,1,1,0,0,0,0,1,"795997,3409","5828697,642","13,36425","52,52779",1022205.0,Zillesiedlung,4056.0,47.0
194868,11,4,,2019,5,15,7,3,1,5,0,1,1,0,0,0,0,1,"792131,812","5822350,51","13,30186","52,47297",4041342.0,Schlangenbader Straße,3140.0,61.0
194869,11,4,,2019,5,10,7,3,0,7,0,1,0,0,0,0,0,0,"790746,0208","5822639,186","13,28177","52,4763",4041240.0,Messelpark,2841.0,54.0
194870,11,6,,2019,5,15,7,3,5,3,0,1,1,0,0,0,0,1,"794581,2149","5818532,314","13,33445","52,43743",6020302.0,Komponistenviertel Lankwitz,3630.0,64.0
194871,11,1,,2019,5,23,7,3,5,2,2,1,1,0,0,0,0,0,"796253,7912","5825960,454","13,36558","52,50311",1011104.0,Körnerstraße,4049.0,39.0
194872,11,2,,2019,5,16,7,3,5,3,0,1,1,0,0,0,0,1,"800613,4675","5827116,752","13,43066","52,51109",2040701.0,Andreasviertel,5051.0,33.0
194873,11,6,,2019,5,9,7,3,1,5,0,1,1,0,0,0,0,0,"791806,6711","5818880,989","13,29406","52,44204",6030610.0,Lichterfelde West,3031.0,57.0
194874,11,10,,2019,5,9,7,3,5,3,0,0,1,0,0,0,0,0,"809115,4543","5829717,028","13,55796","52,52965",10030724.0,Oberfeldstraße,6957.0,63.0