ObjectID,State,District,LOR_ab_2021,AccidentYear,AccidentMonth,AccidentHour,DayOfWeek,AccidentCategory,AccidentType,AccidentTypeDetail,LightingCondition,InvolvingBike,InvolvingCar,InvolvingPedestrian,InvolvingMotorcycle,InvolvingHGV,InvolvingOther,RoadCondition,GraphicCoord1,GraphicCoord2,LongitudeWGS84,LatitudeWGS84,quadrant,quadrant_rank
195035,11,9,,2019,5,18,1,3,6,4,0,0,0,1,0,0,1,0,"805698,0366","5820151,187","13,49897","52,44584",9010401.0,Johannisthal West,6032.0,65.0
195036,11,2,,2019,5,6,1,3,1,5,0,0,1,0,0,0,0,0,"801154,5657","5825113,516","13,4368","52,49284",2030401.0,Reichenberger Straße,5146.0,51.0
195037,11,11,,2019,5,3,1,3,5,3,2,0,1,0,0,0,1,0,"803823,9929","5829051,083","13,47959","52,52665",11030619.0,Fennpfuhl Ost,5756.0,56.0
195038,11,5,,2019,5,13,1,3,2,6,0,0,1,0,0,0,0,0,"780652,9209","5827524,464","13,13767","52,52539",5020521.0,Döberitzer Weg,756.0,63.0
195039,11,6,,2019,5,1,1,2,1,5,2,0,1,0,0,0,0,0,"793342,7694","5817703,402","13,31556","52,43067",6020409.0,Königsberger Straße,3328.0,59.0
195040,11,4,,2019,5,13,1,3,0,7,0,1,0,0,0,0,0,0,"792008,4605","5827371,882","13,30445","52,51806",4030620.0,Alt-Lietzow,3154.0,20.0
195041,11,1,,2019,5,22,1,3,6,4,2,1,0,1,0,0,0,0,"797205,3726","5827479,96","13,38091","52,51622",1011202.0,Unter den Linden Nord,4353.0,37.0
195042,11,1,,2019,5,23,1,3,3,6,2,0,1,0,0,0,1,0,"797408,1847","5831901,115","13,38785","52,55574",1033102.0,Gesundbrunnen,4465.0,63.0
195043,11,8,,2019,5,22,1,3,3,6,2,1,1,0,0,0,0,0,"800452,2186","5823679,595","13,42519","52,48037",8010211.0,Flughafenstraße,4943.0,45.0
195044,11,3,,2019,5,20,1,3,0,1,0,1,0,0,0,0,0,0,"799647,0554","5831207,767","13,42015","52,5483",3061227.0,Humannplatz,4962.0,45.0
195045,11,11,,2019,5,17,7,3,3,6,0,0,1,0,0,0,0,0,"805325,554","5833257,683","13,50552","52,56351",11010310.0,Mühlengrund,6167.0,41.0
195046,11,8,,2019,5,22,7,3,2,5,2,1,1,0,0,0,0,0,"801922,565","5823547,775","13,44666","52,47838",8010404.0,Rixdorf,5242.0,49.0
195047,11,3,,2019,5,11,7,3,2,6,0,0,1,0,0,1,0,0,"799688,0636","5835436,344","13,42457","52,58618",3040614.0,Pankow Zentrum,4973.0,61.0
195048,11,1,,2019,5,16,7,3,6,6,0,0,0,1,0,0,1,0,"793609,0663","5828135,069","13,32865","52,52404",1022101.0,Huttenkiez,3555.0,16.0
195049,11,2,,2019,5,15,7,3,1,5,0,0,1,0,1,0,0,0,"800956,2249","5827735,18","13,43626","52,51645",2040701.0,Andreasviertel,5153.0,47.0
195050,11,2,,2019,5,16,7,3,5,7,0,0,1,0,1,0,0,0,"803150,3747","5825734,411","13,46667","52,4973",2050804.0,Stralauer Halbinsel,5547.0,53.0
195051,11,8,,2019,5,22,7,3,1,5,2,0,1,0,1,0,0,0,"801965,3738","5823307,655","13,44707","52,47621",8010404.0,Rixdorf,5341.0,41.0
195052,11,5,,2019,5,23,7,3,2,6,2,0,1,0,0,0,0,0,"784717,8555","5828569,968","13,19833","52,53265",5020625.0,Borkumer Straße,1658.0,8.0
195053,11,2,,2019,5,13,7,3,5,3,0,1,1,0,0,0,0,0,"802813,1362","5827293,458","13,46314","52,51146",2050801.0,Traveplatz,5552.0,49.0
195054,11,2,,2019,5,13,7,3,5,7,0,1,1,0,0,0,0,0,"801591,1146","5825953,052","13,44397","52,50012",2030402.0,Wrangelkiez,5248.0,21.0
195055,11,2,,2019,5,13,7,3,3,6,0,0,1,0,0,0,0,0,"802769,085","5826120,186","13,46142","52,50097",2050803.0,Stralauer Kiez,5549.0,59.0
195056,11,10,,2019,5,11,7,3,5,2,0,1,1,0,0,0,0,0,"812533,1242","5825006,755","13,60376","52,48549",10040933.0,Mahlsdorf Süd,7644.0,55.0
195057,11,4,,2019,5,10,7,3,2,6,0,0,1,0,0,0,0,0,"792974,327","5825562,937","13,31705","52,50132",4030930.0,George-Grosz-Platz,3349.0,12.0
195058,11,2,,2019,5,10,7,3,6,4,0,1,0,1,0,0,0,0,"801916,653","5827101,831","13,44979","52,51024",2040702.0,Weberwiese,5351.0,36.0
195059,11,7,,2019,5,9,7,3,6,4,0,0,1,1,0,0,0,0,"797022,517","5823342,145","13,37454","52,47923",7040401.0,Neu-Tempelhof,4242.0,52.0
195060,11,7,,2019,5,10,7,3,5,2,0,0,1,0,0,0,0,0,"796914,5626","5822289,425","13,37202","52,46985",7040403.0,Manteuffelstraße,4139.0,53.0
195061,11,6,,2019,5,11,7,3,5,3,0,0,1,0,0,0,0,0,"794600,511","5817730,272","13,33403","52,43023",6020304.0,Kaiser-Wilhelm-Straße,3628.0,54.0
195062,11,4,,2019,5,11,7,2,5,5,0,0,1,0,1,0,0,0,"794544,5123","5825991,551","13,3405","52,50432",4030931.0,Breitscheidplatz,3750.0,33.0
195063,11,1,,2019,5,21,7,3,3,6,2,0,1,0,1,0,0,0,"796037,2618","5828541,61","13,3647","52,52637",1022205.0,Zillesiedlung,4056.0,47.0
195064,11,1,,2019,5,20,7,3,0,7,0,0,1,0,0,0,0,0,"795711,9082","5830584,61","13,36173","52,54486",1044202.0,Sparrplatz,4061.0,48.0
195065,11,3,,2019,5,20,7,3,5,2,0,1,1,0,0,0,0,0,"798417,536","5831797,421","13,4026","52,55426",3061126.0,Arnimplatz,4664.0,42.0
195066,11,12,,2019,5,19,7,3,1,5,0,1,1,0,0,0,0,0,"790370,5357","5840109,321","13,29154","52,63312",12231102.0,Frohnau,2987.0,52.0
195067,11,1,,2019,5,19,7,3,2,6,0,0,1,0,0,0,0,0,"797920,0834","5828871,13","13,39266","52,5283",1011302.0,Oranienburger Straße,4457.0,55.0
195068,11,3,,2019,5,19,7,3,5,7,0,1,1,0,0,0,0,0,"799055,8067","5830171,953","13,41052","52,53934",3071536.0,Teutoburger Platz,4760.0,20.0
195069,11,11,,2019,5,19,7,3,5,3,0,1,0,0,0,0,0,0,"804933,6423","5828166,667","13,49509","52,51811",11030721.0,Rüdigerstraße,6054.0,60.0
195070,11,8,,2019,5,18,7,3,5,2,0,0,1,0,0,0,1,0,"802539,1967","5822977,212","13,45519","52,47293",8010404.0,Rixdorf,5440.0,58.0
195071,11,7,,2019,5,17,7,3,5,3,0,1,1,0,0,0,0,0,"796594,6817","5823923,579","13,36877","52,48467",7020204.0,Schöneberger Insel,4144.0,57.0
195072,11,7,,2019,5,17,7,3,2,6,0,0,1,0,1,0,0,0,"799945,0273","5814578,095","13,40958","52,39907",7070702.0,Alt-Lichtenrade/Töpchiner Weg,4719.0,56.0
195073,11,11,,2019,5,17,7,3,5,3,0,0,1,0,0,0,0,0,"807677,8027","5824533,403","13,53204","52,484",11051331.0,Karlshorst Nord,6544.0,55.0
195074,11,8,,2019,5,16,7,3,1,5,0,1,1,0,0,0,1,0,"802363,0193","5820217,517","13,45011","52,44829",8020622.0,Parchimer Allee,5333.0,65.0
195075,11,6,,2019,5,23,7,3,0,1,2,1,0,0,0,0,0,0,"793485,2932","5820199,963","13,31984","52,45297",6010207.0,Mittelstraße,3434.0,57.0
195076,11,12,,2019,5,15,7,3,2,6,0,0,1,0,0,0,1,0,"793246,1308","5832513,798","13,32718","52,56349",12214424.0,Scharnweberstraße,3567.0,10.0
195077,11,8,,2019,5,15,7,3,2,6,0,0,1,0,1,0,0,0,"801801,041","5821981,015","13,44346","52,46441",8010214.0,Glasower Straße,5238.0,46.0
195078,11,9,,2019,5,14,7,3,5,3,0,0,1,0,0,0,0,0,"804928,6515","5822553,322","13,48987","52,4678",9010301.0,Baumschulenstraße,5939.0,38.0
195079,11,4,,2019,5,14,7,3,5,2,0,0,1,0,0,0,0,0,"792407,3209","5824952,922","13,30819","52,49616",4051446.0,Preußenpark,3247.0,45.0
195080,11,12,,2019,5,14,7,2,5,2,0,0,0,0,1,1,0,0,"793423,7824","5836090,167","13,33296","52,59545",12301203.0,Wittenau Süd,3676.0,38.0
195081,11,7,,2019,5,13,7,2,1,5,0,0,1,0,0,0,0,0,"797376,0435","5818673,678","13,37557","52,43719",7050501.0,Rathausstraße,4230.0,54.0
195082,11,6,,2019,5,17,7,3,0,5,0,0,1,0,1,0,0,0,"784501,3803","5817251,528","13,18548","52,43128",6040703.0,Nikolassee,1428.0,65.0
195083,11,3,,2019,5,22,6,3,5,3,2,0,1,0,0,0,0,0,"797904,7327","5835174,888","13,39809","52,58481",3020209.0,Niederschönhausen,4573.0,56.0
195084,11,10,,2019,5,20,6,3,2,6,0,0,1,0,1,0,0,0,"809581,4176","5824962,3","13,56039","52,48677",10030727.0,Biesdorf Süd,6944.0,62.0
195085,11,3,,2019,5,18,6,3,6,4,0,1,0,1,0,0,0,0,"802303,2841","5829213,752","13,45739","52,52896",3061430.0,Volkspark Prenzlauer Berg,5457.0,20.0
195086,11,8,,2019,5,19,6,3,2,2,1,0,1,0,1,0,0,0,"802682,9982","5820805,763","13,45533","52,45338",8020619.0,Buschkrugallee Nord,5435.0,61.0
195087,11,2,,2019,5,12,6,3,5,3,0,1,0,0,0,0,0,0,"798664,8359","5825569,378","13,40064","52,49829",2010104.0,Wassertorplatz,4648.0,37.0
195088,11,7,,2019,5,11,6,3,5,2,0,0,1,0,1,0,0,0,"795022,4572","5825424,543","13,34702","52,49898",7010102.0,Nollendorfplatz,3848.0,36.0
195089,11,1,,2019,5,10,6,3,5,3,0,0,1,0,0,0,0,0,"796676,6965","5831912,555","13,3771","52,55624",1044201.0,Reinickendorfer Straße,4265.0,5.0
195090,11,8,,2019,5,10,6,3,5,2,0,1,1,0,0,0,0,0,"801044,8315","5824192,076","13,43435","52,48464",8010301.0,Reuterkiez,5144.0,42.0
195091,11,12,,2019,5,9,6,3,0,3,0,0,1,0,1,0,0,0,"795635,339","5833005,716","13,36276","52,5666",12103219.0,Schäfersee,4068.0,46.0
195092,11,4,,2019,5,7,6,3,5,2,0,0,1,0,1,0,0,0,"789835,8862","5827385,457","13,27254","52,51934",4020310.0,Park Ruhwald,2754.0,42.0
195093,11,1,,2019,5,8,6,3,5,2,0,1,1,0,0,0,0,0,"797091,2736","5828086,576","13,37978","52,52172",1011301.0,Charitéviertel,4355.0,53.0
195094,11,4,,2019,5,7,6,3,0,1,0,1,1,0,0,0,0,0,"792727,8912","5826154,675","13,31395","52,50676",4030827.0,Karl-August-Platz,3350.0,22.0
195095,11,7,,2019,5,6,6,3,5,2,0,0,1,0,0,0,0,0,"799188,5337","5821729,352","13,40489","52,46359",7040405.0,Rathaus Tempelhof,4638.0,48.0
195096,11,10,,2019,5,9,6,3,5,3,0,0,1,0,0,0,0,0,"812203,7654","5830920,95","13,60447","52,53868",10020414.0,Helle Mitte,7660.0,47.0
195097,11,2,,2019,5,8,6,3,2,6,0,0,1,0,0,0,0,0,"800684,9507","5828487,468","13,43295","52,52334",2040502.0,Friedenstraße,5055.0,41.0
195098,11,2,,2019,5,11,6,2,2,6,0,0,0,0,0,1,0,0,"798616,4909","5825580,039","13,39994","52,49842",2010104.0,Wassertorplatz,4648.0,37.0
195099,11,5,,2019,5,13,6,3,6,2,0,0,1,1,0,0,0,0,"784770,4113","5827278,681","13,19799","52,52105",5020626.0,Adamstraße,1654.0,65.0
195100,11,4,,2019,5,14,6,3,6,4,0,0,1,1,0,0,0,0,"794533,8584","5825973,011","13,34033","52,50416",4030931.0,Breitscheidplatz,3749.0,17.0
195101,11,4,,2019,5,14,6,3,5,3,0,1,1,0,0,0,0,0,"791286,7756","5822041,28","13,28919","52,47065",4041241.0,Breite Straße,2940.0,57.0
195102,11,4,,2019,5,15,6,3,5,2,0,1,1,0,0,0,0,0,"792635,769","5827081,702","13,31342","52,51512",4030620.0,Alt-Lietzow,3353.0,38.0
195103,11,5,,2019,5,14,6,3,1,5,0,0,0,0,1,0,1,0,"784457,3127","5827729,483","13,19378","52,52525",5020626.0,Adamstraße,1556.0,46.0
195104,11,1,,2019,5,15,6,3,3,6,0,1,1,0,0,0,0,0,"795088,6116","5829212,164","13,35135","52,5329",1022201.0,Stephankiez,3858.0,57.0
195105,11,6,,2019,5,15,6,3,5,3,0,0,1,0,0,0,0,0,"794444,1102","5818850,351","13,33272","52,44036",6020302.0,Komponistenviertel Lankwitz,3631.0,63.0
195106,11,1,,2019,5,16,6,3,5,2,0,1,1,0,0,0,0,0,"795256,98","5826619,461","13,35152","52,50956",1011101.0,Stülerstraße,3851.0,47.0
195107,11,1,,2019,5,16,6,3,5,3,0,1,0,0,0,0,1,0,"795878,7812","5831961,412","13,36541","52,55711",1044203.0,Leopoldplatz,4065.0,7.0
195108,11,4,,2019,5,16,6,3,5,2,0,1,1,0,0,0,0,0,"792914,3567","5824391,903","13,31514","52,49086",4051446.0,Preußenpark,3346.0,47.0
195109,11,10,,2019,5,17,6,3,5,3,0,0,1,0,0,0,0,0,"807795,406","5830767,254","13,53954","52,53981",10010310.0,Alt-Marzahn,6660.0,39.0
195110,11,3,,2019,5,17,6,3,2,6,0,0,1,0,0,0,1,0,"800159,5052","5838188,034","13,43401","52,61058",3020307.0,Buchholz,5181.0,61.0
195111,11,7,,2019,5,17,6,3,5,3,0,0,1,0,0,0,0,0,"795811,9702","5816032,84","13,35029","52,41436",7060604.0,Marienfelde Süd,3823.0,52.0
195112,11,12,,2019,5,17,6,3,5,7,0,0,1,0,1,0,0,0,"795362,2366","5833345,167","13,35905","52,5698",12103218.0,Teichstraße,3969.0,65.0
195113,11,7,,2019,5,17,6,3,0,2,0,1,1,0,0,0,0,0,"797101,9851","5819466,509","13,37226","52,44444",7050501.0,Rathausstraße,4132.0,61.0
195114,11,9,,2019,5,16,6,2,5,3,0,1,1,0,0,0,0,0,"820540,9574","5820238,253","13,71671","52,43812",9051801.0,Rahnsdorf/Hessenwinkel,9330.0,65.0
195115,11,2,,2019,5,16,6,3,1,5,0,1,1,0,0,0,0,0,"799966,4567","5826136,889","13,42027","52,50267",2030301.0,Oranienplatz,4949.0,42.0
195116,11,5,,2019,5,18,6,3,2,2,0,1,1,0,0,0,0,0,"783904,9479","5831564,69","13,18893","52,55993",5010103.0,Amorbacher Weg,1466.0,65.0
195117,11,2,,2019,5,15,6,3,3,6,0,1,0,0,0,0,0,0,"802191,4045","5827533,842","13,45422","52,51396",2050801.0,Traveplatz,5452.0,39.0
195118,11,3,,2019,5,15,5,3,3,6,0,1,1,0,0,0,0,0,"797388,5311","5835020,781","13,39036","52,58371",3020209.0,Niederschönhausen,4473.0,61.0
195119,11,2,,2019,5,15,5,3,6,4,0,1,0,1,0,0,0,0,"798689,4145","5825124,687","13,40061","52,4943",2020204.0,Urbanstraße,4647.0,52.0
195120,11,12,,2019,5,8,5,3,1,5,0,0,1,0,0,0,1,0,"795092,616","5834845,067","13,35642","52,58339",12103218.0,Teichstraße,3973.0,63.0
195121,11,10,,2019,5,6,5,3,5,2,0,1,1,0,0,0,0,0,"811339,7545","5831835,777","13,59263","52,54737",10020412.0,Alte Hellersdorfer Straße,7462.0,45.0
195122,11,11,,2019,5,18,5,3,2,3,0,1,1,0,0,0,0,0,"805362,98","5833283,513","13,5061","52,56373",11010310.0,Mühlengrund,6167.0,41.0
195123,11,1,,2019,5,17,5,3,2,6,0,0,0,0,1,0,1,0,"796652,3115","5831081,169","13,376","52,5488",1033203.0,Humboldthain Nordwest,4263.0,51.0
195124,11,3,,2019,5,15,5,3,3,2,0,1,1,0,0,0,0,0,"800865,3729","5832082,763","13,43886","52,55547",3050923.0,Weißenseer Spitze,5164.0,53.0
195125,11,2,,2019,5,23,5,3,2,6,2,0,1,0,0,0,0,0,"798492,7363","5825554,579","13,3981","52,49826",2010102.0,Mehringplatz,4548.0,24.0
195126,11,3,,2019,5,8,5,3,2,6,0,0,1,0,0,0,0,0,"800095,1856","5835999,105","13,43107","52,59099",3020210.0,Herthaplatz,5075.0,61.0
195127,11,4,,2019,5,11,5,3,5,3,0,0,1,0,0,0,0,0,"793356,8495","5822575,996","13,32004","52,47434",4041344.0,Rüdesheimer Platz,3441.0,51.0
195128,11,9,,2019,5,8,5,3,6,2,0,0,1,1,0,0,0,0,"808030,0699","5816810,613","13,53009","52,41459",9030901.0,Dorf Altglienicke,6523.0,59.0
195129,11,9,,2019,5,11,5,3,5,2,0,0,1,0,0,0,0,0,"811356,8138","5820043,17","13,58186","52,44168",9041501.0,Altstadt Kietz,7331.0,39.0
195130,11,10,,2019,5,9,5,3,3,6,0,0,1,0,1,0,0,0,"806287,3904","5830171,049","13,51682","52,53531",11030720.0,Herzbergstraße,6359.0,27.0
195131,11,2,,2019,5,11,5,3,2,6,0,0,1,0,1,0,0,0,"797276,694","5825534,052","13,38023","52,49874",2020202.0,Rathaus Yorckstraße,4348.0,45.0
195132,11,11,,2019,5,9,5,3,5,3,0,1,1,0,0,0,0,0,"803878,685","5828207,966","13,47962","52,51907",11030721.0,Rüdigerstraße,5754.0,53.0
195133,11,2,,2019,5,13,5,3,3,6,0,1,0,0,0,0,0,0,"801279,79","5828680,159","13,44187","52,52474",2040502.0,Friedenstraße,5255.0,60.0
195134,11,9,,2019,5,9,5,2,5,2,0,1,0,0,0,1,0,0,"804112,8254","5823601,66","13,47886","52,47765",9010202.0,Köpenicker Landstraße,5742.0,57.0
195135,11,4,,2019,5,13,5,2,2,7,0,0,1,0,1,0,0,0,"791608,2553","5830690,191","13,30148","52,54802",4010102.0,Plötzensee,3162.0,49.0
195136,11,4,,2019,5,13,5,3,0,1,0,1,0,0,0,0,0,0,"793606,0572","5825771,728","13,32652","52,50285",4030931.0,Breitscheidplatz,3549.0,24.0
195137,11,9,,2019,5,9,5,2,6,4,0,0,1,1,0,0,0,0,"809160,4166","5819527,885","13,54917","52,43831",9020702.0,Adlershof Ost,6830.0,43.0
195138,11,1,,2019,5,9,5,3,2,6,0,0,1,0,0,0,1,0,"798673,9192","5828695,005","13,40358","52,52631",1011302.0,Oranienburger Straße,4656.0,41.0
195139,11,2,,2019,5,22,5,3,5,3,2,1,1,0,0,0,0,0,"800679,3079","5825791,206","13,43043","52,49918",2030302.0,Lausitzer Platz,5048.0,24.0
195140,11,2,,2019,5,21,5,3,5,3,2,0,1,0,0,0,0,0,"798585,383","5825563,875","13,39947","52,49829",2010104.0,Wassertorplatz,4548.0,24.0
195141,11,3,,2019,5,21,5,3,0,7,2,0,1,0,0,0,0,0,"799066,3919","5830051,8","13,41057","52,53825",3071536.0,Teutoburger Platz,4759.0,53.0
195142,11,1,,2019,5,20,5,3,5,2,0,0,1,0,0,0,1,0,"796994,1055","5831497,681","13,3814","52,55235",1033102.0,Gesundbrunnen,4364.0,39.0
195143,11,4,,2019,5,18,5,3,3,6,0,1,1,0,0,0,0,0,"791868,1203","5826504,184","13,30163","52,51035",4030725.0,Amtsgerichtsplatz,3151.0,40.0
195144,11,11,,2019,5,17,5,3,5,2,0,1,1,0,0,0,1,0,"804671,4536","5831135,931","13,49395","52,54487",11020514.0,Große-Leege-Straße,6061.0,59.0
195145,11,1,,2019,5,17,5,3,3,6,0,1,0,0,0,0,0,0,"797756,0907","5827480,333","13,38901","52,51592",1011203.0,Unter den Linden Süd,4453.0,15.0
195146,11,7,,2019,5,16,5,3,6,3,0,1,0,1,0,0,0,0,"795469,6245","5825556,633","13,3537","52,49992",7010102.0,Nollendorfplatz,3948.0,43.0
195147,11,1,,2019,5,16,5,3,5,3,0,1,1,0,0,0,0,0,"795765,6848","5826672,026","13,35904","52,50976",1011105.0,Nördlicher Landwehrkanal,3951.0,58.0
195148,11,12,,2019,5,15,5,3,2,6,0,1,1,0,0,0,0,0,"790562,0939","5840571,16","13,29477","52,63716",12231102.0,Frohnau,3088.0,63.0
195149,11,5,,2019,5,15,5,3,2,6,0,0,1,0,0,0,0,0,"787986,9097","5830627,58","13,24817","52,54938",5030832.0,Rohrdamm,2363.0,61.0
195150,11,4,,2019,5,15,5,3,5,7,0,1,1,0,0,0,0,0,"791788,63","5827482,294","13,30132","52,51916",4030620.0,Alt-Lietzow,3154.0,20.0
195151,11,10,,2019,5,14,5,3,5,7,0,0,1,0,0,0,0,0,"810904,7314","5831251,795","13,58569","52,54238",10020413.0,Gut Hellersdorf,7361.0,65.0
195152,11,9,,2019,5,13,5,3,2,2,0,0,1,0,0,0,0,0,"804267,2183","5822791,669","13,48039","52,4703",9010301.0,Baumschulenstraße,5740.0,54.0
195153,11,4,,2019,5,13,5,3,2,6,0,0,1,0,1,0,0,0,"793516,104","5823947,419","13,32359","52,48655",4051654.0,Wilhelmsaue,3444.0,24.0
195154,11,8,,2019,5,17,5,3,0,1,0,0,0,0,1,0,0,0,"802010,3834","5823604,26","13,448","52,47884",8010405.0,Hertzbergplatz,5342.0,38.0
195155,11,11,,2019,5,8,5,2,5,2,0,1,0,0,0,1,0,0,"803861,7432","5828653,4","13,47978","52,52307",11030721.0,Rüdigerstraße,5755.0,49.0
195156,11,8,,2019,5,8,5,3,0,3,0,0,1,0,1,0,0,0,"801903,2867","5817541,786","13,44095","52,42456",8020728.0,Buckow Ost,5226.0,63.0
195157,11,6,,2019,5,8,5,2,0,1,0,0,0,0,1,0,0,0,"795150,8615","5820966,652","13,34496","52,45895",6010210.0,Bismarckstraße,3736.0,61.0
195158,11,3,,2019,5,8,5,3,5,2,0,1,0,0,0,0,1,0,"799183,188","5831223,96","13,41334","52,5487",3061131.0,Falkplatz,4862.0,43.0
195159,11,5,,2019,5,7,5,3,5,2,0,1,1,0,0,0,0,0,"787975,1697","5830384,053","13,24779","52,54721",5030731.0,Gartenfelder Straße,2362.0,54.0
195160,11,5,,2019,5,6,5,3,2,7,0,0,1,0,0,0,1,0,"779665,19","5827806,651","13,12339","52,52843",5020521.0,Döberitzer Weg,457.0,54.0
195161,11,1,,2019,5,15,5,3,0,1,0,1,0,0,0,0,0,0,"793732,3461","5828907,075","13,33114","52,53089",1022104.0,Emdener Straße,3557.0,60.0
195162,11,7,,2019,5,19,5,3,0,1,0,0,0,0,0,0,1,0,"794600,3049","5825483,134","13,34087","52,49973",7010101.0,Wittenbergplatz/Viktoria-Luise-Platz,3748.0,42.0
195163,11,1,,2019,5,7,4,3,5,2,0,1,0,0,0,0,1,0,"796636,597","5826666,634","13,37183","52,50924",1011105.0,Nördlicher Landwehrkanal,4151.0,37.0
195164,11,6,,2019,5,11,4,3,5,3,0,0,1,0,0,0,0,1,"793663,0785","5817267,185","13,31987","52,42658",6020409.0,Königsberger Straße,3427.0,58.0
195165,11,2,,2019,5,16,4,3,5,2,0,1,0,0,0,0,1,0,"800579,7165","5827007,119","13,43007","52,51013",2040701.0,Andreasviertel,5051.0,33.0
195166,11,1,,2019,5,21,4,3,3,6,2,0,1,0,0,0,0,0,"793523,1691","5829247,047","13,32837","52,53405",1022101.0,Huttenkiez,3558.0,50.0
195167,11,7,,2019,5,18,4,3,5,3,0,1,1,0,0,0,0,1,"795307,7008","5821644,562","13,34786","52,46494",7030303.0,Grazer Platz,3838.0,59.0
195168,11,6,,2019,5,16,4,3,5,2,0,1,0,0,0,0,1,0,"791769,0333","5819272,427","13,29385","52,44557",6030605.0,Botanischer Garten,3032.0,48.0
195169,11,7,,2019,5,16,4,3,2,6,0,0,1,0,0,0,0,1,"794573,928","5825808,598","13,34077","52,50266",7010101.0,Wittenbergplatz/Viktoria-Luise-Platz,3749.0,17.0
195170,11,2,,2019,5,16,4,3,6,4,0,1,0,1,0,0,0,1,"797763,5826","5824918,883","13,38683","52,49296",2020203.0,Viktoriapark,4446.0,12.0
195171,11,1,,2019,5,16,4,3,6,4,0,1,0,1,0,0,0,1,"799496,2879","5828148,072","13,41518","52,52095",1011303.0,Alexanderplatzviertel,4854.0,36.0
195172,11,1,,2019,5,15,4,2,0,1,0,0,0,0,1,0,0,1,"798474,5261","5828257,921","13,40026","52,5225",1011302.0,Oranienburger Straße,4655.0,41.0
195173,11,4,,2019,5,3,4,3,5,2,2,0,0,0,0,1,1,1,"790354,8912","5827305,254","13,28009","52,51834",4020310.0,Park Ruhwald,2854.0,17.0
195174,11,5,,2019,5,0,4,3,5,3,2,0,1,0,0,0,0,1,"781973,084","5828471,791","13,15789","52,5332",5020419.0,Magistratsweg,1058.0,58.0
195175,11,6,,2019,5,7,4,3,2,6,0,0,1,0,0,0,0,0,"793602,1474","5817678,206","13,31934","52,4303",6020409.0,Königsberger Straße,3428.0,60.0
195176,11,6,,2019,5,7,4,3,5,3,0,0,1,0,1,0,0,1,"793312,6287","5818865,318","13,31613","52,4411",6030609.0,Augustaplatz,3331.0,61.0
195177,11,3,,2019,5,7,4,3,5,2,1,1,1,0,0,0,0,1,"799605,3578","5834738,431","13,42273","52,57997",3040614.0,Pankow Zentrum,4972.0,65.0
195178,11,6,,2019,5,7,4,3,5,2,0,1,1,0,0,0,0,1,"790623,3253","5815225,97","13,27352","52,40991",6030504.0,Teltower Damm,2722.0,60.0
195179,11,9,,2019,5,7,4,3,5,2,0,0,1,0,0,0,0,1,"809292,9986","5819720,822","13,5513","52,43996",9020702.0,Adlershof Ost,6831.0,61.0
195180,11,8,,2019,5,8,4,3,5,3,0,0,1,0,1,0,0,1,"802280,251","5817848,025","13,44675","52,4271",8030830.0,Gropiusstadt Süd,5227.0,61.0
195181,11,11,,2019,5,8,4,3,0,1,0,1,1,0,0,0,0,1,"805182,0315","5827837,204","13,49843","52,51501",11030721.0,Rüdigerstraße,6053.0,51.0
195182,11,4,,2019,5,8,4,3,2,3,0,0,1,0,1,0,0,1,"793354,575","5829674,619","13,32627","52,53798",4010102.0,Plötzensee,3559.0,22.0
195183,11,1,,2019,5,8,4,3,1,5,0,1,1,0,0,0,0,1,"795810,2861","5826685,986","13,35971","52,50986",1011105.0,Nördlicher Landwehrkanal,4051.0,54.0
195184,11,1,,2019,5,9,4,3,5,2,0,0,1,0,0,0,0,1,"795526,0447","5830753,349","13,35915","52,54647",1044202.0,Sparrplatz,3962.0,49.0
195185,11,8,,2019,5,11,4,3,2,6,0,0,1,0,0,0,0,1,"800946,6352","5822296,124","13,4312","52,4677",8010118.0,Silbersteinstraße,5039.0,34.0
195186,11,4,,2019,5,12,4,3,5,3,0,1,1,0,0,0,0,1,"792980,6357","5823902,112","13,31569","52,48643",4051549.0,Rathaus Wilmersdorf,3344.0,61.0
195187,11,2,,2019,5,13,4,3,5,3,0,0,1,0,0,0,0,1,"800615,6709","5826272,387","13,42993","52,50352",2030302.0,Lausitzer Platz,5049.0,52.0
195188,11,9,,2019,5,13,4,3,3,6,0,0,0,0,1,0,1,0,"806089,4411","5823419,425","13,5077","52,47491",9020501.0,Oberschöneweide West,6241.0,63.0
195189,11,8,,2019,5,13,4,3,0,2,0,1,0,0,0,1,0,0,"800515,0933","5823441,38","13,4259","52,47821",8010117.0,Schillerpromenade,4942.0,18.0
195190,11,11,,2019,5,14,4,3,5,3,0,0,1,0,0,0,1,1,"806560,296","5824917,053","13,51599","52,48807",11051330.0,Karlshorst West,6345.0,61.0
195191,11,3,,2019,5,14,4,3,5,3,0,1,1,0,0,0,0,1,"800359,6905","5837805,332","13,43661","52,60704",3020307.0,Buchholz,5180.0,64.0
195192,11,7,,2019,5,15,4,3,2,6,0,1,1,0,0,0,0,1,"799906,1036","5821888,904","13,41556","52,46462",7040406.0,Germaniagarten,4838.0,65.0
195193,11,4,,2019,5,15,4,3,5,3,0,0,0,0,0,0,1,1,"786554,0453","5826166,334","13,22325","52,51014",4020206.0,Angerburger Allee,1951.0,64.0
195194,11,3,,2019,5,15,4,3,5,2,0,1,1,0,0,0,0,0,"801924,4182","5836374,748","13,45834","52,59335",3030711.0,Blankenburg,5476.0,61.0