ObjectID,State,District,LOR_ab_2021,AccidentYear,AccidentMonth,AccidentHour,DayOfWeek,AccidentCategory,AccidentType,AccidentTypeDetail,LightingCondition,InvolvingBike,InvolvingCar,InvolvingPedestrian,InvolvingMotorcycle,InvolvingHGV,InvolvingOther,RoadCondition,GraphicCoord1,GraphicCoord2,LongitudeWGS84,LatitudeWGS84,quadrant,quadrant_rank
195355,11,1,,2019,6,16,4,3,5,2,0,1,1,0,0,0,0,0,"793687,8012","5828003,297","13,32969","52,52281",1022106.0,Elberfelder Straße,3555.0,16.0
195356,11,1,,2019,6,15,4,3,0,1,0,0,0,0,1,0,0,0,"798014,6677","5829956,976","13,39503","52,53798",1033202.0,Humboldthain Süd,4559.0,31.0
195357,11,4,,2019,6,22,4,3,5,2,2,0,1,0,0,0,0,0,"793352,206","5829681,351","13,32624","52,53804",4010102.0,Plötzensee,3559.0,22.0
195358,11,2,,2019,6,20,4,3,5,2,0,1,0,1,0,0,0,0,"797856,954","5824923,146","13,3882","52,49294",2020204.0,Urbanstraße,4446.0,12.0
195359,11,4,,2019,6,15,4,3,5,3,0,1,0,0,0,0,1,0,"791433,253","5827295,473","13,29593","52,51768",4030417.0,Schloßstraße,3053.0,54.0
195360,11,11,,2019,6,14,4,3,5,3,0,1,1,0,0,0,0,0,"806134,9171","5827017,696","13,51168","52,50714",11040926.0,Weitlingstraße,6250.0,55.0
195361,11,3,,2019,6,14,4,3,5,3,0,0,1,0,0,0,1,0,"798889,5151","5835615,233","13,41298","52,58822",3020210.0,Herthaplatz,4774.0,64.0
195362,11,10,,2019,6,14,4,2,6,4,0,1,0,1,0,0,0,0,"809407,0983","5831062,863","13,5635","52,54154",10010310.0,Alt-Marzahn,7060.0,63.0
195363,11,2,,2019,6,13,4,3,5,2,0,0,1,0,0,0,0,0,"802586,0161","5827698,72","13,46017","52,51522",2050602.0,Samariterviertel,5453.0,1.0
195364,11,8,,2019,6,13,4,3,5,3,0,1,1,0,0,0,0,0,"805555,3092","5818563,088","13,49542","52,43169",8041037.0,Alt-Rudow,6028.0,49.0
195365,11,3,,2019,6,13,4,3,1,7,0,0,0,0,1,0,0,0,"799452,853","5831128,102","13,41722","52,54769",3061332.0,Helmholtzplatz,4862.0,43.0
195366,11,9,,2019,6,13,4,2,6,4,0,0,1,1,0,0,0,0,"811008,9609","5821785,053","13,57838","52,45749",9051901.0,Dammvorstadt,7236.0,45.0
195367,11,3,,2019,6,8,4,3,0,1,0,0,0,0,1,0,0,0,"802331,3129","5838821,49","13,46656","52,61505",3030406.0,Alt-Karow,5582.0,64.0
195368,11,11,,2019,6,10,4,3,0,2,0,1,1,0,0,0,0,0,"804589,9708","5826362,149","13,48839","52,50213",11040926.0,Weitlingstraße,5949.0,55.0
195369,11,3,,2019,6,10,4,3,2,7,0,0,0,0,1,1,0,0,"798992,4358","5829272,297","13,40878","52,53131",3071536.0,Teutoburger Platz,4757.0,11.0
195370,11,6,,2019,6,13,4,3,5,3,0,1,1,0,0,0,0,0,"794683,2021","5817424,333","13,33497","52,42744",6020304.0,Kaiser-Wilhelm-Straße,3627.0,63.0
195371,11,4,,2019,6,10,4,3,2,6,0,0,1,0,1,0,0,0,"793388,697","5829914,92","13,32698","52,54011",4010102.0,Plötzensee,3560.0,52.0
195372,11,11,,2019,6,8,4,2,0,1,0,1,0,0,0,0,0,0,"806298,2898","5832119,179","13,51878","52,55277",11020411.0,Malchower Weg,6364.0,61.0
195373,11,5,,2019,6,12,4,3,2,2,0,0,1,0,0,0,1,0,"785191,2732","5829706,722","13,20626","52,5426",5010312.0,Kurstraße,1761.0,52.0
195374,11,3,,2019,6,9,4,3,5,2,0,1,1,0,0,0,0,0,"799955,553","5835682,51","13,42873","52,58823",3040614.0,Pankow Zentrum,5074.0,56.0
195375,11,7,,2019,6,11,4,3,5,2,0,1,1,0,0,0,0,0,"796145,3415","5820785,22","13,35939","52,45678",7040402.0,Lindenhofsiedlung,3936.0,50.0
195376,11,8,,2019,6,8,4,3,5,2,0,1,1,0,0,0,0,0,"799270,5205","5823820,525","13,40797","52,48229",8010115.0,Hasenheide,4743.0,63.0
195377,11,8,,2019,6,8,4,3,5,2,0,1,1,0,0,0,0,0,"802574,1122","5819912,961","13,45293","52,44544",8020622.0,Parchimer Allee,5332.0,53.0
195378,11,9,,2019,6,7,4,3,5,7,0,0,1,0,1,0,0,0,"809225,9709","5822860,971","13,55322","52,46814",9052001.0,Köpenick Nord,6839.0,56.0
195379,11,3,,2019,6,7,4,2,5,3,0,1,1,0,0,0,0,0,"800111,9525","5831694,925","13,42743","52,55241",3061227.0,Humannplatz,5064.0,24.0
195380,11,1,,2019,6,2,4,2,0,7,2,0,1,0,0,0,1,0,"797377,5451","5828939,739","13,38475","52,52921",1011301.0,Charitéviertel,4357.0,21.0
195381,11,2,,2019,6,8,3,3,3,6,0,0,1,0,1,0,0,0,"797534,1768","5824980,306","13,38351","52,49363",2020203.0,Viktoriapark,4346.0,53.0
195382,11,4,,2019,6,14,3,3,0,7,0,0,1,0,0,0,0,0,"792394,112","5826057,655","13,30897","52,50607",4030827.0,Karl-August-Platz,3250.0,40.0
195383,11,1,,2019,6,13,3,3,0,3,0,1,0,0,0,0,1,0,"798681,4975","5829454,201","13,40438","52,53311",1011402.0,Arkonaplatz,4658.0,28.0
195384,11,1,,2019,6,8,3,3,6,4,0,0,1,1,0,0,0,0,"794350,5463","5828579,549","13,33994","52,52762",1022104.0,Emdener Straße,3756.0,4.0
195385,11,1,,2019,6,16,3,3,2,2,0,1,1,0,0,0,0,0,"797135,0457","5827775,166","13,38015","52,5189",1011202.0,Unter den Linden Nord,4354.0,42.0
195386,11,12,,2019,6,16,3,3,5,2,0,1,1,0,0,0,0,0,"793862,7627","5835438,782","13,33884","52,58937",12301203.0,Wittenau Süd,3674.0,59.0
195387,11,2,,2019,6,16,3,3,5,2,0,1,1,0,0,0,0,0,"801191,634","5825184,744","13,43741","52,49346",2030401.0,Reichenberger Straße,5146.0,51.0
195388,11,7,,2019,6,15,3,3,0,2,0,1,1,0,0,0,0,0,"797415,2768","5823703,78","13,38063","52,48225",7040401.0,Neu-Tempelhof,4343.0,38.0
195389,11,11,,2019,6,15,3,3,2,6,0,0,1,0,0,0,0,0,"805316,5978","5830022,476","13,50242","52,53452",11030720.0,Herzbergstraße,6158.0,57.0
195390,11,3,,2019,6,14,3,3,5,7,0,1,1,0,0,0,0,0,"799595,4182","5831292,563","13,41947","52,54908",3061227.0,Humannplatz,4863.0,28.0
195391,11,5,,2019,6,14,3,3,0,6,0,1,0,0,0,0,0,0,"781939,5837","5828463,066","13,15739","52,53314",5020419.0,Magistratsweg,958.0,48.0
195392,11,9,,2019,6,13,3,3,5,2,0,0,0,0,1,0,1,0,"806268,862","5822161,02","13,50918","52,46353",9020501.0,Oberschöneweide West,6238.0,43.0
195393,11,6,,2019,6,18,3,3,6,4,0,0,1,1,0,0,0,0,"795491,92","5817582,806","13,34697","52,42843",6020305.0,Gemeindepark Lankwitz,3827.0,59.0
195394,11,4,,2019,6,12,3,3,3,6,0,0,1,0,1,0,0,0,"792713,4498","5825710,295","13,31335","52,50278",4030929.0,Hindemithplatz,3349.0,12.0
195395,11,7,,2019,6,12,3,3,6,7,0,0,1,1,0,0,0,0,"798358,6693","5819903,003","13,39108","52,44767",7050503.0,Eisenacher Straße,4433.0,64.0
195396,11,5,,2019,6,11,3,3,2,2,0,0,1,0,0,0,0,0,"784711,3804","5828610,451","13,19827","52,53302",5020625.0,Borkumer Straße,1658.0,8.0
195397,11,1,,2019,6,11,3,3,5,2,0,1,1,0,0,0,0,0,"796635,4551","5826670,495","13,37182","52,50927",1011105.0,Nördlicher Landwehrkanal,4151.0,37.0
195398,11,9,,2019,6,11,3,3,3,6,0,1,0,0,0,0,0,0,"811682,718","5819968,789","13,58657","52,44083",9041301.0,Kietzer Feld/Nachtheide,7331.0,39.0
195399,11,11,,2019,6,13,3,2,5,3,0,1,1,0,0,0,0,0,"806596,466","5827370,338","13,51878","52,51004",11041022.0,Rosenfelder Ring,6351.0,60.0
195400,11,4,,2019,6,11,3,2,2,7,0,1,1,0,0,0,0,0,"792033,9153","5826857,07","13,30437","52,51343",4030622.0,Richard-Wagner-Straße,3152.0,19.0
195401,11,1,,2019,6,11,3,3,2,2,0,0,1,0,0,0,0,0,"796423,9958","5831972,409","13,37344","52,55691",1044201.0,Reinickendorfer Straße,4265.0,5.0
195402,11,1,,2019,6,10,3,3,3,6,0,0,1,0,1,0,0,0,"798279,6793","5830092,791","13,39904","52,53905",1033201.0,Brunnenstraße,4560.0,49.0
195403,11,4,,2019,6,10,3,3,5,2,0,0,1,0,0,0,0,0,"793352,8684","5829679,469","13,32625","52,53802",4010102.0,Plötzensee,3559.0,22.0
195404,11,8,,2019,6,10,3,3,5,3,0,0,1,0,0,0,0,0,"805094,456","5817915,933","13,48807","52,42614",8041037.0,Alt-Rudow,5927.0,61.0
195405,11,4,,2019,6,9,3,3,5,3,0,1,1,0,0,0,0,0,"791936,0663","5828318,382","13,30422","52,52658",4030518.0,Tegeler Weg,3156.0,56.0
195406,11,2,,2019,6,23,3,2,5,2,2,1,1,0,0,0,0,0,"797916,269","5825263,65","13,38938","52,49596",2020202.0,Rathaus Yorckstraße,4447.0,16.0
195407,11,1,,2019,6,20,3,3,2,6,0,0,1,0,0,0,0,0,"794029,8575","5828460,733","13,33512","52,52673",1022104.0,Emdener Straße,3656.0,44.0
195408,11,2,,2019,6,8,3,3,5,3,0,1,1,0,0,0,0,0,"798264,3827","5825734,828","13,39491","52,5",2010102.0,Mehringplatz,4548.0,24.0
195409,11,8,,2019,6,9,3,3,1,5,0,1,1,0,0,0,0,0,"801392,4588","5822960,85","13,43835","52,47341",8010213.0,Körnerpark,5140.0,55.0
195410,11,3,,2019,6,9,3,3,2,6,0,0,1,0,1,0,0,0,"802014,4093","5829661,574","13,45355","52,53313",3061430.0,Volkspark Prenzlauer Berg,5358.0,56.0
195411,11,5,,2019,6,7,3,3,0,1,0,1,0,0,0,0,0,0,"783642,4947","5825508,227","13,1799","52,50576",5020524.0,Weinmeisterhornweg,1350.0,65.0
195412,11,11,,2019,6,8,3,3,5,3,0,1,1,0,0,0,0,0,"804456,4143","5830937,524","13,49061","52,54321",11020514.0,Große-Leege-Straße,5961.0,51.0
195413,11,6,,2019,6,20,3,3,6,7,0,1,0,1,0,0,0,0,"794274,8905","5819344,777","13,33067","52,44488",6020302.0,Komponistenviertel Lankwitz,3532.0,63.0
195414,11,10,,2019,6,19,3,2,6,4,0,0,1,1,0,0,0,0,"810834,6214","5830942,063","13,58437","52,53965",10020413.0,Gut Hellersdorf,7360.0,59.0
195415,11,12,,2019,6,8,3,2,5,2,0,1,1,0,0,0,0,0,"792185,2074","5832955,097","13,31196","52,56801",12214422.0,Klixstraße,3268.0,42.0
195416,11,3,,2019,6,19,3,3,5,2,0,1,1,0,0,0,0,0,"802418,4068","5829234,25","13,4591","52,52908",3061430.0,Volkspark Prenzlauer Berg,5457.0,20.0
195417,11,7,,2019,6,8,3,3,3,6,0,0,1,0,0,1,0,0,"799951,9255","5821299,952","13,41571","52,45932",7040406.0,Germaniagarten,4836.0,61.0
195418,11,8,,2019,6,19,3,3,6,2,0,0,1,1,0,0,0,0,"803715,423","5818000,808","13,46793","52,42767",8030831.0,Gropiusstadt Ost,5627.0,51.0
195419,11,4,,2019,6,19,3,3,1,5,0,1,1,0,0,0,1,0,"793601,4256","5825243,999","13,32598","52,49813",4051448.0,Schaperstraße,3548.0,45.0
195420,11,3,,2019,6,8,3,3,5,3,0,1,1,0,0,0,0,0,"797534,7777","5834855,004","13,39236","52,58215",3020209.0,Niederschönhausen,4472.0,64.0
195421,11,12,,2019,6,7,3,3,2,6,0,0,1,0,0,0,0,0,"792157,5669","5832941,828","13,31154","52,56791",12214422.0,Klixstraße,3268.0,42.0
195422,11,4,,2019,6,7,3,3,5,3,0,0,1,0,0,0,1,0,"793262,1425","5826081,537","13,32174","52,50582",4030828.0,Savignyplatz,3450.0,48.0
195423,11,2,,2019,6,18,3,3,3,6,0,1,1,0,0,0,0,0,"799991,515","5825411,924","13,41999","52,49616",2020206.0,Graefekiez,4947.0,51.0
195424,11,4,,2019,6,18,3,2,5,2,0,0,1,0,1,0,0,0,"791785,8375","5828225,159","13,30193","52,52582",4030518.0,Tegeler Weg,3156.0,56.0
195425,11,12,,2019,6,18,3,3,2,6,0,0,1,0,0,0,0,0,"791914,501","5831520,756","13,30672","52,5553",12214125.0,Waldidyll/Flughafensee,3264.0,52.0
195426,11,2,,2019,6,7,3,3,1,1,0,0,1,0,1,0,0,0,"797370,1478","5824872,937","13,38101","52,49276",2020203.0,Viktoriapark,4346.0,53.0
195427,11,11,,2019,6,4,3,3,5,3,1,0,1,0,0,0,0,0,"803985,2031","5830279,257","13,48308","52,53757",11020515.0,Landsberger Allee,5859.0,64.0
195428,11,9,,2019,6,17,3,3,1,5,0,1,1,0,0,0,0,0,"807525,722","5821627,774","13,52713","52,45805",9020502.0,Oberschöneweide Ost,6436.0,63.0
195429,11,9,,2019,6,4,3,3,0,1,1,1,0,0,0,0,0,0,"811999,9543","5821166,06","13,59234","52,45138",9051901.0,Dammvorstadt,7434.0,57.0
195430,11,1,,2019,6,17,3,3,5,3,0,0,1,0,0,0,1,0,"794983,8905","5826147,484","13,34709","52,50548",1011101.0,Stülerstraße,3850.0,33.0
195431,11,10,,2019,6,17,3,3,0,2,0,1,1,0,0,0,0,0,"806628,4689","5830238,426","13,5219","52,53572",10010308.0,Marzahner Chaussee,6459.0,59.0
195432,11,9,,2019,6,12,2,3,2,6,0,0,1,0,1,0,0,0,"807552,4587","5815370,726","13,52177","52,40196",9030901.0,Dorf Altglienicke,6420.0,56.0
195433,11,2,,2019,6,18,2,3,1,5,0,1,1,0,0,0,0,0,"798504,4933","5826129,934","13,39879","52,50341",2010102.0,Mehringplatz,4549.0,56.0
195434,11,11,,2019,6,12,2,3,5,3,0,1,0,0,0,0,0,0,"805334,4515","5832884,709","13,50531","52,56017",11020411.0,Malchower Weg,6166.0,65.0
195435,11,6,,2019,6,12,2,3,6,7,0,1,0,1,0,0,0,0,"792581,3032","5817837,008","13,30451","52,43227",6030610.0,Lichterfelde West,3128.0,60.0
195436,11,11,,2019,6,22,2,3,8,1,2,0,1,0,0,0,0,1,"806502,409","5832279,515","13,52193","52,55409",11020411.0,Malchower Weg,6464.0,61.0
195437,11,8,,2019,6,22,2,3,0,3,2,1,1,0,0,0,0,1,"803950,6014","5822021,011","13,47504","52,46357",8010509.0,Schulenburgpark,5738.0,63.0
195438,11,1,,2019,6,21,2,3,5,3,0,0,1,0,0,0,0,0,"796228,5364","5828214,796","13,36722","52,52334",1022206.0,Lüneburger Straße,4155.0,51.0
195439,11,7,,2019,6,20,2,3,5,2,0,0,1,0,0,0,1,0,"796914,542","5822289,442","13,37202","52,46985",7040403.0,Manteuffelstraße,4139.0,53.0
195440,11,9,,2019,6,20,2,3,5,2,0,1,1,0,0,0,0,0,"806455,522","5822104,81","13,51187","52,46293",9020501.0,Oberschöneweide West,6237.0,55.0
195441,11,8,,2019,6,19,2,3,0,3,0,1,1,0,0,0,0,1,"801143,484","5822843,549","13,43459","52,4725",8010213.0,Körnerpark,5140.0,55.0
195442,11,10,,2019,6,20,2,3,5,3,0,0,1,0,0,0,1,1,"812489,1631","5824946,873","13,60306","52,48498",10040933.0,Mahlsdorf Süd,7644.0,55.0
195443,11,3,,2019,6,20,2,3,5,3,1,1,1,0,0,0,0,1,"799770,4934","5831409,32","13,42215","52,55003",3061227.0,Humannplatz,4963.0,59.0
195444,11,9,,2019,6,19,2,2,0,1,0,1,0,0,0,0,0,1,"809569,5743","5819802,871","13,55543","52,44054",9020702.0,Adlershof Ost,6931.0,61.0
195445,11,9,,2019,6,20,2,2,1,7,1,0,1,0,0,0,0,1,"810536,7814","5816296,424","13,56636","52,40857",9031001.0,Bohnsdorf,7022.0,65.0
195446,11,7,,2019,6,19,2,3,8,1,0,0,1,0,0,0,0,1,"799538,8553","5821808,631","13,4101","52,46411",7040405.0,Rathaus Tempelhof,4738.0,58.0
195447,11,1,,2019,6,18,2,3,2,2,0,1,1,0,0,0,0,0,"793819,0788","5831725,809","13,33491","52,55611",1044101.0,Rehberge,3665.0,54.0
195448,11,4,,2019,6,18,2,3,2,6,0,0,1,0,0,0,0,0,"793549,4379","5827732,561","13,32742","52,52046",4030621.0,Spreestadt,3554.0,52.0
195449,11,2,,2019,6,18,2,2,5,2,0,1,1,0,0,0,0,0,"802107,3253","5827355,98","13,45282","52,51241",2050802.0,Boxhagener Platz,5352.0,35.0
195450,11,4,,2019,6,18,2,3,1,5,0,1,1,0,0,0,0,0,"791292,7781","5825004,868","13,29186","52,49722",4031032.0,Halensee,2947.0,18.0
195451,11,4,,2019,6,17,2,3,2,6,0,0,1,0,0,0,0,0,"793515,7699","5824046,691","13,32367","52,48744",4051652.0,Nikolsburger Platz,3445.0,43.0
195452,11,6,,2019,6,15,2,3,3,6,0,0,1,0,1,0,0,0,"789522,7543","5817483,272","13,25934","52,43073",6030503.0,Zehlendorf Mitte,2528.0,57.0
195453,11,7,,2019,6,17,2,3,5,3,0,0,1,0,0,0,0,0,"798626,8361","5820663,485","13,39569","52,45434",7040405.0,Rathaus Tempelhof,4535.0,59.0
195454,11,10,,2019,6,17,2,3,5,3,0,1,1,0,0,0,0,0,"814259,2633","5829301,131","13,63315","52,52298",10040931.0,Mahlsdorf Nord,8055.0,63.0
195455,11,9,,2019,6,22,2,3,5,2,2,1,1,0,0,0,0,1,"804531,0042","5821714,577","13,48327","52,4605",9010301.0,Baumschulenstraße,5837.0,51.0
195456,11,3,,2019,6,15,2,3,5,3,0,1,0,0,0,0,0,0,"799883,9204","5837959,226","13,42974","52,60868",3020307.0,Buchholz,5080.0,61.0
195457,11,6,,2019,6,14,2,3,5,3,0,1,1,0,0,0,0,0,"793425,588","5820368,851","13,31911","52,45452",6010102.0,Schloßstraße,3435.0,54.0
195458,11,1,,2019,6,14,2,3,0,2,0,0,1,0,0,0,1,0,"796256,8989","5825959,676","13,36562","52,50311",1011104.0,Körnerstraße,4049.0,39.0
195459,11,2,,2019,6,14,2,3,2,6,0,0,1,0,0,0,0,0,"800315,6647","5824569,108","13,42399","52,48842",2020206.0,Graefekiez,4945.0,47.0
195460,11,3,,2019,6,13,2,3,2,6,0,0,1,0,0,1,0,0,"800735,709","5833607,495","13,43833","52,5692",3030715.0,Heinersdorf,5168.0,63.0
195461,11,5,,2019,6,12,2,3,1,5,0,1,0,0,0,0,1,0,"783196,5081","5830090,414","13,17725","52,54708",5010209.0,An der Kappe,1262.0,65.0
195462,11,8,,2019,6,11,2,3,5,7,0,0,1,0,0,0,0,0,"801471,7689","5820904,62","13,43765","52,45494",8020619.0,Buschkrugallee Nord,5135.0,57.0
195463,11,1,,2019,6,12,2,3,2,6,0,0,1,0,0,0,0,0,"795793,896","5831890,866","13,3641","52,55652",1044203.0,Leopoldplatz,4065.0,7.0
195464,11,1,,2019,6,0,2,3,5,2,2,1,1,0,0,0,0,0,"798494,3787","5829062,257","13,40127","52,5297",1011302.0,Oranienburger Straße,4657.0,9.0
195465,11,4,,2019,6,12,2,3,5,7,0,0,1,0,1,0,0,0,"792407,3687","5825612,226","13,30877","52,50207",4030929.0,Hindemithplatz,3249.0,57.0
195466,11,1,,2019,6,11,2,3,6,4,0,1,0,1,0,0,0,0,"798523,9629","5829141,341","13,40178","52,53039",1011402.0,Arkonaplatz,4657.0,9.0
195467,11,1,,2019,6,11,2,2,5,2,0,0,1,0,0,0,0,0,"797364,2415","5831210,392","13,38659","52,54957",1033102.0,Gesundbrunnen,4463.0,27.0
195468,11,9,,2019,6,16,2,3,5,3,0,0,1,0,1,0,0,0,"811750,9201","5819776,663","13,58739","52,43907",9041301.0,Kietzer Feld/Nachtheide,7330.0,61.0
195469,11,2,,2019,6,11,2,3,5,2,0,1,1,0,0,0,0,0,"797802,39","5824910,25","13,38739","52,49286",2020203.0,Viktoriapark,4446.0,12.0
195470,11,1,,2019,6,11,2,3,3,6,0,0,1,0,1,0,0,0,"796834,2216","5831942,209","13,37945","52,55642",1044201.0,Reinickendorfer Straße,4265.0,5.0
195471,11,10,,2019,6,16,2,2,0,5,0,1,1,0,0,0,0,0,"809955,1726","5828031,183","13,56873","52,51406",10030725.0,Buckower Ring,7152.0,63.0
195472,11,5,,2019,6,10,2,2,5,2,0,0,1,0,1,0,0,0,"785222,4364","5831822,854","13,20854","52,56155",5010101.0,Hakenfelde Nord,1766.0,46.0
195473,11,9,,2019,6,16,2,3,5,3,0,1,1,0,0,0,0,0,"809945,8114","5821592,81","13,56261","52,45637",9051901.0,Dammvorstadt,7035.0,48.0
195474,11,4,,2019,6,10,2,3,2,6,0,0,1,0,1,0,0,0,"791649,0497","5827653,217","13,29942","52,52077",4030415.0,Schloßgarten,3154.0,20.0
195475,11,8,,2019,6,10,2,3,5,7,0,1,1,0,0,0,0,0,"802702,0256","5818043,02","13,45311","52,42861",8030830.0,Gropiusstadt Süd,5327.0,45.0
195476,11,3,,2019,6,15,2,3,0,7,0,0,1,0,0,0,0,0,"802305,7357","5829235,442","13,45745","52,52915",3061430.0,Volkspark Prenzlauer Berg,5457.0,20.0
195477,11,9,,2019,6,15,2,3,0,6,0,1,1,0,0,0,0,0,"805441,3094","5821500,211","13,49643","52,45807",9010401.0,Johannisthal West,6036.0,59.0
195478,11,2,,2019,6,9,2,3,5,3,0,1,1,0,0,0,0,0,"800778,505","5827188,074","13,43315","52,51164",2040701.0,Andreasviertel,5052.0,43.0
195479,11,5,,2019,6,9,2,3,5,2,0,1,1,0,0,0,0,0,"784218,851","5827369,133","13,18996","52,52215",5020626.0,Adamstraße,1455.0,54.0
195480,11,2,,2019,6,8,2,3,5,2,0,1,1,0,0,0,0,0,"798314,8855","5825383,127","13,39534","52,49682",2020204.0,Urbanstraße,4547.0,11.0
195481,11,4,,2019,6,8,2,3,5,2,0,0,1,0,0,0,0,0,"790211,4519","5827297,934","13,27798","52,51835",4020310.0,Park Ruhwald,2754.0,42.0
195482,11,2,,2019,6,7,2,3,2,6,0,0,1,0,0,1,0,0,"799975,5727","5825746,689","13,42006","52,49917",2030301.0,Oranienplatz,4948.0,23.0
195483,11,5,,2019,6,15,2,3,6,4,0,0,1,1,0,0,0,0,"784458,4571","5828663,554","13,19459","52,53363",5020625.0,Borkumer Straße,1558.0,34.0
195484,11,9,,2019,6,7,2,3,5,3,0,0,1,0,0,0,0,0,"810947,1361","5822198,973","13,57786","52,46123",9052001.0,Köpenick Nord,7237.0,52.0
195485,11,1,,2019,6,6,2,3,5,7,0,0,1,0,0,0,0,0,"795336,7708","5826631,6","13,3527","52,50963",1011105.0,Nördlicher Landwehrkanal,3951.0,58.0
195486,11,12,,2019,6,15,2,3,0,2,0,0,1,0,0,0,1,0,"790944,8486","5833788,281","13,29444","52,57615",12214125.0,Waldidyll/Flughafensee,3071.0,39.0
195487,11,1,,2019,6,6,2,3,2,6,0,0,1,0,0,0,0,0,"799078,1247","5828998,061","13,4098","52,5288",1011302.0,Oranienburger Straße,4757.0,11.0
195488,11,9,,2019,6,6,2,3,0,3,0,1,1,0,0,0,0,0,"809668,744","5819050,76","13,55618","52,43374",9020702.0,Adlershof Ost,6929.0,62.0
195489,11,1,,2019,6,15,2,2,2,2,0,0,1,0,0,0,0,0,"799727,7436","5827760,655","13,41823","52,51735",1011304.0,Karl-Marx-Allee,4853.0,18.0
195490,11,3,,2019,6,5,2,3,1,5,0,0,1,0,1,0,0,0,"800486,9949","5831261,907","13,43255","52,54832",3061228.0,Erich-Weinert-Straße,5062.0,44.0
195491,11,2,,2019,6,1,2,3,5,2,2,0,1,0,0,0,0,0,"801777,9822","5828668,491","13,44918","52,52436",2050601.0,Hausburgviertel,5355.0,51.0
195492,11,1,,2019,6,8,2,3,0,1,0,1,0,0,0,0,0,0,"798106,7921","5829363,715","13,39585","52,53261",1011401.0,Invalidenstraße,4558.0,14.0
195493,11,11,,2019,6,20,2,3,5,2,0,1,1,0,0,0,0,1,"805123,4827","5829991,758","13,49955","52,53436",11030720.0,Herzbergstraße,6058.0,52.0
195494,11,6,,2019,6,9,2,3,5,2,0,1,0,0,0,0,1,0,"791848,9725","5821376,437","13,29686","52,46439",6040810.0,Dahlem,3038.0,62.0
195495,11,10,,2019,6,17,2,1,1,7,0,0,1,0,0,0,0,0,"807352,427","5832454,823","13,53459","52,55518",10010203.0,Gewerbegebiet Bitterfelder Straße,6664.0,63.0
195496,11,4,,2019,6,14,1,3,2,6,0,1,0,0,0,0,0,0,"790965,9526","5826026,471","13,28796","52,50655",4030724.0,Lietzensee,2950.0,60.0
195497,11,4,,2019,6,14,1,3,5,3,0,1,1,0,0,0,0,0,"791553,9247","5823245,511","13,29416","52,48131",4041238.0,Kissinger Straße,3043.0,59.0
195498,11,1,,2019,6,14,1,3,6,7,0,0,1,1,0,0,0,0,"797521,9227","5829149,117","13,38706","52,53101",1011401.0,Invalidenstraße,4457.0,55.0
195499,11,9,,2019,6,19,1,3,3,6,0,1,1,0,0,0,0,0,"811012,9502","5820412,725","13,57716","52,44519",9041501.0,Altstadt Kietz,7232.0,31.0
195500,11,1,,2019,6,21,1,3,5,3,0,0,1,0,0,0,0,0,"795854,7449","5831132,303","13,36432","52,54969",1044201.0,Reinickendorfer Straße,4063.0,55.0
195501,11,11,,2019,6,20,1,2,4,6,0,0,1,0,1,0,0,0,"803311,958","5826289,712","13,46955","52,50219",2050803.0,Stralauer Kiez,5649.0,33.0
195502,11,2,,2019,6,20,1,3,1,5,0,1,1,0,0,0,1,0,"800846,907","5826869,321","13,43387","52,50875",2040701.0,Andreasviertel,5151.0,39.0
195503,11,4,,2019,6,17,1,3,0,2,0,1,1,0,0,0,0,0,"791834,2318","5830684,825","13,3048","52,54785",4010102.0,Plötzensee,3162.0,49.0
195504,11,2,,2019,6,17,1,2,5,3,0,0,1,0,1,0,0,0,"798331,7871","5825629,632","13,39581","52,49902",2010102.0,Mehringplatz,4548.0,24.0
195505,11,10,,2019,6,15,1,2,5,3,0,0,1,0,1,0,0,0,"812575,854","5824282,132","13,60371","52,47897",10040933.0,Mahlsdorf Süd,7642.0,63.0
195506,11,7,,2019,6,16,1,3,5,2,0,1,1,0,0,0,0,0,"795999,7539","5824957,198","13,36096","52,49426",7010104.0,Dennewitzplatz,4047.0,22.0
195507,11,3,,2019,6,16,1,3,0,1,0,1,0,0,0,0,0,0,"800029,1676","5830416,599","13,42505","52,54099",3071633.0,Thälmannpark,4960.0,18.0
195508,11,11,,2019,6,14,1,3,5,3,0,0,1,0,0,0,0,0,"808003,4667","5824739,716","13,53702","52,48567",11051331.0,Karlshorst Nord,6644.0,63.0
195509,11,7,,2019,6,14,1,3,5,3,0,0,1,0,1,0,0,0,"794954,3795","5825404,027","13,346","52,49883",7010102.0,Nollendorfplatz,3848.0,36.0
195510,11,1,,2019,6,14,1,3,5,3,0,0,1,0,0,0,0,0,"794991,914","5826149,061","13,34721","52,50549",1011101.0,Stülerstraße,3850.0,33.0
195511,11,1,,2019,6,14,1,3,5,2,0,0,1,0,1,0,0,0,"797703,8288","5827795,443","13,38852","52,51877",1011202.0,Unter den Linden Nord,4454.0,36.0
195512,11,11,,2019,6,14,1,2,5,3,0,1,1,0,0,0,0,0,"808002,764","5824740,141","13,53701","52,48567",11051331.0,Karlshorst Nord,6644.0,63.0
195513,11,3,,2019,6,13,1,3,2,6,0,0,1,0,0,0,0,0,"798310,987","5831834,952","13,40107","52,55465",3061126.0,Arnimplatz,4664.0,42.0
195514,11,11,,2019,6,12,6,3,5,2,0,1,1,0,0,0,0,0,"807062,6312","5824409,718","13,5229","52,48324",11051330.0,Karlshorst West,6443.0,52.0