ObjectID,State,District,LOR_ab_2021,AccidentYear,AccidentMonth,AccidentHour,DayOfWeek,AccidentCategory,AccidentType,AccidentTypeDetail,LightingCondition,InvolvingBike,InvolvingCar,InvolvingPedestrian,InvolvingMotorcycle,InvolvingHGV,InvolvingOther,RoadCondition,GraphicCoord1,GraphicCoord2,LongitudeWGS84,LatitudeWGS84,quadrant,quadrant_rank
195515,11,8,,2019,6,13,1,3,2,6,0,0,1,0,0,0,0,0,"801401,2667","5821120,991","13,43681","52,45692",8020619.0,Buschkrugallee Nord,5136.0,62.0
195516,11,7,,2019,6,12,1,2,5,3,0,0,1,0,1,0,0,0,"797649,4987","5822186,485","13,38271","52,46853",7040403.0,Manteuffelstraße,4339.0,29.0
195517,11,1,,2019,6,12,6,3,5,2,0,1,0,0,0,0,1,0,"797141,2919","5831886,679","13,38391","52,55575",1033102.0,Gesundbrunnen,4365.0,7.0
195518,11,1,,2019,6,1,1,2,5,2,2,0,1,0,0,0,0,0,"793962,7642","5830161,353","13,33564","52,54201",1044101.0,Rehberge,3661.0,43.0
195519,11,6,,2019,6,17,6,2,5,2,0,1,1,0,0,0,0,0,"792354,529","5820772,049","13,30375","52,4587",6040809.0,Thielallee,3136.0,49.0
195520,11,11,,2019,6,2,1,3,5,3,2,0,1,0,0,0,0,0,"804988,9884","5833003,16","13,50034","52,56142",11020411.0,Malchower Weg,6066.0,60.0
195521,11,8,,2019,6,12,6,3,3,6,0,1,0,0,0,1,0,0,"801490,3895","5817788,317","13,43511","52,427",8020625.0,Handwerker-Siedlung,5127.0,55.0
195522,11,12,,2019,6,10,1,3,4,5,0,0,1,0,0,0,0,0,"793707,074","5835028,565","13,33619","52,58578",12301203.0,Wittenau Süd,3673.0,65.0
195523,11,12,,2019,6,7,6,2,5,2,0,1,0,0,0,1,0,0,"792848,8962","5835170,088","13,32368","52,58751",12301203.0,Wittenau Süd,3474.0,49.0
195524,11,1,,2019,6,10,1,3,5,2,0,0,1,0,0,0,0,0,"794619,0775","5829877,865","13,34504","52,53912",1044202.0,Sparrplatz,3760.0,45.0
195525,11,1,,2019,6,11,1,3,5,3,0,0,1,0,0,0,1,0,"797153,9337","5831897,015","13,38411","52,55584",1033102.0,Gesundbrunnen,4365.0,7.0
195526,11,5,,2019,6,12,6,3,5,3,0,1,1,0,0,0,0,0,"785933,6378","5831651,073","13,21885","52,55964",5010101.0,Hakenfelde Nord,1966.0,59.0
195527,11,6,,2019,6,12,1,2,2,1,0,0,1,0,0,0,0,0,"791970,4502","5816407,285","13,2943","52,41978",6030607.0,Goerzwerke,3025.0,58.0
195528,11,4,,2019,6,12,6,3,0,6,0,0,1,0,1,0,0,0,"793484,7223","5825053,893","13,3241","52,49648",4051448.0,Schaperstraße,3447.0,60.0
195529,11,11,,2019,6,1,1,3,0,1,2,0,0,0,1,0,0,0,"803678,9343","5828763,369","13,4772","52,52415",11030618.0,Fennpfuhl West,5755.0,49.0
195530,11,4,,2019,6,11,6,3,5,2,0,0,1,0,1,0,0,0,"792115,2887","5822352,903","13,30162","52,473",4041342.0,Schlangenbader Straße,3140.0,61.0
195531,11,8,,2019,6,0,1,3,0,1,2,1,0,0,0,0,0,0,"801355,2814","5823951,009","13,43869","52,48231",8010301.0,Reuterkiez,5143.0,6.0
195532,11,8,,2019,6,11,6,3,5,2,0,1,1,0,0,0,0,0,"800946,5111","5817042,181","13,42647","52,42061",8020727.0,Buckow Mitte,4925.0,61.0
195533,11,2,,2019,6,12,7,3,5,3,0,0,1,0,0,0,0,0,"800157,9541","5827367,796","13,4242","52,5136",2040701.0,Andreasviertel,4952.0,44.0
195534,11,3,,2019,6,18,7,3,5,3,0,0,1,0,0,0,0,0,"798953,1672","5829166,035","13,40811","52,53038",3071536.0,Teutoburger Platz,4757.0,11.0
195535,11,9,,2019,6,12,6,3,5,3,0,0,1,0,0,0,1,0,"811644,1419","5820420,711","13,58643","52,4449",9041401.0,Allende I,7332.0,60.0
195536,11,3,,2019,6,13,6,2,5,3,0,1,1,0,0,0,0,0,"803391,1171","5832799,033","13,47665","52,56049",3051017.0,Rennbahnstraße,5766.0,65.0
195537,11,6,,2019,6,15,7,3,1,5,0,1,1,0,0,0,0,0,"793693,4001","5819262,561","13,32207","52,44445",6030606.0,Hindenburgdamm,3432.0,61.0
195538,11,10,,2019,6,18,7,2,5,3,0,1,1,0,0,0,0,0,"809970,5197","5832029,817","13,57268","52,54989",10010206.0,Ringkolonnaden,7163.0,56.0
195539,11,9,,2019,6,12,6,2,3,6,0,1,0,0,0,1,0,0,"810467,96","5820310,159","13,56907","52,44458",9020802.0,Köllnische Vorstadt,7132.0,48.0
195540,11,7,,2019,6,15,7,3,5,2,0,1,0,0,0,0,0,0,"797776,6614","5823273,751","13,38555","52,4782",7040401.0,Neu-Tempelhof,4342.0,53.0
195541,11,4,,2019,6,16,6,3,5,3,0,1,1,0,0,0,0,0,"789559,8855","5826580,372","13,26778","52,51227",4020311.0,Reichsstraße,2652.0,50.0
195542,11,1,,2019,6,14,7,3,5,2,0,0,1,0,1,0,0,0,"794242,987","5828441,211","13,33824","52,52644",1022104.0,Emdener Straße,3656.0,44.0
195543,11,1,,2019,6,19,7,3,2,6,0,0,1,0,0,0,0,0,"796684,9964","5831917,808","13,37723","52,55628",1044201.0,Reinickendorfer Straße,4265.0,5.0
195544,11,8,,2019,6,16,6,3,5,3,0,0,1,0,1,0,0,0,"801575,1342","5816649,688","13,43533","52,41674",8020727.0,Buckow Mitte,5124.0,60.0
195545,11,2,,2019,6,19,7,3,5,3,0,1,1,0,0,0,0,0,"799598,6806","5826095,896","13,41483","52,5025",2030301.0,Oranienplatz,4849.0,28.0
195546,11,4,,2019,6,13,7,3,5,2,0,1,1,0,0,0,0,0,"794117,342","5826092,18","13,33431","52,50545",4030931.0,Breitscheidplatz,3650.0,32.0
195547,11,3,,2019,6,16,6,3,6,4,0,0,1,1,0,0,0,0,"803515,117","5839643,054","13,48475","52,62176",3030405.0,Karow Nord,5884.0,65.0
195548,11,11,,2019,6,19,7,3,2,6,0,0,1,0,0,0,0,0,"807229,0562","5824116,198","13,52507","52,48052",11051332.0,Karlshorst Süd,6443.0,52.0
195549,11,9,,2019,6,16,6,2,5,2,0,1,1,0,0,0,0,0,"811692,3888","5819923,671","13,58667","52,44042",9041501.0,Altstadt Kietz,7331.0,39.0
195550,11,4,,2019,6,16,6,2,4,6,0,1,0,0,0,0,0,0,"790150,5424","5828210,08","13,27788","52,52656",4020310.0,Park Ruhwald,2756.0,61.0
195551,11,7,,2019,6,19,7,3,5,3,0,0,1,0,0,0,0,0,"794964,5671","5824059,457","13,34496","52,48677",7020201.0,Bayerischer Platz,3744.0,45.0
195552,11,2,,2019,6,15,6,2,5,7,0,0,1,0,0,1,0,0,"799444,6735","5825642,377","13,41216","52,49852",2010104.0,Wassertorplatz,4748.0,28.0
195553,11,2,,2019,6,12,7,2,5,2,0,1,1,0,0,0,0,0,"800946,851","5826400,028","13,43491","52,50449",2030302.0,Lausitzer Platz,5150.0,59.0
195554,11,4,,2019,6,16,6,3,5,2,0,1,0,0,1,0,0,0,"793559,2538","5827756,096","13,32758","52,52067",4030621.0,Spreestadt,3554.0,52.0
195555,11,6,,2019,6,22,7,3,6,4,2,0,1,1,0,0,0,0,"788845,7188","5819607,9","13,25124","52,45013",6040806.0,Fischtal,2334.0,57.0
195556,11,7,,2019,6,12,7,3,1,5,0,0,1,0,0,0,0,0,"800128,5192","5814982,438","13,41263","52,4026",7070702.0,Alt-Lichtenrade/Töpchiner Weg,4720.0,65.0
195557,11,7,,2019,6,16,6,3,1,5,0,1,1,0,0,0,0,0,"795883,5766","5825470,29","13,35971","52,49892",7010102.0,Nollendorfplatz,4048.0,46.0
195558,11,4,,2019,6,9,6,3,2,7,0,0,1,0,0,0,0,0,"791683,1119","5823653,805","13,29641","52,4849",4041238.0,Kissinger Straße,3044.0,50.0
195559,11,5,,2019,6,11,7,3,0,2,0,0,1,0,0,0,1,0,"784843,1873","5829239,963","13,20074","52,5386",5010314.0,Carl-Schurz-Straße,1660.0,30.0
195560,11,5,,2019,6,10,7,3,5,2,0,1,1,0,0,0,0,0,"788103,7111","5827867,4","13,2475","52,52458",5010339.0,Freiheit,2355.0,58.0
195561,11,3,,2019,6,12,6,2,1,1,0,0,1,0,0,0,1,0,"801589,5728","5831780,427","13,44923","52,55236",3050924.0,Behaimstraße,5364.0,58.0
195562,11,1,,2019,6,23,7,2,0,1,2,1,0,0,0,0,0,0,"798496,293","5828386,934","13,4007","52,52364",1011302.0,Oranienburger Straße,4655.0,41.0
195563,11,2,,2019,6,17,6,3,5,3,0,0,1,0,0,0,0,0,"798411,8411","5825784,562","13,39712","52,50036",2010102.0,Mehringplatz,4548.0,24.0
195564,11,8,,2019,6,9,7,3,5,7,0,0,1,0,0,0,0,0,"802374,663","5819912,366","13,45","52,44555",8020622.0,Parchimer Allee,5332.0,53.0
195565,11,1,,2019,6,9,7,2,5,2,0,1,0,0,0,1,0,0,"798071,6509","5829988,77","13,39589","52,53823",1033201.0,Brunnenstraße,4559.0,31.0
195566,11,8,,2019,6,15,6,3,6,2,0,0,1,1,0,0,0,0,"800651,7363","5823014,231","13,42752","52,4743",8010117.0,Schillerpromenade,5041.0,31.0
195567,11,4,,2019,5,5,6,3,5,2,0,1,1,0,0,0,0,0,"791762,2535","5824375,355","13,29821","52,49132",4051445.0,Eisenzahnstraße,3046.0,37.0
195568,11,3,,2019,5,7,6,3,5,3,0,0,1,0,1,0,0,0,"800994,2425","5831899,738","13,44059","52,55376",3050923.0,Weißenseer Spitze,5264.0,60.0
195569,11,2,,2019,6,23,6,2,5,3,2,0,1,0,0,0,0,0,"798531,8039","5826271,364","13,39932","52,50466",2010102.0,Mehringplatz,4550.0,26.0
195570,11,4,,2019,5,9,6,3,5,2,0,1,1,0,0,0,0,0,"792326,0574","5828251,913","13,30989","52,52578",4030519.0,Kaiserin-Augusta-Allee,3256.0,49.0
195571,11,11,,2019,6,15,6,3,5,2,0,0,1,0,1,0,0,0,"807931,2058","5833796,26","13,54434","52,56687",11010103.0,Dorf Falkenberg,6768.0,64.0
195572,11,4,,2019,5,9,6,3,5,2,0,0,1,0,0,0,0,0,"791916,0419","5826239,076","13,3021","52,50795",4030725.0,Amtsgerichtsplatz,3151.0,40.0
195573,11,7,,2019,5,15,6,3,2,6,0,0,1,0,0,0,0,0,"799139,9432","5819915,761","13,40255","52,44736",7050503.0,Eisenacher Straße,4633.0,58.0
195574,11,7,,2019,6,11,6,3,1,5,0,1,1,0,0,0,1,0,"797853,1267","5819621,187","13,38341","52,44542",7050501.0,Rathausstraße,4332.0,40.0
195575,11,3,,2019,6,11,6,3,2,1,0,0,1,0,0,0,0,0,"801160,4459","5831611,249","13,44277","52,55108",3050923.0,Weißenseer Spitze,5263.0,52.0
195576,11,12,,2019,5,15,6,3,5,3,0,0,1,0,0,0,0,0,"792601,3061","5833665,675","13,31871","52,57416",12214423.0,Mellerbogen,3370.0,55.0
195577,11,7,,2019,5,15,6,3,5,2,0,1,1,0,0,0,0,0,"797748,2126","5822532,304","13,38447","52,47157",7040401.0,Neu-Tempelhof,4340.0,45.0
195578,11,4,,2019,6,18,6,3,0,7,0,1,0,0,0,0,0,0,"791296,1495","5827183,946","13,29382","52,51675",4030416.0,Klausenerplatz,3053.0,54.0
195579,11,9,,2019,5,13,6,3,5,3,0,1,1,0,0,0,0,0,"810544,9155","5815073,19","13,56534","52,3976",9031001.0,Bohnsdorf,7018.0,65.0
195580,11,2,,2019,6,10,6,2,6,4,0,1,0,1,0,0,0,0,"799774,2389","5825695,517","13,41705","52,49882",2010104.0,Wassertorplatz,4848.0,3.0
195581,11,12,,2019,5,13,6,2,5,2,0,0,1,0,0,0,0,0,"793186,3101","5832306,134","13,32612","52,56166",12214424.0,Scharnweberstraße,3566.0,39.0
195582,11,12,,2019,5,16,6,3,5,3,0,0,1,0,0,0,0,0,"793845,7033","5836158,09","13,33923","52,59583",12302107.0,Schorfheidestraße,3776.0,60.0
195583,11,4,,2019,5,17,6,2,2,6,0,0,1,0,0,0,0,0,"790383,9967","5829032,405","13,28203","52,53381",5030833.0,Motardstraße,2858.0,52.0
195584,11,12,,2019,6,15,6,3,1,5,0,0,1,0,0,0,0,0,"789775,4404","5839769,236","13,28247","52,63039",12231102.0,Frohnau,2886.0,60.0
195585,11,9,,2019,5,17,6,2,5,2,0,1,1,0,0,0,0,0,"804483,0659","5823234,787","13,48396","52,47416",9010202.0,Köpenicker Landstraße,5841.0,59.0
195586,11,3,,2019,6,10,6,3,5,2,0,0,1,0,1,0,0,0,"798625,4236","5831114,243","13,40504","52,54802",3061131.0,Falkplatz,4662.0,59.0
195587,11,2,,2019,5,19,6,3,5,7,0,1,0,0,0,0,1,0,"799780,1101","5824852,426","13,41638","52,49126",2020206.0,Graefekiez,4846.0,41.0
195588,11,5,,2019,6,9,6,3,1,5,0,1,1,0,0,0,1,0,"786995,5361","5829344,1","13,23248","52,5384",5030731.0,Gartenfelder Straße,2159.0,63.0
195589,11,2,,2019,5,19,6,3,0,6,0,0,1,0,0,0,1,0,"799529,413","5824906,783","13,41275","52,49188",2020206.0,Graefekiez,4746.0,53.0
195590,11,2,,2019,6,9,6,3,5,3,0,1,1,0,0,0,0,0,"799702,0925","5826016,308","13,41628","52,50173",2030301.0,Oranienplatz,4849.0,28.0
195591,11,12,,2019,5,20,6,3,5,2,0,0,1,0,0,0,0,1,"793277,7366","5832576,995","13,3277","52,56404",12214424.0,Scharnweberstraße,3567.0,10.0
195592,11,9,,2019,6,15,6,3,5,3,0,1,1,0,0,0,0,0,"806460,1913","5820700,254","13,51065","52,45033",9010402.0,Johannisthal Ost,6234.0,51.0
195593,11,7,,2019,5,21,6,3,2,6,2,0,1,0,0,0,1,1,"798915,8768","5821220,273","13,40043","52,45917",7040405.0,Rathaus Tempelhof,4636.0,53.0
195594,11,7,,2019,6,15,6,3,1,5,0,1,1,0,0,0,0,0,"799689,621","5813178,698","13,40458","52,38667",7070703.0,John-Locke-Straße,4615.0,51.0
195595,11,2,,2019,5,18,6,3,0,1,0,1,0,0,0,0,0,0,"799191,7976","5824231,976","13,40718","52,48602",2020205.0,Chamissokiez,4744.0,63.0
195596,11,6,,2019,5,9,6,3,2,2,0,0,1,0,0,0,1,0,"792655,7477","5820908,331","13,30829","52,45977",6010101.0,Fichtenberg,3236.0,65.0
195597,11,4,,2019,6,14,6,3,5,2,0,1,1,0,0,0,0,0,"793170,9312","5830158,347","13,32399","52,54241",4010102.0,Plötzensee,3461.0,59.0
195598,11,9,,2019,5,10,6,3,5,2,0,1,1,0,0,0,0,0,"819383,6943","5819909,118","13,69943","52,43585",9051801.0,Rahnsdorf/Hessenwinkel,9029.0,61.0
195599,11,4,,2019,6,14,6,3,5,2,0,1,1,0,0,0,0,0,"791852,6099","5827431,584","13,30221","52,51867",4030620.0,Alt-Lietzow,3154.0,20.0
195600,11,3,,2019,5,12,6,3,2,6,0,0,1,0,0,0,0,0,"799869,2738","5829787,294","13,42214","52,53544",3071537.0,Kollwitzplatz,4959.0,58.0
195601,11,1,,2019,5,12,6,3,0,7,0,1,0,0,0,0,1,1,"799883,9208","5826480,63","13,41937","52,50579",1011306.0,Heine-Viertel Ost,4850.0,38.0
195602,11,3,,2019,6,14,6,2,5,2,0,1,1,0,0,0,0,0,"798642,4057","5831469,185","13,40561","52,55119",3061126.0,Arnimplatz,4663.0,62.0
195603,11,1,,2019,5,12,6,3,2,6,0,0,1,0,0,0,0,0,"795445,7201","5831557,49","13,35868","52,55373",1044203.0,Leopoldplatz,3964.0,39.0
195604,11,6,,2019,6,13,6,3,1,5,0,1,1,0,0,0,0,0,"795430,6847","5818542,783","13,34692","52,43707",6020303.0,Lankwitz Kirche,3830.0,60.0
195605,11,2,,2019,5,12,6,3,2,6,0,0,1,0,0,0,1,0,"801215,309","5826225,282","13,4387","52,50277",2030302.0,Lausitzer Platz,5149.0,46.0
195606,11,6,,2019,6,14,6,3,2,6,0,0,1,0,0,1,0,0,"790129,1696","5819679,493","13,27014","52,4501",6040808.0,Hüttenweg,2634.0,40.0
195607,11,1,,2019,5,12,6,3,0,7,0,0,0,0,1,0,1,1,"799884,913","5826475,448","13,41938","52,50575",1011306.0,Heine-Viertel Ost,4850.0,38.0
195608,11,1,,2019,6,10,6,3,2,6,0,0,1,0,0,1,0,0,"793964,9749","5830169,605","13,33568","52,54209",1044101.0,Rehberge,3661.0,43.0
195609,11,12,,2019,5,23,6,3,2,6,2,0,1,0,0,0,0,1,"793941,3213","5835293,842","13,33987","52,58803",12301203.0,Wittenau Süd,3774.0,53.0
195610,11,1,,2019,5,21,6,3,0,1,2,0,0,0,1,0,0,1,"797011,4463","5828945,174","13,37937","52,52946",1011301.0,Charitéviertel,4257.0,20.0
195611,11,1,,2019,6,8,6,3,1,1,0,0,1,0,0,0,0,0,"793989,0087","5828215,839","13,3343","52,52456",1022106.0,Elberfelder Straße,3655.0,57.0
195612,11,11,,2019,6,8,6,1,6,4,0,0,0,1,0,1,0,0,"807133,9037","5823935,226","13,52351","52,47895",11051332.0,Karlshorst Süd,6442.0,53.0
195613,11,2,,2019,5,18,5,3,6,7,0,0,1,1,0,0,0,0,"797701,214","5826004,969","13,38688","52,50273",2010101.0,Askanischer Platz,4449.0,28.0
195614,11,8,,2019,6,16,5,3,0,2,0,1,0,0,0,0,1,1,"802517,8258","5824218,267","13,456","52,48406",8010406.0,Treptower Straße Nord,5444.0,54.0
195615,11,7,,2019,5,18,5,2,5,2,0,0,1,0,1,0,0,0,"800164,9566","5814068,965","13,41234","52,39439",7070704.0,Nahariyastraße,4717.0,54.0
195616,11,2,,2019,6,18,5,3,3,6,0,1,1,0,0,0,0,0,"797760,4877","5826437,829","13,38814","52,50657",2010102.0,Mehringplatz,4450.0,25.0
195617,11,4,,2019,5,17,5,3,6,4,0,0,1,1,0,0,0,0,"792980,2962","5822529,243","13,31447","52,47412",4041344.0,Rüdesheimer Platz,3341.0,63.0
195618,11,10,,2019,5,17,5,2,5,3,0,1,1,0,0,0,0,0,"812267,9107","5830209,467","13,60474","52,53226",10020519.0,Boulevard Kastanienallee,7658.0,55.0
195619,11,12,,2019,6,15,5,3,2,6,0,0,1,0,0,0,0,0,"790646,3225","5834378,22","13,29057","52,5816",12214527.0,Alt-Tegel,2972.0,55.0
195620,11,9,,2019,6,7,5,3,5,2,0,1,1,0,0,0,0,0,"811004,6205","5820318,672","13,57695","52,44435",9041501.0,Altstadt Kietz,7232.0,31.0
195621,11,3,,2019,5,16,5,3,5,3,0,0,1,0,0,0,0,0,"797239,9163","5835063,787","13,38821","52,58418",3020209.0,Niederschönhausen,4473.0,61.0
195622,11,10,,2019,5,16,5,2,5,3,0,1,1,0,0,0,0,0,"811909,316","5829755,694","13,59905","52,5284",10040828.0,Kaulsdorf Nord,7557.0,60.0
195623,11,9,,2019,6,7,5,3,5,2,0,1,1,0,0,0,0,0,"809340,9173","5818506,28","13,55087","52,42905",9020701.0,Adlershof West,6827.0,50.0
195624,11,1,,2019,5,18,5,3,5,2,0,1,1,0,0,0,0,0,"794316,304","5828379,61","13,33926","52,52585",1022106.0,Elberfelder Straße,3756.0,4.0
195625,11,5,,2019,6,6,5,3,5,3,0,0,1,0,1,0,0,0,"785203,8256","5831871,763","13,20831","52,562",5010102.0,Goltzstraße,1766.0,46.0
195626,11,12,,2019,5,16,5,3,0,1,0,1,0,0,0,0,0,0,"790567,1911","5841249,854","13,29544","52,64324",12231102.0,Frohnau,3090.0,65.0
195627,11,10,,2019,5,16,5,3,5,7,0,0,1,0,0,0,0,0,"809347,2347","5834283,652","13,56562","52,57044",10010102.0,Havemannstraße,7069.0,49.0
195628,11,8,,2019,6,6,5,3,5,2,0,1,0,0,1,0,0,0,"803180,965","5822713,857","13,46437","52,47021",8010508.0,Weiße Siedlung,5540.0,55.0
195629,11,2,,2019,5,23,5,2,6,4,2,0,1,1,0,0,0,0,"800883,174","5826849,831","13,43438","52,50855",2040701.0,Andreasviertel,5151.0,39.0
195630,11,1,,2019,6,21,5,3,5,7,2,1,1,0,0,0,0,1,"795873,6255","5831960,346","13,36534","52,5571",1044203.0,Leopoldplatz,4065.0,7.0
195631,11,8,,2019,5,22,5,3,5,7,2,1,1,0,0,0,0,0,"801152,3466","5822196,066","13,43413","52,46669",8010214.0,Glasower Straße,5139.0,41.0
195632,11,8,,2019,6,21,5,3,2,6,1,1,1,0,0,0,0,1,"800715,0726","5822880,25","13,42833","52,47307",8010117.0,Schillerpromenade,5040.0,48.0
195633,11,4,,2019,5,20,5,3,5,3,1,1,1,0,0,0,0,0,"792912,4407","5824395,27","13,31512","52,49089",4051446.0,Preußenpark,3346.0,47.0
195634,11,4,,2019,6,21,5,3,6,4,1,0,1,1,0,0,0,1,"793150,5614","5826111,657","13,32013","52,50615",4030828.0,Savignyplatz,3450.0,48.0
195635,11,3,,2019,5,20,5,3,5,2,1,1,1,0,0,0,0,0,"804447,8874","5832668,121","13,49207","52,55872",3051017.0,Rennbahnstraße,5965.0,63.0
195636,11,1,,2019,5,19,5,3,1,5,0,1,1,0,0,0,0,0,"794705,3814","5828322,533","13,34493","52,52513",1022204.0,Thomasiusstraße,3756.0,4.0
195637,11,8,,2019,6,12,5,2,6,2,0,0,1,1,0,0,0,0,"805682,6494","5816732,619","13,49562","52,41521",8041038.0,Waßmannsdorfer Chaussee,6023.0,59.0
195638,11,3,,2019,6,23,5,3,5,3,2,0,1,0,0,0,0,1,"800312,204","5831547,272","13,43024","52,55097",3061228.0,Erich-Weinert-Straße,5063.0,29.0
195639,11,10,,2019,5,18,5,3,2,6,0,1,0,0,0,0,0,0,"809633,2375","5825751,669","13,56188","52,49382",10030727.0,Biesdorf Süd,7046.0,61.0
195640,11,10,,2019,5,18,5,3,5,3,0,0,1,0,0,0,0,0,"810496,826","5824818,404","13,57369","52,48496",10040830.0,Kaulsdorf Süd,7144.0,65.0
195641,11,3,,2019,6,15,5,3,0,7,0,0,1,0,0,0,0,0,"802837,02","5835346,607","13,47083","52,58363",3030716.0,Märchenland,5673.0,65.0
195642,11,1,,2019,5,15,5,3,3,6,0,1,1,0,0,0,0,0,"797682,2716","5827925,576","13,38832","52,51995",1011202.0,Unter den Linden Nord,4454.0,36.0
195643,11,8,,2019,6,15,5,3,5,2,0,0,1,0,0,0,0,1,"801015,6259","5823905,729","13,43367","52,48209",8010303.0,Donaustraße,5143.0,6.0
195644,11,4,,2019,5,15,5,3,5,3,0,0,1,0,0,0,0,0,"789024,1779","5827024,015","13,26029","52,51653",4020311.0,Reichsstraße,2553.0,40.0
195645,11,1,,2019,6,15,5,3,1,5,0,1,1,0,0,0,1,1,"793066,1171","5828301,705","13,32081","52,52582",1022101.0,Huttenkiez,3456.0,59.0
195646,11,3,,2019,5,14,5,3,2,2,0,0,1,0,0,0,0,0,"796933,4","5836537,757","13,38502","52,59756",3040508.0,Rosenthal,4377.0,65.0
195647,11,7,,2019,6,13,5,2,2,6,0,1,1,0,0,0,0,0,"796571,7072","5816237,907","13,36161","52,41579",7060601.0,Marienfelder Allee Nordwest,4024.0,62.0
195648,11,4,,2019,5,14,5,3,2,6,0,0,1,0,0,0,0,0,"792463,7819","5824037,338","13,30821","52,48792",4051549.0,Rathaus Wilmersdorf,3245.0,33.0
195649,11,11,,2019,6,12,5,2,6,2,0,0,1,1,0,0,0,0,"804306,3817","5828168,337","13,48587","52,51847",11030721.0,Rüdigerstraße,5854.0,49.0
195650,11,11,,2019,5,13,5,3,6,2,0,0,0,1,0,0,1,0,"805353,0067","5827358,962","13,50051","52,51063",11040926.0,Weitlingstraße,6051.0,55.0
195651,11,2,,2019,6,12,5,3,5,2,0,1,1,0,0,0,0,0,"800928,5868","5828504,474","13,43655","52,52336",2040502.0,Friedenstraße,5155.0,43.0
195652,11,5,,2019,5,13,5,2,1,5,0,1,1,0,0,0,0,0,"783897,6421","5823452,484","13,1819","52,4872",5040934.0,Alt-Gatow,1345.0,63.0
195653,11,6,,2019,5,10,5,2,5,7,0,0,1,0,1,0,0,0,"792904,7046","5817699,674","13,30913","52,43087",6030608.0,Schweizer Viertel,3228.0,32.0
195654,11,1,,2019,6,12,5,3,5,2,0,0,1,0,1,0,0,0,"796061,5195","5828499,804","13,36501","52,52598",1022205.0,Zillesiedlung,4056.0,47.0
195655,11,5,,2019,5,6,5,2,1,5,0,0,1,0,0,0,0,0,"784036,3263","5827974,402","13,1878","52,52767",5020625.0,Borkumer Straße,1456.0,61.0
195656,11,9,,2019,6,12,5,3,2,6,0,0,1,0,0,0,0,0,"806434,868","5822979,087","13,51237","52,47077",9020501.0,Oberschöneweide West,6240.0,57.0
195657,11,12,,2019,5,16,4,3,2,6,0,0,1,0,0,0,0,0,"787918,8952","5836238,085","13,25204","52,59972",12214528.0,Tegeler Forst,2477.0,65.0
195658,11,2,,2019,6,11,5,2,5,7,0,1,1,0,0,0,0,0,"798201,4225","5824527,251","13,39291","52,48921",2020205.0,Chamissokiez,4445.0,43.0
195659,11,4,,2019,5,18,4,3,2,2,0,1,1,0,0,0,0,0,"793341,673","5829714,923","13,32611","52,53835",4010102.0,Plötzensee,3559.0,22.0
195660,11,6,,2019,6,11,5,3,5,2,0,0,1,0,1,0,0,0,"786983,8973","5817341,288","13,22198","52,43079",6040703.0,Nikolassee,1928.0,56.0
195661,11,2,,2019,5,18,4,3,5,2,0,1,0,0,0,0,1,0,"801759,6367","5826240,48","13,4467","52,50261",2040703.0,Wriezener Bahnhof/Entwicklungsgebiet,5249.0,5.0
195662,11,1,,2019,5,16,4,3,3,6,0,0,1,0,1,0,0,0,"794571,0404","5828597,616","13,3432","52,52767",1022104.0,Emdener Straße,3756.0,4.0
195663,11,10,,2019,6,11,5,3,2,6,0,0,1,0,0,0,0,0,"809467,4359","5831424,554","13,56472","52,54475",10010310.0,Alt-Marzahn,7061.0,57.0
195664,11,9,,2019,6,7,5,3,6,2,0,0,1,1,0,0,0,0,"814708,2746","5821927,342","13,63278","52,45665",9051702.0,Bölschestraße,8036.0,63.0
195665,11,9,,2019,5,23,4,3,0,1,2,1,0,0,0,0,0,0,"810257,7465","5821474,036","13,56707","52,45513",9051901.0,Dammvorstadt,7035.0,48.0
195666,11,4,,2019,5,17,4,3,6,4,0,0,1,1,0,0,0,0,"792063,7493","5826935,087","13,30488","52,51411",4030622.0,Richard-Wagner-Straße,3152.0,19.0
195667,11,2,,2019,6,10,5,3,5,5,0,0,1,0,1,0,0,0,"802166,7874","5827344,011","13,45369","52,51227",2050802.0,Boxhagener Platz,5452.0,39.0
195668,11,1,,2019,5,20,4,3,0,2,1,1,0,0,0,1,0,0,"797855,1246","5826858,942","13,38991","52,5103",1011204.0,Leipziger Straße,4451.0,11.0
195669,11,4,,2019,6,10,5,3,2,2,0,0,1,0,0,0,0,0,"794160,1722","5827008,865","13,33575","52,51365",4030621.0,Spreestadt,3652.0,54.0
195670,11,4,,2019,5,18,4,3,5,3,0,1,1,0,0,0,0,0,"793977,113","5824687,013","13,33101","52,49293",4051653.0,Prager Platz,3546.0,33.0
195671,11,9,,2019,5,18,4,2,5,2,0,0,1,0,0,0,0,0,"804391,857","5821738,307","13,48125","52,46079",9010301.0,Baumschulenstraße,5837.0,51.0
195672,11,4,,2019,6,9,5,3,6,2,0,1,0,1,0,0,0,0,"793503,0775","5825217,488","13,32452","52,49794",4051448.0,Schaperstraße,3448.0,49.0
195673,11,2,,2019,5,23,4,3,5,3,2,0,1,0,0,0,0,0,"797839,9179","5824927,167","13,38795","52,49299",2020203.0,Viktoriapark,4446.0,12.0
195674,11,11,,2019,5,22,4,3,5,2,2,0,1,0,0,0,0,0,"804587,552","5826362,866","13,48835","52,50213",11040926.0,Weitlingstraße,5949.0,55.0
195675,11,11,,2019,6,9,5,2,6,4,0,0,0,1,0,0,1,0,"805456,5376","5833348,812","13,50753","52,56426",11010310.0,Mühlengrund,6267.0,58.0