ObjectID,State,District,LOR_ab_2021,AccidentYear,AccidentMonth,AccidentHour,DayOfWeek,AccidentCategory,AccidentType,AccidentTypeDetail,LightingCondition,InvolvingBike,InvolvingCar,InvolvingPedestrian,InvolvingMotorcycle,InvolvingHGV,InvolvingOther,RoadCondition,GraphicCoord1,GraphicCoord2,LongitudeWGS84,LatitudeWGS84,quadrant,quadrant_rank
195676,11,3,,2019,5,21,4,3,5,2,1,1,1,0,0,0,0,0,"800014,0579","5833422,155","13,42755","52,56794",3040818.0,Pankow Süd,5068.0,57.0
195677,11,3,,2019,5,18,4,3,0,2,0,0,1,0,1,0,0,0,"799528,8817","5831002,162","13,41823","52,54652",3061332.0,Helmholtzplatz,4862.0,43.0
195678,11,4,,2019,6,19,5,3,2,6,0,1,0,0,1,0,0,1,"792711,8957","5825652,153","13,31328","52,50226",4030929.0,Hindemithplatz,3349.0,12.0
195679,11,1,,2019,5,18,4,3,5,2,0,1,1,0,0,0,0,0,"796010,1208","5831416,059","13,36686","52,55215",1044203.0,Leopoldplatz,4163.0,33.0
195680,11,1,,2019,6,18,5,3,0,1,0,1,0,0,0,0,0,1,"798646,0018","5828482,384","13,40298","52,52442",1011302.0,Oranienburger Straße,4655.0,41.0
195681,11,5,,2019,5,15,4,3,6,2,0,0,1,1,0,0,0,0,"784673,2814","5828461,076","13,19758","52,5317",5020625.0,Borkumer Straße,1558.0,34.0
195682,11,1,,2019,6,18,5,3,0,3,0,1,0,0,1,0,0,1,"798119,3663","5828960,15","13,39567","52,52899",1011302.0,Oranienburger Straße,4557.0,40.0
195683,11,10,,2019,5,18,4,3,5,3,0,1,1,0,0,0,0,0,"810635,6804","5825832,055","13,57667","52,49397",10040830.0,Kaulsdorf Süd,7246.0,65.0
195684,11,5,,2019,6,18,5,3,0,2,0,1,1,0,0,0,0,1,"784493,338","5828877,794","13,19529","52,53553",5010314.0,Carl-Schurz-Straße,1559.0,52.0
195685,11,6,,2019,5,9,4,2,3,6,0,0,1,0,1,0,0,0,"793367,092","5820349,127","13,31824","52,45437",6010101.0,Fichtenberg,3335.0,47.0
195686,11,2,,2019,5,11,4,3,5,3,0,1,1,0,0,0,0,0,"800624,6462","5826273,879","13,43006","52,50353",2030302.0,Lausitzer Platz,5049.0,52.0
195687,11,1,,2019,6,18,5,2,5,3,1,1,1,0,0,0,0,1,"797910,1197","5826572,08","13,39046","52,5077",1011201.0,Wilhelmstraße,4450.0,25.0
195688,11,12,,2019,6,18,5,3,5,2,0,1,1,0,0,0,0,1,"795103,0567","5836856,314","13,35836","52,60141",12302109.0,Treuenbrietzener Straße,3978.0,63.0
195689,11,4,,2019,5,18,4,3,2,6,0,0,1,0,0,0,0,0,"792307,7887","5825309,517","13,30704","52,49941",4051446.0,Preußenpark,3248.0,24.0
195690,11,4,,2019,5,11,4,3,5,2,0,0,1,0,0,1,0,0,"790536,3376","5822781,428","13,27881","52,47769",4041136.0,Hagenplatz,2842.0,47.0
195691,11,6,,2019,6,18,5,2,6,4,0,0,1,1,0,0,0,1,"788900,4661","5819429,736","13,25189","52,44851",6040806.0,Fischtal,2433.0,64.0
195692,11,7,,2019,5,11,4,3,5,7,0,0,1,0,0,0,0,0,"795484,0179","5825581,347","13,35394","52,50013",7010102.0,Nollendorfplatz,3948.0,43.0
195693,11,1,,2019,6,18,5,3,0,1,0,0,0,0,1,0,0,1,"796778,4258","5828817,975","13,37584","52,52844",1011301.0,Charitéviertel,4257.0,20.0
195694,11,5,,2019,5,11,4,3,5,2,0,0,1,0,1,0,0,0,"784685,025","5829353,95","13,19852","52,5397",5010314.0,Carl-Schurz-Straße,1660.0,30.0
195695,11,2,,2019,6,17,5,2,6,4,0,0,0,1,1,0,0,1,"799854,844","5825830,614","13,41836","52,49998",2030301.0,Oranienplatz,4848.0,3.0
195696,11,2,,2019,5,12,4,3,1,5,0,1,1,0,0,0,1,0,"801448,4442","5826394,208","13,44227","52,50416",2040703.0,Wriezener Bahnhof/Entwicklungsgebiet,5249.0,5.0
195697,11,12,,2019,6,16,5,2,0,1,0,1,0,0,0,0,0,1,"787421,995","5838721,999","13,24688","52,62225",12224230.0,Heiligensee,2384.0,63.0
195698,11,9,,2019,5,17,4,3,2,6,0,1,1,0,0,0,0,0,"804041,8239","5821222,142","13,47565","52,45636",9010302.0,Späthsfelde,5735.0,60.0
195699,11,4,,2019,5,17,4,2,6,4,0,0,1,1,0,0,0,0,"789061,7861","5827078,067","13,26089","52,51699",4020311.0,Reichsstraße,2553.0,40.0
195700,11,1,,2019,6,16,5,3,6,4,0,0,1,1,0,0,0,1,"793557,2543","5828335,358","13,32806","52,52586",1022102.0,Beusselkiez,3556.0,48.0
195701,11,7,,2019,6,15,5,3,1,5,0,0,1,0,0,0,0,1,"798266,3731","5818954,037","13,38888","52,43921",7050505.0,Hundsteinweg,4430.0,31.0
195702,11,6,,2019,5,17,4,3,5,3,0,0,1,0,0,0,1,0,"794204,1863","5816869,231","13,32746","52,42272",6020410.0,Oberhofer Platz,3526.0,59.0
195703,11,4,,2019,6,17,5,3,5,3,0,1,1,0,0,0,0,0,"791792,5745","5827046,045","13,30099","52,51525",4030417.0,Schloßstraße,3153.0,49.0
195704,11,1,,2019,6,17,5,3,4,6,0,0,0,0,1,1,0,0,"796660,9602","5832032,766","13,37698","52,55733",1033101.0,Soldiner Straße,4265.0,5.0
195705,11,4,,2019,6,17,5,3,5,3,0,0,1,0,0,0,0,0,"791333,4184","5828705,526","13,2957","52,53037",4030519.0,Kaiserin-Augusta-Allee,3057.0,55.0
195706,11,12,,2019,6,17,5,3,5,3,0,1,1,0,0,0,0,0,"795563,0458","5833222,522","13,36189","52,56859",12103219.0,Schäfersee,4068.0,46.0
195707,11,1,,2019,6,16,5,3,5,3,0,0,1,0,0,0,1,0,"800065,5959","5826411,893","13,42198","52,50508",1011306.0,Heine-Viertel Ost,4950.0,49.0
195708,11,6,,2019,6,16,5,3,5,2,0,1,1,0,0,0,0,0,"790858,0999","5817586,205","13,27901","52,43094",6030504.0,Teltower Damm,2828.0,57.0
195709,11,4,,2019,6,16,5,2,5,3,0,1,1,0,0,0,0,0,"792630,7151","5827088,365","13,31335","52,51518",4030620.0,Alt-Lietzow,3353.0,38.0
195710,11,3,,2019,6,16,5,3,5,2,0,1,1,0,0,0,0,0,"804276,5729","5841093,313","13,4973","52,63433",3010102.0,Buch,6088.0,54.0
195711,11,1,,2019,6,16,5,3,5,2,0,0,1,0,1,0,0,0,"797074,6823","5829292,201","13,38061","52,53253",1011301.0,Charitéviertel,4358.0,45.0
195712,11,10,,2019,6,20,5,3,2,6,0,0,1,0,1,0,0,0,"811337,3735","5829835,024","13,59072","52,52944",10020621.0,Gelbes Viertel,7457.0,61.0
195713,11,2,,2019,6,20,5,3,5,3,0,1,1,0,0,0,0,0,"803553,1542","5827194,927","13,47392","52,51017",2050801.0,Traveplatz,5751.0,57.0
195714,11,2,,2019,6,19,5,3,5,3,0,1,1,0,0,0,0,0,"801966,6973","5829025,696","13,45227","52,52746",2050601.0,Hausburgviertel,5356.0,13.0
195715,11,11,,2019,6,19,5,3,2,2,0,0,1,0,0,0,0,0,"804467,6155","5826384,245","13,48661","52,50239",11040926.0,Weitlingstraße,5849.0,58.0
195716,11,5,,2019,6,19,5,3,1,5,0,0,1,0,0,0,1,0,"784701,6351","5827273,318","13,19698","52,52104",5020626.0,Adamstraße,1554.0,46.0
195717,11,10,,2019,6,18,5,3,2,6,0,0,1,0,0,0,1,0,"811702,5599","5831880,642","13,598","52,54756",10020412.0,Alte Hellersdorfer Straße,7562.0,61.0
195718,11,6,,2019,6,18,5,3,0,7,0,1,0,0,0,0,0,0,"790576,9004","5821720,593","13,27849","52,46816",6040810.0,Dahlem,2739.0,65.0
195719,11,1,,2019,6,18,5,3,5,3,0,1,1,0,0,0,0,0,"794564,483","5829100,632","13,34354","52,53218",1022104.0,Emdener Straße,3758.0,50.0
195720,11,1,,2019,6,18,5,3,0,1,0,1,0,0,0,0,0,0,"798305,3221","5829373,244","13,39877","52,53259",1011401.0,Invalidenstraße,4558.0,14.0
195721,11,7,,2019,6,18,5,3,0,2,0,1,1,0,0,0,0,0,"795656,9348","5816070,422","13,34805","52,41478",7060604.0,Marienfelde Süd,3823.0,52.0
195722,11,9,,2019,6,15,5,3,6,7,0,1,0,1,0,0,0,0,"807236,4344","5822135,766","13,52336","52,46276",9020502.0,Oberschöneweide Ost,6437.0,60.0
195723,11,9,,2019,6,17,5,3,2,6,0,0,1,0,1,0,0,0,"809683,3583","5821307,296","13,55849","52,45396",9051901.0,Dammvorstadt,6935.0,43.0
195724,11,2,,2019,6,15,5,3,6,4,0,0,1,1,0,0,0,0,"802688,7741","5828129,335","13,46207","52,51902",2050602.0,Samariterviertel,5554.0,57.0
195725,11,9,,2019,6,15,5,3,2,6,0,0,1,0,0,0,0,0,"806504,8231","5822090,641","13,51258","52,46277",9020501.0,Oberschöneweide West,6237.0,55.0
195726,11,2,,2019,6,15,5,3,5,7,0,0,1,0,0,0,0,0,"799332,099","5825627,348","13,4105","52,49845",2010104.0,Wassertorplatz,4748.0,28.0
195727,11,10,,2019,6,6,5,2,5,2,0,1,1,0,0,0,0,0,"808083,5429","5832324,671","13,54522","52,5536",10010203.0,Gewerbegebiet Bitterfelder Straße,6764.0,65.0
195728,11,3,,2019,6,7,5,2,5,3,0,1,1,0,0,0,0,0,"798990,5836","5835036,513","13,41395","52,58297",3040614.0,Pankow Zentrum,4873.0,65.0
195729,11,1,,2019,6,14,5,3,6,4,0,0,1,1,0,0,0,0,"794938,9804","5827271,4","13,34743","52,51558",1011102.0,Großer Tiergarten,3853.0,44.0
195730,11,11,,2019,6,7,5,3,3,6,0,0,1,0,1,0,0,1,"803699,3924","5826242,401","13,4752","52,50155",11051229.0,Rummelsburg,5749.0,42.0
195731,11,2,,2019,6,7,5,3,3,6,0,1,0,0,0,0,1,0,"801597,5221","5825937,283","13,44405","52,49998",2030402.0,Wrangelkiez,5248.0,21.0
195732,11,6,,2019,6,7,5,3,3,6,0,0,1,0,1,0,0,0,"795822,2132","5819719,904","13,35371","52,44741",6010205.0,Südende,3933.0,51.0
195733,11,6,,2019,6,7,5,2,5,2,0,0,1,0,1,0,0,1,"788909,923","5817930,331","13,25074","52,43506",6030503.0,Zehlendorf Mitte,2329.0,65.0
195734,11,1,,2019,6,8,5,3,5,3,0,1,1,0,0,0,0,0,"796113,3924","5831188,849","13,36817","52,55006",1044201.0,Reinickendorfer Straße,4163.0,33.0
195735,11,11,,2019,6,8,5,3,6,4,0,0,1,1,0,0,0,0,"806173,8233","5831244,078","13,51614","52,54499",11020412.0,Hauptstraße,6361.0,62.0
195736,11,9,,2019,6,8,5,3,5,2,0,1,1,0,0,0,0,0,"802352,5717","5824748,049","13,45406","52,4889",9010101.0,Elsenstraße,5445.0,59.0
195737,11,9,,2019,6,9,5,3,5,2,0,1,1,0,0,0,0,0,"806199,7972","5823259,926","13,50918","52,47342",9020501.0,Oberschöneweide West,6240.0,57.0
195738,11,1,,2019,6,14,5,3,5,7,0,0,1,0,1,0,0,0,"798142,92","5827413,083","13,39463","52,51511",1011203.0,Unter den Linden Süd,4553.0,29.0
195739,11,1,,2019,6,10,5,3,5,3,0,1,1,0,0,0,0,0,"797160,435","5827685,961","13,38044","52,51809",1011202.0,Unter den Linden Nord,4354.0,42.0
195740,11,11,,2019,6,10,5,2,5,3,0,1,0,0,0,1,0,0,"807089,5401","5825838,724","13,52461","52,49603",11041128.0,Sewanstraße,6447.0,54.0
195741,11,4,,2019,6,12,5,3,2,6,0,1,1,0,0,0,0,0,"790046,0636","5822991,8","13,2718","52,47984",4041136.0,Hagenplatz,2642.0,65.0
195742,11,3,,2019,6,12,5,3,1,5,0,1,1,0,0,0,0,0,"802858,4508","5831759,003","13,46787","52,55146",3051022.0,Hansastraße,5663.0,65.0
195743,11,2,,2019,6,12,5,3,0,3,0,1,0,0,0,1,0,0,"798491,9379","5825234,696","13,39781","52,49539",2020204.0,Urbanstraße,4547.0,11.0
195744,11,4,,2019,6,8,5,2,0,1,0,1,0,0,0,0,0,0,"792087,792","5825285,928","13,30379","52,49931",4030726.0,Droysenstraße,3148.0,24.0
195745,11,4,,2019,6,16,5,3,5,3,0,1,0,0,0,0,1,0,"786960,292","5825533,407","13,22868","52,50425",4020208.0,Kranzallee,2049.0,65.0
195746,11,6,,2019,6,15,4,3,6,7,0,0,0,1,1,0,0,0,"791522,0147","5818101,647","13,2892","52,43521",6030610.0,Lichterfelde West,2929.0,61.0
195747,11,1,,2019,6,11,4,3,6,4,0,1,0,1,0,0,0,0,"797706,136","5829665,789","13,39023","52,53554",1033202.0,Humboldthain Süd,4459.0,28.0
195748,11,1,,2019,6,19,4,3,0,1,0,0,0,0,1,0,0,1,"797222,1328","5829068,629","13,38258","52,53045",1011301.0,Charitéviertel,4357.0,21.0
195749,11,8,,2019,6,19,4,3,0,1,1,1,0,0,0,0,0,1,"803814,9189","5822123,038","13,47314","52,46456",8010509.0,Schulenburgpark,5638.0,53.0
195750,11,3,,2019,6,11,4,2,4,6,0,0,1,0,0,1,0,0,"804873,5719","5841344,509","13,50632","52,63624",3010102.0,Buch,6188.0,57.0
195751,11,2,,2019,6,8,4,3,0,1,0,0,0,0,1,0,0,1,"797102,1111","5824461,43","13,3767","52,48922",2020203.0,Viktoriapark,4245.0,40.0
195752,11,1,,2019,6,23,4,3,0,2,2,1,1,0,0,0,0,1,"797656,0133","5831888,078","13,39148","52,55549",1033102.0,Gesundbrunnen,4464.0,34.0
195753,11,1,,2019,6,22,4,3,0,3,2,0,1,0,1,0,0,1,"796542,1253","5829873,613","13,3733","52,53804",1033203.0,Humboldthain Nordwest,4259.0,40.0
195754,11,12,,2019,6,22,4,3,5,3,2,0,1,0,0,0,0,1,"793946,4197","5836639,163","13,34114","52,60009",12302108.0,Märkisches Zentrum,3778.0,60.0
195755,11,6,,2019,6,15,4,3,5,2,0,0,1,0,1,0,0,0,"794789,3652","5819837,703","13,33866","52,44902",6010206.0,Stadtpark,3633.0,59.0
195756,11,10,,2019,6,15,4,2,6,4,0,0,1,1,0,0,0,0,"811301,9219","5831644,18","13,59189","52,54567",10020412.0,Alte Hellersdorfer Straße,7462.0,45.0
195757,11,7,,2019,6,15,4,3,0,7,0,0,1,0,0,0,1,0,"798507,0165","5820918,369","13,39416","52,45669",7040405.0,Rathaus Tempelhof,4536.0,56.0
195758,11,1,,2019,6,16,4,3,6,4,0,1,0,1,0,0,0,0,"797135,8407","5826451,252","13,37897","52,50703",1011201.0,Wilhelmstraße,4250.0,52.0
195759,11,9,,2019,6,18,4,3,5,2,0,1,1,0,0,0,0,1,"810939,7698","5821589,109","13,57718","52,45577",9051901.0,Dammvorstadt,7235.0,47.0
195760,11,9,,2019,6,18,4,3,6,4,0,0,1,1,0,0,0,1,"810176,6919","5819580,752","13,56412","52,43821",9020802.0,Köllnische Vorstadt,7030.0,52.0
195761,11,4,,2019,6,18,4,3,5,3,0,1,1,0,0,0,0,1,"791815,9749","5827721,353","13,30193","52,52129",4030620.0,Alt-Lietzow,3154.0,20.0
195762,11,11,,2019,6,19,4,3,0,7,0,0,1,0,0,0,0,1,"804744,6384","5827412,075","13,49162","52,51145",11030824.0,Frankfurter Allee Süd,5952.0,37.0
195763,11,8,,2019,6,18,4,3,5,2,0,0,0,0,1,0,1,0,"802184,3121","5823750,843","13,45068","52,48006",8010405.0,Hertzbergplatz,5342.0,38.0
195764,11,5,,2019,6,17,4,3,6,4,0,1,0,1,0,0,0,0,"781626,8029","5830689,753","13,15468","52,55327",5010206.0,Gütersloher Weg,964.0,53.0
195765,11,3,,2019,6,16,4,3,6,4,0,1,0,1,0,0,0,0,"802231,7584","5829343,843","13,45646","52,53016",3061430.0,Volkspark Prenzlauer Berg,5457.0,20.0
195766,11,3,,2019,6,16,4,3,5,3,0,0,1,0,0,0,1,0,"800015,0434","5833422,212","13,42756","52,56794",3040818.0,Pankow Süd,5068.0,57.0
195767,11,8,,2019,6,22,4,3,2,6,2,0,1,0,0,0,0,1,"800343,3043","5824377,042","13,42422","52,48669",8010303.0,Donaustraße,4944.0,25.0
195768,11,3,,2019,6,20,4,3,5,3,1,1,1,0,0,0,0,1,"801828,3152","5831741,146","13,45271","52,55187",3050920.0,Weißer See,5363.0,56.0
195769,11,5,,2019,6,16,4,3,2,6,0,0,1,0,0,0,0,0,"783392,355","5827691,34","13,17809","52,52547",5020626.0,Adamstraße,1356.0,63.0
195770,11,1,,2019,6,20,4,3,1,5,0,1,1,0,0,0,0,1,"797212,0284","5827200,014","13,38076","52,5137",1011201.0,Wilhelmstraße,4352.0,37.0
195771,11,1,,2019,6,19,4,2,5,7,0,0,1,0,0,0,1,1,"798032,9586","5830088,787","13,39541","52,53915",1033201.0,Brunnenstraße,4560.0,49.0
195772,11,8,,2019,6,18,4,3,0,1,1,1,0,0,0,0,0,1,"803039,4929","5818352,386","13,45834","52,4312",8030829.0,Gropiusstadt Nord,5428.0,49.0
195773,11,1,,2019,6,10,4,3,1,5,0,1,1,0,0,0,1,0,"798660,1176","5828529,973","13,40323","52,52484",1011302.0,Oranienburger Straße,4656.0,41.0
195774,11,6,,2019,6,13,4,3,5,2,0,1,1,0,0,0,0,0,"792762,5723","5817959,17","13,30727","52,43327",6030610.0,Lichterfelde West,3229.0,58.0
195775,11,5,,2019,6,14,4,3,5,2,0,1,1,0,0,0,0,0,"785392,594","5830299,982","13,20973","52,54781",5010311.0,Eiswerder,1762.0,53.0
195776,11,6,,2019,6,14,4,3,5,3,0,0,1,0,0,0,0,0,"785991,2499","5817398,888","13,20746","52,43183",6040703.0,Nikolassee,1728.0,61.0
195777,11,2,,2019,6,12,4,3,2,6,0,1,1,0,0,0,0,0,"799535,5179","5825861,018","13,41369","52,50043",2010103.0,Moritzplatz,4848.0,3.0
195778,11,2,,2019,6,13,4,3,5,2,0,0,1,0,1,0,0,0,"801837,1915","5825745,476","13,4474","52,49813",2030402.0,Wrangelkiez,5348.0,58.0
195779,11,1,,2019,6,13,4,3,5,3,0,1,1,0,0,0,0,0,"795089,0579","5828866,944","13,35105","52,5298",1022201.0,Stephankiez,3857.0,60.0
195780,11,4,,2019,6,13,4,3,5,3,0,1,1,0,0,0,0,0,"790494,0101","5826545,703","13,28147","52,51146",4020313.0,Königin-Elisabeth-Straße,2852.0,40.0
195781,11,6,,2019,6,15,4,3,5,2,0,1,1,0,0,0,0,0,"795596,1917","5817084,586","13,34806","52,42391",6020305.0,Gemeindepark Lankwitz,3826.0,60.0
195782,11,4,,2019,6,15,4,3,2,6,0,0,1,0,0,0,0,0,"793967,9715","5824808,709","13,33098","52,49403",4051653.0,Prager Platz,3546.0,33.0
195783,11,4,,2019,6,12,4,2,5,3,0,1,1,0,0,0,0,0,"791284,9177","5826353,81","13,29293","52,50932",4030724.0,Lietzensee,3051.0,26.0
195784,11,6,,2019,6,13,4,3,2,6,0,0,1,0,0,0,0,0,"794926,3511","5816245,019","13,3375","52,41674",6020410.0,Oberhofer Platz,3624.0,62.0
195785,11,3,,2019,6,10,4,3,5,7,0,0,1,0,0,0,1,0,"803489,0245","5832275,531","13,47761","52,55574",3051021.0,Buschallee,5765.0,65.0
195786,11,1,,2019,6,19,4,3,3,6,0,0,1,0,0,0,0,1,"796941,6989","5831531,146","13,38066","52,55268",1044201.0,Reinickendorfer Straße,4364.0,39.0
195787,11,2,,2019,6,19,4,3,0,5,0,1,1,0,0,0,0,1,"799391,5706","5824779,84","13,41061","52,49082",2020206.0,Graefekiez,4746.0,53.0
195788,11,11,,2019,6,4,4,3,0,7,1,0,0,0,1,0,1,1,"803815,4113","5829076,625","13,47949","52,52689",11030619.0,Fennpfuhl Ost,5756.0,56.0
195789,11,4,,2019,6,5,4,3,0,3,0,0,1,0,1,0,0,1,"793355,9089","5822576,2","13,32003","52,47434",4041344.0,Rüdesheimer Platz,3441.0,51.0
195790,11,1,,2019,6,6,4,3,5,3,0,0,1,0,0,0,0,1,"797959,9349","5827080,333","13,39164","52,51222",1011203.0,Unter den Linden Süd,4452.0,21.0
195791,11,9,,2019,6,6,4,3,5,3,0,0,1,0,0,0,0,0,"807026,6737","5822418,551","13,52054","52,46542",9020502.0,Oberschöneweide Ost,6338.0,60.0
195792,11,10,,2019,6,10,4,3,5,3,0,1,1,0,0,0,0,0,"806466,208","5830189,797","13,51947","52,53538",10010308.0,Marzahner Chaussee,6359.0,27.0
195793,11,4,,2019,6,6,4,3,2,7,0,0,0,0,1,1,0,1,"793558,9085","5827755,268","13,32758","52,52066",4030621.0,Spreestadt,3554.0,52.0
195794,11,4,,2019,6,7,4,3,5,7,0,0,1,0,0,0,0,0,"792443,672","5824097,216","13,30797","52,48847",4051445.0,Eisenzahnstraße,3245.0,33.0
195795,11,11,,2019,6,7,4,3,5,2,0,1,1,0,0,0,0,0,"803973,8845","5829075,174","13,48181","52,52679",11030619.0,Fennpfuhl Ost,5856.0,52.0
195796,11,5,,2019,6,8,4,3,5,2,0,1,1,0,0,0,0,1,"782287,0798","5827413,014","13,1616","52,52354",5020522.0,Pillnitzer Weg,1055.0,59.0
195797,11,2,,2019,6,9,4,3,3,6,0,1,0,0,0,0,0,0,"798125,518","5825283,641","13,39247","52,49603",2020204.0,Urbanstraße,4447.0,16.0
195798,11,1,,2019,6,9,4,3,5,2,0,1,1,0,0,0,0,0,"799107,7908","5828466,068","13,40975","52,52402",1011303.0,Alexanderplatzviertel,4755.0,4.0
195799,11,9,,2019,6,9,4,3,2,6,0,0,1,0,0,1,0,0,"811250,131","5820228,506","13,58047","52,4434",9041501.0,Altstadt Kietz,7232.0,31.0
195800,11,2,,2019,6,9,4,3,5,2,0,0,1,0,1,0,0,0,"800080,396","5825641,056","13,4215","52,49816",2030301.0,Oranienplatz,4948.0,23.0
195801,11,6,,2019,6,8,4,3,5,3,0,1,1,0,0,0,0,0,"791767,8694","5819273,967","13,29383","52,44559",6030605.0,Botanischer Garten,3032.0,48.0
195802,11,4,,2019,6,9,4,3,6,4,0,0,1,1,0,0,0,0,"792064,0486","5828315,791","13,3061","52,52649",4030519.0,Kaiserin-Augusta-Allee,3256.0,49.0
195803,11,3,,2019,6,8,4,3,1,5,0,0,1,0,0,0,0,0,"803018,9307","5828592,455","13,46734","52,52299",3061441.0,Eldenaer Straße,5655.0,61.0
195804,11,3,,2019,6,9,4,3,2,6,0,1,0,0,0,0,1,0,"800378,9307","5831547,391","13,43122","52,55094",3061228.0,Erich-Weinert-Straße,5063.0,29.0
195805,11,7,,2019,6,8,4,3,6,4,0,1,0,1,0,0,0,0,"797285,4013","5820652,56","13,376","52,45497",7040404.0,Marienhöhe,4235.0,48.0
195806,11,12,,2019,6,8,4,3,5,3,0,0,1,0,0,0,1,0,"793960,5279","5836628,458","13,34134","52,59999",12302108.0,Märkisches Zentrum,3777.0,62.0
195807,11,4,,2019,6,8,4,3,0,1,0,0,0,0,1,0,0,0,"792362,8208","5825380,274","13,30791","52,50001",4030929.0,Hindemithplatz,3248.0,24.0
195808,11,3,,2019,6,15,3,3,2,6,0,0,1,0,0,0,0,0,"796783,2187","5835811,127","13,38216","52,59113",3040512.0,Wilhelmsruh,4375.0,52.0
195809,11,1,,2019,6,18,3,3,2,6,0,1,1,0,0,0,0,0,"796853,464","5831545,802","13,37938","52,55286",1044201.0,Reinickendorfer Straße,4264.0,38.0
195810,11,1,,2019,6,14,3,3,6,7,0,1,0,1,0,0,0,0,"797575,6596","5831644,311","13,39008","52,55334",1033102.0,Gesundbrunnen,4464.0,34.0
195811,11,8,,2019,6,14,3,3,2,6,0,0,1,0,0,0,0,0,"801411,203","5824757,381","13,44024","52,48951",8010302.0,Bouchéstraße,5245.0,60.0
195812,11,1,,2019,6,12,3,3,6,7,0,1,0,1,0,0,0,0,"796844,3881","5827831,729","13,37592","52,51957",1011102.0,Großer Tiergarten,4254.0,60.0
195813,11,5,,2019,6,19,3,3,5,3,0,0,1,0,0,0,0,0,"783195,1955","5827093,798","13,17468","52,52021",5020523.0,Maulbeerallee,1254.0,63.0
195814,11,1,,2019,6,18,3,3,2,6,0,1,1,0,0,0,0,0,"797900,3201","5826589,912","13,39033","52,50786",1011204.0,Leipziger Straße,4451.0,11.0
195815,11,3,,2019,6,17,3,3,2,6,0,0,0,0,1,1,0,0,"799197,2725","5831774,778","13,41405","52,55363",3061126.0,Arnimplatz,4864.0,14.0
195816,11,1,,2019,6,18,3,3,0,7,0,0,1,0,0,0,1,0,"795010,5105","5830118,168","13,351","52,54106",1044202.0,Sparrplatz,3860.0,55.0
195817,11,5,,2019,6,18,3,3,2,6,0,0,1,0,0,0,0,0,"785673,4113","5828035,441","13,21192","52,52736",5020627.0,Tiefwerder,1856.0,55.0
195818,11,2,,2019,6,18,3,3,5,3,0,0,1,0,0,0,0,0,"801692,8906","5827209,464","13,4466","52,51133",2040702.0,Weberwiese,5252.0,55.0
195819,11,4,,2019,6,18,3,3,6,2,0,0,1,1,0,0,0,0,"792840,4625","5825525,391","13,31505","52,50106",4030930.0,George-Grosz-Platz,3349.0,12.0
195820,11,11,,2019,6,17,3,2,5,3,0,1,0,0,0,0,0,0,"806719,1922","5826792,695","13,52005","52,50479",11041128.0,Sewanstraße,6350.0,50.0
195821,11,3,,2019,6,17,3,3,6,4,0,1,0,1,0,0,0,0,"798932,8972","5831058,934","13,40952","52,54735",3061131.0,Falkplatz,4762.0,48.0
195822,11,1,,2019,6,17,3,3,5,2,0,1,1,0,0,0,0,0,"795768,64","5826683,928","13,3591","52,50986",1011105.0,Nördlicher Landwehrkanal,3951.0,58.0
195823,11,1,,2019,6,17,3,3,2,6,0,0,1,0,0,0,0,0,"796684,5093","5830138,275","13,37563","52,54033",1033203.0,Humboldthain Nordwest,4260.0,59.0
195824,11,11,,2019,6,16,3,3,6,7,0,1,0,1,0,0,0,0,"807313,9746","5824881,731","13,52702","52,48733",11051331.0,Karlshorst Nord,6445.0,63.0
195825,11,9,,2019,6,15,3,3,5,2,0,0,1,0,1,0,0,0,"811143,1605","5821575,203","13,58015","52,45553",9051901.0,Dammvorstadt,7235.0,47.0
195826,11,8,,2019,6,15,3,3,2,7,0,0,1,0,1,0,0,0,"800356,061","5824216,003","13,42426","52,48524",8010211.0,Flughafenstraße,4944.0,25.0
195827,11,7,,2019,6,10,2,2,8,1,0,0,1,0,0,0,0,0,"796416,5495","5816591,13","13,35965","52,41904",7060601.0,Marienfelder Allee Nordwest,4025.0,60.0
195828,11,4,,2019,6,15,3,3,2,6,0,0,1,0,0,0,0,0,"793964,8353","5824913,94","13,33103","52,49497",4051653.0,Prager Platz,3547.0,43.0
195829,11,11,,2019,6,8,2,3,0,7,0,0,0,0,1,1,0,1,"805242,2613","5826268,277","13,49788","52,50092",11040926.0,Weitlingstraße,6049.0,61.0
195830,11,12,,2019,6,14,3,3,1,5,0,1,1,0,0,0,1,0,"793175,5019","5832628,33","13,32624","52,56455",12214424.0,Scharnweberstraße,3567.0,10.0
195831,11,3,,2019,6,10,2,3,0,1,0,1,0,0,0,0,0,0,"799393,2568","5833497,771","13,41848","52,56896",3040818.0,Pankow Süd,4868.0,52.0
195832,11,9,,2019,6,14,3,3,5,2,0,0,1,0,0,0,0,0,"804392,0667","5821738,632","13,48126","52,4608",9010301.0,Baumschulenstraße,5837.0,51.0
195833,11,2,,2019,6,19,2,3,5,2,0,1,1,0,0,0,0,0,"798295,5952","5825328,039","13,39501","52,49633",2020204.0,Urbanstraße,4547.0,11.0
195834,11,5,,2019,6,19,2,3,2,7,0,0,0,0,1,0,1,0,"781092,3282","5828603,198","13,14505","52,53483",5020418.0,Spandauer Straße,858.0,60.0