ObjectID,State,District,LOR_ab_2021,AccidentYear,AccidentMonth,AccidentHour,DayOfWeek,AccidentCategory,AccidentType,AccidentTypeDetail,LightingCondition,InvolvingBike,InvolvingCar,InvolvingPedestrian,InvolvingMotorcycle,InvolvingHGV,InvolvingOther,RoadCondition,GraphicCoord1,GraphicCoord2,LongitudeWGS84,LatitudeWGS84,quadrant,quadrant_rank
195835,11,5,,2019,6,14,3,3,1,5,0,1,1,0,0,0,0,0,"787276,4277","5829779,866","13,23699","52,54216",5030731.0,Gartenfelder Straße,2161.0,59.0
195836,11,12,,2019,6,13,3,3,3,6,0,0,1,0,1,0,0,0,"793482,3701","5837003,29","13,33463","52,60361",12302211.0,Lübarser Straße,3679.0,62.0
195837,11,1,,2019,6,19,2,3,5,2,0,1,1,0,0,0,0,0,"796204,1673","5831516,889","13,3698","52,55295",1044201.0,Reinickendorfer Straße,4164.0,52.0
195838,11,2,,2019,6,21,2,2,9,1,1,0,0,0,1,0,0,0,"800370,4598","5827871,597","13,42777","52,51799",2040701.0,Andreasviertel,5054.0,36.0
195839,11,11,,2019,6,17,3,3,8,1,0,0,1,0,0,0,0,0,"805115,8068","5834607,679","13,50368","52,57573",11010207.0,Wartenberg Nord,6170.0,58.0
195840,11,3,,2019,6,18,2,2,0,1,0,0,0,0,1,0,0,0,"798866,1188","5830435,524","13,40797","52,5418",3061131.0,Falkplatz,4760.0,20.0
195841,11,1,,2019,6,9,3,3,3,6,0,1,0,0,0,0,1,0,"794563,4151","5826098,673","13,34087","52,50527",1011101.0,Stülerstraße,3750.0,33.0
195842,11,10,,2019,6,18,2,3,5,3,0,0,1,0,0,0,1,0,"813028,1536","5827272,349","13,61315","52,50551",10040932.0,Alt-Mahlsdorf,7750.0,57.0
195843,11,6,,2019,6,18,2,3,5,3,0,1,1,0,0,0,0,0,"790992,1676","5817440,521","13,28085","52,42956",6030608.0,Schweizer Viertel,2828.0,57.0
195844,11,2,,2019,6,17,2,3,5,3,0,0,1,0,0,1,0,0,"801765,0695","5828662,158","13,44898","52,52431",2050601.0,Hausburgviertel,5355.0,51.0
195845,11,1,,2019,6,10,3,3,2,6,0,1,1,0,0,0,0,0,"794573,3123","5828555,621","13,34319","52,52729",1022104.0,Emdener Straße,3756.0,4.0
195846,11,1,,2019,6,17,2,3,5,7,0,0,1,0,1,0,0,0,"793383,2748","5829578,194","13,3266","52,5371",1022103.0,Westhafen,3559.0,22.0
195847,11,4,,2019,6,10,3,3,0,6,0,0,1,0,0,0,1,0,"792570,1239","5822973,067","13,30884","52,47832",4041343.0,Binger Straße,3242.0,39.0
195848,11,2,,2019,6,18,2,3,5,2,0,1,1,0,0,0,0,0,"797941,7363","5825259,281","13,38975","52,49591",2020202.0,Rathaus Yorckstraße,4447.0,16.0
195849,11,9,,2019,6,16,2,3,2,2,0,0,1,0,0,0,0,0,"808486,1726","5819040,702","13,53884","52,43432",9020701.0,Adlershof West,6629.0,41.0
195850,11,1,,2019,6,10,3,3,8,1,0,1,1,0,0,0,0,0,"797729,6156","5827644,573","13,38877","52,51741",1011202.0,Unter den Linden Nord,4453.0,15.0
195851,11,12,,2019,6,16,2,3,5,2,0,1,0,0,0,0,1,0,"795344,3929","5833841,037","13,35923","52,57425",12103115.0,Breitkopfbecken,3970.0,41.0
195852,11,7,,2019,6,17,2,3,8,1,0,0,1,0,0,0,0,0,"800646,7637","5814141,465","13,41947","52,39477",7070704.0,Nahariyastraße,4817.0,59.0
195853,11,9,,2019,6,11,3,3,0,2,0,1,0,0,0,0,0,0,"812040,6431","5821394,944","13,59315","52,4534",9051901.0,Dammvorstadt,7435.0,58.0
195854,11,5,,2019,6,7,2,2,6,4,0,0,1,1,0,0,0,0,"780337,7013","5827869,123","13,13333","52,52864",5020521.0,Döberitzer Weg,657.0,63.0
195855,11,5,,2019,6,13,3,3,5,3,0,0,1,0,0,0,0,0,"782657,166","5829427,986","13,16876","52,54142",5010209.0,An der Kappe,1160.0,63.0
195856,11,12,,2019,6,7,2,3,0,2,0,1,0,0,0,1,0,0,"793930,2741","5835301,5","13,33971","52,58811",12301203.0,Wittenau Süd,3774.0,53.0
195857,11,1,,2019,6,7,2,2,5,3,0,0,1,0,1,0,0,0,"797870,6152","5826767,855","13,39005","52,50947",1011204.0,Leipziger Straße,4451.0,11.0
195858,11,7,,2019,6,11,3,3,0,7,0,0,0,0,1,0,0,1,"795714,0347","5824031,102","13,35594","52,48611",7020203.0,Kaiser-Wilhelm-Platz,3944.0,21.0
195859,11,6,,2019,6,12,3,2,2,2,0,0,1,0,1,0,0,0,"794746,8352","5816900,964","13,33544","52,42272",6020410.0,Oberhofer Platz,3626.0,64.0
195860,11,10,,2019,6,7,2,3,5,2,0,0,1,0,1,0,0,0,"809594,9618","5830266,068","13,56552","52,53429",10030724.0,Oberfeldstraße,7058.0,63.0
195861,11,3,,2019,6,7,2,3,2,6,0,0,1,0,0,0,0,0,"803319,0468","5842608,878","13,48458","52,64845",3010101.0,Bucher Forst,5892.0,63.0
195862,11,11,,2019,6,10,3,2,2,7,0,0,1,0,0,0,0,0,"805938,769","5833721,745","13,51497","52,56733",11010205.0,Falkenberg West,6368.0,50.0
195863,11,6,,2019,6,6,2,3,5,3,0,1,1,0,0,0,0,0,"793746,5104","5821052,637","13,32442","52,46047",6010102.0,Schloßstraße,3437.0,57.0
195864,11,9,,2019,6,9,3,2,5,2,0,1,1,0,0,0,0,0,"809421,4432","5818429,531","13,55198","52,42832",9020701.0,Adlershof West,6827.0,50.0
195865,11,12,,2019,6,5,2,3,5,3,0,0,1,0,0,0,0,0,"795347,0539","5836375,503","13,36152","52,59697",12302110.0,Dannenwalder Weg,4077.0,58.0
195866,11,3,,2019,6,9,3,3,9,1,0,0,1,0,0,0,0,0,"796317,2137","5835023,394","13,3746","52,58432",3040512.0,Wilhelmsruh,4273.0,62.0
195867,11,2,,2019,6,3,2,3,0,1,2,1,0,0,0,0,0,0,"802449,163","5827058,911","13,45758","52,50956",2050802.0,Boxhagener Platz,5451.0,41.0
195868,11,12,,2019,6,19,3,3,0,4,1,0,0,1,0,0,1,0,"793236,5624","5832494,666","13,32702","52,56332",12214424.0,Scharnweberstraße,3567.0,10.0
195869,11,8,,2019,6,10,2,3,5,3,0,0,1,0,0,0,0,0,"802031,4461","5824297,417","13,44894","52,48504",8010406.0,Treptower Straße Nord,5344.0,56.0
195870,11,4,,2019,6,10,2,3,2,6,0,0,1,0,0,0,0,0,"791462,7244","5828267,8","13,29722","52,52638",4030518.0,Tegeler Weg,3056.0,54.0
195871,11,4,,2019,6,22,3,3,2,6,2,0,1,0,0,0,0,1,"790846,0042","5824725,064","13,28506","52,49495",4041134.0,Bismarckallee,2847.0,41.0
195872,11,2,,2019,6,8,3,3,1,5,0,1,1,0,0,0,0,0,"801244,833","5825286,716","13,43828","52,49434",2030401.0,Reichenberger Straße,5147.0,55.0
195873,11,9,,2019,6,10,2,3,5,3,0,1,1,0,0,0,0,0,"812235,2417","5817032,001","13,59193","52,41419",9041302.0,Wendenschloß,7423.0,65.0
195874,11,12,,2019,6,9,3,3,1,5,0,1,1,0,0,0,0,0,"796650,9657","5832516,834","13,37727","52,56167",12103117.0,Letteplatz,4266.0,52.0
195875,11,11,,2019,6,9,2,3,1,5,0,0,1,0,0,0,0,0,"803025,8216","5829186,346","13,46798","52,52831",11030618.0,Fennpfuhl West,5657.0,53.0
195876,11,8,,2019,6,9,3,3,5,3,0,0,1,0,1,0,0,0,"800787,6176","5821355,117","13,42802","52,45936",8020620.0,Tempelhofer Weg,5036.0,65.0
195877,11,6,,2019,6,9,2,3,5,7,0,0,1,0,0,0,0,0,"793474,176","5817729,811","13,31751","52,43083",6020409.0,Königsberger Straße,3328.0,59.0
195878,11,1,,2019,6,8,3,2,3,6,0,1,0,0,0,1,0,0,"795475,8914","5826646,412","13,35476","52,50969",1011105.0,Nördlicher Landwehrkanal,3951.0,58.0
195879,11,9,,2019,6,9,2,2,5,2,0,0,1,0,0,0,1,0,"806241,5718","5822170,747","13,50879","52,46364",9020501.0,Oberschöneweide West,6238.0,43.0
195880,11,3,,2019,6,6,3,3,2,6,0,0,1,0,0,0,0,0,"801093,5437","5833203,299","13,44323","52,56538",3030715.0,Heinersdorf,5267.0,58.0
195881,11,6,,2019,6,8,2,3,5,3,0,0,1,0,1,0,0,0,"790251,612","5820067,251","13,27227","52,45351",6040810.0,Dahlem,2735.0,58.0
195882,11,7,,2019,6,9,2,3,5,2,0,1,0,0,0,0,1,0,"796229,5231","5824934,162","13,36431","52,49393",7010104.0,Dennewitzplatz,4046.0,41.0
195883,11,5,,2019,6,4,3,3,2,2,1,0,1,0,0,0,0,1,"787973,3764","5830562,178","13,24791","52,5488",5030832.0,Rohrdamm,2363.0,61.0
195884,11,11,,2019,6,8,2,3,5,3,0,1,1,0,0,0,0,1,"805892,941","5826556,828","13,5077","52,50314",11040926.0,Weitlingstraße,6249.0,59.0
195885,11,2,,2019,6,8,3,3,0,1,0,0,0,0,1,0,0,0,"799994,2381","5826215,782","13,42075","52,50336",2030301.0,Oranienplatz,4949.0,42.0
195886,11,12,,2019,6,16,2,3,0,2,0,0,1,0,0,0,1,0,"793399,5406","5833163,71","13,33001","52,56923",12214421.0,Reinickes Hof,3568.0,52.0
195887,11,11,,2019,6,16,2,3,5,7,0,0,0,0,1,0,1,0,"804212,1971","5828214,884","13,48453","52,51894",11030721.0,Rüdigerstraße,5854.0,49.0
195888,11,7,,2019,6,8,3,3,0,7,0,1,0,0,0,0,0,0,"796956,6719","5820516,854","13,37106","52,45394",7040404.0,Marienhöhe,4135.0,49.0
195889,11,1,,2019,6,11,2,3,5,2,0,1,0,0,0,0,1,0,"799727,011","5827763,959","13,41822","52,51738",1011304.0,Karl-Marx-Allee,4853.0,18.0
195890,11,4,,2019,6,15,2,3,2,6,0,0,1,0,0,0,0,0,"791315,9653","5821990,191","13,28957","52,47018",4041241.0,Breite Straße,2940.0,57.0
195891,11,1,,2019,6,11,2,2,5,3,0,1,1,0,0,0,0,0,"793513,2085","5829336,887","13,3283","52,53486",1022103.0,Westhafen,3558.0,50.0
195892,11,1,,2019,6,17,2,3,0,5,0,0,1,0,0,0,1,0,"794881,6638","5831061,355","13,34995","52,54958",1044103.0,Westliche Müllerstraße,3863.0,41.0
195893,11,2,,2019,6,11,2,3,5,2,0,0,1,0,0,0,0,0,"799071,6281","5825610,148","13,40666","52,49844",2010104.0,Wassertorplatz,4748.0,28.0
195894,11,7,,2019,6,16,2,2,5,2,0,0,1,0,0,0,1,0,"799250,9593","5816260,563","13,40091","52,41453",7070701.0,Kettinger Straße/Schillerstraße,4623.0,43.0
195895,11,6,,2019,6,11,2,3,5,2,0,1,1,0,0,0,0,0,"790244,2017","5820078,824","13,27217","52,45361",6040810.0,Dahlem,2735.0,58.0
195896,11,3,,2019,6,12,2,3,2,2,0,0,1,0,0,0,0,0,"800081,2921","5833883,299","13,42895","52,57204",3040818.0,Pankow Süd,5069.0,51.0
195897,11,8,,2019,6,16,2,3,5,2,0,1,1,0,0,0,0,0,"802019,4284","5823518,721","13,44805","52,47807",8010405.0,Hertzbergplatz,5342.0,38.0
195898,11,10,,2019,6,16,2,3,4,6,0,1,0,0,0,0,0,0,"812353,1455","5830455,076","13,60623","52,53441",10020517.0,Adele-Sandrock-Straße,7658.0,55.0
195899,11,5,,2019,6,16,2,3,6,7,0,0,1,1,0,0,0,0,"782540,3533","5820579,045","13,15953","52,46214",5040935.0,Groß-Glienicker Weg,1037.0,63.0
195900,11,8,,2019,6,14,2,3,2,6,0,0,1,0,0,0,0,0,"800976,2206","5822150,409","13,4315","52,46638",8010118.0,Silbersteinstraße,5038.0,31.0
195901,11,7,,2019,6,13,2,2,5,3,0,1,0,0,0,0,0,0,"799654,3503","5820996,973","13,41107","52,45677",7040405.0,Rathaus Tempelhof,4736.0,65.0
195902,11,4,,2019,6,13,2,3,5,3,0,0,1,0,0,0,0,0,"793356,3935","5822837,394","13,32027","52,47668",4041344.0,Rüdesheimer Platz,3441.0,51.0
195903,11,3,,2019,6,14,2,3,1,5,0,1,1,0,0,0,0,0,"801561,2824","5830196,969","13,44738","52,53818",3061429.0,Greifswalder Straße,5359.0,51.0
195904,11,3,,2019,6,14,2,2,0,7,0,0,0,0,1,0,0,1,"800092,7813","5831674,038","13,42713","52,55223",3061227.0,Humannplatz,5064.0,24.0
195905,11,4,,2019,6,16,2,3,5,3,0,0,1,0,0,0,0,0,"791573,8597","5826553,988","13,29735","52,51096",4030417.0,Schloßstraße,3051.0,26.0
195906,11,11,,2019,6,14,2,3,5,3,0,1,1,0,0,0,0,0,"803665,2424","5830091,983","13,47821","52,53607",11020515.0,Landsberger Allee,5759.0,55.0
195907,11,2,,2019,6,17,2,3,5,2,0,0,1,0,1,0,0,0,"799744,2315","5824761,613","13,41577","52,49046",2020206.0,Graefekiez,4845.0,36.0
195908,11,12,,2019,6,15,2,3,2,6,0,0,1,0,1,0,0,0,"792506,3936","5832839,599","13,31658","52,56681",12214424.0,Scharnweberstraße,3368.0,49.0
195909,11,3,,2019,6,22,2,3,5,3,2,0,1,0,0,1,0,0,"795960,9648","5835559,62","13,36983","52,58932",3040512.0,Wilhelmsruh,4174.0,59.0
195910,11,8,,2019,6,14,2,3,6,7,0,0,1,1,0,0,0,0,"801184,2821","5823544,282","13,43582","52,47876",8010212.0,Rollberg,5142.0,45.0
195911,11,10,,2019,6,19,2,3,5,3,0,0,1,0,0,0,0,0,"811122,3001","5828405,043","13,58622","52,51675",10020622.0,Kaulsdorf Nord I,7353.0,59.0
195912,11,8,,2019,6,15,2,3,0,2,0,0,1,0,1,0,0,0,"803992,4813","5819117,525","13,47301","52,43753",8041035.0,Blumenviertel,5630.0,63.0
195913,11,3,,2019,6,19,2,2,0,3,0,1,0,0,0,0,0,0,"800291,8626","5830298,368","13,42881","52,53979",3071633.0,Thälmannpark,5060.0,65.0
195914,11,10,,2019,6,15,2,3,0,2,0,1,0,0,0,0,1,0,"806582,2249","5828262,491","13,51939","52,51804",10010308.0,Marzahner Chaussee,6354.0,63.0
195915,11,7,,2019,6,15,2,3,6,4,0,0,0,1,0,0,1,0,"796573,7026","5816232,443","13,36164","52,41574",7060601.0,Marienfelder Allee Nordwest,4024.0,62.0
195916,11,5,,2019,6,18,2,3,0,5,0,0,1,0,1,0,0,0,"784707,3218","5828447,565","13,19807","52,53156",5020625.0,Borkumer Straße,1657.0,58.0
195917,11,4,,2019,6,15,2,3,5,3,0,1,1,0,0,0,0,0,"792466,7973","5828126,514","13,31185","52,52458",4030519.0,Kaiserin-Augusta-Allee,3255.0,52.0
195918,11,5,,2019,6,16,2,2,5,2,0,0,1,0,1,0,0,0,"783803,6412","5828689,079","13,18499","52,5342",5020625.0,Borkumer Straße,1458.0,51.0
195919,11,8,,2019,6,14,2,3,5,2,0,1,1,0,0,0,0,0,"801568,6792","5822302,961","13,44034","52,46742",8010214.0,Glasower Straße,5239.0,47.0
195920,11,7,,2019,6,11,2,3,0,1,0,1,0,0,0,0,0,0,"797099,4136","5815597,55","13,36878","52,40976",7060604.0,Marienfelde Süd,4122.0,63.0
195921,11,5,,2019,6,14,2,3,0,3,0,0,1,0,0,0,0,0,"783797,6709","5826294,098","13,18285","52,51273",5020524.0,Weinmeisterhornweg,1352.0,65.0
195922,11,8,,2019,6,7,2,3,0,1,0,0,0,0,1,0,0,1,"801715,4246","5824253,304","13,44426","52,48482",8010301.0,Reuterkiez,5244.0,47.0
195923,11,8,,2019,6,15,2,3,5,3,0,0,1,0,0,0,0,0,"805737,6919","5818436,982","13,49798","52,43045",8041037.0,Alt-Rudow,6028.0,49.0
195924,11,4,,2019,6,14,2,3,1,5,0,1,1,0,0,0,0,0,"793425,2013","5821768,781","13,32034","52,46707",7030301.0,Friedenau,3439.0,54.0
195925,11,2,,2019,6,0,2,3,5,3,2,1,1,0,0,0,0,0,"798830,4469","5825095,505","13,40265","52,49396",2020204.0,Urbanstraße,4646.0,50.0
195926,11,4,,2019,6,0,2,3,3,6,2,1,1,0,0,0,0,0,"789703,9189","5830105,559","13,27297","52,54379",4010101.0,Jungfernheide,2761.0,65.0
195927,11,12,,2019,6,15,2,3,5,3,0,1,1,0,0,0,0,0,"790313,9744","5835443,836","13,28661","52,59133",12214527.0,Alt-Tegel,2975.0,54.0
195928,11,1,,2019,6,16,1,3,3,6,0,0,1,0,0,0,0,0,"797596,5515","5830884,903","13,38971","52,54653",1033201.0,Brunnenstraße,4462.0,55.0
195929,11,9,,2019,6,10,1,3,5,2,0,0,1,0,1,0,0,0,"804392,9391","5821739,983","13,48127","52,46081",9010301.0,Baumschulenstraße,5837.0,51.0
195930,11,11,,2019,6,14,1,3,2,2,0,0,1,0,0,0,0,0,"805957,0257","5833700,227","13,51522","52,56713",11010205.0,Falkenberg West,6368.0,50.0
195931,11,1,,2019,6,4,1,3,9,1,1,0,1,0,0,0,0,0,"794815,3085","5831322,62","13,3492","52,55196",1044101.0,Rehberge,3863.0,41.0
195932,11,3,,2019,6,20,1,3,0,7,0,0,1,0,1,0,0,0,"799409,0944","5834088,732","13,41925","52,57425",3040614.0,Pankow Zentrum,4870.0,61.0
195933,11,2,,2019,6,19,1,3,5,3,0,1,1,0,0,0,0,0,"803338,9211","5826745,558","13,47036","52,50626",2050801.0,Traveplatz,5650.0,43.0
195934,11,3,,2019,6,13,1,3,1,5,0,1,1,0,0,0,0,0,"798544,5872","5835292,876","13,40762","52,58552",3020210.0,Herthaplatz,4773.0,65.0
195935,11,8,,2019,6,18,1,3,5,2,0,0,1,0,0,0,0,0,"801415,4361","5820228,506","13,43622","52,44891",8020622.0,Parchimer Allee,5133.0,32.0
195936,11,2,,2019,6,18,1,3,5,7,0,1,1,0,0,0,0,0,"800053,4693","5825651,867","13,42111","52,49827",2030301.0,Oranienplatz,4948.0,23.0
195937,11,4,,2019,6,14,1,3,1,5,0,1,1,0,0,0,0,0,"793084,8246","5823917,693","13,31723","52,48651",4051549.0,Rathaus Wilmersdorf,3344.0,61.0
195938,11,3,,2019,6,17,1,3,3,6,0,1,1,0,0,0,0,0,"798865,956","5829830,819","13,40743","52,53638",3071536.0,Teutoburger Platz,4759.0,53.0
195939,11,6,,2019,6,16,1,3,2,7,0,0,1,0,1,0,0,0,"793326,7249","5818151,208","13,31571","52,43469",6030606.0,Hindenburgdamm,3329.0,57.0
195940,11,11,,2019,6,17,1,3,2,6,0,0,1,0,1,0,0,0,"803945,8758","5826406,29","13,47897","52,50288",11040925.0,Victoriastadt,5749.0,42.0
195941,11,8,,2019,6,16,1,3,6,7,0,1,0,1,0,0,0,0,"800646,2154","5823012,886","13,42744","52,47429",8010117.0,Schillerpromenade,5041.0,31.0
195942,11,1,,2019,6,17,1,3,5,2,0,1,0,0,1,0,0,0,"795402,2182","5825828,114","13,35295","52,50239",1011103.0,Lützowstraße,3949.0,53.0
195943,11,5,,2019,6,16,1,3,0,1,0,1,1,0,0,0,0,0,"784989,9803","5830012,555","13,20356","52,54545",5010312.0,Kurstraße,1662.0,57.0
195944,11,12,,2019,6,14,1,2,6,4,0,0,1,1,0,0,0,0,"795226,8975","5833265,446","13,35698","52,56915",12103218.0,Teichstraße,3968.0,60.0
195945,11,4,,2019,6,16,1,2,1,5,0,0,1,0,1,0,0,0,"790485,5185","5829020,083","13,28351","52,53365",4010101.0,Jungfernheide,2858.0,52.0
195946,11,7,,2019,6,16,1,3,3,6,0,1,1,0,0,0,0,0,"799633,8758","5813176,424","13,40377","52,38668",7070703.0,John-Locke-Straße,4615.0,51.0
195947,11,4,,2019,6,12,1,2,5,2,0,1,1,0,0,0,0,0,"791583,3583","5825102,294","13,29622","52,49794",4031032.0,Halensee,3048.0,43.0
195948,11,5,,2019,6,11,1,2,6,4,0,0,1,1,0,0,0,0,"784771,9729","5826336,498","13,19721","52,5126",5020629.0,Börnicker Straße,1552.0,61.0
195949,11,1,,2019,6,16,1,3,1,5,0,1,1,0,0,0,0,0,"797024,9494","5830889,135","13,38131","52,54688",1033203.0,Humboldthain Nordwest,4362.0,59.0
195950,11,9,,2019,6,15,1,3,5,2,0,1,1,0,0,0,0,0,"809409,8774","5818440,892","13,55182","52,42843",9020701.0,Adlershof West,6827.0,50.0
195951,11,8,,2019,6,15,1,3,5,2,0,0,1,0,0,0,0,0,"800848,8701","5824299,267","13,43157","52,48571",8010301.0,Reuterkiez,5044.0,14.0
195952,11,5,,2019,6,14,1,3,2,6,0,0,1,0,0,0,0,0,"782728,4605","5820907,909","13,16257","52,46499",5040935.0,Groß-Glienicker Weg,1038.0,65.0
195953,11,12,,2019,6,11,1,2,5,2,0,0,1,0,0,0,0,0,"795779,571","5832576,86","13,3645","52,56268",12103117.0,Letteplatz,4067.0,9.0
195954,11,9,,2019,6,14,1,3,0,1,0,1,0,0,0,0,0,0,"809180,5951","5819542,05","13,54948","52,43842",9020702.0,Adlershof Ost,6830.0,43.0
195955,11,7,,2019,6,14,1,2,3,1,0,1,1,0,0,0,0,0,"794736,2923","5824888,347","13,34234","52,49433",7010101.0,Wittenbergplatz/Viktoria-Luise-Platz,3747.0,53.0
195956,11,1,,2019,6,5,1,3,0,1,0,1,0,0,0,0,0,0,"798313,425","5829376,361","13,3989","52,53261",1011401.0,Invalidenstraße,4558.0,14.0
195957,11,3,,2019,6,13,1,2,1,5,0,1,1,0,0,0,0,0,"798969,6151","5832774,003","13,4116","52,56271",3040818.0,Pankow Süd,4767.0,50.0
195958,11,6,,2019,6,12,1,3,0,1,0,0,0,0,1,0,0,0,"788902,2094","5816174,338","13,24911","52,41932",6030504.0,Teltower Damm,2325.0,54.0
195959,11,6,,2019,6,16,1,3,0,1,0,1,0,0,0,0,0,0,"786914,9652","5818472,433","13,22194","52,44097",6040804.0,Krumme Lanke,1931.0,65.0
195960,11,12,,2019,6,10,1,2,5,3,0,0,1,0,0,0,0,0,"793943,4341","5836625,497","13,34108","52,59997",12302108.0,Märkisches Zentrum,3777.0,62.0
195961,11,8,,2019,6,1,1,3,5,3,2,1,1,0,0,0,0,0,"800762,3742","5824348,134","13,43035","52,4862",8010301.0,Reuterkiez,5044.0,14.0
195962,11,2,,2019,6,2,1,2,0,1,2,0,0,0,1,0,0,0,"797260,3192","5825365,868","13,37983","52,49724",2020202.0,Rathaus Yorckstraße,4347.0,52.0
195963,11,2,,2019,6,1,1,3,2,6,2,1,1,0,0,0,0,0,"799429,8995","5824542,614","13,41096","52,48867",2020206.0,Graefekiez,4745.0,46.0
195964,11,6,,2019,6,21,1,3,0,4,2,0,0,1,0,0,1,0,"795310,3023","5818401,184","13,34503","52,43586",6020303.0,Lankwitz Kirche,3729.0,56.0
195965,11,6,,2019,6,18,1,3,5,3,0,0,1,0,1,0,0,0,"793185,478","5820116,887","13,31537","52,45239",6010207.0,Mittelstraße,3334.0,60.0
195966,11,8,,2019,6,1,1,3,5,2,2,1,1,0,0,0,0,0,"801489,2124","5823934,21","13,44065","52,48209",8010301.0,Reuterkiez,5243.0,34.0
195967,11,4,,2019,6,1,1,3,0,1,2,1,0,0,0,0,0,0,"791210,3223","5829055,684","13,2942","52,53358",4010103.0,Paul-Hertz-Siedlung,3058.0,38.0
195968,11,8,,2019,6,3,7,3,6,4,2,0,0,1,1,0,0,0,"801171,1119","5824102,461","13,43613","52,48377",8010301.0,Reuterkiez,5143.0,6.0
195969,11,4,,2019,6,12,7,3,2,6,0,0,1,0,0,0,0,0,"791682,2454","5827485,681","13,29976","52,51925",4030417.0,Schloßstraße,3154.0,20.0
195970,11,11,,2019,6,10,7,3,6,4,0,0,1,1,0,0,0,0,"804702,6973","5831230,654","13,4945","52,5457",11020513.0,Orankesee,6062.0,52.0
195971,11,10,,2019,6,9,7,3,5,2,0,1,1,0,0,0,0,0,"812385,8102","5824295,841","13,60093","52,4792",10040933.0,Mahlsdorf Süd,7542.0,53.0
195972,11,2,,2019,6,15,7,3,1,5,0,1,0,0,0,0,0,0,"799034,2033","5825517,323","13,40602","52,49763",2010104.0,Wassertorplatz,4648.0,37.0
195973,11,3,,2019,6,19,7,3,2,6,0,0,1,0,0,0,0,0,"800129,8583","5831648,191","13,42765","52,55198",3061227.0,Humannplatz,5063.0,29.0
195974,11,8,,2019,6,16,7,3,5,2,0,0,1,0,1,0,0,0,"800357,4973","5824320,63","13,42438","52,48617",8010303.0,Donaustraße,4944.0,25.0
195975,11,1,,2019,6,16,7,3,2,2,0,1,1,0,0,0,0,0,"799368,1162","5826341,3","13,41167","52,50483",2010103.0,Moritzplatz,4750.0,40.0
195976,11,3,,2019,6,14,7,3,5,3,0,1,0,0,0,0,0,0,"801598,6602","5831580,69","13,44918","52,55056",3050924.0,Behaimstraße,5363.0,56.0
195977,11,2,,2019,6,14,7,3,5,3,0,1,1,0,0,0,0,0,"800573,422","5827017,064","13,42998","52,51022",2040701.0,Andreasviertel,5051.0,33.0
195978,11,3,,2019,6,13,7,3,6,7,0,1,0,1,0,0,0,0,"797933,138","5832881,588","13,39645","52,56424",3040614.0,Pankow Zentrum,4567.0,50.0
195979,11,10,,2019,6,15,7,3,2,7,0,0,1,0,0,0,0,0,"809167,4124","5833283,251","13,56204","52,56158",10010204.0,Wuhletalstraße,7066.0,62.0
195980,11,8,,2019,6,12,7,3,3,6,0,1,1,0,0,0,0,0,"801099,2498","5824904,995","13,4358","52,491",8010301.0,Reuterkiez,5146.0,51.0
195981,11,7,,2019,6,15,7,3,0,3,0,0,0,0,1,0,1,0,"797371,5841","5820512,95","13,37714","52,45368",7040404.0,Marienhöhe,4235.0,48.0
195982,11,9,,2019,6,12,7,3,6,4,0,0,1,1,0,0,0,0,"811167,2081","5821738,858","13,58066","52,45698",9051901.0,Dammvorstadt,7236.0,45.0
195983,11,4,,2019,6,15,7,3,5,3,0,1,1,0,0,0,0,0,"793938,1862","5825810,732","13,33143","52,50302",4030931.0,Breitscheidplatz,3549.0,24.0
195984,11,12,,2019,6,12,7,3,5,7,0,0,1,0,0,0,0,0,"790297,6364","5834598,858","13,28563","52,58376",12214527.0,Alt-Tegel,2973.0,44.0
195985,11,12,,2019,6,17,7,3,0,7,0,0,1,0,0,0,0,0,"790030,3714","5836201,334","13,2831","52,59827",12304314.0,Ziekowstraße/Freie Scholle,2877.0,60.0
195986,11,4,,2019,6,18,7,3,1,5,0,1,1,0,0,0,0,0,"791006,7179","5826540,588","13,289","52,51114",4030417.0,Schloßstraße,2952.0,50.0
195987,11,4,,2019,6,9,7,3,5,3,0,1,1,0,0,0,0,0,"793655,4439","5825258,56","13,32679","52,49823",4051448.0,Schaperstraße,3548.0,45.0
195988,11,10,,2019,6,18,7,3,0,1,0,0,0,0,1,0,0,0,"812227,366","5824567,24","13,59886","52,48172",10040933.0,Mahlsdorf Süd,7543.0,63.0
195989,11,9,,2019,6,14,7,3,0,1,0,1,0,0,0,0,0,0,"805974,9383","5819890,365","13,50279","52,44335",9010401.0,Johannisthal West,6132.0,56.0
195990,11,7,,2019,6,21,7,2,9,1,0,0,0,0,1,0,0,0,"795411,7678","5821010,042","13,34882","52,45919",7030303.0,Grazer Platz,3836.0,55.0
195991,11,4,,2019,6,20,7,3,5,2,0,0,1,0,1,0,0,0,"791634,266","5824512,515","13,29645","52,49262",4031032.0,Halensee,3046.0,37.0
195992,11,2,,2019,6,13,7,2,6,7,0,0,1,1,0,0,0,0,"797690,6301","5826000,877","13,38672","52,50269",2010101.0,Askanischer Platz,4449.0,28.0
195993,11,5,,2019,6,18,7,2,2,6,0,0,1,0,1,0,0,0,"784992,099","5828458,301","13,20226","52,53151",5020627.0,Tiefwerder,1657.0,58.0
195994,11,1,,2019,6,13,7,3,0,1,0,1,0,0,0,0,0,0,"797673,9612","5829618,595","13,38971","52,53513",1033202.0,Humboldthain Süd,4459.0,28.0
195995,11,7,,2019,6,7,7,3,2,2,0,1,0,0,0,0,0,0,"795723,8852","5824490,059","13,35649","52,49022",7020203.0,Kaiser-Wilhelm-Platz,3945.0,34.0