ObjectID,State,District,LOR_ab_2021,AccidentYear,AccidentMonth,AccidentHour,DayOfWeek,AccidentCategory,AccidentType,AccidentTypeDetail,LightingCondition,InvolvingBike,InvolvingCar,InvolvingPedestrian,InvolvingMotorcycle,InvolvingHGV,InvolvingOther,RoadCondition,GraphicCoord1,GraphicCoord2,LongitudeWGS84,LatitudeWGS84,quadrant,quadrant_rank
196796,11,5,,2019,7,17,1,3,9,1,0,0,1,0,0,0,0,0,"780637,3165","5821692,196","13,13253","52,4731",5040936.0,Jägerallee,640.0,64.0
196797,11,11,,2019,6,14,6,3,6,4,0,0,1,1,0,0,0,0,"807247,6831","5825496,587","13,52662","52,49288",11051330.0,Karlshorst West,6446.0,50.0
196798,11,12,,2019,7,16,1,3,5,3,0,1,1,0,0,0,0,0,"794740,7502","5838687,41","13,35466","52,61802",12301206.0,Lübars,3983.0,63.0
196799,11,7,,2019,7,13,1,3,6,4,0,1,0,1,0,0,0,0,"795512,381","5824867,472","13,35372","52,49372",7010103.0,Barbarossaplatz,3946.0,62.0
196800,11,3,,2019,6,6,6,3,5,7,0,0,1,0,0,0,1,0,"800290,521","5829035,477","13,42765","52,52847",3071639.0,Bötzowstraße,5057.0,58.0
196801,11,1,,2019,7,12,1,3,5,2,0,0,1,0,0,0,0,0,"795661,4035","5829740,156","13,36024","52,53732",1022202.0,Heidestraße,4059.0,30.0
196802,11,1,,2019,6,15,6,3,5,2,0,1,1,0,0,0,0,0,"798680,829","5828662,061","13,40366","52,52601",1011302.0,Oranienburger Straße,4656.0,41.0
196803,11,4,,2019,7,8,1,2,5,3,0,1,1,0,0,0,0,0,"789237,8529","5825321,467","13,26195","52,50115",4020209.0,Eichkamp,2549.0,65.0
196804,11,12,,2019,6,20,6,3,9,1,0,0,1,0,0,0,0,0,"787842,8368","5836262,58","13,25094","52,59998",12214528.0,Tegeler Forst,2377.0,65.0
196805,11,3,,2019,6,19,6,3,1,5,0,1,0,0,0,0,1,0,"799072,3324","5830202,197","13,41079","52,5396",3071536.0,Teutoburger Platz,4760.0,20.0
196806,11,7,,2019,7,5,1,3,5,3,0,0,1,0,0,0,1,0,"799766,1506","5813974,903","13,40642","52,39376",7070703.0,John-Locke-Straße,4617.0,61.0
196807,11,8,,2019,7,16,7,3,5,2,0,1,1,0,0,0,0,0,"801756,5459","5822592,377","13,44336","52,46991",8010404.0,Rixdorf,5239.0,47.0
196808,11,1,,2019,6,18,6,3,5,2,0,1,1,0,0,0,0,0,"794896,1033","5830252,689","13,34944","52,54233",1044202.0,Sparrplatz,3861.0,37.0
196809,11,4,,2019,6,17,6,3,5,2,0,1,0,0,0,0,0,0,"790479,6378","5826641,785","13,28135","52,51233",4020313.0,Königin-Elisabeth-Straße,2852.0,40.0
196810,11,5,,2019,7,23,7,3,6,4,2,0,1,1,0,0,0,1,"784697,6458","5828614,104","13,19807","52,53306",5020625.0,Borkumer Straße,1658.0,8.0
196811,11,5,,2019,6,17,6,3,5,3,0,1,1,0,0,0,0,0,"785253,1509","5829957,841","13,20739","52,54482",5010312.0,Kurstraße,1761.0,52.0
196812,11,1,,2019,7,23,7,3,5,2,2,0,1,0,0,0,0,0,"794594,2404","5826083,261","13,34131","52,50511",1011101.0,Stülerstraße,3750.0,33.0
196813,11,3,,2019,6,17,6,3,2,2,0,0,1,0,0,0,0,0,"800324,457","5831637,07","13,4305","52,55177",3050923.0,Weißenseer Spitze,5063.0,29.0
196814,11,1,,2019,6,16,6,3,5,2,0,0,0,0,1,0,1,0,"798822,0794","5829758,526","13,40672","52,53576",1011402.0,Arkonaplatz,4759.0,53.0
196815,11,8,,2019,7,23,7,2,0,1,2,0,0,0,1,0,0,1,"807011,1319","5817448,658","13,51574","52,42088",8041040.0,Waltersdorfer Chaussee Ost,6325.0,65.0
196816,11,1,,2019,6,15,6,3,5,2,0,1,1,0,0,0,0,0,"795757,7206","5826336,517","13,35863","52,50675",1011105.0,Nördlicher Landwehrkanal,3950.0,58.0
196817,11,6,,2019,6,16,6,3,5,2,0,0,1,0,1,0,0,0,"795875,2965","5818157,812","13,3531","52,43338",6020301.0,Alt-Lankwitz,3929.0,55.0
196818,11,1,,2019,7,22,7,2,0,1,2,1,0,0,0,0,0,1,"796682,4822","5828761,339","13,37437","52,52799",1011301.0,Charitéviertel,4256.0,57.0
196819,11,7,,2019,6,14,6,3,1,5,0,1,1,0,0,0,0,0,"794206,3047","5822834,676","13,33274","52,4762",7030301.0,Friedenau,3641.0,57.0
196820,11,1,,2019,7,22,7,3,2,6,2,0,1,0,0,0,0,1,"798476,0823","5829093,556","13,40103","52,52999",1011401.0,Invalidenstraße,4657.0,9.0
196821,11,2,,2019,6,13,6,3,5,2,0,1,1,0,0,0,0,0,"800454,7594","5828446,586","13,42953","52,5231",2040502.0,Friedenstraße,5055.0,41.0
196822,11,12,,2019,6,13,6,3,5,2,0,1,1,0,0,0,0,0,"790134,1398","5835780,557","13,28426","52,59444",12214527.0,Alt-Tegel,2876.0,40.0
196823,11,8,,2019,7,20,7,3,0,1,2,0,1,0,0,0,0,1,"802599,2619","5823079,12","13,45617","52,47381",8010404.0,Rixdorf,5441.0,34.0
196824,11,7,,2019,7,21,7,3,6,2,2,0,1,1,0,0,0,1,"798194,1354","5818928,886","13,3878","52,43903",7050502.0,Fritz-Werner-Straße,4430.0,31.0
196825,11,1,,2019,6,12,6,3,5,2,0,1,1,0,0,0,0,0,"798447,3453","5830182,449","13,40159","52,53976",1033201.0,Brunnenstraße,4660.0,51.0
196826,11,2,,2019,6,12,6,3,5,7,0,0,0,0,1,0,1,0,"800527,2867","5826893,123","13,42919","52,50914",2040701.0,Andreasviertel,5051.0,33.0
196827,11,1,,2019,7,20,7,3,5,3,1,1,1,0,0,0,0,1,"799107,7148","5828312,713","13,40961","52,52264",1011303.0,Alexanderplatzviertel,4755.0,4.0
196828,11,1,,2019,6,12,6,3,5,3,0,1,1,0,0,0,0,0,"797712,969","5831816,403","13,39226","52,55481",1033102.0,Gesundbrunnen,4464.0,34.0
196829,11,1,,2019,7,20,7,3,0,2,0,1,1,0,0,0,0,1,"796974,6142","5826705,66","13,37683","52,5094",1011201.0,Wilhelmstraße,4251.0,2.0
196830,11,2,,2019,6,11,6,3,5,2,0,1,1,0,0,0,0,0,"797968,3589","5826183,735","13,39097","52,50418",2010102.0,Mehringplatz,4449.0,28.0
196831,11,3,,2019,6,11,6,3,6,3,0,0,1,1,0,0,0,0,"800080,2447","5837504,432","13,43222","52,6045",3020307.0,Buchholz,5079.0,56.0
196832,11,1,,2019,6,11,6,3,5,5,0,1,1,0,0,0,0,0,"798905,8849","5827778,986","13,40617","52,51797",1011303.0,Alexanderplatzviertel,4653.0,53.0
196833,11,1,,2019,7,19,7,3,2,6,0,0,1,0,0,0,0,1,"795917,1726","5831071,219","13,36518","52,54911",1044201.0,Reinickendorfer Straße,4063.0,55.0
196834,11,11,,2019,6,10,6,3,2,6,0,0,1,0,0,1,0,0,"806286,0713","5833869,547","13,52021","52,56846",11010205.0,Falkenberg West,6368.0,50.0
196835,11,1,,2019,7,19,7,3,5,3,0,1,1,0,0,0,0,1,"798599,5543","5828883,098","13,40266","52,52803",1011302.0,Oranienburger Straße,4656.0,41.0
196836,11,1,,2019,6,10,6,3,0,3,0,1,1,0,0,0,0,0,"798085,2802","5828844,477","13,39507","52,52797",1011302.0,Oranienburger Straße,4556.0,46.0
196837,11,4,,2019,7,19,7,3,0,3,0,1,0,0,1,0,0,1,"792317,0258","5825786,679","13,30759","52,50368",4030929.0,Hindemithplatz,3249.0,57.0
196838,11,2,,2019,6,9,6,3,5,3,0,1,1,0,0,0,0,0,"798453,5361","5826533,08","13,39841","52,50705",2010102.0,Mehringplatz,4550.0,26.0
196839,11,2,,2019,7,19,7,3,5,3,0,0,1,0,0,0,1,1,"801647,2945","5828891,117","13,44746","52,52643",2050601.0,Hausburgviertel,5356.0,13.0
196840,11,12,,2019,6,18,6,3,2,6,0,0,1,0,0,0,0,0,"790177,4224","5833687,566","13,28306","52,57565",12214125.0,Waldidyll/Flughafensee,2870.0,60.0
196841,11,6,,2019,7,18,7,3,5,2,0,1,1,0,0,0,0,0,"793998,2319","5820417,777","13,32756","52,45465",6010207.0,Mittelstraße,3535.0,50.0
196842,11,8,,2019,6,22,6,3,0,1,2,1,0,0,0,0,0,0,"801007,001","5823898,101","13,43353","52,48203",8010303.0,Donaustraße,5143.0,6.0
196843,11,6,,2019,7,18,7,3,0,1,0,0,0,0,1,0,0,0,"792746,9613","5821673,95","13,3103","52,46658",6010103.0,Markelstraße,3238.0,58.0
196844,11,9,,2019,6,17,6,2,0,1,0,1,0,0,0,0,0,0,"809410,9664","5819698,163","13,553","52,43969",9020702.0,Adlershof Ost,6831.0,61.0
196845,11,7,,2019,6,17,6,2,6,4,0,0,1,1,0,0,0,0,"794249,1425","5822049,941","13,33268","52,46914",7030301.0,Friedenau,3639.0,45.0
196846,11,10,,2019,7,17,7,3,0,1,0,0,0,0,1,0,0,0,"809003,1114","5828156,146","13,55486","52,51572",10030724.0,Oberfeldstraße,6953.0,63.0
196847,11,1,,2019,6,13,6,3,1,5,0,0,1,0,0,0,0,0,"795322,236","5828685,164","13,35431","52,52804",1022201.0,Stephankiez,3956.0,59.0
196848,11,4,,2019,7,17,7,3,5,2,0,0,1,0,0,0,0,0,"793305,7169","5823616,131","13,32021","52,48369",4051549.0,Rathaus Wilmersdorf,3443.0,52.0
196849,11,11,,2019,6,12,6,2,5,3,0,1,1,0,0,0,0,0,"803791,8113","5826174,81","13,47649","52,50089",11051229.0,Rummelsburg,5749.0,42.0
196850,11,9,,2019,6,11,6,3,2,6,0,0,1,0,0,0,0,0,"809359,7152","5818488,514","13,55113","52,42888",9020701.0,Adlershof West,6827.0,50.0
196851,11,1,,2019,7,16,7,3,5,3,0,1,1,0,0,0,0,0,"796618,5167","5831283,447","13,37569","52,55063",1044201.0,Reinickendorfer Straße,4263.0,51.0
196852,11,4,,2019,6,9,6,3,5,2,0,1,1,0,0,0,0,0,"791185,0101","5827436,59","13,29241","52,51908",4030415.0,Schloßgarten,3054.0,54.0
196853,11,1,,2019,7,15,7,3,5,3,0,0,1,0,0,0,0,0,"795728,4739","5828198,076","13,35985","52,52346",1022206.0,Lüneburger Straße,4055.0,49.0
196854,11,4,,2019,6,9,6,3,1,5,0,1,1,0,0,0,0,0,"794381,5917","5826079,931","13,33818","52,5052",4030931.0,Breitscheidplatz,3650.0,32.0
196855,11,4,,2019,7,15,7,3,6,6,0,1,0,1,0,0,0,0,"793574,7104","5823692,292","13,32423","52,48423",4051654.0,Wilhelmsaue,3444.0,24.0
196856,11,1,,2019,6,9,6,3,5,2,0,1,0,0,1,0,0,0,"799797,2592","5828614,646","13,42002","52,52497",1011303.0,Alexanderplatzviertel,4956.0,45.0
196857,11,5,,2019,7,13,7,3,0,6,0,0,1,0,1,0,0,0,"781189,6462","5829145,556","13,14694","52,53965",5020416.0,Am Heideberg,860.0,65.0
196858,11,9,,2019,6,9,6,3,6,7,0,1,1,1,0,0,0,0,"808859,3255","5819320,777","13,54457","52,43662",9020702.0,Adlershof Ost,6730.0,64.0
196859,11,8,,2019,6,8,6,3,6,2,0,0,1,1,0,0,0,0,"801015,2133","5823882,811","13,43364","52,48189",8010303.0,Donaustraße,5143.0,6.0
196860,11,1,,2019,7,12,7,3,5,2,0,0,1,0,1,0,0,0,"794242,4048","5827698,748","13,33757","52,51979",1022106.0,Elberfelder Straße,3654.0,56.0
196861,11,3,,2019,7,12,7,3,7,7,0,1,0,0,0,0,0,0,"803121,0519","5841341,387","13,4805","52,6372",3010101.0,Bucher Forst,5888.0,64.0
196862,11,4,,2019,6,8,6,3,5,2,0,1,1,0,0,0,0,0,"790027,0456","5825235,312","13,27347","52,49996",4020314.0,Messegelände,2748.0,55.0
196863,11,9,,2019,7,12,7,3,1,5,0,0,1,0,1,0,0,0,"807900,4807","5817171,267","13,52853","52,4179",9030901.0,Dorf Altglienicke,6524.0,59.0
196864,11,2,,2019,6,7,6,2,2,2,0,1,1,0,0,0,0,0,"802551,5568","5826716,408","13,45877","52,50643",2050802.0,Boxhagener Platz,5450.0,55.0
196865,11,7,,2019,7,12,7,3,5,3,0,0,1,0,0,0,0,0,"797023,8502","5820696,636","13,3722","52,45551",7040403.0,Manteuffelstraße,4135.0,49.0
196866,11,6,,2019,6,7,6,3,5,2,0,0,1,0,0,0,0,0,"795522,573","5818639,566","13,34835","52,43788",6020303.0,Lankwitz Kirche,3830.0,60.0
196867,11,4,,2019,6,1,6,3,1,5,2,0,1,0,0,0,0,0,"790500,406","5822799,135","13,2783","52,47787",4041136.0,Hagenplatz,2742.0,61.0
196868,11,1,,2019,7,11,7,3,3,6,0,0,1,0,1,0,0,0,"795893,8553","5831178,079","13,36494","52,55008",1044201.0,Reinickendorfer Straße,4063.0,55.0
196869,11,4,,2019,7,11,7,3,2,6,0,1,0,0,0,0,0,0,"793206,062","5824982,1","13,31995","52,49599",4051447.0,Ludwigkirchplatz,3447.0,60.0
196870,11,8,,2019,6,10,6,3,3,6,0,1,1,0,0,0,0,0,"800927,0675","5824981,543","13,43334","52,49178",8010301.0,Reuterkiez,5046.0,45.0
196871,11,8,,2019,6,9,6,3,3,6,0,1,1,0,0,0,0,0,"801056,51","5822033,322","13,43258","52,46529",8010118.0,Silbersteinstraße,5038.0,31.0
196872,11,6,,2019,7,0,7,3,1,7,2,0,1,0,0,0,0,0,"794887,5171","5821117,357","13,34123","52,46044",6010210.0,Bismarckstraße,3737.0,55.0
196873,11,11,,2019,6,7,5,2,5,3,0,1,1,0,0,0,0,0,"804135,134","5826959,126","13,48225","52,50773",11030824.0,Frankfurter Allee Süd,5851.0,63.0
196874,11,8,,2019,7,6,7,3,4,6,0,0,1,0,0,0,0,0,"800891,2397","5822424,45","13,4305","52,46888",8010118.0,Silbersteinstraße,5039.0,34.0
196875,11,3,,2019,6,13,5,3,6,7,0,0,0,0,0,0,1,0,"801969,6457","5831608,779","13,45466","52,55061",3050924.0,Behaimstraße,5463.0,46.0
196876,11,6,,2019,6,13,5,3,3,6,0,0,1,0,0,0,0,0,"793102,7509","5821491,411","13,31536","52,46475",6010103.0,Markelstraße,3338.0,53.0
196877,11,1,,2019,7,12,6,3,5,2,0,1,1,0,0,0,0,0,"796995,333","5826616,688","13,37706","52,50859",1011201.0,Wilhelmstraße,4251.0,2.0
196878,11,1,,2019,6,13,5,3,0,1,0,1,1,0,0,0,0,0,"796739,4438","5831179,813","13,37737","52,54964",1033203.0,Humboldthain Nordwest,4263.0,51.0
196879,11,10,,2019,7,22,6,3,5,3,2,0,1,0,0,0,0,0,"807806,7729","5830769,164","13,5397","52,53982",10010310.0,Alt-Marzahn,6660.0,39.0
196880,11,1,,2019,6,13,5,3,5,3,0,0,1,0,0,0,0,0,"797883,308","5828175,623","13,3915","52,52208",1011202.0,Unter den Linden Nord,4455.0,27.0
196881,11,8,,2019,7,22,6,3,3,6,2,0,1,0,0,0,0,0,"801000,8005","5822169,259","13,43188","52,46654",8010118.0,Silbersteinstraße,5038.0,31.0
196882,11,4,,2019,6,13,5,3,5,3,0,1,1,0,0,0,0,0,"793925,4149","5825819,93","13,33125","52,50311",4030931.0,Breitscheidplatz,3549.0,24.0
196883,11,7,,2019,7,21,6,3,5,2,2,1,1,0,0,0,0,0,"794958,3265","5825672,779","13,3463","52,50124",7010102.0,Nollendorfplatz,3849.0,22.0
196884,11,9,,2019,6,12,5,3,3,6,0,0,1,0,1,0,0,0,"805649,7171","5824192,171","13,50196","52,48208",9020501.0,Oberschöneweide West,6143.0,61.0
196885,11,4,,2019,6,12,5,3,1,5,0,0,1,0,1,0,0,0,"793324,9099","5826616,973","13,32313","52,51058",4030828.0,Savignyplatz,3451.0,50.0
196886,11,6,,2019,7,21,6,2,5,2,0,0,1,0,1,0,0,0,"793657,5625","5820601,348","13,32272","52,45648",6010102.0,Schloßstraße,3436.0,49.0
196887,11,1,,2019,7,20,6,2,5,3,1,1,1,0,0,0,0,0,"796219,0498","5831513,523","13,37002","52,55291",1044201.0,Reinickendorfer Straße,4164.0,52.0
196888,11,1,,2019,6,11,5,2,5,3,0,0,0,0,0,1,1,0,"797539,0527","5828717,911","13,38693","52,52713",1011301.0,Charitéviertel,4456.0,28.0
196889,11,1,,2019,6,11,5,3,1,5,0,0,1,0,0,0,0,0,"799331,6871","5828898,165","13,41343","52,52777",1011303.0,Alexanderplatzviertel,4856.0,19.0
196890,11,1,,2019,7,20,6,3,5,3,0,1,0,0,0,0,0,0,"797636,6403","5828196,664","13,38789","52,52241",1011301.0,Charitéviertel,4455.0,27.0
196891,11,10,,2019,6,20,5,3,5,2,0,0,1,0,0,0,0,0,"806333,1107","5830185,38","13,51751","52,53541",10010308.0,Marzahner Chaussee,6359.0,27.0
196892,11,1,,2019,7,19,6,3,0,2,0,0,1,0,0,0,1,0,"796957,2949","5828901,48","13,37854","52,5291",1011301.0,Charitéviertel,4257.0,20.0
196893,11,4,,2019,6,19,5,3,5,2,0,1,1,0,0,0,0,0,"792534,6947","5826124,038","13,31109","52,50659",4030827.0,Karl-August-Platz,3250.0,40.0
196894,11,9,,2019,7,18,6,3,3,6,0,0,1,0,0,0,1,0,"814208,3887","5821830,966","13,62536","52,45607",9051702.0,Bölschestraße,7935.0,61.0
196895,11,2,,2019,6,18,5,3,1,5,0,1,1,0,0,0,1,0,"799806,165","5826018,287","13,41781","52,50169",2030301.0,Oranienplatz,4849.0,28.0
196896,11,7,,2019,7,17,6,3,6,7,0,0,1,1,0,0,0,0,"797837,018","5820910,219","13,38433","52,45698",7040405.0,Rathaus Tempelhof,4336.0,60.0
196897,11,1,,2019,6,11,5,3,4,6,0,1,1,0,0,0,0,0,"796527,3836","5830930,523","13,37403","52,54752",1033203.0,Humboldthain Nordwest,4262.0,53.0
196898,11,7,,2019,7,17,6,2,5,3,0,0,1,0,1,0,0,0,"800806,6752","5814165,505","13,42183","52,3949",7070704.0,Nahariyastraße,4918.0,59.0
196899,11,11,,2019,6,11,5,2,5,3,0,1,1,0,0,0,0,0,"805859,9378","5825309,29","13,50607","52,49198",11041128.0,Sewanstraße,6146.0,58.0
196900,11,6,,2019,7,17,6,3,5,2,0,1,0,0,0,0,1,0,"787645,4759","5818143,439","13,23237","52,43764",6040804.0,Krumme Lanke,2130.0,45.0
196901,11,3,,2019,6,11,5,3,5,2,0,1,0,0,0,0,1,0,"800319,1973","5831543,292","13,43034","52,55093",3061228.0,Erich-Weinert-Straße,5063.0,29.0
196902,11,7,,2019,6,10,5,3,0,2,0,1,0,0,1,0,0,0,"794159,6254","5822101,337","13,33141","52,46965",7030301.0,Friedenau,3539.0,53.0
196903,11,3,,2019,7,16,6,3,5,3,0,1,1,0,0,0,0,0,"798730,7497","5833696,109","13,40892","52,5711",3040614.0,Pankow Zentrum,4769.0,58.0
196904,11,2,,2019,6,18,5,3,6,2,0,0,1,1,0,0,0,0,"798022,917","5825829,122","13,39145","52,50097",2010102.0,Mehringplatz,4449.0,28.0
196905,11,12,,2019,7,16,6,3,2,6,0,0,1,0,0,0,0,0,"793446,0063","5833552,256","13,33104","52,57269",12214421.0,Reinickes Hof,3569.0,53.0
196906,11,9,,2019,6,11,5,3,5,2,0,1,1,0,0,0,0,0,"806503,5934","5822090,995","13,51256","52,46277",9020501.0,Oberschöneweide West,6237.0,55.0
196907,11,2,,2019,7,15,6,3,2,2,0,1,1,0,0,0,0,0,"803194,2148","5828314,02","13,46966","52,5204",2050602.0,Samariterviertel,5654.0,60.0
196908,11,11,,2019,6,10,5,3,5,2,0,0,1,0,0,0,0,0,"802895,6888","5831232,112","13,46794","52,54672",11020513.0,Orankesee,5662.0,47.0
196909,11,3,,2019,7,13,6,3,5,3,0,1,1,0,0,0,0,0,"798668,3551","5831783,475","13,40628","52,55399",3061126.0,Arnimplatz,4664.0,42.0
196910,11,8,,2019,6,18,5,2,0,2,0,1,1,0,0,0,0,0,"803345,9558","5817386,771","13,46196","52,42237",8030831.0,Gropiusstadt Ost,5526.0,58.0
196911,11,3,,2019,6,9,5,3,1,5,0,1,0,0,0,0,1,0,"799576,427","5833167,387","13,42088","52,5659",3040818.0,Pankow Süd,4968.0,61.0
196912,11,2,,2019,7,13,6,3,2,6,0,0,1,0,0,0,0,0,"801730,6899","5826260,025","13,4463","52,5028",2040703.0,Wriezener Bahnhof/Entwicklungsgebiet,5249.0,5.0
196913,11,8,,2019,7,13,6,3,2,6,0,0,1,0,0,0,0,0,"801345,7892","5823484,668","13,43813","52,47814",8010212.0,Rollberg,5142.0,45.0
196914,11,2,,2019,6,18,5,3,6,2,0,0,1,1,0,0,0,0,"797771,9071","5826023,002","13,38794","52,50285",2010101.0,Askanischer Platz,4449.0,28.0
196915,11,1,,2019,6,18,5,3,1,5,0,0,1,0,1,0,0,0,"798111,1918","5828450,983","13,39509","52,52443",1011302.0,Oranienburger Straße,4555.0,52.0
196916,11,9,,2019,7,13,6,3,5,2,0,1,1,0,0,0,0,0,"808328,979","5818868,209","13,53637","52,43287",9020701.0,Adlershof West,6629.0,41.0
196917,11,9,,2019,6,18,5,3,0,2,0,0,1,0,0,0,1,0,"804262,418","5823041,172","13,48054","52,47254",9010202.0,Köpenicker Landstraße,5840.0,59.0
196918,11,6,,2019,7,13,6,3,1,5,0,0,1,0,0,0,0,0,"796098,7057","5819848,657","13,35788","52,44841",6010205.0,Südende,3933.0,51.0
196919,11,11,,2019,6,18,5,3,5,2,0,1,1,0,0,0,0,0,"807314,6932","5824798,216","13,52696","52,48658",11051331.0,Karlshorst Nord,6444.0,53.0
196920,11,6,,2019,6,18,5,3,1,5,0,1,1,0,0,0,0,0,"795020,6542","5820946,037","13,34303","52,45883",6010210.0,Bismarckstraße,3736.0,61.0
196921,11,1,,2019,7,12,6,3,5,3,0,1,1,0,0,0,0,0,"796971,3284","5830138,937","13,37985","52,54018",1033202.0,Humboldthain Süd,4360.0,52.0
196922,11,1,,2019,6,18,5,3,2,6,0,0,1,0,0,0,0,0,"794711,6872","5828321,646","13,34502","52,52512",1022204.0,Thomasiusstraße,3756.0,4.0
196923,11,2,,2019,6,18,5,2,1,1,0,0,1,0,0,0,1,0,"800812,6535","5827551,914","13,43398","52,51489",2040701.0,Andreasviertel,5153.0,47.0
196924,11,7,,2019,7,10,6,3,2,2,0,0,1,0,0,0,0,0,"794584,5289","5824222,91","13,33952","52,48844",7020201.0,Bayerischer Platz,3745.0,36.0
196925,11,10,,2019,6,18,5,3,0,1,0,1,0,0,0,0,0,0,"813201,5562","5825948,412","13,61445","52,49354",10040933.0,Mahlsdorf Süd,7746.0,63.0
196926,11,10,,2019,6,17,5,3,1,5,0,1,1,0,0,0,1,0,"810418,6319","5827966,276","13,57548","52,51322",10020622.0,Kaulsdorf Nord I,7252.0,60.0
196927,11,5,,2019,7,8,6,2,2,6,0,0,1,0,1,0,0,0,"786073,8521","5829150,363","13,21876","52,53715",5030730.0,Zitadellenweg,1959.0,49.0
196928,11,11,,2019,6,22,5,3,2,6,2,1,1,0,0,0,0,0,"804434,0952","5826378,33","13,48611","52,50236",11040926.0,Weitlingstraße,5849.0,58.0
196929,11,8,,2019,7,8,6,3,5,3,0,0,1,0,0,0,0,0,"801345,7519","5822037,226","13,43683","52,46516",8010214.0,Glasower Straße,5138.0,54.0
196930,11,2,,2019,6,17,5,3,5,2,0,1,0,0,0,0,0,0,"801555,1079","5828215,375","13,44549","52,52042",2040503.0,Richard-Sorge-Viertel,5254.0,63.0
196931,11,1,,2019,7,8,6,3,5,2,0,1,1,0,0,0,0,0,"794610,9367","5829871,263","13,34491","52,53906",1044202.0,Sparrplatz,3760.0,45.0
196932,11,3,,2019,6,14,5,3,5,3,0,0,1,0,1,0,0,0,"800607,6548","5831410,135","13,43446","52,54958",3061228.0,Erich-Weinert-Straße,5163.0,58.0
196933,11,3,,2019,7,5,6,3,0,1,0,1,0,0,0,0,0,1,"803699,3692","5839174,78","13,48703","52,61746",3030405.0,Karow Nord,5883.0,63.0
196934,11,2,,2019,6,14,5,2,0,6,0,1,1,0,0,0,0,0,"802923,4155","5827120,58","13,4646","52,50985",2050801.0,Traveplatz,5551.0,40.0
196935,11,1,,2019,6,20,5,3,0,1,0,1,0,0,0,0,0,0,"797062,2059","5831443,935","13,38235","52,55183",1033102.0,Gesundbrunnen,4363.0,22.0
196936,11,11,,2019,7,4,6,3,0,1,0,1,0,0,0,0,0,0,"805847,1537","5825253,553","13,50583","52,49149",11041128.0,Sewanstraße,6146.0,58.0
196937,11,2,,2019,7,1,6,3,0,7,2,1,0,0,0,0,1,0,"802560,4139","5827928,408","13,46","52,51729",2050602.0,Samariterviertel,5453.0,1.0
196938,11,4,,2019,6,14,5,3,0,1,0,0,0,0,1,0,0,0,"794466,5839","5825869,977","13,33925","52,50327",4030931.0,Breitscheidplatz,3749.0,17.0
196939,11,7,,2019,6,13,5,3,5,2,0,1,1,0,0,0,0,0,"795224,335","5824372,504","13,34905","52,48944",7020203.0,Kaiser-Wilhelm-Platz,3845.0,63.0
196940,11,5,,2019,7,15,6,2,0,6,0,0,1,0,0,0,1,0,"783736,5229","5828681,152","13,18399","52,53416",5020625.0,Borkumer Straße,1358.0,51.0
196941,11,1,,2019,6,9,5,2,0,1,0,1,0,0,0,0,0,0,"798321,249","5829358,149","13,399","52,53244",1011401.0,Invalidenstraße,4558.0,14.0
196942,11,1,,2019,7,11,5,3,1,5,0,1,1,0,0,0,0,0,"799406,608","5827128,038","13,41294","52,51186",1011305.0,Heine-Viertel West,4752.0,45.0
196943,11,4,,2019,6,9,5,3,5,3,0,1,1,0,0,0,0,0,"792480,1556","5824021,426","13,30844","52,48777",4051549.0,Rathaus Wilmersdorf,3245.0,33.0
196944,11,1,,2019,7,21,5,3,3,6,2,0,1,0,0,0,0,0,"795890,1325","5830457,639","13,36424","52,54363",1044202.0,Sparrplatz,4061.0,48.0
196945,11,6,,2019,6,8,5,2,5,2,0,0,1,0,0,0,0,0,"790171,425","5819776,321","13,27084","52,45094",6040810.0,Dahlem,2634.0,40.0
196946,11,2,,2019,7,20,5,3,5,2,1,0,1,0,0,0,0,0,"797920,715","5825269,913","13,38945","52,49602",2020202.0,Rathaus Yorckstraße,4447.0,16.0
196947,11,1,,2019,6,8,5,3,5,2,0,1,1,0,0,0,0,0,"797103,1269","5828833,209","13,38062","52,5284",1011301.0,Charitéviertel,4357.0,21.0
196948,11,3,,2019,6,8,5,2,5,2,0,1,0,0,0,1,0,0,"800078,4155","5831672,722","13,42691","52,55223",3061227.0,Humannplatz,5064.0,24.0
196949,11,9,,2019,7,17,4,3,5,3,0,0,1,0,1,0,0,0,"813761,8945","5821729,401","13,61871","52,45542",9051702.0,Bölschestraße,7835.0,51.0
196950,11,2,,2019,7,16,4,3,2,6,0,1,0,0,0,0,0,0,"798188,1318","5824839,075","13,39299","52,49201",2020204.0,Urbanstraße,4446.0,12.0
196951,11,1,,2019,7,9,4,3,5,2,0,0,1,0,1,0,0,0,"799115,0867","5828919,538","13,41027","52,52808",1011303.0,Alexanderplatzviertel,4756.0,48.0
196952,11,6,,2019,7,17,4,3,7,7,0,0,0,0,1,0,0,0,"783884,014","5815949,08","13,17532","52,41993",6040701.0,Wannsee,1225.0,49.0
196953,11,1,,2019,7,14,6,3,1,5,0,0,1,0,1,0,0,0,"794616,8478","5829033,27","13,34425","52,53155",1022201.0,Stephankiez,3757.0,51.0
196954,11,4,,2019,7,17,4,3,5,3,0,1,1,0,0,0,0,0,"791485,8681","5827198,794","13,29662","52,51678",4030417.0,Schloßstraße,3053.0,54.0
196955,11,4,,2019,7,16,4,3,3,6,0,0,1,0,1,0,0,0,"793420,5193","5823713,637","13,32198","52,4845",4051654.0,Wilhelmsaue,3444.0,24.0