ObjectID,State,District,LOR_ab_2021,AccidentYear,AccidentMonth,AccidentHour,DayOfWeek,AccidentCategory,AccidentType,AccidentTypeDetail,LightingCondition,InvolvingBike,InvolvingCar,InvolvingPedestrian,InvolvingMotorcycle,InvolvingHGV,InvolvingOther,RoadCondition,GraphicCoord1,GraphicCoord2,LongitudeWGS84,LatitudeWGS84,quadrant,quadrant_rank
197116,11,4,,2019,7,11,7,3,2,3,0,0,1,0,0,0,0,0,"793353,7601","5823652,018","13,32095","52,48399",4051654.0,Wilhelmsaue,3444.0,24.0
197117,11,6,,2019,7,8,7,3,0,2,0,1,1,0,0,0,0,0,"790969,1417","5820706,189","13,28336","52,45885",6040810.0,Dahlem,2836.0,62.0
197118,11,1,,2019,7,7,7,3,6,2,0,0,1,1,0,0,0,0,"794572,771","5828357,256","13,34301","52,52551",1022106.0,Elberfelder Straße,3756.0,4.0
197119,11,4,,2019,7,10,7,3,3,6,0,1,1,0,0,0,0,0,"793201,6485","5825616,068","13,32044","52,50168",4030930.0,George-Grosz-Platz,3449.0,40.0
197120,11,9,,2019,7,12,7,3,2,6,0,0,1,0,0,0,1,0,"806294,4957","5820737,415","13,50825","52,45076",9010401.0,Johannisthal West,6234.0,51.0
197121,11,10,,2019,7,8,6,2,5,3,0,1,1,0,0,0,0,1,"812442,4382","5824756,206","13,60219","52,4833",10040933.0,Mahlsdorf Süd,7643.0,63.0
197122,11,4,,2019,7,14,6,3,1,5,0,0,1,0,0,0,0,0,"793919,4245","5825656,487","13,33102","52,50165",4030931.0,Breitscheidplatz,3549.0,24.0
197123,11,10,,2019,7,10,6,3,5,3,0,0,1,0,0,0,0,1,"809439,8724","5826351,946","13,5596","52,49931",10030727.0,Biesdorf Süd,6948.0,63.0
197124,11,7,,2019,7,11,6,3,6,7,0,0,1,1,0,0,0,0,"794916,1388","5823299,351","13,34357","52,47998",7020202.0,Volkspark (Rudolf-Wilde-Park),3742.0,48.0
197125,11,8,,2019,7,21,6,3,0,5,2,0,1,0,0,0,0,0,"801003,9612","5823765,708","13,43337","52,48084",8010211.0,Flughafenstraße,5043.0,50.0
197126,11,3,,2019,7,17,6,3,5,2,0,1,1,0,0,0,0,0,"798826,9009","5831788,062","13,40861","52,55395",3061126.0,Arnimplatz,4764.0,60.0
197127,11,1,,2019,7,17,6,3,3,6,0,1,0,0,0,0,1,1,"796136,1842","5828404,509","13,36603","52,52509",1022206.0,Lüneburger Straße,4056.0,47.0
197128,11,6,,2019,7,17,6,3,5,2,0,1,1,0,0,0,0,0,"789319,9223","5817256,982","13,25617","52,42881",6030503.0,Zehlendorf Mitte,2427.0,65.0
197129,11,10,,2019,7,17,4,3,2,2,0,0,1,0,0,0,0,0,"809907,5146","5831583,053","13,57134","52,54592",10010310.0,Alt-Marzahn,7162.0,51.0
197130,11,4,,2019,7,8,4,3,5,3,0,1,0,0,0,0,1,0,"793922,0006","5823112,785","13,32881","52,47885",4051655.0,Babelsberger Straße,3542.0,38.0
197131,11,5,,2019,7,15,6,3,5,2,0,1,1,0,0,0,0,1,"781562,7048","5830766,442","13,1538","52,55399",5010204.0,Griesingerstraße,964.0,53.0
197132,11,6,,2019,7,14,6,3,2,6,0,0,1,0,0,0,0,0,"793057,0315","5818007,901","13,31163","52,43355",6030609.0,Augustaplatz,3229.0,58.0
197133,11,3,,2019,7,14,6,2,5,3,0,0,1,0,1,0,0,1,"804652,2118","5841367,366","13,50308","52,63657",3010102.0,Buch,6188.0,57.0
197134,11,1,,2019,7,14,6,3,2,6,0,0,1,0,0,0,0,1,"797294,0209","5831270,903","13,38561","52,55015",1033102.0,Gesundbrunnen,4363.0,22.0
197135,11,12,,2019,7,14,6,3,2,2,0,0,1,0,0,0,1,1,"790263,3588","5833690,696","13,28433","52,57564",12214125.0,Waldidyll/Flughafensee,2870.0,60.0
197136,11,12,,2019,7,13,6,3,2,6,0,0,1,0,0,0,0,1,"793843,3595","5836234,5","13,33926","52,59652",12302107.0,Schorfheidestraße,3776.0,60.0
197137,11,1,,2019,7,12,6,3,2,6,0,0,1,0,0,0,0,1,"794464,55","5828354,325","13,34141","52,52554",1022106.0,Elberfelder Straße,3756.0,4.0
197138,11,2,,2019,7,12,6,3,6,7,0,1,0,0,0,0,1,1,"801743,3706","5826214,14","13,44644","52,50238",2040703.0,Wriezener Bahnhof/Entwicklungsgebiet,5249.0,5.0
197139,11,10,,2019,7,16,6,3,2,6,0,0,1,0,0,0,0,0,"810695,07","5831986,204","13,58329","52,54908",10010311.0,Landsberger Tor,7363.0,56.0
197140,11,10,,2019,7,12,6,3,5,3,0,0,1,0,0,0,1,1,"806457,9333","5829895,049","13,51907","52,53274",10010308.0,Marzahner Chaussee,6358.0,63.0
197141,11,10,,2019,7,12,6,3,5,3,0,1,1,0,0,0,0,1,"811349,1556","5831945,481","13,59287","52,54835",10020412.0,Alte Hellersdorfer Straße,7462.0,45.0
197142,11,7,,2019,7,11,6,3,5,2,0,0,1,0,0,0,0,0,"795808,5758","5816024,228","13,35024","52,41429",7060604.0,Marienfelde Süd,3823.0,52.0
197143,11,12,,2019,7,10,6,2,5,3,0,0,1,0,0,0,0,1,"793947,8322","5835309,547","13,33998","52,58817",12301203.0,Wittenau Süd,3774.0,53.0
197144,11,7,,2019,7,10,6,3,0,1,0,1,0,0,0,0,0,1,"796433,7501","5824890,893","13,36727","52,49343",7010104.0,Dennewitzplatz,4146.0,50.0
197145,11,11,,2019,7,12,6,3,1,5,0,1,1,0,0,0,0,1,"803939,111","5826288,31","13,47876","52,50183",11040926.0,Weitlingstraße,5749.0,42.0
197146,11,12,,2019,7,10,6,3,8,1,0,0,1,0,0,0,0,1,"790163,0729","5835941,561","13,28482","52,59587",12304314.0,Ziekowstraße/Freie Scholle,2876.0,40.0
197147,11,3,,2019,7,16,6,3,2,6,0,0,1,0,0,0,0,1,"799308,4863","5833874,867","13,41758","52,57239",3040614.0,Pankow Zentrum,4869.0,58.0
197148,11,4,,2019,7,15,6,3,5,7,0,0,1,0,0,0,0,1,"793676,9165","5826073,595","13,32783","52,50552",4030623.0,Ernst-Reuter-Platz,3550.0,28.0
197149,11,1,,2019,7,10,6,3,0,1,0,0,0,0,1,0,0,1,"795334,701","5826189,054","13,35228","52,50566",1011101.0,Stülerstraße,3850.0,33.0
197150,11,3,,2019,7,10,6,3,0,3,0,0,1,0,1,0,0,1,"804371,2048","5840424,905","13,49807","52,62828",3010102.0,Buch,6086.0,60.0
197151,11,7,,2019,7,9,6,3,1,5,0,1,1,0,0,0,0,1,"794203,034","5822906,528","13,33276","52,47685",7030301.0,Friedenau,3641.0,57.0
197152,11,4,,2019,7,9,6,3,2,6,0,0,1,0,0,0,1,1,"793299,0048","5823682,661","13,32017","52,48429",4051549.0,Rathaus Wilmersdorf,3444.0,24.0
197153,11,5,,2019,7,8,6,3,2,6,0,0,1,0,0,0,0,1,"784709,0519","5831107,949","13,20037","52,55541",5010103.0,Amorbacher Weg,1664.0,56.0
197154,11,1,,2019,7,9,6,3,0,7,0,1,1,0,0,0,0,0,"798514,7806","5827198,654","13,3999","52,51298",1011204.0,Leipziger Straße,4652.0,24.0
197155,11,7,,2019,7,8,6,2,9,1,0,0,1,0,0,0,0,1,"800047,085","5820445,536","13,41634","52,45161",7050504.0,Imbrosweg,4834.0,58.0
197156,11,4,,2019,7,8,6,3,0,1,0,0,0,0,1,0,0,1,"791620,1576","5825060,646","13,29672","52,49754",4031032.0,Halensee,3048.0,43.0
197157,11,7,,2019,7,8,6,3,5,2,0,0,1,0,0,0,1,1,"796697,0764","5820024,721","13,36681","52,44967",7040404.0,Marienhöhe,4134.0,59.0
197158,11,1,,2019,7,7,6,3,2,6,0,0,1,0,0,1,0,1,"795970,9345","5826211,178","13,36165","52,50552",1011105.0,Nördlicher Landwehrkanal,4050.0,59.0
197159,11,10,,2019,7,7,6,3,5,3,0,0,1,0,0,0,0,1,"811313,109","5831176,218","13,59162","52,54147",10020413.0,Gut Hellersdorf,7460.0,55.0
197160,11,12,,2019,7,7,6,3,2,6,0,0,1,0,0,0,0,1,"790156,6791","5835952,441","13,28474","52,59597",12304314.0,Ziekowstraße/Freie Scholle,2876.0,40.0
197161,11,1,,2019,7,6,6,2,5,2,0,0,1,0,1,0,0,1,"798314,4189","5829376,811","13,39891","52,53262",1011401.0,Invalidenstraße,4558.0,14.0
197162,11,5,,2019,7,6,6,3,5,3,0,0,1,0,0,0,0,1,"784777,6971","5827102,122","13,19795","52,51946",5020626.0,Adamstraße,1554.0,46.0
197163,11,2,,2019,7,1,6,3,0,3,2,1,1,0,0,0,0,0,"798427,7726","5824743,903","13,39642","52,49103",2020204.0,Urbanstraße,4546.0,40.0
197164,11,4,,2019,7,16,6,3,2,7,0,1,1,0,0,0,0,0,"792726,4931","5826128,347","13,31391","52,50652",4030827.0,Karl-August-Platz,3350.0,22.0
197165,11,2,,2019,7,9,5,3,5,2,0,1,0,0,0,0,0,0,"797661,0636","5825317,545","13,38568","52,49659",2020202.0,Rathaus Yorckstraße,4347.0,52.0
197166,11,2,,2019,7,14,5,3,6,7,0,0,0,1,0,0,1,0,"802032,5047","5827371,129","13,45174","52,51259",2040702.0,Weberwiese,5352.0,35.0
197167,11,2,,2019,7,14,5,3,6,4,0,1,0,1,0,0,0,0,"800639,847","5826980,6","13,43093","52,50986",2040701.0,Andreasviertel,5051.0,33.0
197168,11,5,,2019,7,14,5,3,5,3,0,0,1,0,1,0,0,0,"784732,3607","5828648,515","13,19861","52,53335",5020625.0,Borkumer Straße,1658.0,8.0
197169,11,3,,2019,7,14,5,3,2,6,0,0,1,0,0,0,0,0,"800057,0513","5835757,408","13,43029","52,58885",3040614.0,Pankow Zentrum,5074.0,56.0
197170,11,7,,2019,7,22,5,3,5,2,2,1,1,0,0,0,0,1,"797851,2133","5821927,683","13,38544","52,4661",7040403.0,Manteuffelstraße,4338.0,47.0
197171,11,1,,2019,7,13,5,3,6,4,0,1,0,1,0,0,0,0,"796597,8888","5830356,901","13,37456","52,54234",1033203.0,Humboldthain Nordwest,4261.0,37.0
197172,11,4,,2019,7,19,5,2,0,7,0,1,0,0,0,0,0,0,"790971,4214","5827411,11","13,28925","52,51896",4030415.0,Schloßgarten,2954.0,41.0
197173,11,1,,2019,7,13,5,3,6,6,0,1,0,1,0,0,0,0,"797398,0218","5826955,837","13,38328","52,51141",1011201.0,Wilhelmstraße,4352.0,37.0
197174,11,2,,2019,7,20,5,3,2,6,0,0,1,0,1,0,0,0,"803042,268","5825825,851","13,46517","52,49818",2050803.0,Stralauer Kiez,5548.0,37.0
197175,11,1,,2019,7,19,5,3,6,4,0,0,1,1,0,0,0,0,"797359,5557","5831214,526","13,38652","52,54961",1033102.0,Gesundbrunnen,4463.0,27.0
197176,11,2,,2019,7,13,5,3,2,7,0,0,1,0,1,0,0,0,"801911,5697","5828869,829","13,45132","52,52609",2050601.0,Hausburgviertel,5356.0,13.0
197177,11,2,,2019,7,20,5,3,5,3,0,1,0,0,0,0,0,0,"800915,6175","5826359,864","13,43442","52,50414",2030302.0,Lausitzer Platz,5149.0,46.0
197178,11,10,,2019,7,12,5,3,0,3,0,0,1,0,1,0,0,0,"809539,7863","5831440,351","13,5658","52,54485",10010310.0,Alt-Marzahn,7061.0,57.0
197179,11,4,,2019,7,12,5,2,5,3,0,0,1,0,0,0,0,0,"793366,333","5822846,322","13,32042","52,47676",7030301.0,Friedenau,3441.0,51.0
197180,11,5,,2019,7,11,5,3,5,2,0,0,1,0,1,0,0,0,"784341,644","5828351,942","13,19261","52,5309",5020625.0,Borkumer Straße,1557.0,28.0
197181,11,2,,2019,7,10,5,3,5,2,0,1,1,0,0,0,0,0,"802769,6125","5827688,356","13,46286","52,51503",2050602.0,Samariterviertel,5553.0,28.0
197182,11,9,,2019,7,9,5,2,2,6,0,0,1,0,0,0,0,0,"804312,6215","5824043,759","13,48219","52,4815",9010202.0,Köpenicker Landstraße,5843.0,63.0
197183,11,1,,2019,7,9,5,3,5,2,0,0,1,0,0,0,0,0,"795664,665","5829738,324","13,36028","52,5373",1022202.0,Heidestraße,4059.0,30.0
197184,11,8,,2019,7,17,5,2,1,5,0,1,1,0,0,0,0,0,"800898,8392","5824614,108","13,43259","52,48851",8010301.0,Reuterkiez,5045.0,46.0
197185,11,7,,2019,7,8,5,3,5,2,0,1,1,0,0,0,0,0,"794956,6499","5824452,051","13,34519","52,4903",7020201.0,Bayerischer Platz,3745.0,36.0
197186,11,2,,2019,7,8,5,3,6,2,0,0,1,1,0,0,0,0,"797856,5457","5825650,681","13,38885","52,49947",2010101.0,Askanischer Platz,4448.0,24.0
197187,11,9,,2019,7,9,5,3,5,2,0,1,1,0,0,0,0,0,"803887,5924","5823382,523","13,47535","52,47581",9010202.0,Köpenicker Landstraße,5741.0,60.0
197188,11,8,,2019,7,23,5,3,9,1,2,0,1,0,0,0,0,1,"801115,388","5823525,231","13,43479","52,47863",8010212.0,Rollberg,5142.0,45.0
197189,11,12,,2019,7,23,5,3,0,1,2,1,0,0,0,0,0,0,"790781,4751","5836541,889","13,29446","52,60092",12304314.0,Ziekowstraße/Freie Scholle,3078.0,65.0
197190,11,8,,2019,7,22,5,3,1,5,2,1,1,0,0,0,0,1,"800685,9156","5822952,854","13,42797","52,47373",8010117.0,Schillerpromenade,5041.0,31.0
197191,11,7,,2019,7,17,5,3,6,7,0,0,1,1,0,0,0,0,"798061,2757","5819655,531","13,3865","52,44561",7050503.0,Eisenacher Straße,4432.0,65.0
197192,11,11,,2019,7,14,5,3,0,1,0,0,0,0,1,0,0,0,"805336,8087","5827358,653","13,50027","52,51064",11040926.0,Weitlingstraße,6051.0,55.0
197193,11,5,,2019,7,21,4,3,1,5,1,0,1,0,0,1,0,0,"787460,7852","5828073,673","13,23822","52,52676",5010339.0,Freiheit,2156.0,63.0
197194,11,7,,2019,7,21,4,2,5,3,1,1,0,0,0,0,1,0,"800351,6851","5821674,106","13,42191","52,46245",7040406.0,Germaniagarten,4937.0,59.0
197195,11,2,,2019,7,21,4,3,5,3,1,1,1,0,0,0,0,1,"798621,7826","5825130,473","13,39962","52,49438",2020204.0,Urbanstraße,4547.0,11.0
197196,11,1,,2019,7,21,4,3,0,1,2,0,0,0,1,0,0,1,"797460,8575",5829185,"13,38619","52,53136",1011401.0,Invalidenstraße,4357.0,21.0
197197,11,1,,2019,7,21,4,3,5,3,2,1,1,0,0,0,0,1,"797894,1815","5826569,591","13,39022","52,50768",1011201.0,Wilhelmstraße,4450.0,25.0
197198,11,4,,2019,7,20,4,3,3,6,0,1,1,0,0,0,0,0,"793451,9101","5825695,36","13,32419","52,50225",4030930.0,George-Grosz-Platz,3449.0,40.0
197199,11,5,,2019,7,20,4,2,9,1,0,0,0,0,1,0,0,0,"779790,0585","5828609,546","13,1259","52,53556",5020420.0,Werkstraße,559.0,65.0
197200,11,1,,2019,7,20,4,3,5,2,0,1,1,0,0,0,0,0,"797866,1111","5827607,568","13,39074","52,517",1011202.0,Unter den Linden Nord,4453.0,15.0
197201,11,11,,2019,7,19,4,3,5,3,0,0,1,0,0,0,0,0,"804212,2936","5829084,485","13,48533","52,52674",11030619.0,Fennpfuhl Ost,5856.0,52.0
197202,11,2,,2019,7,19,4,3,0,2,0,0,1,0,1,0,0,0,"798909,3858","5825257,539","13,40396","52,49537",2020204.0,Urbanstraße,4647.0,52.0
197203,11,10,,2019,7,18,4,3,5,7,0,0,1,0,0,0,0,0,"806551,8652","5829133,367","13,51975","52,52586",10010308.0,Marzahner Chaussee,6356.0,61.0
197204,11,6,,2019,7,18,4,3,0,6,0,1,0,0,0,0,1,0,"793804,7504","5821211,364","13,32542","52,46187",6010103.0,Markelstraße,3437.0,57.0
197205,11,8,,2019,7,17,4,3,5,2,0,1,1,0,0,0,0,0,"802024,3987","5823487,78","13,4481","52,47779",8010404.0,Rixdorf,5342.0,38.0
197206,11,1,,2019,7,17,4,3,5,2,0,1,1,0,0,0,0,0,"797294,108","5827231,553","13,382","52,51394",1011201.0,Wilhelmstraße,4352.0,37.0
197207,11,10,,2019,7,15,4,3,5,2,0,0,1,0,0,0,0,0,"809598,405","5828542,104","13,56396","52,51884",10030724.0,Oberfeldstraße,7054.0,53.0
197208,11,3,,2019,7,14,4,3,5,3,0,1,0,0,0,0,1,0,"802341,2649","5829201,323","13,45794","52,52882",3061430.0,Volkspark Prenzlauer Berg,5457.0,20.0
197209,11,1,,2019,7,14,4,3,2,7,0,1,1,0,0,0,0,0,"796563,2038","5830501,648","13,37417","52,54365",1033203.0,Humboldthain Nordwest,4261.0,37.0
197210,11,12,,2019,7,13,4,3,3,6,0,0,1,0,0,0,0,0,"791810,9804","5831241,076","13,30495","52,55285",12214125.0,Waldidyll/Flughafensee,3164.0,63.0
197211,11,12,,2019,7,13,4,3,1,5,0,0,1,0,0,0,0,0,"786779,6032","5837513,077","13,23637","52,61175",12224230.0,Heiligensee,2181.0,63.0
197212,11,8,,2019,7,11,4,3,2,6,0,0,1,0,0,1,0,0,"800636,7894","5823075,924","13,42736","52,47486",8010117.0,Schillerpromenade,5041.0,31.0
197213,11,9,,2019,7,10,4,2,6,4,0,0,1,1,0,0,0,0,"808418,5731","5820877,047","13,53954","52,45082",9020602.0,Oberspree,6634.0,61.0
197214,11,3,,2019,7,7,4,3,1,5,0,0,1,0,0,0,1,0,"799574,6241","5833175,311","13,42086","52,56597",3040818.0,Pankow Süd,4968.0,61.0
197215,11,3,,2019,7,10,4,3,2,6,0,0,1,0,0,0,0,0,"801097,8653","5834753,495","13,4447","52,57928",3030715.0,Heinersdorf,5271.0,64.0
197216,11,3,,2019,7,9,4,3,3,6,0,0,1,0,1,0,0,0,"799165,1604","5831807,483","13,41361","52,55394",3061126.0,Arnimplatz,4864.0,14.0
197217,11,1,,2019,7,10,4,3,5,3,0,0,1,0,1,0,0,0,"796967,0401","5828843,044","13,37863","52,52857",1011301.0,Charitéviertel,4257.0,20.0
197218,11,8,,2019,7,3,7,3,2,6,2,1,1,0,0,0,0,0,"801412,1275","5823929,395","13,43951","52,48208",8010301.0,Reuterkiez,5143.0,6.0
197219,11,2,,2019,7,3,7,2,0,1,2,0,0,0,1,0,0,0,"798145,4599","5824850,008","13,39237","52,49213",2020204.0,Urbanstraße,4446.0,12.0
197220,11,5,,2019,7,2,7,2,0,1,2,0,1,0,0,0,0,0,"789329,1113","5828958,247","13,26646","52,53371",5030833.0,Motardstraße,2658.0,65.0
197221,11,1,,2019,7,22,6,2,5,3,2,1,0,0,0,0,0,0,"794807,7151","5826245,815","13,34459","52,50646",1011101.0,Stülerstraße,3750.0,33.0
197222,11,4,,2019,7,14,7,3,5,2,0,1,1,0,0,0,0,0,"793498,9662","5827611,55","13,32657","52,5194",4030621.0,Spreestadt,3554.0,52.0
197223,11,4,,2019,7,14,7,2,3,6,0,1,1,0,0,0,0,0,"791983,5437","5826456,165","13,30328","52,50986",4030827.0,Karl-August-Platz,3151.0,40.0
197224,11,1,,2019,7,13,7,3,0,2,0,0,1,0,1,0,0,0,"795409,5452","5829565,725","13,35638","52,53589",1022201.0,Stephankiez,3959.0,52.0
197225,11,9,,2019,7,22,7,3,6,4,2,1,0,1,0,0,0,0,"801505,9058","5824928,523","13,44179","52,49099",9010101.0,Elsenstraße,5246.0,59.0
197226,11,1,,2019,7,13,7,2,0,7,0,0,1,1,0,0,1,0,"797881,2197","5827067,96","13,39048","52,51216",1011203.0,Unter den Linden Süd,4452.0,21.0
197227,11,1,,2019,7,12,7,2,2,2,0,1,1,0,0,0,0,0,"794542,7963","5829072,984","13,3432","52,53194",1022104.0,Emdener Straße,3758.0,50.0
197228,11,2,,2019,7,21,7,3,5,2,1,1,1,0,0,0,0,0,"800586,6892","5827009,168","13,43017","52,51014",2040701.0,Andreasviertel,5051.0,33.0
197229,11,5,,2019,7,12,7,2,5,2,0,0,1,0,0,0,0,0,"784144,997","5827314,427","13,18883","52,5217",5020626.0,Adamstraße,1455.0,54.0
197230,11,12,,2019,7,12,7,3,5,2,0,1,1,0,0,0,0,0,"792167,14","5838069,796","13,31621","52,61387",12231101.0,Hermsdorf,3382.0,61.0
197231,11,6,,2019,7,12,7,3,5,2,0,1,1,0,0,0,0,0,"787770,1067","5821679,68","13,23725","52,46928",6040703.0,Nikolassee,2139.0,65.0
197232,11,12,,2019,7,12,7,3,4,5,0,0,1,0,0,0,1,0,"794289,2458","5833707,616","13,34358","52,57363",12103220.0,Humboldtstraße,3770.0,57.0
197233,11,10,,2019,7,19,7,3,3,6,0,0,1,0,1,0,0,0,"809602,0821","5828545,501","13,56402","52,51887",10030724.0,Oberfeldstraße,7054.0,53.0
197234,11,8,,2019,7,11,7,3,0,1,0,0,0,0,1,0,0,0,"804323,5288","5817812,264","13,47668","52,42564",8030831.0,Gropiusstadt Ost,5727.0,61.0
197235,11,1,,2019,7,11,7,3,1,5,0,1,0,0,0,0,1,0,"797758,4472","5829256,873","13,39063","52,53184",1011401.0,Invalidenstraße,4458.0,48.0
197236,11,3,,2019,7,11,7,3,5,2,0,0,1,0,0,0,0,0,"800204,762","5832142,254","13,4292","52,55636",3050923.0,Weißenseer Spitze,5065.0,44.0
197237,11,9,,2019,7,11,7,3,5,3,0,0,1,0,0,0,0,0,"804484,064","5823235,645","13,48397","52,47416",9010202.0,Köpenicker Landstraße,5841.0,59.0
197238,11,1,,2019,7,11,7,2,5,3,0,1,1,0,0,0,0,0,"794905,8172","5825973,833","13,34579","52,50396",1011101.0,Stülerstraße,3749.0,17.0
197239,11,11,,2019,7,10,7,3,5,3,0,1,0,0,0,0,1,0,"807217,1539","5823900,22","13,5247","52,47859",11051332.0,Karlshorst Süd,6442.0,53.0
197240,11,9,,2019,7,8,7,3,0,6,0,0,0,0,1,0,1,0,"808991,9267","5818122,718","13,5454","52,42581",9020701.0,Adlershof West,6727.0,55.0
197241,11,2,,2019,7,4,7,3,5,3,1,0,1,0,0,0,0,0,"800293,5857","5827628,335","13,42642","52,51586",2040701.0,Andreasviertel,4953.0,49.0
197242,11,4,,2019,7,7,6,3,3,6,0,1,0,0,0,0,1,0,"790243,0954","5828067,494","13,27912","52,52523",4020310.0,Park Ruhwald,2856.0,54.0
197243,11,9,,2019,7,6,6,3,3,6,0,1,0,0,0,0,1,0,"806326,186","5820933,198","13,5089","52,4525",9010401.0,Johannisthal West,6234.0,51.0
197244,11,11,,2019,7,16,6,3,5,2,0,1,1,0,0,0,0,0,"805463,7605","5833353,913","13,50764","52,5643",11010310.0,Mühlengrund,6267.0,58.0
197245,11,3,,2019,7,16,6,3,5,3,0,1,1,0,0,0,0,0,"797369,0117","5835183,886","13,39022","52,58518",3020209.0,Niederschönhausen,4473.0,61.0
197246,11,6,,2019,7,15,6,3,2,6,0,0,1,0,1,0,0,0,"794393,3543","5820190,127","13,33316","52,45239",6010206.0,Stadtpark,3634.0,50.0
197247,11,11,,2019,7,15,6,2,0,1,0,0,0,0,0,0,1,0,"807793,1954","5824286,643","13,53351","52,48173",11051331.0,Karlshorst Nord,6543.0,63.0
197248,11,6,,2019,7,15,6,2,5,7,0,0,0,0,1,0,1,0,"789550,4445","5817882,802","13,26009","52,43429",6030503.0,Zehlendorf Mitte,2529.0,40.0
197249,11,2,,2019,7,15,6,2,5,3,0,1,0,0,0,0,1,0,"801141,3718","5825433,129","13,43689","52,49571",2030401.0,Reichenberger Straße,5147.0,55.0
197250,11,7,,2019,7,13,6,3,2,6,0,0,1,0,0,0,1,0,"795121,9291","5825777,188","13,34879","52,50209",7010102.0,Nollendorfplatz,3849.0,22.0
197251,11,3,,2019,7,13,6,3,5,3,0,0,1,0,0,0,0,0,"803395,3345","5833104,087","13,47699","52,56322",3051017.0,Rennbahnstraße,5767.0,63.0
197252,11,4,,2019,7,13,6,3,2,6,0,0,1,0,1,0,0,0,"793338,2519","5829756,106","13,3261","52,53872",4010102.0,Plötzensee,3560.0,52.0
197253,11,9,,2019,7,13,6,3,5,2,0,1,1,0,0,0,0,0,"806135,2139","5821074,864","13,50623","52,45387",9010401.0,Johannisthal West,6135.0,63.0
197254,11,8,,2019,7,12,6,2,2,6,0,0,1,0,0,0,0,0,"801386,9496","5819252,51","13,43492","52,44018",8020625.0,Handwerker-Siedlung,5131.0,45.0
197255,11,2,,2019,7,12,6,3,0,7,0,1,0,0,0,0,0,0,"799214,794","5824493,424","13,40776","52,48835",2020205.0,Chamissokiez,4745.0,46.0
197256,11,4,,2019,7,11,6,3,6,7,0,0,1,1,0,0,0,0,"790830,1176","5826383,249","13,28627","52,50982",4030724.0,Lietzensee,2951.0,33.0
197257,11,7,,2019,7,11,6,3,3,6,0,0,1,0,1,0,0,0,"799119,5536","5816189,822","13,39892","52,41397",7070701.0,Kettinger Straße/Schillerstraße,4523.0,61.0
197258,11,2,,2019,7,10,6,3,5,2,0,1,0,0,0,1,0,0,"800612,2044","5826605,897","13,43018","52,50652",2030302.0,Lausitzer Platz,5050.0,37.0
197259,11,3,,2019,7,22,6,3,5,3,2,1,1,0,0,0,0,0,"802196,1459","5829420,706","13,456","52,53087",3061430.0,Volkspark Prenzlauer Berg,5457.0,20.0
197260,11,7,,2019,7,21,6,3,5,2,2,0,1,0,0,0,0,0,"796920,95","5822284,02","13,3721","52,4698",7040403.0,Manteuffelstraße,4139.0,53.0
197261,11,9,,2019,7,21,6,2,5,3,1,1,1,0,0,0,0,0,"802329,4441","5825307,772","13,45423","52,49393",9010101.0,Elsenstraße,5446.0,19.0
197262,11,2,,2019,7,20,6,3,5,3,0,1,1,0,0,0,0,0,"800584,3583","5827010,421","13,43014","52,51016",2040701.0,Andreasviertel,5051.0,33.0
197263,11,7,,2019,7,19,6,3,5,2,0,0,1,0,0,0,0,0,"797824,2186","5822535,858","13,38559","52,47156",7040401.0,Neu-Tempelhof,4340.0,45.0
197264,11,4,,2019,7,1,6,3,5,3,2,0,1,0,0,0,0,0,"792580,2204","5825448,123","13,31116","52,5005",4030929.0,Hindemithplatz,3248.0,24.0
197265,11,8,,2019,7,19,6,3,5,7,0,1,1,0,0,0,0,0,"802766,7787","5818171,919","13,45418","52,42973",8030829.0,Gropiusstadt Nord,5428.0,49.0
197266,11,11,,2019,7,10,6,3,6,4,0,0,1,1,0,0,0,0,"807251,878","5824282,871","13,52556","52,482",11051331.0,Karlshorst Nord,6443.0,52.0
197267,11,5,,2019,7,9,6,3,0,6,0,0,0,0,0,0,1,0,"784609,1042","5828341,795","13,19653","52,53066",5020625.0,Borkumer Straße,1557.0,28.0
197268,11,11,,2019,7,9,6,3,5,2,0,1,1,0,0,0,0,0,"804144,0293","5829828,569","13,485","52,53344",11030619.0,Fennpfuhl Ost,5858.0,54.0
197269,11,1,,2019,7,9,6,3,5,3,0,0,1,0,0,0,1,0,"797629,814","5828204,983","13,3878","52,52249",1011301.0,Charitéviertel,4455.0,27.0
197270,11,1,,2019,7,8,6,2,5,3,0,1,1,0,0,0,0,0,"795398,3563","5830283,802","13,35685","52,54233",1044202.0,Sparrplatz,3961.0,48.0
197271,11,7,,2019,7,8,6,3,4,6,0,1,1,0,0,0,0,0,"794083,7562","5822045,924","13,33025","52,4692",7030301.0,Friedenau,3539.0,53.0
197272,11,11,,2019,7,7,6,3,5,3,0,1,1,0,0,0,0,0,"805189,6453","5826252,541","13,49709","52,50081",11040926.0,Weitlingstraße,6048.0,59.0
197273,11,9,,2019,7,6,6,3,1,1,0,0,1,0,0,0,0,0,"810892,5807","5822275,948","13,57713","52,46195",9052001.0,Köpenick Nord,7237.0,52.0
197274,11,2,,2019,7,6,6,3,5,2,0,1,1,0,0,0,0,0,"803103,0948","5826085,88","13,4663","52,50048",2050803.0,Stralauer Kiez,5548.0,37.0
197275,11,1,,2019,7,15,6,3,3,6,0,0,1,0,0,0,1,0,"797532,7647","5827566,101","13,3858","52,51681",1011202.0,Unter den Linden Nord,4353.0,37.0