ObjectID,State,District,LOR_ab_2021,AccidentYear,AccidentMonth,AccidentHour,DayOfWeek,AccidentCategory,AccidentType,AccidentTypeDetail,LightingCondition,InvolvingBike,InvolvingCar,InvolvingPedestrian,InvolvingMotorcycle,InvolvingHGV,InvolvingOther,RoadCondition,GraphicCoord1,GraphicCoord2,LongitudeWGS84,LatitudeWGS84,quadrant,quadrant_rank
197276,11,8,,2019,7,11,5,3,0,3,0,1,1,0,0,0,0,0,"800987,8167","5817122,088","13,42715","52,4213",8020727.0,Buckow Mitte,5025.0,57.0
197277,11,8,,2019,7,21,5,2,9,1,2,0,0,0,1,0,0,0,"803138,0051","5822672,845","13,4637","52,46987",8010508.0,Weiße Siedlung,5539.0,57.0
197278,11,1,,2019,7,21,5,3,6,4,0,1,0,1,0,0,0,0,"799020,4092","5827873,927","13,40794","52,51876",1011303.0,Alexanderplatzviertel,4754.0,20.0
197279,11,1,,2019,7,20,5,3,5,2,0,0,1,0,0,0,1,0,"795451,436","5831591,824","13,3588","52,55403",1044203.0,Leopoldplatz,3964.0,39.0
197280,11,4,,2019,7,19,5,3,5,3,0,1,1,0,0,0,0,0,"793938,5461","5825810,689","13,33144","52,50302",4030931.0,Breitscheidplatz,3549.0,24.0
197281,11,6,,2019,7,18,5,3,5,3,0,0,1,0,1,0,0,0,"787738,8229","5818260,274","13,23384","52,43863",6040804.0,Krumme Lanke,2130.0,45.0
197282,11,8,,2019,7,18,5,3,5,2,0,0,1,0,0,0,0,0,"800952,209","5816263,563","13,42585","52,41363",8020727.0,Buckow Mitte,4923.0,62.0
197283,11,11,,2019,7,16,5,3,0,7,0,0,1,0,0,0,1,0,"802987,6234","5830854,857","13,46894","52,54328",11020513.0,Orankesee,5661.0,61.0
197284,11,2,,2019,7,15,5,3,5,2,0,1,0,0,0,0,1,0,"799774,4273","5824825,1","13,41627","52,49102",2020206.0,Graefekiez,4846.0,41.0
197285,11,1,,2019,7,18,5,3,5,3,0,1,1,0,0,0,0,0,"797902,559","5826576,585","13,39035","52,50774",1011201.0,Wilhelmstraße,4451.0,11.0
197286,11,2,,2019,7,15,5,3,2,6,0,0,1,0,0,0,0,0,"800392,9357","5827855,974","13,42809","52,51784",2040701.0,Andreasviertel,5053.0,45.0
197287,11,1,,2019,7,17,5,3,5,7,0,1,0,0,0,0,1,0,"793703,5118","5828112,761","13,33002","52,52379",1022106.0,Elberfelder Straße,3555.0,16.0
197288,11,1,,2019,7,15,5,3,5,2,0,0,1,0,1,0,0,0,"796190,236","5831009,098","13,36914","52,54841",1044201.0,Reinickendorfer Straße,4162.0,48.0
197289,11,1,,2019,7,17,5,3,5,7,0,1,1,0,0,0,0,0,"797810,3491","5827136,663","13,3895","52,51281",1011203.0,Unter den Linden Süd,4452.0,21.0
197290,11,1,,2019,7,15,5,3,6,7,0,0,1,1,0,0,0,0,"796886,1079","5831538,794","13,37985","52,55277",1044201.0,Reinickendorfer Straße,4364.0,39.0
197291,11,4,,2019,7,15,5,3,6,3,0,0,1,1,0,0,0,0,"794029,3386","5824715,871","13,3318","52,49316",4051653.0,Prager Platz,3546.0,33.0
197292,11,8,,2019,7,17,5,3,5,3,0,1,0,0,0,0,0,0,"801551,9419","5824363,932","13,44196","52,4859",8010301.0,Reuterkiez,5244.0,47.0
197293,11,8,,2019,7,14,5,3,1,5,0,0,1,0,0,0,1,0,"801341,3722","5820026,322","13,43495","52,44714",8020622.0,Parchimer Allee,5133.0,32.0
197294,11,7,,2019,7,16,5,2,5,3,0,1,1,0,0,0,0,0,"795229,4533","5822260,095","13,34725","52,4705",7030303.0,Grazer Platz,3840.0,51.0
197295,11,12,,2019,7,14,5,3,0,5,0,0,1,0,0,0,1,0,"793540,5442","5837847,668","13,33624","52,61114",12302212.0,Rollbergesiedlung,3681.0,62.0
197296,11,9,,2019,7,13,5,3,1,1,0,1,1,0,0,0,0,0,"814032,502","5820745,63","13,62176","52,44644",9051702.0,Bölschestraße,7933.0,55.0
197297,11,1,,2019,7,11,5,3,3,2,0,0,1,0,0,0,0,0,"795161,8216","5827090,891","13,35054","52,51384",1011102.0,Großer Tiergarten,3852.0,51.0
197298,11,7,,2019,7,11,5,3,5,2,0,0,1,0,0,1,0,0,"798707,8463","5816019,87","13,39273","52,41267",7070701.0,Kettinger Straße/Schillerstraße,4423.0,52.0
197299,11,1,,2019,7,11,5,3,6,2,0,0,0,1,0,0,1,0,"793573,4952","5828507,524","13,32845","52,5274",1022102.0,Beusselkiez,3556.0,48.0
197300,11,9,,2019,7,11,5,3,2,6,0,0,1,0,0,0,1,0,"809528,9404","5818795,339","13,5539","52,43153",9020702.0,Adlershof Ost,6828.0,55.0
197301,11,7,,2019,7,11,5,3,2,6,0,0,1,0,0,0,1,0,"797757,2024","5822626,559","13,38469","52,47241",7040401.0,Neu-Tempelhof,4340.0,45.0
197302,11,1,,2019,7,10,5,3,5,3,0,0,1,0,0,0,1,0,"797045,9479","5828361,996","13,37936","52,52421",1011301.0,Charitéviertel,4255.0,45.0
197303,11,1,,2019,7,10,5,3,1,5,0,1,1,0,0,0,0,0,"796928,6652","5826430,217","13,37591","52,50696",1011105.0,Nördlicher Landwehrkanal,4250.0,52.0
197304,11,11,,2019,7,10,5,3,1,1,0,0,1,0,0,0,0,0,"805338,0777","5827208,857","13,50015","52,5093",11040926.0,Weitlingstraße,6051.0,55.0
197305,11,11,,2019,7,9,5,2,5,2,0,0,0,0,1,0,1,0,"806356,863","5832164,587","13,51968","52,55314",11020411.0,Malchower Weg,6364.0,61.0
197306,11,3,,2019,7,9,5,3,2,6,0,0,1,0,0,0,0,0,"800096,4792","5833877,837","13,42917","52,57198",3030715.0,Heinersdorf,5069.0,51.0
197307,11,1,,2019,7,9,5,3,5,3,0,1,1,0,0,0,0,0,"799901,7061","5826514,373","13,41966","52,50609",1011306.0,Heine-Viertel Ost,4850.0,38.0
197308,11,4,,2019,7,7,5,3,5,3,0,1,1,0,0,0,0,0,"791578,2942","5822164,356","13,29357","52,4716",4041241.0,Breite Straße,3040.0,60.0
197309,11,7,,2019,7,5,5,3,0,1,1,0,0,0,0,0,1,0,"797271,8433","5822823,492","13,37774","52,47444",7040401.0,Neu-Tempelhof,4241.0,63.0
197310,11,5,,2019,7,3,5,2,1,1,2,0,1,0,0,0,0,0,"781394,3375","5829726,48","13,15044","52,54475",5010209.0,An der Kappe,861.0,63.0
197311,11,3,,2019,7,17,5,3,6,2,0,0,1,1,0,0,0,0,"802262,617","5831577,211","13,45894","52,55016",3050925.0,Komponistenviertel Weißensee,5463.0,46.0
197312,11,2,,2019,7,14,5,3,5,7,0,0,0,0,1,0,1,0,"801515,292","5825998,741","13,4429","52,50058",2030402.0,Wrangelkiez,5248.0,21.0
197313,11,7,,2019,7,10,5,3,0,7,0,0,0,0,1,0,0,1,"796019,5531","5824976,068","13,36126","52,49442",7010104.0,Dennewitzplatz,4047.0,22.0
197314,11,4,,2019,7,10,4,3,1,5,0,1,0,0,0,0,1,0,"793749,2853","5825832,119","13,32868","52,50332",4030931.0,Breitscheidplatz,3549.0,24.0
197315,11,7,,2019,7,15,4,3,6,4,0,1,0,1,0,0,0,0,"794574,3506","5822329,132","13,3377","52,47147",7030302.0,Ceciliengärten,3640.0,55.0
197316,11,5,,2019,7,17,4,2,5,2,0,1,1,0,0,0,0,0,"782434,567","5830490,2","13,16639","52,55106",5010206.0,Gütersloher Weg,1163.0,42.0
197317,11,11,,2019,7,17,4,3,5,2,0,1,1,0,0,0,0,0,"804371,8011","5830844,325","13,48928","52,54242",11020514.0,Große-Leege-Straße,5961.0,51.0
197318,11,2,,2019,7,17,4,3,0,2,0,0,1,0,1,0,0,0,"801206,464","5827467,49","13,43969","52,51391",2040701.0,Andreasviertel,5152.0,56.0
197319,11,9,,2019,7,16,4,3,6,2,0,0,0,1,0,1,0,0,"804746,5982","5822302,503","13,48697","52,46565",9010301.0,Baumschulenstraße,5838.0,58.0
197320,11,1,,2019,7,16,4,3,6,7,0,1,0,1,0,0,0,0,"797882,533","5831027,186","13,39404","52,54764",1033201.0,Brunnenstraße,4562.0,59.0
197321,11,6,,2019,7,16,4,3,5,3,0,1,1,0,0,0,0,0,"794339,5264","5819041,313","13,33135","52,44212",6020302.0,Komponistenviertel Lankwitz,3531.0,58.0
197322,11,7,,2019,7,16,4,3,2,7,0,0,0,0,1,0,1,0,"798170,1912","5821908,165","13,39011","52,46575",7040405.0,Rathaus Tempelhof,4438.0,62.0
197323,11,4,,2019,7,5,4,3,0,6,0,0,0,0,1,0,0,0,"791141,0786","5829174,408","13,29328","52,53468",4010103.0,Paul-Hertz-Siedlung,3058.0,38.0
197324,11,5,,2019,7,23,4,3,0,1,2,1,0,0,0,0,0,0,"783747,479","5824142,705","13,18028","52,49346",5040934.0,Alt-Gatow,1346.0,65.0
197325,11,1,,2019,7,20,4,3,0,3,0,1,0,0,0,0,1,0,"798507,5333","5830233,396","13,40252","52,54019",1033201.0,Brunnenstraße,4660.0,51.0
197326,11,1,,2019,7,19,4,3,1,5,0,1,1,0,0,0,0,0,"798782,3379","5829671,733","13,40605","52,535",1011402.0,Arkonaplatz,4658.0,28.0
197327,11,12,,2019,7,19,4,3,2,4,0,0,1,1,0,0,0,0,"791950,0482","5831492,874","13,30721","52,55503",1044101.0,Rehberge,3264.0,52.0
197328,11,11,,2019,7,18,4,3,2,3,0,0,1,0,0,0,0,0,"803361,7038","5826298,587","13,47029","52,50224",11051229.0,Rummelsburg,5649.0,33.0
197329,11,2,,2019,7,18,4,3,0,6,0,1,0,0,0,0,0,0,"802547,5962","5826732,022","13,45872","52,50658",2050802.0,Boxhagener Platz,5450.0,55.0
197330,11,1,,2019,7,18,4,3,5,3,0,1,1,0,0,0,0,0,"798603,908","5828890,418","13,40273","52,5281",1011302.0,Oranienburger Straße,4656.0,41.0
197331,11,5,,2019,7,18,4,2,2,6,0,0,1,0,1,0,0,0,"786044,5055","5829165,312","13,21834","52,5373",5030730.0,Zitadellenweg,1959.0,49.0
197332,11,2,,2019,7,18,4,3,5,2,0,0,1,0,1,0,0,0,"798322,9117","5825139,64","13,39524","52,49463",2020204.0,Urbanstraße,4547.0,11.0
197333,11,7,,2019,7,18,4,3,6,2,0,1,0,1,0,0,0,0,"798099,158","5823964,834","13,3909","52,48422",7040401.0,Neu-Tempelhof,4444.0,62.0
197334,11,1,,2019,7,18,4,3,0,1,0,1,0,0,0,0,0,0,"798545,2399","5829189,163","13,40214","52,53081",1011402.0,Arkonaplatz,4657.0,9.0
197335,11,10,,2019,7,17,4,3,6,7,0,0,1,1,0,0,0,0,"812123,4917","5830905,826","13,60328","52,53859",10020414.0,Helle Mitte,7660.0,47.0
197336,11,1,,2019,7,12,4,3,2,2,0,0,1,0,0,0,1,0,"794913,1324","5832044,113","13,35128","52,55838",1044102.0,Schillerpark,3865.0,47.0
197337,11,9,,2019,7,12,4,3,0,6,0,0,1,0,1,0,0,0,"806685,7465","5822696,904","13,51579","52,4681",9020502.0,Oberschöneweide Ost,6339.0,60.0
197338,11,7,,2019,7,12,4,3,5,2,0,1,1,0,0,0,0,0,"796347,0883","5824919,951","13,36602","52,49374",7010104.0,Dennewitzplatz,4046.0,41.0
197339,11,9,,2019,7,11,4,2,6,7,0,0,1,1,0,0,0,0,"804282,1573","5823767,033","13,48149","52,47904",9010202.0,Köpenicker Landstraße,5842.0,63.0
197340,11,3,,2019,7,10,4,2,6,4,0,0,1,1,0,0,0,0,"800710,2781","5829144,165","13,43392","52,52921",3071639.0,Bötzowstraße,5157.0,60.0
197341,11,7,,2019,7,9,4,3,5,2,0,0,1,0,0,0,0,0,"794567,3052","5825796,196","13,34066","52,50256",7010101.0,Wittenbergplatz/Viktoria-Luise-Platz,3749.0,17.0
197342,11,7,,2019,7,8,4,3,5,3,0,1,1,0,0,0,0,0,"795426,1992","5825488,69","13,353","52,49933",7010102.0,Nollendorfplatz,3948.0,43.0
197343,11,1,,2019,7,8,4,3,1,5,0,1,1,0,0,0,0,0,"798855,242","5827027,577","13,40475","52,51126",1011204.0,Leipziger Straße,4652.0,24.0
197344,11,11,,2019,7,8,4,3,5,2,0,1,1,0,0,0,0,0,"803969,6837","5829072,463","13,48175","52,52676",11030619.0,Fennpfuhl Ost,5856.0,52.0
197345,11,11,,2019,7,7,4,3,5,3,0,0,1,0,1,0,0,0,"804308,5809","5828168,371","13,4859","52,51847",11030721.0,Rüdigerstraße,5854.0,49.0
197346,11,5,,2019,7,7,4,3,6,4,0,0,1,1,0,0,0,0,"786804,9857","5828211,49","13,2287","52,52835",5010339.0,Freiheit,2057.0,59.0
197347,11,3,,2019,7,16,4,3,2,6,0,0,1,0,0,0,0,0,"804644,687","5841357,339","13,50296","52,63649",3010102.0,Buch,6188.0,57.0
197348,11,11,,2019,7,16,4,3,0,7,0,1,1,0,0,0,0,0,"808400,6053","5823572,31","13,54177","52,47498",11051331.0,Karlshorst Nord,6741.0,65.0
197349,11,4,,2019,7,15,4,2,5,2,0,0,1,0,1,0,0,0,"792302,3205","5825377,025","13,30702","52,50002",4030726.0,Droysenstraße,3248.0,24.0
197350,11,12,,2019,7,15,4,3,3,5,0,1,1,0,0,0,0,0,"788353,7777","5832100,746","13,25485","52,5624",12214125.0,Waldidyll/Flughafensee,2466.0,61.0
197351,11,4,,2019,7,14,4,2,6,4,0,1,0,1,0,0,0,0,"794028,2973","5824715,809","13,33179","52,49316",4051653.0,Prager Platz,3546.0,33.0
197352,11,3,,2019,7,14,4,3,2,6,0,0,1,0,0,0,0,0,"798047,2902","5831836,487","13,39719","52,55481",1033102.0,Gesundbrunnen,4564.0,57.0
197353,11,3,,2019,7,13,4,3,6,2,0,0,1,1,0,0,0,0,"801536,4047","5831445,505","13,44815","52,54938",3050924.0,Behaimstraße,5363.0,56.0
197354,11,1,,2019,7,13,4,3,0,3,0,0,1,0,0,0,0,0,"794479,002","5827387,3","13,34077","52,51687",1022207.0,Hansaviertel,3753.0,58.0
197355,11,1,,2019,7,13,4,3,5,2,0,1,1,0,0,0,0,0,"795668,9129","5829732,336","13,36034","52,53724",1022202.0,Heidestraße,4059.0,30.0
197356,11,11,,2019,7,12,4,3,3,6,0,0,1,0,0,1,0,0,"805522,379","5831606,095","13,5069","52,5486",11020412.0,Hauptstraße,6162.0,62.0
197357,11,2,,2019,7,13,4,2,3,6,0,0,1,0,1,0,0,0,"801730,635","5828912,954","13,4487","52,52658",2050601.0,Hausburgviertel,5356.0,13.0
197358,11,10,,2019,7,5,4,3,6,4,0,0,0,1,0,0,1,0,"809206,1174","5830597,75","13,56011","52,53749",10010310.0,Alt-Marzahn,6959.0,61.0
197359,11,2,,2019,7,20,4,3,5,2,0,0,1,0,1,0,0,0,"800425,6853","5827973,981","13,42868","52,51888",2040701.0,Andreasviertel,5054.0,36.0
197360,11,9,,2019,7,19,3,3,6,4,0,1,0,1,0,0,0,0,"813473,2629","5816411,605","13,60949","52,40793",9031101.0,Grünau,7721.0,65.0
197361,11,1,,2019,7,21,3,3,5,3,2,0,1,0,1,0,0,0,"797804,4315","5830038,942","13,39201","52,53883",1033202.0,Humboldthain Süd,4460.0,59.0
197362,11,1,,2019,7,20,3,3,0,7,0,0,1,0,0,0,0,0,"796401,9495","5830096,117","13,37144","52,54011",1033203.0,Humboldthain Nordwest,4160.0,4.0
197363,11,7,,2019,7,19,3,3,2,7,0,1,0,0,0,0,1,0,"796206,5206","5824232,496","13,36335","52,48765",7020203.0,Kaiser-Wilhelm-Platz,4045.0,42.0
197364,11,9,,2019,7,19,3,3,5,2,0,1,1,0,0,0,0,0,"807367,0132","5822350,367","13,52547","52,46461",9020502.0,Oberschöneweide Ost,6438.0,61.0
197365,11,2,,2019,7,19,3,2,5,7,1,0,1,0,1,0,0,0,"799766,8115","5824819,202","13,41615","52,49097",2020206.0,Graefekiez,4846.0,41.0
197366,11,1,,2019,7,19,3,2,1,5,0,1,1,0,0,0,0,0,"798617,6698","5828850,144","13,4029","52,52773",1011302.0,Oranienburger Straße,4656.0,41.0
197367,11,1,,2019,7,18,3,3,2,6,0,0,1,0,1,0,0,0,"798372,7401","5829037,422","13,39946","52,52954",1011302.0,Oranienburger Straße,4557.0,40.0
197368,11,5,,2019,7,18,3,3,5,3,0,0,1,0,0,0,0,0,"782375,924","5827033,052","13,16259","52,52009",5020523.0,Maulbeerallee,1054.0,55.0
197369,11,8,,2019,7,18,3,3,0,3,0,0,1,0,1,0,0,0,"805354,681","5817314,53","13,49134","52,42061",8041037.0,Alt-Rudow,5925.0,47.0
197370,11,2,,2019,7,17,3,3,6,4,0,0,1,1,0,0,0,0,"801427,4069","5826416,965","13,44198","52,50437",2040703.0,Wriezener Bahnhof/Entwicklungsgebiet,5250.0,54.0
197371,11,2,,2019,7,17,3,3,2,6,0,1,0,0,0,0,0,0,"801627,8052","5826057,583","13,4446","52,50104",2030302.0,Lausitzer Platz,5249.0,5.0
197372,11,2,,2019,7,16,3,3,5,3,0,1,1,0,0,0,0,0,"802218,9191","5826089,384","13,45331","52,501",2050803.0,Stralauer Kiez,5349.0,29.0
197373,11,9,,2019,7,16,3,3,5,7,0,0,1,0,0,0,1,0,"806509,9448","5822550,203","13,51308","52,46689",9020501.0,Oberschöneweide West,6239.0,62.0
197374,11,3,,2019,7,11,3,3,0,1,0,1,0,0,0,0,0,0,"804086,6477","5841238,982","13,49463","52,63574",3010102.0,Buch,6088.0,54.0
197375,11,1,,2019,7,16,3,2,0,1,0,1,0,0,0,0,0,0,"798678,5389","5829460,684","13,40434","52,53317",1011402.0,Arkonaplatz,4658.0,28.0
197376,11,1,,2019,7,16,3,3,0,1,0,1,0,0,0,0,0,0,"798474,5082","5829096,249","13,40101","52,53001",1011401.0,Invalidenstraße,4657.0,9.0
197377,11,1,,2019,7,15,3,3,5,2,0,0,1,0,1,0,0,0,"797776,8136","5827345,155","13,38919","52,5147",1011203.0,Unter den Linden Süd,4453.0,15.0
197378,11,8,,2019,7,15,3,2,0,1,0,1,0,0,0,0,0,0,"800329,3289","5824358,696","13,424","52,48653",8010303.0,Donaustraße,4944.0,25.0
197379,11,2,,2019,7,14,3,3,0,7,0,1,1,0,0,0,0,0,"801207,7451","5827481,316","13,43972","52,51403",2040701.0,Andreasviertel,5152.0,56.0
197380,11,1,,2019,7,13,3,3,2,6,0,0,0,0,1,0,1,0,"794554,3647","5830743,303","13,34485","52,54691",1044103.0,Westliche Müllerstraße,3762.0,55.0
197381,11,6,,2019,7,13,3,3,5,7,0,0,1,0,1,0,0,0,"795142,4399","5818859,104","13,34297","52,44006",6020302.0,Komponistenviertel Lankwitz,3731.0,60.0
197382,11,9,,2019,7,13,3,2,5,3,0,1,1,0,0,0,0,0,"811558,5299","5818886,184","13,58374","52,4312",9041301.0,Kietzer Feld/Nachtheide,7328.0,63.0
197383,11,8,,2019,7,12,3,3,5,7,0,0,1,0,1,0,0,0,"800185,1982","5823612,589","13,42121","52,47992",8010117.0,Schillerpromenade,4942.0,18.0
197384,11,4,,2019,7,12,3,3,3,2,0,0,1,0,0,0,0,0,"792628,5074","5825441,235","13,31187","52,50042",4030929.0,Hindemithplatz,3248.0,24.0
197385,11,1,,2019,7,12,3,3,1,5,0,1,1,0,0,0,0,0,"797240,287","5828237,236","13,3821","52,52299",1011301.0,Charitéviertel,4355.0,53.0
197386,11,4,,2019,7,11,3,3,2,2,0,0,1,0,1,0,0,0,"792439,2963","5824109,262","13,30792","52,48858",4051445.0,Eisenzahnstraße,3245.0,33.0
197387,11,2,,2019,7,11,3,3,6,4,0,0,1,1,0,0,0,0,"800282,3398","5826085,137","13,42487","52,50203",2030301.0,Oranienplatz,4949.0,42.0
197388,11,4,,2019,7,11,3,3,2,6,0,0,1,0,1,0,0,0,"792378,8498","5825383,952","13,30815","52,50004",4030929.0,Hindemithplatz,3248.0,24.0
197389,11,3,,2019,7,11,3,3,5,3,0,0,1,0,1,0,0,0,"798977,7695","5835029,233","13,41375","52,58292",3040614.0,Pankow Zentrum,4872.0,61.0
197390,11,5,,2019,7,17,3,3,2,6,0,0,1,0,0,0,0,0,"785138,3518","5828966,141","13,20485","52,53599",5010314.0,Carl-Schurz-Straße,1759.0,52.0
197391,11,5,,2019,7,10,3,3,2,6,0,0,1,0,0,0,0,0,"779617,7478","5827822,114","13,12271","52,52859",5020521.0,Döberitzer Weg,457.0,54.0
197392,11,7,,2019,7,10,3,3,2,2,0,0,1,0,1,0,0,0,"798741,9674","5823946,932","13,40032","52,48371",7040401.0,Neu-Tempelhof,4643.0,57.0
197393,11,2,,2019,7,10,3,3,0,1,0,1,0,0,0,0,0,0,"801416,9208","5825630,388","13,44112","52,49733",2030402.0,Wrangelkiez,5247.0,65.0
197394,11,1,,2019,7,9,3,3,2,6,0,0,1,0,0,0,0,0,"795375,1858","5831089,716","13,35723","52,54957",1044203.0,Leopoldplatz,3963.0,52.0
197395,11,11,,2019,7,9,3,3,5,2,0,1,1,0,0,0,0,0,"804095,0153","5825995,295","13,48078","52,49911",11051229.0,Rummelsburg,5848.0,53.0
197396,11,4,,2019,7,9,3,3,2,2,0,0,1,0,1,0,0,0,"791474,7366","5828282,774","13,29741","52,52651",4030518.0,Tegeler Weg,3056.0,54.0
197397,11,3,,2019,7,9,3,3,1,5,0,1,1,0,0,0,0,0,"801620,921","5830165,634","13,44823","52,53787",3061429.0,Greifswalder Straße,5359.0,51.0
197398,11,9,,2019,7,7,3,3,5,7,0,1,0,0,0,0,1,0,"814207,5313","5821766,947","13,62528","52,4555",9051702.0,Bölschestraße,7935.0,61.0
197399,11,3,,2019,7,6,3,3,5,3,0,0,1,0,0,0,1,0,"796278,303","5835300,553","13,37427","52,58683",3040512.0,Wilhelmsruh,4274.0,64.0
197400,11,11,,2019,7,6,3,3,5,3,0,0,1,0,1,0,0,0,"806501,8618","5833022,41","13,5226","52,56075",11010205.0,Falkenberg West,6466.0,64.0
197401,11,1,,2019,7,6,3,3,5,2,0,0,1,0,1,0,0,0,"797556,1451","5828722,82","13,38718","52,52717",1011301.0,Charitéviertel,4456.0,28.0
197402,11,4,,2019,7,3,3,3,5,3,2,1,1,0,0,0,0,0,"792847,2806","5824332,448","13,31411","52,49036",4051446.0,Preußenpark,3345.0,42.0
197403,11,1,,2019,7,18,3,3,0,1,0,0,0,0,0,0,1,0,"798485,4558","5828032,274","13,40022","52,52047",1011303.0,Alexanderplatzviertel,4654.0,10.0
197404,11,5,,2019,7,13,3,3,1,5,0,1,1,0,0,0,0,0,"781733,6368","5828491,503","13,15438","52,5335",5020417.0,Staakener Straße,958.0,48.0
197405,11,1,,2019,7,19,3,3,1,5,0,1,1,0,0,0,0,0,"797482,0528","5828817,64","13,38618","52,52806",1011301.0,Charitéviertel,4356.0,64.0
197406,11,3,,2019,7,7,2,3,5,3,0,0,1,0,0,0,0,0,"799586,5108","5831413,305","13,41945","52,55017",3061227.0,Humannplatz,4863.0,28.0
197407,11,4,,2019,7,6,2,3,2,2,0,0,1,0,0,1,0,0,"791672,953","5830679,627","13,30242","52,54789",4010102.0,Plötzensee,3162.0,49.0
197408,11,7,,2019,7,1,2,3,0,1,2,0,1,0,0,0,0,0,"799160,2544","5816219,514","13,39954","52,41421",7070701.0,Kettinger Straße/Schillerstraße,4523.0,61.0
197409,11,1,,2019,7,15,2,3,5,3,0,1,1,0,0,0,0,0,"799106,9793","5828466,091","13,40974","52,52402",1011303.0,Alexanderplatzviertel,4755.0,4.0
197410,11,3,,2019,7,15,2,3,2,7,0,0,0,0,1,1,0,0,"799980,5304","5835126,008","13,4286","52,58323",3040614.0,Pankow Zentrum,5073.0,56.0
197411,11,4,,2019,7,17,2,3,5,2,0,1,1,0,0,0,0,1,"793631,3299","5824864,161","13,32609","52,4947",4051448.0,Schaperstraße,3547.0,43.0
197412,11,4,,2019,7,17,2,3,0,7,0,1,1,0,0,0,0,1,"791839,1431","5824921,469","13,29982","52,49618",4031032.0,Halensee,3147.0,43.0
197413,11,1,,2019,7,13,2,3,5,2,0,1,1,0,0,0,0,0,"797763,2654","5829744,614","13,39114","52,53621",1033202.0,Humboldthain Süd,4459.0,28.0
197414,11,1,,2019,7,13,2,3,3,6,0,1,0,0,0,0,1,0,"797705,0865","5829652,281","13,3902","52,53542",1033202.0,Humboldthain Süd,4459.0,28.0
197415,11,1,,2019,7,16,2,3,2,7,0,0,1,0,0,0,0,0,"796369,3878","5831657,559","13,37236","52,55412",1044201.0,Reinickendorfer Straße,4164.0,52.0
197416,11,1,,2019,7,15,2,2,5,2,0,1,1,0,0,0,0,0,"797471,2321","5826798,786","13,38421","52,50997",1011201.0,Wilhelmstraße,4351.0,43.0
197417,11,1,,2019,7,15,2,3,1,1,0,0,1,0,0,0,0,0,"797811,5894","5831131,418","13,39309","52,54862",1033201.0,Brunnenstraße,4562.0,59.0
197418,11,5,,2019,7,16,2,3,2,6,0,0,1,0,0,0,1,0,"784702,1072","5827686,122","13,19734","52,52474",5020626.0,Adamstraße,1555.0,55.0
197419,11,4,,2019,7,14,2,2,3,6,0,0,1,0,0,0,0,0,"790381,6894","5825984,707","13,27934","52,50649",4020313.0,Königin-Elisabeth-Straße,2850.0,46.0
197420,11,4,,2019,7,17,2,2,0,1,0,0,0,0,1,0,0,1,"790732,0781","5827657,588","13,28594","52,5213",4030415.0,Schloßgarten,2954.0,41.0
197421,11,5,,2019,7,21,2,3,9,1,1,0,1,0,0,0,0,1,"784926,624","5831138,701","13,2036","52,55558",5010103.0,Amorbacher Weg,1664.0,56.0
197422,11,8,,2019,7,20,2,3,2,7,1,0,1,0,1,0,0,0,"800717,3842","5823850,426","13,42924","52,48176",8010211.0,Flughafenstraße,5043.0,50.0
197423,11,12,,2019,7,19,2,3,2,6,0,0,1,0,0,0,0,0,"793509,8551","5832413,303","13,33097","52,56244",12214424.0,Scharnweberstraße,3567.0,10.0
197424,11,1,,2019,7,19,2,3,1,5,0,1,1,0,0,0,1,0,"795112,1716","5831237,511","13,35349","52,55104",1044203.0,Leopoldplatz,3963.0,52.0
197425,11,2,,2019,7,13,2,3,5,3,0,0,1,0,0,0,0,0,"799022,9659","5826071,454","13,40636","52,5026",2010103.0,Moritzplatz,4649.0,53.0
197426,11,4,,2019,7,13,2,3,5,2,0,0,1,0,1,0,0,0,"792312,4101","5825381,533","13,30717","52,50005",4030726.0,Droysenstraße,3248.0,24.0
197427,11,1,,2019,7,12,2,3,5,3,0,1,0,0,0,0,0,0,"793831,3744","5828141,03","13,33192","52,52397",1022106.0,Elberfelder Straße,3555.0,16.0
197428,11,9,,2019,7,12,2,3,5,3,0,0,1,0,0,0,0,0,"811065,6118","5821224,398","13,57869","52,45243",9051901.0,Dammvorstadt,7234.0,64.0
197429,11,11,,2019,7,11,2,3,0,7,0,0,0,0,0,1,0,0,"806591,6061","5827752,818","13,51906","52,51347",11041022.0,Rosenfelder Ring,6352.0,56.0
197430,11,6,,2019,7,11,2,3,5,3,0,0,1,0,0,0,1,0,"796875,8598","5817496,01","13,36719","52,4269",6020306.0,Lankwitz Süd,4127.0,64.0
197431,11,9,,2019,7,11,2,3,5,3,0,1,1,0,0,0,0,0,"806409,5666","5822969,801","13,51199","52,4707",9020501.0,Oberschöneweide West,6240.0,57.0
197432,11,2,,2019,7,9,2,3,2,6,0,1,0,0,0,0,0,0,"798346,1963","5825563,927","13,39596","52,49842",2010102.0,Mehringplatz,4548.0,24.0
197433,11,11,,2019,7,9,2,3,2,6,0,0,1,0,0,0,0,0,"807217,6113","5824022,971","13,52482","52,47969",11051332.0,Karlshorst Süd,6442.0,53.0
197434,11,3,,2019,7,8,2,3,5,3,0,1,1,0,0,0,0,0,"798684,5131","5833804,311","13,40833","52,5721",3040614.0,Pankow Zentrum,4769.0,58.0
197435,11,1,,2019,7,6,2,3,6,4,0,1,0,1,0,0,0,0,"797087,5049","5828852,287","13,38041","52,52858",1011301.0,Charitéviertel,4357.0,21.0