ObjectID,State,District,LOR_ab_2021,AccidentYear,AccidentMonth,AccidentHour,DayOfWeek,AccidentCategory,AccidentType,AccidentTypeDetail,LightingCondition,InvolvingBike,InvolvingCar,InvolvingPedestrian,InvolvingMotorcycle,InvolvingHGV,InvolvingOther,RoadCondition,GraphicCoord1,GraphicCoord2,LongitudeWGS84,LatitudeWGS84,quadrant,quadrant_rank
197595,11,2,,2019,8,15,6,3,5,2,0,1,1,0,0,0,0,0,"800154,6356","5827339,713","13,42412","52,51335",2040701.0,Andreasviertel,4952.0,44.0
197596,11,8,,2019,8,14,6,3,6,4,0,0,1,1,0,0,0,0,"802027,1344","5823490,961","13,44814","52,47782",8010404.0,Rixdorf,5342.0,38.0
197597,11,4,,2019,8,14,6,3,5,3,0,0,0,0,1,0,1,0,"792459,7366","5824274,246","13,30836","52,49004",4051445.0,Eisenzahnstraße,3245.0,33.0
197598,11,6,,2019,8,13,6,3,1,5,0,1,0,0,0,0,1,0,"793219,8801","5821326,368","13,31693","52,46321",6010102.0,Schloßstraße,3337.0,58.0
197599,11,7,,2019,8,13,6,3,2,6,0,0,1,0,1,0,0,0,"795666,0311","5824476,945","13,35563","52,49013",7020203.0,Kaiser-Wilhelm-Platz,3945.0,34.0
197600,11,4,,2019,8,12,6,3,5,7,0,0,1,0,1,0,0,0,"793041,3872","5829760,398","13,32174","52,53891",4010102.0,Plötzensee,3460.0,57.0
197601,11,5,,2019,8,11,6,3,2,6,0,0,1,0,0,0,0,0,"785136,0117","5828334,744","13,20427","52,53033",5020627.0,Tiefwerder,1657.0,58.0
197602,11,12,,2019,8,11,6,2,5,3,0,0,1,0,1,0,0,0,"792481,0036","5833903,364","13,31715","52,57636",12214423.0,Mellerbogen,3371.0,40.0
197603,11,5,,2019,8,10,6,3,1,5,0,0,1,0,0,0,1,0,"783755,3949","5829856,59","13,18527","52,54469",5010208.0,Germersheimer Platz,1461.0,65.0
197604,11,6,,2019,8,8,6,2,0,1,0,0,1,0,1,0,0,0,"791059,2378","5816495,064","13,28101","52,42105",6030608.0,Schweizer Viertel,2825.0,65.0
197605,11,2,,2019,8,8,6,3,5,3,0,1,0,0,0,0,0,0,"798523,0266","5825303,253","13,39832","52,49599",2020204.0,Urbanstraße,4547.0,11.0
197606,11,10,,2019,8,8,6,3,2,7,0,0,1,0,0,0,0,0,"809579,6071","5828544,082","13,56369","52,51887",10030724.0,Oberfeldstraße,7054.0,53.0
197607,11,12,,2019,8,8,6,3,2,6,0,0,1,0,0,0,0,0,"793463,1948","5833666,784","13,33139","52,57371",12214421.0,Reinickes Hof,3570.0,53.0
197608,11,6,,2019,8,8,6,3,5,2,0,1,1,0,0,0,0,0,"790227,0581","5814993,992","13,26751","52,40804",6030502.0,Zehlendorf Süd,2621.0,57.0
197609,11,11,,2019,8,19,6,3,0,2,1,0,1,0,1,0,0,1,"804496,0143","5826390,017","13,48703","52,50243",11040926.0,Weitlingstraße,5849.0,58.0
197610,11,3,,2019,8,19,6,3,1,5,0,1,1,0,0,0,0,1,"799103,2468","5832206,353","13,41305","52,55755",3040818.0,Pankow Süd,4765.0,61.0
197611,11,9,,2019,8,18,6,3,2,2,0,0,1,0,0,0,0,1,"810525,5977","5821116,219","13,57067","52,45177",9051901.0,Dammvorstadt,7134.0,43.0
197612,11,4,,2019,8,18,6,2,5,3,0,0,1,0,1,0,0,1,"792666,7316","5827732,154","13,31444","52,52093",4030519.0,Kaiserin-Augusta-Allee,3354.0,60.0
197613,11,11,,2019,8,18,6,3,1,5,1,1,1,0,0,0,0,1,"807089,6669","5824392,69","13,52328","52,48307",11051330.0,Karlshorst West,6443.0,52.0
197614,11,3,,2019,8,17,6,2,0,1,0,1,0,0,0,0,0,1,"801788,137","5829991,342","13,45053","52,53621",3061430.0,Volkspark Prenzlauer Berg,5359.0,51.0
197615,11,3,,2019,8,17,6,3,2,6,0,0,1,0,0,0,0,1,"802339,3481","5829174,13","13,45788","52,52858",11030618.0,Fennpfuhl West,5457.0,20.0
197616,11,4,,2019,8,17,6,3,6,4,0,0,1,1,0,0,0,1,"793152,9979","5826190,93","13,32023","52,50686",4030828.0,Savignyplatz,3450.0,48.0
197617,11,3,,2019,8,17,6,3,5,3,0,0,1,0,0,0,0,1,"801741,5648","5829168,902","13,44909","52,52887",3061435.0,Conrad-Blenkle-Straße,5357.0,55.0
197618,11,4,,2019,8,16,6,3,5,3,0,0,1,0,0,0,0,1,"789638,2713","5826254,713","13,26865","52,5093",4020311.0,Reichsstraße,2651.0,45.0
197619,11,1,,2019,8,16,6,3,2,6,0,0,1,0,0,0,0,1,"796752,3643","5830496,269","13,37695","52,5435",1033203.0,Humboldthain Nordwest,4261.0,37.0
197620,11,5,,2019,8,22,6,3,6,4,2,0,1,1,0,0,0,0,"784521,1104","5828649,896","13,1955","52,53347",5020625.0,Borkumer Straße,1558.0,34.0
197621,11,1,,2019,8,20,6,3,0,1,0,1,0,0,0,0,0,0,"795781,6142","5831019,172","13,36314","52,54872",1044201.0,Reinickendorfer Straße,4062.0,45.0
197622,11,3,,2019,8,18,6,3,0,2,1,1,1,0,0,0,0,1,"799501,2195","5831356,33","13,41814","52,54971",3061227.0,Humannplatz,4863.0,28.0
197623,11,1,,2019,8,15,5,3,2,6,0,0,1,0,1,0,0,0,"797212,1013","5832020,146","13,38507","52,55691",1033101.0,Soldiner Straße,4365.0,7.0
197624,11,4,,2019,8,22,5,3,1,5,2,1,1,0,0,0,0,0,"794274,039","5825500,123","13,33609","52,50006",4030931.0,Breitscheidplatz,3648.0,35.0
197625,11,6,,2019,8,21,5,2,5,2,2,0,1,0,0,0,0,0,"793313,8046","5820742,14","13,3178","52,45792",6010101.0,Fichtenberg,3336.0,54.0
197626,11,3,,2019,8,21,5,2,5,3,1,1,0,0,0,0,1,0,"800396,6454","5831947,294","13,43184","52,55451",3050923.0,Weißenseer Spitze,5064.0,24.0
197627,11,2,,2019,8,20,5,3,1,5,1,1,1,0,0,0,0,0,"803097,8769","5826934,929","13,46699","52,50809",2050801.0,Traveplatz,5551.0,40.0
197628,11,2,,2019,8,20,5,3,6,4,1,1,0,1,0,0,0,0,"797817,6452","5825899,514","13,3885","52,50172",2010101.0,Askanischer Platz,4449.0,28.0
197629,11,3,,2019,8,19,5,3,6,4,0,0,1,1,0,0,0,0,"799084,9113","5830225,218","13,411","52,5398",3071536.0,Teutoburger Platz,4760.0,20.0
197630,11,10,,2019,8,19,5,3,5,3,0,1,1,0,0,0,0,0,"809226,1922","5827212,697","13,55726","52,50714",10030726.0,Alt-Biesdorf,6950.0,63.0
197631,11,5,,2019,8,16,5,3,2,6,0,0,1,0,1,0,0,1,"785236,4594","5831826,472","13,20875","52,56158",5010101.0,Hakenfelde Nord,1766.0,46.0
197632,11,8,,2019,8,18,5,3,1,5,0,1,1,0,0,0,0,0,"800206,5944","5823526,513","13,42145","52,47914",8010117.0,Schillerpromenade,4942.0,18.0
197633,11,2,,2019,8,18,5,3,0,3,0,0,1,0,1,0,0,0,"800733,3861","5826516,318","13,43188","52,50565",2030302.0,Lausitzer Platz,5050.0,37.0
197634,11,5,,2019,8,17,5,3,5,2,0,0,1,0,0,0,0,0,"783248,7712","5830289,788","13,17819","52,54884",5010209.0,An der Kappe,1363.0,64.0
197635,11,4,,2019,8,16,5,3,2,6,0,0,1,0,0,0,1,0,"792447,9746","5827189,429","13,31075","52,51619",4030620.0,Alt-Lietzow,3253.0,43.0
197636,11,7,,2019,8,16,5,3,0,1,0,1,0,0,0,0,0,0,"796541,7762","5820099,424","13,3646","52,45042",7040404.0,Marienhöhe,4034.0,63.0
197637,11,4,,2019,8,16,5,3,5,3,0,1,1,0,0,0,0,0,"792887,7282","5824294,618","13,31467","52,49",4051550.0,Leon-Jessel-Platz,3345.0,42.0
197638,11,7,,2019,8,14,5,3,5,3,0,0,1,0,0,0,0,0,"797325,2524","5823511,807","13,37913","52,48058",7040401.0,Neu-Tempelhof,4243.0,50.0
197639,11,5,,2019,8,14,5,3,2,6,0,0,1,0,0,0,0,0,"785231,6755","5830968,843","13,20794","52,55389",5010311.0,Eiswerder,1764.0,58.0
197640,11,12,,2019,8,14,5,3,0,6,0,1,0,0,0,1,0,0,"792682,3423","5837413,295","13,32321","52,60771",12302212.0,Rollbergesiedlung,3480.0,38.0
197641,11,3,,2019,8,14,5,2,6,4,0,0,1,1,0,0,0,0,"800685,1946","5833668,563","13,43764","52,56978",3030715.0,Heinersdorf,5169.0,63.0
197642,11,4,,2019,8,13,5,3,5,2,0,0,1,0,1,0,0,0,"787702,1174","5826432,639","13,24035","52,51192",4020204.0,Olympiagelände,2252.0,63.0
197643,11,1,,2019,8,15,5,3,5,3,0,0,1,0,0,0,0,0,"796725,178","5830441,734","13,3765","52,54303",1033203.0,Humboldthain Nordwest,4261.0,37.0
197644,11,3,,2019,8,13,5,3,6,4,0,0,0,1,1,0,0,0,"799424,8288","5831371,47","13,41703","52,54989",3061227.0,Humannplatz,4863.0,28.0
197645,11,1,,2019,8,13,5,2,6,4,0,0,1,1,0,0,0,0,"798901,0781","5826692,217","13,40512","52,50823",1011305.0,Heine-Viertel West,4651.0,31.0
197646,11,11,,2019,8,13,5,3,5,2,0,1,1,0,0,0,0,0,"805141,918","5826177,218","13,49632","52,50016",11040926.0,Weitlingstraße,6048.0,59.0
197647,11,10,,2019,8,12,5,3,0,6,0,1,1,0,0,0,0,0,"810878,2694","5827352,626","13,58165","52,50746",10040829.0,Alt-Kaulsdorf,7350.0,61.0
197648,11,2,,2019,8,12,5,3,1,5,0,1,0,0,0,1,0,0,"798472,0431","5824764,597","13,39709","52,49119",2020204.0,Urbanstraße,4546.0,40.0
197649,11,3,,2019,8,12,5,2,5,3,0,0,1,0,0,1,0,0,"800023,5387","5834675,494","13,42882","52,57917",3040614.0,Pankow Zentrum,5071.0,60.0
197650,11,4,,2019,8,12,5,3,2,6,0,0,1,0,0,0,0,0,"790578,244","5827355,304","13,28342","52,51867",4020310.0,Park Ruhwald,2854.0,17.0
197651,11,8,,2019,8,12,5,3,5,7,0,0,1,0,0,0,0,0,"800255,8668","5820518,579","13,41947","52,45215",8020621.0,Mohriner Allee Nord,4834.0,58.0
197652,11,4,,2019,8,10,5,3,5,3,0,0,1,0,0,0,0,0,"788993,5354","5826824,874","13,25967","52,51476",4020311.0,Reichsstraße,2553.0,40.0
197653,11,2,,2019,8,12,5,3,2,2,0,0,1,0,1,0,0,1,"798307,2909","5825319,943","13,39517","52,49625",2020204.0,Urbanstraße,4547.0,11.0
197654,11,3,,2019,8,9,5,3,5,2,0,1,1,0,0,0,0,0,"799097,3877","5829119,467","13,41019","52,52988",3071536.0,Teutoburger Platz,4757.0,11.0
197655,11,11,,2019,8,8,5,3,5,3,0,0,0,0,0,1,1,0,"802962,5382","5829199,311","13,46707","52,52846",11030618.0,Fennpfuhl West,5657.0,53.0
197656,11,3,,2019,8,11,5,3,5,7,0,0,1,0,0,0,0,0,"800091,4071","5831671,63","13,4271","52,55221",3061227.0,Humannplatz,5064.0,24.0
197657,11,11,,2019,8,8,5,3,5,5,0,0,1,0,1,0,0,1,"802961,9857","5829229,121","13,46709","52,52873",11030618.0,Fennpfuhl West,5657.0,53.0
197658,11,7,,2019,8,10,5,3,0,6,0,1,1,0,0,0,0,0,"795222,5234","5824517,249","13,34915","52,49074",7010103.0,Barbarossaplatz,3846.0,63.0
197659,11,3,,2019,8,10,5,3,1,5,0,0,1,0,0,0,0,0,"798713,9284","5835849,209","13,41061","52,59041",3020210.0,Herthaplatz,4775.0,64.0
197660,11,4,,2019,8,8,5,3,0,3,0,0,1,0,1,0,0,0,"793345,4634","5822848,241","13,32012","52,47679",4041344.0,Rüdesheimer Platz,3441.0,51.0
197661,11,12,,2019,8,8,5,3,5,2,0,1,1,0,0,0,0,0,"794973,7113","5833121,37","13,35313","52,568",12103218.0,Teichstraße,3968.0,60.0
197662,11,1,,2019,8,7,5,3,8,1,0,0,1,0,0,0,0,0,"796143,4566","5826287,673","13,36425","52,50611",1011105.0,Nördlicher Landwehrkanal,4050.0,59.0
197663,11,2,,2019,8,6,5,3,0,4,0,1,0,1,0,0,0,1,"801701,6301","5825858,256","13,44551","52,49921",2030402.0,Wrangelkiez,5248.0,21.0
197664,11,11,,2019,8,6,5,3,2,6,0,0,1,0,1,0,0,0,"803714,6044","5826360,447","13,47553","52,5026",11040925.0,Victoriastadt,5749.0,42.0
197665,11,1,,2019,8,5,5,3,5,3,1,0,1,0,0,0,0,1,"797904,0587","5831002,832","13,39434","52,54741",1033201.0,Brunnenstraße,4562.0,59.0
197666,11,4,,2019,8,2,5,3,5,2,2,0,1,0,0,0,0,0,"794005,4386","5824068,884","13,33088","52,48737",4051655.0,Babelsberger Straße,3545.0,51.0
197667,11,2,,2019,8,0,5,3,0,2,2,1,1,0,0,0,0,1,"801420,6965","5826071,803","13,44157","52,50128",2030302.0,Lausitzer Platz,5249.0,5.0
197668,11,12,,2019,7,2,4,3,0,7,2,1,0,0,0,0,0,0,"793457,9125","5833874,317","13,3315","52,57557",12214421.0,Reinickes Hof,3570.0,53.0
197669,11,4,,2019,7,20,4,3,5,2,1,0,1,0,0,0,0,1,"790688,312","5822694,722","13,28097","52,47683",4041136.0,Hagenplatz,2841.0,54.0
197670,11,12,,2019,7,20,4,3,1,5,2,0,1,0,0,0,0,1,"795516,1985","5834371,925","13,36223","52,57892",12103218.0,Teichstraße,4071.0,62.0
197671,11,12,,2019,7,20,4,3,0,1,1,0,0,0,1,0,0,1,"795775,2458","5832574,735","13,36444","52,56267",12103117.0,Letteplatz,4067.0,9.0
197672,11,2,,2019,7,19,4,3,5,5,1,0,1,0,1,0,0,0,"797639,2191","5824583,574","13,3847","52,49002",2020203.0,Viktoriapark,4345.0,48.0
197673,11,2,,2019,7,23,4,3,5,7,2,0,1,0,1,0,0,1,"800550,3391","5826943,713","13,42958","52,50958",2040701.0,Andreasviertel,5051.0,33.0
197674,11,4,,2019,7,22,4,3,0,1,2,0,0,0,1,0,0,1,"793383,6209","5824666,596","13,32228","52,49307",4051447.0,Ludwigkirchplatz,3446.0,47.0
197675,11,4,,2019,7,18,4,3,5,2,0,0,1,0,0,0,0,0,"792725,01","5826102,048","13,31387","52,50629",4030827.0,Karl-August-Platz,3350.0,22.0
197676,11,8,,2019,7,18,4,3,5,3,0,0,1,0,0,0,0,0,"805253,9858","5817245,999","13,4898","52,42005",8041036.0,Zittauer Straße,5925.0,47.0
197677,11,1,,2019,7,17,4,3,2,6,0,0,1,0,0,0,0,1,"799129,2984","5828985,888","13,41054","52,52866",1011303.0,Alexanderplatzviertel,4757.0,11.0
197678,11,4,,2019,7,17,4,3,0,6,0,0,1,0,1,0,0,1,"792709,7555","5825553,248","13,31316","52,50138",4030929.0,Hindemithplatz,3349.0,12.0
197679,11,4,,2019,7,17,4,2,0,1,0,1,0,0,0,0,0,1,"791464,1874","5825787,123","13,29507","52,50414",4030725.0,Amtsgerichtsplatz,3049.0,57.0
197680,11,10,,2019,7,17,4,3,6,4,0,0,1,1,0,0,0,1,"809541,086","5827065,572","13,56175","52,50564",10030727.0,Biesdorf Süd,7050.0,59.0
197681,11,1,,2019,7,17,4,2,5,2,0,1,1,0,0,0,0,1,"798724,5164","5828298,304","13,40397","52,52272",1011303.0,Alexanderplatzviertel,4655.0,41.0
197682,11,1,,2019,7,16,4,3,0,5,0,0,1,0,1,0,0,1,"794477,2405","5828352,663","13,3416","52,52552",1022106.0,Elberfelder Straße,3756.0,4.0
197683,11,7,,2019,7,16,4,3,2,6,0,0,1,0,0,0,0,1,"798357,8334","5818989,156","13,39025","52,43948",7050505.0,Hundsteinweg,4431.0,51.0
197684,11,1,,2019,7,16,4,3,5,3,0,0,1,0,0,0,0,1,"797037,4266","5829318,799","13,38009","52,53279",1011301.0,Charitéviertel,4358.0,45.0
197685,11,12,,2019,7,15,4,3,5,2,0,1,1,0,0,0,0,1,"791292,4727","5838941,212","13,30409","52,62216",12231101.0,Hermsdorf,3184.0,63.0
197686,11,1,,2019,7,15,4,3,2,6,0,0,1,0,0,0,0,1,"795245,906","5826623,983","13,35136","52,50961",1011101.0,Stülerstraße,3851.0,47.0
197687,11,4,,2019,7,10,4,3,5,2,0,0,1,0,0,0,0,0,"793340,7633","5829719,994","13,3261","52,53839",4010102.0,Plötzensee,3559.0,22.0
197688,11,1,,2019,7,9,4,3,5,7,0,1,1,0,0,0,0,0,"794769,7231","5828313,4","13,34586","52,52501",1022204.0,Thomasiusstraße,3756.0,4.0
197689,11,12,,2019,7,9,4,2,4,6,0,1,0,0,0,0,0,0,"792106,8156","5832956,029","13,31081","52,56806",12214422.0,Klixstraße,3268.0,42.0
197690,11,2,,2019,7,9,4,3,2,6,0,0,1,0,1,0,0,0,"797822,382","5824931,546","13,3877","52,49304",2020203.0,Viktoriapark,4446.0,12.0
197691,11,2,,2019,7,7,4,3,5,2,0,1,1,0,0,0,0,0,"799720,0578","5826052,13","13,41658","52,50204",2030301.0,Oranienplatz,4849.0,28.0
197692,11,1,,2019,7,15,4,2,5,7,0,0,1,0,0,0,0,0,"798396,0525","5829040,767","13,39981","52,52956",1011302.0,Oranienburger Straße,4657.0,9.0
197693,11,1,,2019,7,7,4,3,5,3,0,1,0,0,0,0,1,0,"798715,4912","5829563,106","13,40497","52,53407",1011402.0,Arkonaplatz,4658.0,28.0
197694,11,5,,2019,7,7,4,3,5,2,0,0,0,0,1,0,1,0,"787597,2147","5829401,001","13,24138","52,53859",5030731.0,Gartenfelder Straße,2260.0,56.0
197695,11,12,,2019,7,4,4,3,5,3,1,1,1,0,0,0,0,0,"791496,771","5833027,919","13,3019","52,56904",12214422.0,Klixstraße,3168.0,61.0
197696,11,11,,2019,7,2,4,3,0,1,2,1,0,0,0,0,0,0,"806693,6647","5833980,849","13,52631","52,56923",11010204.0,Falkenberg Ost,6468.0,61.0
197697,11,5,,2019,7,14,4,3,6,4,0,0,1,1,0,0,0,0,"785297,9785","5830407,972","13,20843","52,54883",5010312.0,Kurstraße,1763.0,57.0
197698,11,1,,2019,7,14,4,3,5,3,0,0,1,0,0,0,0,0,"793529,1778","5832017,906","13,3309","52,55889",1044101.0,Rehberge,3565.0,65.0
197699,11,6,,2019,7,12,4,3,5,3,0,0,0,0,1,0,1,0,"791574,3862","5821712,915","13,29312","52,46756",6040810.0,Dahlem,3039.0,65.0
197700,11,4,,2019,7,12,4,3,5,3,0,0,1,0,0,0,1,0,"792444,0765","5825425,954","13,30914","52,50038",4030929.0,Hindemithplatz,3248.0,24.0
197701,11,12,,2019,7,11,4,2,5,7,0,0,1,0,1,0,0,0,"790584,9238","5834488,186","13,28976","52,58261",12214527.0,Alt-Tegel,2972.0,55.0
197702,11,7,,2019,7,10,4,3,1,5,0,1,1,0,0,0,0,0,"795592,4922","5824160,714","13,35427","52,48734",7020203.0,Kaiser-Wilhelm-Platz,3945.0,34.0
197703,11,4,,2019,7,10,4,3,5,3,0,1,0,0,0,0,0,0,"788657,619","5825722,151","13,25378","52,50505",4061757.0,Forst Grunewald,2450.0,60.0
197704,11,8,,2019,7,10,4,3,6,4,0,0,1,1,0,0,0,0,"800898,0072","5822408,954","13,43059","52,46874",8010118.0,Silbersteinstraße,5039.0,34.0
197705,11,12,,2019,7,9,3,3,0,6,0,1,1,0,0,0,0,0,"794850,991","5833071,512","13,35128","52,56762",12103218.0,Teichstraße,3868.0,48.0
197706,11,3,,2019,7,7,3,3,6,7,0,0,1,1,0,0,0,0,"799443,2167","5832748,76","13,41854","52,56222",3040818.0,Pankow Süd,4866.0,63.0
197707,11,10,,2019,7,9,3,3,5,3,0,0,1,0,0,0,0,0,"811989,6215","5826852,58","13,59751","52,50234",10040933.0,Mahlsdorf Süd,7549.0,63.0
197708,11,3,,2019,7,8,3,3,2,2,0,0,1,0,0,0,0,1,"802839,7771","5832687,346","13,46844","52,55979",3051017.0,Rennbahnstraße,5666.0,59.0
197709,11,1,,2019,7,8,3,3,3,6,0,1,0,0,0,0,0,0,"797300,6481","5829109,322","13,38377","52,53077",1011401.0,Invalidenstraße,4357.0,21.0
197710,11,1,,2019,7,0,3,2,5,2,2,0,1,0,1,0,0,0,"798901,2925","5827345,255","13,40571","52,51408",1011204.0,Leipziger Straße,4652.0,24.0
197711,11,9,,2019,7,6,3,2,1,5,0,1,1,0,0,0,0,0,"806046,1012","5820006,085","13,50394","52,44435",9010401.0,Johannisthal West,6132.0,56.0
197712,11,11,,2019,7,17,3,3,5,3,0,0,1,0,0,0,0,0,"807676,676","5824535,78","13,53203","52,48403",11051331.0,Karlshorst Nord,6544.0,55.0
197713,11,4,,2019,7,16,3,2,1,5,0,1,1,0,0,0,0,0,"791954,0242","5822499,632","13,29938","52,47441",4041241.0,Breite Straße,3141.0,61.0
197714,11,5,,2019,7,16,3,2,5,7,0,0,1,0,1,0,0,0,"784748,3734","5828694,96","13,19888","52,53376",5020625.0,Borkumer Straße,1658.0,8.0
197715,11,1,,2019,7,15,3,3,5,2,0,1,1,0,0,0,0,0,"794707,6267","5831780,937","13,34803","52,55613",1044102.0,Schillerpark,3865.0,47.0
197716,11,4,,2019,7,15,3,3,5,7,0,0,1,0,1,0,0,0,"792977,3795","5826184,837","13,31765","52,5069",4030828.0,Savignyplatz,3350.0,22.0
197717,11,1,,2019,7,15,3,3,0,3,0,0,1,0,1,0,0,0,"794963,3007","5826080,539","13,34673","52,50489",1011101.0,Stülerstraße,3850.0,33.0
197718,11,2,,2019,7,23,3,3,0,1,2,1,0,0,0,0,0,0,"797247,7859","5824831,582","13,37917","52,49245",2020203.0,Viktoriapark,4246.0,53.0
197719,11,1,,2019,7,15,3,3,6,4,0,0,0,1,1,0,0,0,"797583,724","5831293,124","13,38989","52,55019",1033102.0,Gesundbrunnen,4463.0,27.0
197720,11,3,,2019,7,20,3,3,1,5,1,1,1,0,0,0,0,0,"801022,3297","5830798,88","13,44","52,54387",3061228.0,Erich-Weinert-Straße,5161.0,52.0
197721,11,4,,2019,7,13,3,3,0,7,0,0,1,0,1,0,0,0,"789598,367","5827272,506","13,26895","52,51845",4020312.0,Branitzer Platz,2654.0,58.0
197722,11,1,,2019,7,20,3,2,0,1,0,1,0,0,0,0,0,0,"794549,2754","5826088,225","13,34065","52,50518",1011101.0,Stülerstraße,3750.0,33.0
197723,11,8,,2019,7,14,3,3,5,3,0,0,1,0,1,0,0,0,"800380,4474","5823330,392","13,42382","52,47728",8010117.0,Schillerpromenade,4942.0,18.0
197724,11,1,,2019,7,20,3,3,5,3,0,0,1,0,0,0,0,0,"795324,9037","5826261,334","13,3522","52,50632",1011101.0,Stülerstraße,3850.0,33.0
197725,11,5,,2019,7,20,3,3,5,3,0,1,1,0,0,0,0,0,"782573,5164","5828540,581","13,16677","52,53351",5020417.0,Staakener Straße,1158.0,56.0
197726,11,7,,2019,7,19,3,3,5,7,0,0,1,0,1,0,0,0,"794624,1034","5825565,122","13,34129","52,50045",7010101.0,Wittenbergplatz/Viktoria-Luise-Platz,3748.0,42.0
197727,11,9,,2019,7,13,3,3,3,1,0,1,0,0,0,0,1,0,"804279,5321","5823056,603","13,48081","52,47267",9010202.0,Köpenicker Landstraße,5840.0,59.0
197728,11,5,,2019,7,12,3,3,2,2,0,1,1,0,0,0,0,0,"781551,3758","5819649,201","13,14423","52,45431",5040936.0,Jägerallee,835.0,61.0
197729,11,8,,2019,7,18,3,3,2,6,0,0,1,0,0,0,0,0,"801839,1619","5823625,641","13,4455","52,47913",8010404.0,Rixdorf,5242.0,49.0
197730,11,6,,2019,7,18,3,3,5,2,0,1,1,0,0,0,0,0,"788760,1197","5819994,54","13,25032","52,45365",6040804.0,Krumme Lanke,2335.0,62.0
197731,11,4,,2019,7,18,3,3,3,6,0,0,1,0,0,0,0,0,"791881,5694","5826501,475","13,30182","52,51032",4030725.0,Amtsgerichtsplatz,3151.0,40.0
197732,11,9,,2019,7,17,3,3,2,7,0,0,1,0,1,0,0,0,"806289,1047","5819201,096","13,50677","52,43699",9010402.0,Johannisthal Ost,6130.0,56.0
197733,11,8,,2019,7,17,3,3,5,3,0,1,0,0,0,0,1,0,"801800,8908","5817488,167","13,4394","52,42414",8020728.0,Buckow Ost,5126.0,38.0
197734,11,9,,2019,7,10,3,2,1,5,0,0,1,0,1,0,0,0,"814030,5204","5820744,837","13,62173","52,44644",9051702.0,Bölschestraße,7933.0,55.0
197735,11,1,,2019,7,9,3,3,1,5,0,1,0,0,0,1,0,0,"797963,6549","5832408,763","13,39648","52,55998",1033101.0,Soldiner Straße,4566.0,65.0
197736,11,8,,2019,7,12,3,3,5,2,0,0,1,0,0,0,1,0,"805438,8438","5818396,446","13,49356","52,43026",8041037.0,Alt-Rudow,5928.0,63.0
197737,11,7,,2019,7,14,3,1,6,2,0,0,0,1,0,1,0,0,"794950,1287","5825642,635","13,34615","52,50097",7010102.0,Nollendorfplatz,3849.0,22.0
197738,11,2,,2019,7,13,2,3,5,2,0,1,0,0,0,0,1,0,"801250,7933","5827844,043","13,44068","52,51726",2040502.0,Friedenstraße,5253.0,35.0
197739,11,7,,2019,7,15,2,3,0,7,0,1,0,0,0,0,0,0,"799195,4451","5816141,739","13,39999","52,4135",7070701.0,Kettinger Straße/Schillerstraße,4623.0,43.0
197740,11,10,,2019,7,12,2,3,0,1,0,1,0,0,0,0,0,0,"812433,1499","5824753,677","13,60205","52,48328",10040933.0,Mahlsdorf Süd,7643.0,63.0
197741,11,1,,2019,7,22,2,3,2,6,2,0,1,0,1,0,0,1,"797662,7325","5831882,289","13,39158","52,55543",1033102.0,Gesundbrunnen,4464.0,34.0
197742,11,3,,2019,7,21,2,3,0,2,2,0,1,0,1,0,0,1,"798606,8339","5833049,831","13,40651","52,56538",3040614.0,Pankow Zentrum,4767.0,50.0
197743,11,2,,2019,7,20,2,3,1,1,0,0,1,0,1,0,0,1,"802589,8442","5827014,158","13,4596","52,50908",2050802.0,Boxhagener Platz,5451.0,41.0
197744,11,1,,2019,7,18,2,3,5,2,0,1,0,0,0,0,1,1,"797763,8745","5829744,158","13,39115","52,53621",1033202.0,Humboldthain Süd,4459.0,28.0
197745,11,4,,2019,7,18,2,3,0,6,0,0,1,0,1,0,0,1,"793293,0704","5825627,007","13,32179","52,50172",4030930.0,George-Grosz-Platz,3449.0,40.0
197746,11,6,,2019,7,18,2,3,0,5,0,1,1,0,0,0,0,1,"791844,99","5818906,647","13,29464","52,44225",6030610.0,Lichterfelde West,3031.0,57.0
197747,11,1,,2019,7,18,2,3,2,6,0,0,1,0,0,0,0,1,"796586,3302","5831006,272","13,37497","52,54816",1033203.0,Humboldthain Nordwest,4262.0,53.0
197748,11,1,,2019,7,16,2,3,2,6,0,0,1,0,0,0,0,0,"797978,3241","5828497,041","13,39318","52,52491",1011302.0,Oranienburger Straße,4556.0,46.0
197749,11,5,,2019,7,16,2,3,5,7,0,1,1,0,0,0,0,0,"785352,2748","5830155,443","13,20902","52,54654",5010311.0,Eiswerder,1762.0,53.0
197750,11,6,,2019,7,19,2,3,2,6,0,0,1,0,0,0,0,1,"794923,1007","5821446,918","13,34204","52,46337",6010210.0,Bismarckstraße,3738.0,53.0
197751,11,1,,2019,7,17,2,3,1,5,0,1,1,0,0,0,0,1,"798018,5797","5827089,741","13,39251","52,51228",1011203.0,Unter den Linden Süd,4452.0,21.0
197752,11,4,,2019,7,16,2,3,5,2,0,0,1,0,1,0,0,0,"794187,4403","5823111,523","13,33271","52,47869",4051655.0,Babelsberger Straße,3642.0,57.0
197753,11,1,,2019,7,16,2,3,5,2,0,1,1,0,0,0,0,0,"797720,1863","5831257,475","13,39186","52,5498",1033102.0,Gesundbrunnen,4463.0,27.0
197754,11,3,,2019,7,19,2,3,0,7,0,0,1,0,0,0,0,1,"800995,0394","5833682,888","13,44221","52,56974",3030715.0,Heinersdorf,5269.0,57.0