ObjectID,State,District,LOR_ab_2021,AccidentYear,AccidentMonth,AccidentHour,DayOfWeek,AccidentCategory,AccidentType,AccidentTypeDetail,LightingCondition,InvolvingBike,InvolvingCar,InvolvingPedestrian,InvolvingMotorcycle,InvolvingHGV,InvolvingOther,RoadCondition,GraphicCoord1,GraphicCoord2,LongitudeWGS84,LatitudeWGS84,quadrant,quadrant_rank
198554,11,4,,2019,8,19,3,3,1,5,1,1,1,0,0,0,0,0,"788630,4235","5827480,252","13,2549","52,52083",4020311.0,Reichsstraße,2454.0,58.0
198555,11,3,,2019,8,19,3,3,3,6,0,1,0,0,0,0,0,0,"800194,0116","5830930,245","13,42794","52,54551",3061228.0,Erich-Weinert-Straße,5062.0,44.0
198556,11,1,,2019,8,18,3,3,0,1,0,1,0,0,0,0,0,0,"797126,7244","5827886,753","13,38012","52,51991",1011301.0,Charitéviertel,4354.0,42.0
198557,11,1,,2019,8,18,3,3,1,5,0,1,1,0,0,0,1,0,"799161,5229","5828790,194","13,41084","52,52689",1011303.0,Alexanderplatzviertel,4756.0,48.0
198558,11,1,,2019,8,17,3,3,6,2,0,0,1,1,0,0,0,0,"797069,6214","5828181,489","13,37955","52,52258",1011301.0,Charitéviertel,4255.0,45.0
198559,11,3,,2019,8,17,3,3,5,3,0,0,1,0,1,0,0,0,"798474,0529","5834871,82","13,4062","52,58178",3020210.0,Herthaplatz,4672.0,50.0
198560,11,1,,2019,8,17,3,3,2,6,0,1,1,0,0,0,0,0,"795529,3862","5830044,414","13,35857","52,54012",1044202.0,Sparrplatz,3960.0,55.0
198561,11,4,,2019,8,17,3,3,6,4,0,0,1,1,0,0,0,0,"791971,9504","5826033,756","13,30274","52,50608",4030725.0,Amtsgerichtsplatz,3150.0,36.0
198562,11,8,,2019,8,17,3,3,2,6,0,0,1,0,0,0,0,0,"803012,0959","5818352,712","13,45794","52,43122",8030829.0,Gropiusstadt Nord,5428.0,49.0
198563,11,4,,2019,8,16,3,3,5,3,0,1,1,0,0,0,0,0,"793300,7563","5827220,259","13,32331","52,516",4030623.0,Ernst-Reuter-Platz,3453.0,59.0
198564,11,9,,2019,8,16,3,3,5,2,0,0,1,0,0,0,0,0,"808083,5134","5816925,765","13,53098","52,41559",9030901.0,Dorf Altglienicke,6524.0,59.0
198565,11,4,,2019,8,16,3,3,5,2,0,1,1,0,0,0,0,0,"791412,9934","5822544,936","13,29148","52,4751",4041241.0,Breite Straße,2941.0,57.0
198566,11,7,,2019,8,16,3,3,5,2,0,1,1,0,0,0,0,0,"797787,572","5823274,241","13,38571","52,4782",7040401.0,Neu-Tempelhof,4342.0,53.0
198567,11,10,,2019,8,15,3,3,1,5,0,1,1,0,0,0,0,0,"808995,1109","5830085,957","13,55654","52,53302",10030724.0,Oberfeldstraße,6958.0,57.0
198568,11,4,,2019,8,9,3,3,5,2,0,1,1,0,0,0,0,0,"791570,9237","5826572,581","13,29732","52,51112",4030417.0,Schloßstraße,3051.0,26.0
198569,11,7,,2019,8,12,1,2,0,7,0,1,0,0,0,0,0,0,"796761,9113","5824800,805","13,37201","52,49244",7010104.0,Dennewitzplatz,4146.0,50.0
198570,11,1,,2019,8,4,3,3,5,3,2,0,1,0,0,0,0,1,"795884,7312","5831962,531","13,3655","52,55712",1044203.0,Leopoldplatz,4065.0,7.0
198571,11,3,,2019,8,15,3,3,0,3,0,0,1,0,1,0,0,0,"801422,308","5836110,66","13,45071","52,59126",3030711.0,Blankenburg,5375.0,58.0
198572,11,7,,2019,8,14,3,3,0,5,0,1,1,0,0,0,0,0,"795037,3795","5821615,549","13,34387","52,46482",7030303.0,Grazer Platz,3738.0,53.0
198573,11,7,,2019,8,14,3,3,5,3,0,0,1,0,0,0,1,0,"798890,1398","5820866,074","13,39974","52,45601",7040405.0,Rathaus Tempelhof,4535.0,59.0
198574,11,1,,2019,8,14,3,3,5,2,0,1,1,0,0,0,0,0,"796269,6227","5825956,003","13,36581","52,50307",1011104.0,Körnerstraße,4049.0,39.0
198575,11,8,,2019,8,14,3,3,6,4,0,0,1,1,0,0,0,0,"805722,8496","5816779,874","13,49625","52,41561",8041038.0,Waßmannsdorfer Chaussee,6024.0,50.0
198576,11,10,,2019,8,13,3,3,5,2,0,1,1,0,0,0,0,0,"813368,613","5830132,338","13,62085","52,53094",10020517.0,Adele-Sandrock-Straße,7857.0,55.0
198577,11,1,,2019,8,12,3,3,5,3,0,0,1,0,1,0,0,0,"797034,898","5829317,032","13,38005","52,53278",1011301.0,Charitéviertel,4358.0,45.0
198578,11,4,,2019,8,12,3,3,2,6,0,0,1,0,0,0,0,0,"793261,2306","5830061,76","13,32524","52,5415",4010102.0,Plötzensee,3460.0,57.0
198579,11,3,,2019,8,12,3,3,2,6,0,0,1,0,0,0,0,0,"800954,2663","5832147,621","13,44022","52,556",3050919.0,Gustav-Adolf-Straße,5265.0,58.0
198580,11,1,,2019,8,5,3,3,5,3,1,1,1,0,0,0,0,0,"795878,6741","5831927,792","13,36538","52,55681",1044203.0,Leopoldplatz,4065.0,7.0
198581,11,7,,2019,8,11,3,3,3,6,0,1,0,0,0,0,1,0,"796284,1819","5823196,035","13,36357","52,47832",7020204.0,Schöneberger Insel,4042.0,56.0
198582,11,4,,2019,8,11,3,3,5,3,0,0,1,0,0,0,0,0,"789992,273","5826317,665","13,2739","52,50968",4020311.0,Reichsstraße,2751.0,29.0
198583,11,6,,2019,8,10,3,3,5,3,0,1,1,0,0,0,0,0,"794846,4269","5815349,536","13,33554","52,40876",6020411.0,Schütte-Lanz-Straße,3622.0,63.0
198584,11,7,,2019,8,10,3,3,4,6,0,1,0,0,0,0,0,0,"793883,0154","5821558,935","13,32687","52,46494",7030301.0,Friedenau,3538.0,44.0
198585,11,9,,2019,8,9,3,3,5,3,0,0,1,0,0,1,0,0,"807573,534","5815427,807","13,52213","52,40246",9030901.0,Dorf Altglienicke,6420.0,56.0
198586,11,6,,2019,8,9,3,3,6,4,0,1,0,1,0,0,0,0,"792991,2081","5817715,348","13,31041","52,43096",6030607.0,Goerzwerke,3228.0,32.0
198587,11,3,,2019,8,8,3,3,5,2,0,0,1,0,1,0,0,0,"798049,9717","5833597,711","13,39881","52,57059",3040513.0,Schönholz,4569.0,47.0
198588,11,1,,2019,8,8,3,3,5,7,0,0,1,0,1,0,0,0,"793607,2912","5829133,36","13,3295","52,53299",1022104.0,Emdener Straße,3558.0,50.0
198589,11,7,,2019,8,7,3,3,6,4,0,1,0,1,0,0,0,0,"795890,0336","5820828,643","13,35568","52,45731",7030303.0,Grazer Platz,3936.0,50.0
198590,11,4,,2019,8,8,3,3,3,6,0,1,0,0,0,0,1,0,"792135,541","5825303,805","13,30451","52,49945",4030726.0,Droysenstraße,3148.0,24.0
198591,11,8,,2019,8,7,3,3,5,2,0,1,0,0,0,0,1,0,"805395,3381","5817297,758","13,49192","52,42044",8041037.0,Alt-Rudow,5925.0,47.0
198592,11,3,,2019,8,7,3,3,5,2,0,1,0,0,0,0,0,0,"803626,0358","5838990,042","13,48578","52,61584",3030406.0,Alt-Karow,5882.0,63.0
198593,11,1,,2019,8,7,3,3,5,5,0,1,1,0,0,0,0,0,"799862,7028","5826725,432","13,41928","52,508",1011306.0,Heine-Viertel Ost,4851.0,50.0
198594,11,1,,2019,8,6,3,3,3,6,0,0,1,0,1,0,0,0,"799500,6008","5828868,913","13,41589","52,52741",3071537.0,Kollwitzplatz,4856.0,19.0
198595,11,11,,2019,8,16,3,2,0,3,0,1,0,0,0,0,0,0,"804769,7815","5827953,595","13,49248","52,51629",11030721.0,Rüdigerstraße,5953.0,55.0
198596,11,10,,2019,8,6,3,3,5,2,1,1,0,0,0,0,1,0,"809357,6489","5834278,683","13,56577","52,57039",10010102.0,Havemannstraße,7069.0,49.0
198597,11,12,,2019,8,13,3,2,8,6,0,0,1,0,0,0,0,0,"791404,6232","5834248,616","13,30161","52,58003",12304313.0,Borsigwalde,3172.0,56.0
198598,11,9,,2019,8,9,3,2,1,5,0,1,0,0,0,0,1,0,"805750,4818","5821343,165","13,50083","52,45649",9010401.0,Johannisthal West,6136.0,59.0
198599,11,2,,2019,8,9,3,3,1,5,0,1,1,0,0,0,1,0,"800078,7317","5825915,568","13,42172","52,50062",2030301.0,Oranienplatz,4948.0,23.0
198600,11,7,,2019,8,10,3,3,2,6,0,0,1,0,0,0,0,0,"794605,1715","5821838,041","13,33772","52,46705",7030303.0,Grazer Platz,3639.0,45.0
198601,11,12,,2019,8,15,2,3,6,4,0,0,0,1,1,0,0,0,"795902,0471","5832722,152","13,36643","52,56392",12103117.0,Letteplatz,4167.0,59.0
198602,11,6,,2019,8,18,2,3,6,7,0,1,0,1,0,0,0,0,"787950,9967","5818881,167","13,23749","52,44409",6040804.0,Krumme Lanke,2132.0,63.0
198603,11,6,,2019,8,18,2,3,2,6,0,1,1,0,0,0,0,0,"789778,9538","5815904,519","13,26173","52,41644",6030504.0,Teltower Damm,2524.0,65.0
198604,11,12,,2019,8,17,2,3,5,2,0,1,0,0,0,0,1,0,"795649,9105","5833011,387","13,36298","52,56665",12103219.0,Schäfersee,4068.0,46.0
198605,11,2,,2019,8,17,2,3,5,3,0,1,1,0,0,0,0,0,"800066,633","5825920,046","13,42155","52,50067",2030301.0,Oranienplatz,4948.0,23.0
198606,11,3,,2019,8,17,2,3,2,7,0,0,1,0,0,0,0,0,"802330,5613","5828713,97","13,45734","52,52446",3061441.0,Eldenaer Straße,5455.0,61.0
198607,11,6,,2019,8,16,2,3,2,6,0,1,1,0,0,0,0,0,"788970,5622","5816397,228","13,2503","52,42128",6030504.0,Teltower Damm,2325.0,54.0
198608,11,7,,2019,8,16,2,3,0,7,0,1,0,0,0,0,0,0,"793916,2284","5822504,204","13,32819","52,4734",7030301.0,Friedenau,3540.0,51.0
198609,11,1,,2019,8,16,2,3,5,3,0,1,0,0,0,0,0,0,"793300,5265","5828392,318","13,32434","52,52651",1022102.0,Beusselkiez,3456.0,59.0
198610,11,4,,2019,8,16,2,3,1,5,0,0,1,0,0,0,0,0,"790673,2405","5822906,085","13,28093","52,47873",4041136.0,Hagenplatz,2842.0,47.0
198611,11,11,,2019,8,10,2,3,0,7,0,1,0,0,0,0,0,0,"805549,0526","5825408,884","13,5016","52,49305",11041128.0,Sewanstraße,6146.0,58.0
198612,11,1,,2019,9,12,2,3,0,4,0,0,0,1,0,0,1,0,"796436,7502","5831957,511","13,37361","52,55677",1044201.0,Reinickendorfer Straße,4265.0,5.0
198613,11,1,,2019,8,20,2,3,5,3,2,1,1,0,0,0,0,0,"797140,9446","5831804,109","13,38383","52,55501",1033102.0,Gesundbrunnen,4364.0,39.0
198614,11,9,,2019,9,15,2,3,5,3,0,1,1,0,0,0,0,0,"807012,5646","5820000,545","13,51811","52,44375",9010402.0,Johannisthal Ost,6332.0,63.0
198615,11,11,,2019,9,7,2,3,3,2,0,1,1,0,0,0,0,0,"804303,0644","5828174,553","13,48583","52,51853",11030721.0,Rüdigerstraße,5854.0,49.0
198616,11,11,,2019,8,16,2,3,2,6,0,0,1,0,0,0,1,0,"805511,2631","5833361,652","13,50835","52,56434",11010310.0,Mühlengrund,6267.0,58.0
198617,11,2,,2019,8,15,2,3,5,2,0,1,0,0,1,0,0,0,"803466,787","5827006,257","13,47248","52,50852",2050801.0,Traveplatz,5651.0,53.0
198618,11,4,,2019,9,11,2,3,2,2,0,0,1,0,0,1,0,0,"792490,9426","5824356,459","13,30889","52,49077",4051445.0,Eisenzahnstraße,3246.0,58.0
198619,11,6,,2019,9,11,2,3,2,6,0,0,1,0,1,0,0,0,"790054,6454","5819391,936","13,2688","52,44756",6040808.0,Hüttenweg,2633.0,63.0
198620,11,10,,2019,8,15,2,3,2,6,0,0,1,0,0,0,0,0,"813230,6983","5830142,03","13,61883","52,53111",10020517.0,Adele-Sandrock-Straße,7857.0,55.0
198621,11,6,,2019,9,10,2,2,2,6,0,0,1,0,0,0,0,0,"796742,4901","5818424,507","13,36606","52,4353",6020301.0,Alt-Lankwitz,4029.0,62.0
198622,11,9,,2019,8,15,2,3,0,3,0,1,1,0,0,0,0,0,"810488,3211","5820100,09","13,56918","52,44268",9020802.0,Köllnische Vorstadt,7131.0,58.0
198623,11,1,,2019,9,11,2,3,2,2,0,0,1,0,0,0,0,0,"797772,4613","5829743,966","13,39127","52,5362",1033202.0,Humboldthain Süd,4459.0,28.0
198624,11,1,,2019,8,15,2,3,2,6,0,0,1,0,0,0,1,0,"797165,0892","5831383,595","13,38381","52,55123",1033102.0,Gesundbrunnen,4363.0,22.0
198625,11,8,,2019,9,11,2,3,5,3,0,0,1,0,0,0,0,0,"805268,6566","5817249,913","13,49002","52,42008",8041036.0,Zittauer Straße,5925.0,47.0
198626,11,5,,2019,8,15,2,3,5,3,0,1,1,0,0,0,0,0,"785421,3354","5833134,883","13,21259","52,57321",5010101.0,Hakenfelde Nord,1870.0,61.0
198627,11,12,,2019,9,11,2,3,3,6,0,0,1,0,0,0,0,0,"793403,2709","5832502,841","13,32948","52,5633",12214424.0,Scharnweberstraße,3567.0,10.0
198628,11,7,,2019,9,7,2,3,2,7,0,0,0,0,1,0,1,0,"796407,4256","5824314,507","13,36637","52,48828",7010104.0,Dennewitzplatz,4145.0,65.0
198629,11,6,,2019,8,14,2,3,0,1,0,1,0,0,0,0,0,0,"791400,7932","5817792,549","13,28715","52,4325",6030608.0,Schweizer Viertel,2929.0,61.0
198630,11,4,,2019,8,12,2,3,5,3,0,1,1,0,0,0,0,0,"793598,7198","5827934,896","13,32832","52,52225",4030621.0,Spreestadt,3555.0,16.0
198631,11,9,,2019,9,10,2,3,0,1,0,1,0,0,0,0,0,0,"810822,0614","5820754,912","13,57468","52,44836",9051901.0,Dammvorstadt,7233.0,59.0
198632,11,1,,2019,8,11,2,3,2,6,0,1,1,0,0,0,0,0,"797818,9095","5827085,093","13,38958","52,51234",1011203.0,Unter den Linden Süd,4452.0,21.0
198633,11,1,,2019,9,7,2,3,1,5,0,1,1,0,0,0,0,0,"797614,4145","5827324,514","13,38679","52,5146",1011203.0,Unter den Linden Süd,4453.0,15.0
198634,11,2,,2019,8,13,2,3,5,3,0,1,1,0,0,0,0,0,"802416,3728","5828159,991","13,45809","52,51945",2050602.0,Samariterviertel,5454.0,53.0
198635,11,9,,2019,9,14,2,3,5,3,0,1,1,0,0,0,0,0,"806231,885","5820330,035","13,50696","52,44714",9010401.0,Johannisthal West,6133.0,57.0
198636,11,6,,2019,8,11,2,2,5,2,0,1,1,0,0,0,0,0,"790266,0254","5818425,522","13,27106","52,43878",6040807.0,Zehlendorf Eiche,2630.0,63.0
198637,11,1,,2019,9,10,2,3,0,1,0,1,1,0,0,0,0,0,"797923,3745","5829296,063","13,39309","52,53211",1011401.0,Invalidenstraße,4558.0,14.0
198638,11,11,,2019,8,10,2,3,0,6,0,0,1,0,1,0,0,0,"803642,637","5829518,394","13,47735","52,53094",11030619.0,Fennpfuhl Ost,5757.0,55.0
198639,11,10,,2019,9,10,2,3,2,6,0,0,0,0,1,1,0,0,"812374,4361","5824004,558","13,60049","52,4766",10040933.0,Mahlsdorf Süd,7541.0,59.0
198640,11,1,,2019,9,14,2,3,5,3,0,0,1,0,1,0,0,0,"795049,7504","5827190,349","13,34898","52,51479",1011102.0,Großer Tiergarten,3853.0,44.0
198641,11,2,,2019,8,10,2,3,5,5,0,1,0,0,0,0,1,0,"803578,7314","5827251,324","13,47434","52,51066",2050801.0,Traveplatz,5751.0,57.0
198642,11,2,,2019,9,10,2,3,5,3,0,0,1,0,0,0,1,0,"799332,8143","5825643,201","13,41052","52,49859",2010104.0,Wassertorplatz,4748.0,28.0
198643,11,8,,2019,8,9,2,3,5,3,0,0,1,0,0,0,0,0,"804756,5053","5818460,742","13,48361","52,43121",8041035.0,Blumenviertel,5828.0,65.0
198644,11,10,,2019,9,9,2,3,2,6,0,1,1,0,0,0,0,0,"809581,4019","5824963,399","13,56039","52,48678",10030727.0,Biesdorf Süd,6944.0,62.0
198645,11,1,,2019,9,9,2,2,5,2,0,0,1,0,1,0,0,0,"795118,309","5828260,673","13,35094","52,52435",1022204.0,Thomasiusstraße,3855.0,43.0
198646,11,4,,2019,8,9,2,3,0,1,0,1,0,0,0,0,0,0,"793790,1327","5826938,358","13,33025","52,51321",4030623.0,Ernst-Reuter-Platz,3552.0,52.0
198647,11,4,,2019,9,9,2,2,6,7,0,0,0,1,0,0,1,0,"789630,8045","5826519,391","13,26877","52,51168",4020311.0,Reichsstraße,2652.0,50.0
198648,11,12,,2019,8,8,2,3,1,1,0,0,1,0,0,0,0,0,"792267,4101","5833460,096","13,31362","52,5725",12214422.0,Klixstraße,3369.0,58.0
198649,11,4,,2019,9,8,2,3,2,6,0,0,1,0,1,0,0,0,"793993,3384","5824432,048","13,33102","52,49064",4051653.0,Prager Platz,3546.0,33.0
198650,11,2,,2019,8,8,2,3,2,6,0,0,1,0,0,0,0,0,"799111,5059","5825616,935","13,40725","52,49848",2010104.0,Wassertorplatz,4748.0,28.0
198651,11,9,,2019,9,8,2,2,2,6,0,0,1,0,0,0,0,0,"811044,5871","5820290,889","13,57751","52,44408",9041501.0,Altstadt Kietz,7232.0,31.0
198652,11,4,,2019,8,7,2,3,5,2,0,1,1,0,0,0,0,0,"792924,6834","5824369,308","13,31528","52,49065",4051446.0,Preußenpark,3346.0,47.0
198653,11,4,,2019,9,8,2,3,5,2,0,1,1,0,0,0,0,0,"790879,5383","5826740,671","13,28731","52,513",4030417.0,Schloßstraße,2952.0,50.0
198654,11,7,,2019,9,10,2,2,9,7,0,0,1,0,0,0,0,0,"795814,9036","5820978,976","13,35471","52,4587",7030303.0,Grazer Platz,3936.0,50.0
198655,11,6,,2019,8,7,2,3,5,2,0,1,1,0,0,0,0,0,"794097,1478","5817420,813","13,32637","52,42773",6020410.0,Oberhofer Platz,3527.0,52.0
198656,11,2,,2019,8,5,2,3,5,2,1,0,1,0,1,0,0,0,"800631,4386","5827304,017","13,43109","52,51276",2040701.0,Andreasviertel,5052.0,43.0
198657,11,2,,2019,9,13,1,3,6,7,0,0,0,1,0,0,1,0,"798919,3445","5825281,61","13,40412","52,49558",2020204.0,Urbanstraße,4647.0,52.0
198658,11,2,,2019,8,0,2,3,0,1,2,0,0,0,1,0,0,0,"802369,5116","5827303,205","13,45663","52,5118",2050802.0,Boxhagener Platz,5452.0,39.0
198659,11,3,,2019,9,0,1,3,5,3,2,0,1,0,0,0,1,0,"799320,8484","5829403,95","13,41373","52,53231",3071537.0,Kollwitzplatz,4858.0,57.0
198660,11,3,,2019,8,23,2,3,0,1,2,1,0,0,0,0,0,1,"799601,3908","5834026,02","13,42202","52,57358",3040614.0,Pankow Zentrum,4970.0,56.0
198661,11,6,,2019,9,17,1,2,6,4,0,0,1,1,0,0,0,0,"792302,1299","5816419,824","13,29917","52,41972",6030607.0,Goerzwerke,3125.0,61.0
198662,11,1,,2019,8,21,2,3,5,3,2,1,1,0,0,0,0,1,"795897,2719","5831931,011","13,36566","52,55683",1044203.0,Leopoldplatz,4065.0,7.0
198663,11,1,,2019,9,20,1,3,6,4,2,1,0,1,0,0,0,0,"795353,9902","5830247,489","13,35617","52,54203",1044202.0,Sparrplatz,3961.0,48.0
198664,11,4,,2019,9,18,1,3,5,2,0,1,1,0,0,0,0,0,"790741,6248","5826718,392","13,28526","52,51287",4020313.0,Königin-Elisabeth-Straße,2852.0,40.0
198665,11,11,,2019,8,20,2,3,0,7,1,1,1,0,0,0,0,1,"806756,234","5827745,499","13,52147","52,51331",11041023.0,Gensinger Straße,6452.0,64.0
198666,11,8,,2019,9,18,1,3,0,6,0,0,1,0,0,0,1,0,"801432,4054","5823871,04","13,43975","52,48155",8010303.0,Donaustraße,5143.0,6.0
198667,11,6,,2019,8,19,2,3,1,5,2,1,0,0,0,0,1,1,"794836,8638","5820045,157","13,33954","52,45085",6010205.0,Südende,3734.0,59.0
198668,11,10,,2019,9,17,1,3,5,2,0,0,1,0,0,0,0,0,"809347,3839","5834283,582","13,56562","52,57044",10010102.0,Havemannstraße,7069.0,49.0
198669,11,5,,2019,8,18,2,3,3,2,0,0,1,0,0,1,0,0,"786537,8568","5831590,981","13,22769","52,55879",5030730.0,Zitadellenweg,2065.0,65.0
198670,11,10,,2019,9,16,1,3,6,6,0,1,0,1,0,0,0,0,"810268,173","5830966,691","13,57607","52,54019",10010311.0,Landsberger Tor,7260.0,59.0
198671,11,12,,2019,8,22,2,2,5,3,2,0,1,0,0,0,1,1,"796289,479","5833226,757","13,37258","52,56823",12103116.0,Hausotterplatz,4168.0,58.0
198672,11,11,,2019,9,11,1,3,5,3,0,1,1,0,0,0,0,0,"806999,5058","5825987,426","13,52343","52,49742",11041128.0,Sewanstraße,6447.0,54.0
198673,11,2,,2019,9,11,1,3,5,3,0,1,1,0,0,0,0,0,"798186,1162","5826507,477","13,39445","52,50697",2010102.0,Mehringplatz,4550.0,26.0
198674,11,2,,2019,8,20,2,2,1,1,2,0,1,0,1,0,0,1,"802462,8263","5827457,06","13,45814","52,51312",2050801.0,Traveplatz,5452.0,39.0
198675,11,5,,2019,9,10,1,3,5,2,0,1,1,0,0,0,0,0,"785783,7471","5829261,769","13,21459","52,5383",5030730.0,Zitadellenweg,1859.0,54.0
198676,11,5,,2019,8,20,2,2,5,2,1,0,1,0,1,0,0,1,"784665,788","5829707,58","13,19854","52,54288",5010313.0,Ackerstraße,1661.0,51.0
198677,11,1,,2019,9,10,1,3,1,5,0,1,1,0,0,0,0,0,"796934,838","5829453,263","13,3787","52,53405",1011301.0,Charitéviertel,4258.0,61.0
198678,11,10,,2019,8,17,2,3,3,6,0,0,1,0,1,0,0,0,"812210,9938","5830805,319","13,60447","52,53763",10020414.0,Helle Mitte,7659.0,42.0
198679,11,9,,2019,9,8,1,3,2,6,0,0,1,0,0,0,0,0,"805487,8485","5821532,889","13,49715","52,45834",9010301.0,Baumschulenstraße,6036.0,59.0
198680,11,3,,2019,8,14,2,2,3,6,0,1,0,0,0,0,1,0,"800047,5297","5837374,637","13,43162","52,60335",3020307.0,Buchholz,5078.0,61.0
198681,11,2,,2019,8,22,7,3,2,6,2,0,1,0,1,0,0,0,"803653,608","5827412,105","13,47559","52,51206",2050801.0,Traveplatz,5752.0,11.0
198682,11,1,,2019,8,21,7,2,5,3,2,1,0,0,0,0,1,0,"798875,3797","5828559,678","13,40642","52,52498",1011302.0,Oranienburger Straße,4656.0,41.0
198683,11,8,,2019,8,13,2,2,2,6,0,1,1,0,0,0,0,0,"801318,2228","5823538,293","13,43778","52,47863",8010212.0,Rollberg,5142.0,45.0
198684,11,4,,2019,8,8,2,2,3,6,0,1,1,0,0,0,0,0,"792625,7815","5827383,713","13,31353","52,51783",4030620.0,Alt-Lietzow,3353.0,38.0
198685,11,2,,2019,8,21,7,3,0,1,2,0,0,0,1,0,0,0,"803312,4479","5826753,065","13,46998","52,50634",2050801.0,Traveplatz,5650.0,43.0
198686,11,3,,2019,8,20,7,3,1,5,1,0,1,0,0,0,0,0,"796312,8228","5835124,278","13,37462","52,58523",3040512.0,Wilhelmsruh,4273.0,62.0
198687,11,7,,2019,8,5,2,3,0,3,1,0,1,0,1,0,0,0,"799987,4129","5814600,758","13,41022","52,39925",7070702.0,Alt-Lichtenrade/Töpchiner Weg,4719.0,56.0
198688,11,11,,2019,8,19,7,2,0,7,1,0,0,1,0,0,1,0,"806570,592","5833534,735","13,52409","52,5653",11010205.0,Falkenberg West,6467.0,63.0
198689,11,1,,2019,8,7,2,3,6,2,0,1,0,1,0,0,0,0,"796956,8289","5826851,485","13,3767","52,51072",1011201.0,Wilhelmstraße,4251.0,2.0
198690,11,4,,2019,8,18,7,3,5,3,0,0,1,0,0,0,0,0,"791676,2314","5823237,923","13,29595","52,48117",4041238.0,Kissinger Straße,3043.0,59.0
198691,11,8,,2019,8,18,7,2,5,3,0,1,0,0,0,0,1,0,"801401,9158","5820270,165","13,43605","52,44929",8020620.0,Tempelhofer Weg,5133.0,32.0
198692,11,8,,2019,8,13,1,3,2,6,0,0,1,0,1,0,0,0,"800973,2873","5822233,642","13,43154","52,46713",8010118.0,Silbersteinstraße,5039.0,34.0
198693,11,8,,2019,8,17,7,3,1,5,0,1,0,0,0,0,1,0,"801898,5758","5822395,418","13,44526","52,46807",8010214.0,Glasower Straße,5239.0,47.0
198694,11,10,,2019,8,17,7,3,5,2,0,1,1,0,0,0,0,0,"810692,6617","5826244,576","13,57789","52,49763",10040830.0,Kaulsdorf Süd,7248.0,63.0
198695,11,6,,2019,8,8,1,3,5,2,0,1,1,0,0,0,0,0,"790147,0368","5819783,758","13,27049","52,45102",6040810.0,Dahlem,2634.0,40.0
198696,11,4,,2019,8,17,7,3,2,6,0,1,1,0,0,0,0,0,"793767,0114","5825839,66","13,32894","52,50338",4030931.0,Breitscheidplatz,3549.0,24.0
198697,11,4,,2019,8,23,1,3,2,6,2,0,1,0,0,0,0,0,"794108,7672","5825981,751","13,33409","52,50447",4030931.0,Breitscheidplatz,3650.0,32.0
198698,11,11,,2019,8,16,7,2,5,3,0,0,1,0,1,0,0,0,"806921,285","5834063,537","13,52973","52,56984",11010204.0,Falkenberg Ost,6569.0,63.0
198699,11,1,,2019,8,15,7,3,5,3,0,1,0,0,1,0,0,0,"794514,5567","5830657,14","13,34419","52,54616",1044103.0,Westliche Müllerstraße,3762.0,55.0
198700,11,1,,2019,8,22,1,3,5,3,2,1,0,0,1,0,0,0,"794025,258","5828224,264","13,33484","52,52461",1022106.0,Elberfelder Straße,3655.0,57.0
198701,11,1,,2019,8,14,7,3,0,1,0,0,0,0,1,0,0,0,"799909,8289","5826747,849","13,41999","52,50818",1011306.0,Heine-Viertel Ost,4951.0,32.0
198702,11,6,,2019,8,19,1,3,0,2,0,1,1,0,0,0,0,0,"794456,5522","5821342,746","13,3351","52,46269",6010209.0,Feuerbachstraße,3637.0,59.0
198703,11,1,,2019,8,13,7,3,5,3,0,1,1,0,0,0,0,0,"797692,2343","5831313,486","13,3915","52,55031",1033102.0,Gesundbrunnen,4463.0,27.0
198704,11,1,,2019,8,18,1,3,1,5,0,1,1,0,0,0,0,0,"794669,8338","5826061,607","13,3424","52,50488",1011101.0,Stülerstraße,3750.0,33.0
198705,11,8,,2019,8,13,7,3,6,4,0,1,0,1,0,0,0,0,"800987,1573","5817046,688","13,42707","52,42063",8020727.0,Buckow Mitte,5025.0,57.0
198706,11,4,,2019,8,13,7,3,2,6,0,0,1,0,0,0,0,0,"792913,3764","5824383,51","13,31512","52,49078",4051446.0,Preußenpark,3346.0,47.0
198707,11,5,,2019,8,17,1,3,5,2,0,0,1,0,1,0,0,0,"781546,8186","5830699,459","13,15351","52,5534",5010206.0,Gütersloher Weg,964.0,53.0
198708,11,12,,2019,8,17,1,3,0,1,0,0,0,0,1,0,0,0,"792372,4542","5835867,448","13,31728","52,59402",12301204.0,Wittenau Nord,3376.0,65.0
198709,11,2,,2019,8,13,7,3,1,5,0,1,1,0,0,0,0,0,"798362,9236","5826308,9","13,39687","52,50509",2010102.0,Mehringplatz,4550.0,26.0
198710,11,8,,2019,8,13,7,3,2,6,0,0,1,0,0,0,0,0,"801325,8677","5820387,484","13,43505","52,45039",8020620.0,Tempelhofer Weg,5134.0,50.0
198711,11,6,,2019,8,17,1,3,2,6,0,0,1,0,1,0,0,0,"790208,7111","5815125,845","13,26735","52,40923",6030504.0,Teltower Damm,2622.0,54.0
198712,11,1,,2019,8,13,7,3,1,6,0,0,1,0,0,0,0,0,"797000,7183","5831896,644","13,38185","52,55592",1044201.0,Reinickendorfer Straße,4365.0,7.0
198713,11,6,,2019,8,15,1,3,5,3,0,0,1,0,1,0,0,0,"793289,8789","5821667,262","13,31826","52,46623",6010103.0,Markelstraße,3338.0,53.0
198714,11,1,,2019,8,12,7,3,2,6,0,0,1,0,0,0,0,0,"797162,9664","5831385,467","13,38378","52,55125",1033102.0,Gesundbrunnen,4363.0,22.0