ObjectID,State,District,LOR_ab_2021,AccidentYear,AccidentMonth,AccidentHour,DayOfWeek,AccidentCategory,AccidentType,AccidentTypeDetail,LightingCondition,InvolvingBike,InvolvingCar,InvolvingPedestrian,InvolvingMotorcycle,InvolvingHGV,InvolvingOther,RoadCondition,GraphicCoord1,GraphicCoord2,LongitudeWGS84,LatitudeWGS84,quadrant,quadrant_rank
198875,11,8,,2019,9,0,1,3,3,6,2,1,1,0,0,0,0,0,"801021,5817","5822118,483","13,43214","52,46607",8010118.0,Silbersteinstraße,5038.0,31.0
198876,11,1,,2019,9,11,1,3,5,2,0,0,1,0,0,0,0,0,"794908,2068","5832038,059","13,35121","52,55832",1044102.0,Schillerpark,3865.0,47.0
198877,11,7,,2019,9,11,1,3,2,2,0,0,1,0,0,0,0,0,"798708,516","5816023,92","13,39275","52,41271",7070701.0,Kettinger Straße/Schillerstraße,4423.0,52.0
198878,11,3,,2019,9,11,1,3,5,3,0,0,1,0,0,0,0,0,"802747,6523","5839052,537","13,4729","52,61689",3030406.0,Alt-Karow,5682.0,62.0
198879,11,11,,2019,9,10,1,3,0,3,0,1,0,0,0,0,1,0,"807201,8172","5825560,026","13,526","52,49347",11051330.0,Karlshorst West,6446.0,50.0
198880,11,8,,2019,9,21,7,3,5,3,2,1,1,0,0,0,0,0,"801244,7925","5822459,703","13,43573","52,469",8010213.0,Körnerpark,5139.0,41.0
198881,11,4,,2019,9,23,7,2,0,1,2,0,0,0,0,0,1,0,"792095,0729","5827629,059","13,30595","52,52032",4030620.0,Alt-Lietzow,3254.0,59.0
198882,11,3,,2019,9,23,7,2,5,3,2,0,1,0,0,0,0,0,"799708,8119","5832505,677","13,42223","52,5599",3040818.0,Pankow Süd,4966.0,57.0
198883,11,6,,2019,9,22,7,3,0,1,2,0,0,0,1,0,0,1,"787632,1569","5818122,268","13,23216","52,43745",6040804.0,Krumme Lanke,2130.0,45.0
198884,11,1,,2019,9,17,7,3,6,4,0,0,1,1,0,0,0,0,"795265,7077","5830733,421","13,3553","52,54644",1044103.0,Westliche Müllerstraße,3962.0,49.0
198885,11,6,,2019,9,14,7,3,5,3,0,0,1,0,1,0,0,0,"788989,8525","5816094,207","13,25032","52,41856",6030502.0,Zehlendorf Süd,2324.0,61.0
198886,11,9,,2019,9,16,7,3,5,3,0,1,1,0,0,0,0,0,"812505,9217","5821292,3","13,59988","52,45222",9051701.0,Hirschgarten,7534.0,61.0
198887,11,5,,2019,9,16,7,2,4,6,0,0,1,0,1,0,0,0,"785346,6179","5832551,037","13,21099","52,56802",5010101.0,Hakenfelde Nord,1768.0,63.0
198888,11,10,,2019,9,16,7,3,2,6,0,0,1,0,0,0,0,0,"809581,1445","5825572,581","13,56095","52,49224",10030727.0,Biesdorf Süd,6946.0,65.0
198889,11,8,,2019,9,15,7,2,5,2,0,0,1,0,0,0,1,0,"801377,565",5819273,"13,4348","52,44037",8020625.0,Handwerker-Siedlung,5131.0,45.0
198890,11,10,,2019,9,15,7,3,5,2,0,0,1,0,1,0,0,0,"811530,1429","5827808,616","13,59165","52,51117",10040829.0,Alt-Kaulsdorf,7452.0,59.0
198891,11,8,,2019,9,14,7,3,5,3,0,0,1,0,0,0,0,0,"800094,5961","5819151,057","13,41587","52,43998",8020621.0,Mohriner Allee Nord,4831.0,63.0
198892,11,4,,2019,9,14,7,3,0,1,0,0,0,0,1,0,0,0,"791551,7077","5826692,897","13,29715","52,51221",4030417.0,Schloßstraße,3052.0,58.0
198893,11,3,,2019,9,14,7,3,6,4,0,1,0,1,0,0,0,0,"798933,4401","5829951,442","13,40853","52,53743",3071536.0,Teutoburger Platz,4759.0,53.0
198894,11,3,,2019,9,14,7,3,1,1,0,1,1,0,0,0,0,0,"802323,9951","5831316,791","13,45961","52,54779",3050925.0,Komponistenviertel Weißensee,5462.0,60.0
198895,11,4,,2019,9,14,7,3,2,6,0,0,1,0,0,0,0,0,"792236,113","5825340,99","13,30601","52,49973",4030726.0,Droysenstraße,3248.0,24.0
198896,11,9,,2019,9,11,7,3,0,1,0,1,0,0,0,0,0,0,"809134,0658","5819509,341","13,54877","52,43816",9020702.0,Adlershof Ost,6830.0,43.0
198897,11,1,,2019,9,10,7,3,1,1,0,1,1,0,0,0,0,0,"797815,9117","5829270,528","13,39149","52,53193",1011401.0,Invalidenstraße,4458.0,48.0
198898,11,7,,2019,9,9,7,3,5,3,0,1,1,0,0,0,0,0,"793974,1274","5822306,115","13,32887","52,47159",7030301.0,Friedenau,3540.0,51.0
198899,11,8,,2019,9,14,7,3,6,7,0,0,1,1,0,0,0,0,"806573,0322","5815723,312","13,50774","52,40567",8041039.0,Frauenviertel,6221.0,63.0
198900,11,2,,2019,9,1,7,3,1,5,2,1,1,0,0,0,1,0,"797690,8606","5824591,385","13,38547","52,49006",2020203.0,Viktoriapark,4345.0,48.0
198901,11,2,,2019,9,22,6,3,1,1,2,0,1,0,0,0,1,0,"798312,5537","5824393,81","13,39442","52,48795",2020205.0,Chamissokiez,4545.0,52.0
198902,11,2,,2019,9,21,6,3,0,1,2,1,0,0,0,0,0,0,"799173,0862","5826260,654","13,40873","52,50421",2010103.0,Moritzplatz,4749.0,23.0
198903,11,2,,2019,9,21,6,3,5,2,2,1,1,0,0,0,0,0,"802753,6741","5826107,63","13,46118","52,50087",2050803.0,Stralauer Kiez,5548.0,37.0
198904,11,3,,2019,9,20,6,2,5,2,2,0,1,0,1,0,0,0,"803848,1382","5841440,476","13,4913","52,63768",3010101.0,Bucher Forst,5989.0,62.0
198905,11,3,,2019,9,11,6,3,5,3,0,1,1,0,0,0,0,0,"799177,2716","5830743,543","13,41282","52,54439",3061131.0,Falkplatz,4761.0,38.0
198906,11,1,,2019,9,11,6,2,6,2,0,0,1,1,0,0,0,0,"797919,1207","5827278,644","13,39122","52,51402",1011203.0,Unter den Linden Süd,4452.0,21.0
198907,11,4,,2019,9,11,6,3,3,6,0,0,1,0,1,0,0,0,"793959,9067","5823446,821","13,32966","52,48182",4051655.0,Babelsberger Straße,3543.0,59.0
198908,11,1,,2019,9,10,6,3,2,6,0,0,1,0,0,0,0,0,"794877,4811","5832005,641","13,35072","52,55805",1044102.0,Schillerpark,3865.0,47.0
198909,11,7,,2019,9,19,6,3,1,5,2,0,1,0,0,0,1,0,"799836,9112","5820459,634","13,41327","52,45185",7050504.0,Imbrosweg,4834.0,58.0
198910,11,1,,2019,9,15,6,2,0,1,0,0,0,0,0,0,1,0,"797024,1038","5826580,961","13,37745","52,50826",1011201.0,Wilhelmstraße,4251.0,2.0
198911,11,1,,2019,9,9,6,3,2,2,0,0,0,0,1,1,0,0,"800080,107","5826452,345","13,42223","52,50543",1011306.0,Heine-Viertel Ost,4950.0,49.0
198912,11,2,,2019,9,19,6,3,6,4,1,0,1,1,0,0,0,0,"798450,9082","5824555,36","13,39659","52,48932",2020205.0,Chamissokiez,4545.0,52.0
198913,11,9,,2019,9,19,6,3,5,2,1,1,1,0,0,0,0,0,"806104,989","5819162,606","13,50403","52,43675",9010402.0,Johannisthal Ost,6130.0,56.0
198914,11,1,,2019,9,8,6,3,2,2,0,1,1,0,0,0,0,0,"799091,1194","5828975,067","13,40997","52,52859",1011302.0,Oranienburger Straße,4757.0,11.0
198915,11,1,,2019,9,14,6,3,2,6,0,0,1,0,0,0,0,0,"793573,896","5829815,239","13,32961","52,53912",1022103.0,Westhafen,3560.0,52.0
198916,11,1,,2019,9,8,6,3,3,6,0,0,1,0,1,0,0,0,"796699,3435","5831951,32","13,37747","52,55657",1044201.0,Reinickendorfer Straße,4265.0,5.0
198917,11,1,,2019,9,14,6,3,1,7,0,1,1,0,0,0,0,0,"800108,9568","5826881,932","13,42304","52,50927",1011306.0,Heine-Viertel Ost,4951.0,32.0
198918,11,2,,2019,9,8,6,3,0,7,0,0,0,0,0,1,0,0,"800617,9463","5827208,76","13,43081","52,51192",2040701.0,Andreasviertel,5052.0,43.0
198919,11,11,,2019,9,18,6,2,6,4,0,0,1,1,0,0,0,0,"805182,0009","5829607,719","13,50006","52,53088",11030720.0,Herzbergstraße,6057.0,61.0
198920,11,8,,2019,9,7,6,2,6,4,0,0,1,1,0,0,0,0,"800517,1975","5816503,812","13,41969","52,41602",8020727.0,Buckow Mitte,4824.0,53.0
198921,11,4,,2019,9,14,6,3,5,3,0,1,1,0,0,0,0,0,"793216,8433","5827791,511","13,32258","52,52117",4030621.0,Spreestadt,3454.0,49.0
198922,11,8,,2019,9,18,6,3,1,5,0,0,1,0,0,0,0,0,"800393,3411","5821713,802","13,42256","52,46279",8010118.0,Silbersteinstraße,4937.0,59.0
198923,11,1,,2019,9,14,6,3,2,6,0,0,1,0,0,0,0,0,"796244,3684","5831948,853","13,37078","52,5568",1044203.0,Leopoldplatz,4165.0,55.0
198924,11,9,,2019,9,6,6,3,5,3,0,0,1,0,0,0,0,0,"806937,8849","5822299,19","13,51913","52,4644",9020502.0,Oberschöneweide Ost,6338.0,60.0
198925,11,7,,2019,9,16,6,3,2,2,0,1,1,0,0,0,0,0,"794562,963","5825786,132","13,34059","52,50247",7010101.0,Wittenbergplatz/Viktoria-Luise-Platz,3749.0,17.0
198926,11,4,,2019,9,13,6,3,5,2,0,1,1,0,0,0,0,0,"790677,2585","5822691,548","13,2808","52,47681",4041136.0,Hagenplatz,2841.0,54.0
198927,11,10,,2019,9,12,6,3,2,6,0,0,1,0,0,0,0,0,"809579,6671","5825096,55","13,56049","52,48798",10030727.0,Biesdorf Süd,6945.0,62.0
198928,11,3,,2019,9,16,6,3,5,2,0,1,1,0,0,0,0,0,"802307,5556","5832626,487","13,46056","52,55954",3050920.0,Weißer See,5566.0,61.0
198929,11,5,,2019,9,12,6,2,5,2,0,0,1,0,0,0,0,0,"785637,1357","5828028,701","13,21138","52,52732",5020627.0,Tiefwerder,1756.0,58.0
198930,11,1,,2019,9,16,6,3,9,1,0,0,1,1,0,0,0,0,"797157,349","5831905,615","13,38417","52,55591",1033102.0,Gesundbrunnen,4365.0,7.0
198931,11,12,,2019,9,12,6,3,2,6,0,0,1,0,0,0,1,0,"792067,9287","5832942,158","13,31022","52,56796",12214422.0,Klixstraße,3268.0,42.0
198932,11,1,,2019,9,16,6,3,5,2,0,1,1,0,0,0,0,0,"794509,8518","5830643,201","13,34411","52,54604",1044103.0,Westliche Müllerstraße,3762.0,55.0
198933,11,10,,2019,9,12,6,3,2,2,0,0,1,0,1,0,0,0,"812069,9533","5830895,591","13,60248","52,53852",10020414.0,Helle Mitte,7660.0,47.0
198934,11,4,,2019,9,11,6,2,3,6,0,0,1,0,1,0,0,0,"790476,7969","5826782,486","13,28143","52,51359",4020313.0,Königin-Elisabeth-Straße,2852.0,40.0
198935,11,1,,2019,9,15,6,3,0,1,0,1,0,0,0,0,0,0,"798718,9779","5829543,158","13,40501","52,53388",1011402.0,Arkonaplatz,4658.0,28.0
198936,11,4,,2019,9,15,6,2,5,2,0,1,1,0,0,0,0,0,"792090,9959","5825291,91","13,30384","52,49937",4030726.0,Droysenstraße,3148.0,24.0
198937,11,4,,2019,9,12,6,3,5,2,0,1,0,0,0,1,0,0,"793674,295","5825995,311","13,32772","52,50482",4030623.0,Ernst-Reuter-Platz,3550.0,28.0
198938,11,1,,2019,9,19,6,1,9,7,1,0,1,1,0,0,1,0,"798113,9677","5829348,009","13,39594","52,53247",1011401.0,Invalidenstraße,4558.0,14.0
198939,11,4,,2019,9,6,5,2,0,7,0,1,1,0,0,0,0,0,"792742,6544","5823123,808","13,31151","52,47958",4041343.0,Binger Straße,3242.0,39.0
198940,11,1,,2019,9,4,5,2,6,2,2,0,1,1,0,0,0,1,"799662,8836","5827043,626","13,41663","52,51096",1011306.0,Heine-Viertel Ost,4851.0,50.0
198941,11,7,,2019,9,22,5,3,5,2,2,0,1,0,0,0,0,0,"798893,609","5821213,683","13,4001","52,45913",7040405.0,Rathaus Tempelhof,4636.0,53.0
198942,11,2,,2019,9,20,5,3,2,6,2,0,1,0,0,0,0,0,"798296,1892","5825339,96","13,39503","52,49644",2020204.0,Urbanstraße,4547.0,11.0
198943,11,6,,2019,9,20,5,3,5,2,2,1,1,0,0,0,0,0,"790352,3107","5820678,943","13,27428","52,45894",6040810.0,Dahlem,2736.0,65.0
198944,11,12,,2019,9,18,5,2,0,7,0,1,0,0,0,0,0,0,"791061,4568","5833909,291","13,29627","52,57717",12214125.0,Waldidyll/Flughafensee,3071.0,39.0
198945,11,10,,2019,9,18,5,2,5,3,0,0,1,0,0,0,0,0,"809838,2586","5825689,294","13,56483","52,49314",10030727.0,Biesdorf Süd,7046.0,61.0
198946,11,3,,2019,9,21,5,3,5,3,2,1,1,0,0,0,0,0,"800962,4858","5829193,916","13,43767","52,52952",3071639.0,Bötzowstraße,5157.0,60.0
198947,11,6,,2019,9,10,5,3,5,2,0,1,1,0,0,0,0,0,"795189,6191","5818764,689","13,34358","52,43919",6020303.0,Lankwitz Kirche,3730.0,44.0
198948,11,1,,2019,9,17,5,3,5,3,0,1,0,0,0,0,0,1,"794303,1401","5828462,655","13,33914","52,5266",1022104.0,Emdener Straße,3656.0,44.0
198949,11,10,,2019,9,17,5,3,2,6,0,0,1,0,0,0,0,0,"809717,4314","5826033,113","13,56338","52,49629",10030727.0,Biesdorf Süd,7047.0,62.0
198950,11,1,,2019,9,12,5,3,2,6,0,0,1,0,0,0,0,0,"795400,87","5830610,899","13,35718","52,54526",1044202.0,Sparrplatz,3961.0,48.0
198951,11,12,,2019,9,11,5,3,5,2,0,1,1,0,0,0,0,0,"794565,1456","5833792,474","13,34772","52,57424",12103218.0,Teichstraße,3870.0,38.0
198952,11,3,,2019,9,11,5,3,5,2,0,1,1,0,0,0,0,0,"799135,5132","5830601,35","13,41208","52,54314",3061131.0,Falkplatz,4761.0,38.0
198953,11,3,,2019,9,9,5,3,5,3,0,1,1,0,0,0,0,0,"797885,1622","5834642,227","13,39733","52,58005",3020209.0,Niederschönhausen,4572.0,61.0
198954,11,10,,2019,9,9,5,3,2,6,0,0,1,0,0,1,0,0,"808094,6883","5830922,342","13,54408","52,54103",10010310.0,Alt-Marzahn,6760.0,65.0
198955,11,4,,2019,9,8,5,3,3,6,0,0,1,0,0,0,0,0,"790151,2832","5826070,444","13,27602","52,50738",4020313.0,Königin-Elisabeth-Straße,2750.0,55.0
198956,11,6,,2019,9,8,5,3,2,6,0,0,1,0,0,1,0,0,"792224,3246","5816651,021","13,29823","52,42183",6030607.0,Goerzwerke,3025.0,58.0
198957,11,7,,2019,9,8,5,3,5,2,0,1,1,0,0,0,0,0,"800253,7607","5821586,116","13,42039","52,46172",7040406.0,Germaniagarten,4937.0,59.0
198958,11,3,,2019,9,8,5,3,0,2,0,1,1,0,0,0,0,0,"796916,2901","5835822,402","13,38413","52,59116",3040512.0,Wilhelmsruh,4375.0,52.0
198959,11,9,,2019,9,8,5,3,0,2,0,0,1,0,1,0,0,1,"806491,1354","5820058,823","13,51051","52,44457",9010402.0,Johannisthal Ost,6232.0,65.0
198960,11,5,,2019,9,8,5,2,5,3,0,1,0,0,0,0,1,0,"788001,8548","5830207,936","13,24803","52,54561",5030731.0,Gartenfelder Straße,2362.0,54.0
198961,11,4,,2019,9,17,5,3,0,5,0,0,0,0,1,0,1,0,"789816,8155","5824903,04","13,27009","52,49709",4020209.0,Eichkamp,2647.0,59.0
198962,11,8,,2019,9,17,5,3,5,3,0,0,1,0,0,0,0,0,"799906,6176","5816245,14","13,41051","52,41404",8020726.0,Buckow West,4723.0,63.0
198963,11,12,,2019,9,17,5,3,5,2,0,1,1,0,0,0,0,0,"787290,0051","5837899,624","13,24423","52,61495",12224230.0,Heiligensee,2282.0,59.0
198964,11,4,,2019,9,17,5,2,6,7,0,0,1,1,0,0,0,0,"793599,8418","5823944,754","13,32482","52,48648",4051654.0,Wilhelmsaue,3444.0,24.0
198965,11,4,,2019,9,17,5,3,5,3,0,0,1,0,0,0,0,0,"792090,8326","5825281,779","13,30383","52,49927",4030726.0,Droysenstraße,3148.0,24.0
198966,11,5,,2019,9,16,5,2,0,1,0,1,0,0,0,0,0,0,"783826,613","5823585,922","13,18097","52,48843",5040934.0,Alt-Gatow,1345.0,63.0
198967,11,5,,2019,9,7,5,3,5,3,0,1,1,0,0,0,0,0,"780779,1452","5820414,777","13,13354","52,46157",5040936.0,Jägerallee,637.0,61.0
198968,11,4,,2019,9,15,5,3,6,4,0,0,1,1,0,0,0,0,"794436,5297","5825886,939","13,33882","52,50344",4030931.0,Breitscheidplatz,3649.0,23.0
198969,11,9,,2019,9,7,5,2,6,4,0,0,1,1,0,0,0,0,"811649,5107","5820424,135","13,58651","52,44493",9041401.0,Allende I,7332.0,60.0
198970,11,5,,2019,9,15,6,2,5,3,0,0,1,0,1,0,0,0,"785088,2385","5829871,69","13,20489","52,54413",5010312.0,Kurstraße,1761.0,52.0
198971,11,10,,2019,9,15,5,3,6,2,0,0,1,1,0,0,0,0,"812237,7694","5830686,179","13,60475","52,53655",10020414.0,Helle Mitte,7659.0,42.0
198972,11,1,,2019,9,15,6,3,1,5,0,1,1,0,0,0,0,0,"794363,2458","5828435,887","13,34","52,52633",1022104.0,Emdener Straße,3756.0,4.0
198973,11,6,,2019,9,15,6,3,5,3,0,1,1,0,0,0,0,0,"782334,5566","5815313,249","13,15206","52,41503",6040701.0,Wannsee,923.0,65.0
198974,11,9,,2019,9,7,5,3,0,1,0,0,0,0,1,0,0,1,"809101,9055","5821545,987","13,55018","52,45643",9020502.0,Oberschöneweide Ost,6836.0,61.0
198975,11,1,,2019,9,15,5,3,5,2,0,1,1,0,0,0,0,0,"797317,6553","5831634,203","13,38628","52,55339",1033102.0,Gesundbrunnen,4364.0,39.0
198976,11,1,,2019,9,21,6,3,2,6,2,0,1,0,0,0,0,0,"799773,0299","5827532,78","13,41869","52,51529",1011304.0,Karl-Marx-Allee,4853.0,18.0
198977,11,4,,2019,9,15,5,3,5,3,0,0,1,0,0,0,0,0,"791699,3505","5828394,776","13,30081","52,52739",4030518.0,Tegeler Weg,3156.0,56.0
198978,11,10,,2019,9,6,5,3,5,3,1,0,1,0,0,0,0,1,"812935,6646","5830025,092","13,61438","52,53023",10020518.0,Schleipfuhl,7757.0,65.0
198979,11,4,,2019,9,7,5,3,5,2,0,1,1,0,0,0,0,1,"793312,8333","5823634,548","13,32033","52,48385",4051549.0,Rathaus Wilmersdorf,3444.0,24.0
198980,11,6,,2019,9,11,5,3,0,1,0,1,0,0,0,0,0,0,"793733,9796","5821072,301","13,32426","52,46066",6010102.0,Schloßstraße,3437.0,57.0
198981,11,2,,2019,9,14,5,3,5,5,0,1,1,0,0,0,0,0,"798318,1772","5824281,804","13,3944","52,48694",2020205.0,Chamissokiez,4544.0,57.0
198982,11,6,,2019,9,16,5,3,5,2,0,1,1,0,0,0,0,0,"790387,9079","5820839,826","13,27494","52,46036",6040810.0,Dahlem,2737.0,55.0
198983,11,6,,2019,9,15,5,3,6,4,0,1,0,1,0,0,0,0,"787606,683","5818080,596","13,23175","52,43709",6040804.0,Krumme Lanke,2130.0,45.0
198984,11,6,,2019,9,6,5,2,2,7,0,0,1,0,0,0,1,1,"789969,7896","5816232,012","13,26481","52,41927",6030504.0,Teltower Damm,2525.0,64.0
198985,11,7,,2019,9,16,5,3,2,2,0,1,1,0,0,0,0,0,"794860,4586","5824286,138","13,34363","52,48886",7020201.0,Bayerischer Platz,3745.0,36.0
198986,11,7,,2019,9,14,5,3,5,7,0,0,0,0,1,0,1,0,"795520,026","5824366,932","13,35339","52,48923",7020203.0,Kaiser-Wilhelm-Platz,3945.0,34.0
198987,11,1,,2019,9,16,5,3,0,5,0,0,1,0,1,0,0,0,"799525,1455","5827882,935","13,41536","52,51856",1011304.0,Karl-Marx-Allee,4854.0,36.0
198988,11,7,,2019,9,14,5,3,5,3,0,1,1,0,0,0,0,0,"796317,4343","5824924,649","13,36559","52,49379",7010104.0,Dennewitzplatz,4046.0,41.0
198989,11,4,,2019,9,16,5,2,5,2,0,0,1,0,0,0,1,0,"791860,0091","5827450,856","13,30234","52,51884",4030620.0,Alt-Lietzow,3154.0,20.0
198990,11,9,,2019,9,14,5,3,0,2,0,0,1,0,1,0,0,0,"806318,2569","5820929,401","13,50878","52,45247",9010401.0,Johannisthal West,6234.0,51.0
198991,11,7,,2019,9,15,5,3,0,6,0,0,1,0,0,0,1,0,"796815,0176","5822356,345","13,37061","52,4705",7040402.0,Lindenhofsiedlung,4140.0,37.0
198992,11,12,,2019,9,15,5,3,2,2,0,0,1,0,1,0,0,0,"790950,624","5833803,845","13,29454","52,57628",12214125.0,Waldidyll/Flughafensee,3071.0,39.0
198993,11,4,,2019,9,6,5,3,0,1,0,0,0,0,1,0,0,1,"790238,6465","5828094,398","13,27907","52,52548",4020310.0,Park Ruhwald,2856.0,54.0
198994,11,12,,2019,9,6,5,3,5,3,0,0,1,0,1,0,0,1,"792459,9968","5835351,616","13,31812","52,58935",12301204.0,Wittenau Nord,3374.0,61.0
198995,11,5,,2019,9,15,5,3,1,5,0,1,1,0,0,0,0,0,"784779,2556","5830471,799","13,20086","52,54967",5010312.0,Kurstraße,1663.0,55.0
198996,11,11,,2019,9,15,5,3,1,5,0,0,1,0,0,0,0,0,"802870,8929","5828733,706","13,4653","52,52434",11030618.0,Fennpfuhl West,5555.0,53.0
198997,11,12,,2019,9,6,5,2,0,3,1,0,1,0,1,0,0,1,"796397,3394","5832691,147","13,37369","52,56337",12103117.0,Letteplatz,4267.0,59.0
198998,11,3,,2019,9,14,5,3,5,3,0,0,1,0,0,0,0,0,"804371,698","5840424,6","13,49808","52,62828",3010102.0,Buch,6086.0,60.0
198999,11,8,,2019,9,18,5,2,0,7,1,0,0,0,1,0,0,1,"801261,5273","5819679,711","13,43346","52,44408",8020622.0,Parchimer Allee,5132.0,38.0
199000,11,11,,2019,9,14,5,2,6,4,0,1,0,1,0,0,0,0,"805049,0543","5826744,562","13,49548","52,5053",11040926.0,Weitlingstraße,6050.0,65.0
199001,11,2,,2019,9,13,5,3,5,3,0,1,0,0,0,0,1,0,"801767,78","5826253,667","13,44684","52,50272",2040703.0,Wriezener Bahnhof/Entwicklungsgebiet,5249.0,5.0
199002,11,11,,2019,9,13,5,2,5,3,0,1,1,0,0,0,0,0,"805186,448","5829419,154","13,49995","52,52919",11030720.0,Herzbergstraße,6057.0,61.0
199003,11,12,,2019,9,14,5,3,5,3,0,1,1,0,0,0,0,0,"792104,8276","5837987,676","13,31522","52,61317",12231101.0,Hermsdorf,3381.0,45.0
199004,11,1,,2019,9,13,5,3,2,6,0,0,1,0,0,0,0,0,"795425,0095","5831585,772","13,3584","52,55399",1044203.0,Leopoldplatz,3964.0,39.0
199005,11,12,,2019,9,11,5,3,3,6,0,0,1,0,0,1,0,0,"793380,707","5832503,054","13,32915","52,56332",12214424.0,Scharnweberstraße,3567.0,10.0
199006,11,2,,2019,9,11,5,3,2,6,0,1,0,0,0,0,0,0,"800602,469","5827039,541","13,43043","52,51041",2040701.0,Andreasviertel,5051.0,33.0
199007,11,4,,2019,9,23,5,2,5,7,2,0,1,0,0,0,0,0,"791018,7496","5824869,104","13,28772","52,49615",4031032.0,Halensee,2947.0,18.0
199008,11,1,,2019,9,14,5,3,6,4,0,0,0,1,0,0,1,0,"794441,445","5828357,572","13,34108","52,52558",1022106.0,Elberfelder Straße,3756.0,4.0
199009,11,10,,2019,9,15,5,3,5,3,0,1,1,0,0,0,0,0,"812014,3105","5830885,123","13,60165","52,53846",10020414.0,Helle Mitte,7659.0,42.0
199010,11,2,,2019,9,12,4,3,2,6,0,1,1,0,0,0,0,0,"800761,124","5828450,768","13,43404","52,52297",2040502.0,Friedenstraße,5155.0,43.0
199011,11,2,,2019,9,20,5,3,5,3,2,0,1,0,0,0,0,0,"798181,2702","5826512,423","13,39439","52,50701",2010102.0,Mehringplatz,4550.0,26.0
199012,11,1,,2019,9,14,4,3,3,3,0,1,1,0,0,0,0,0,"799083,2619","5829018,168","13,40989","52,52898",3071536.0,Teutoburger Platz,4757.0,11.0
199013,11,3,,2019,9,19,5,3,0,4,2,0,0,1,1,0,0,0,"799472,9368","5831859,933","13,41818","52,55424",3040818.0,Pankow Süd,4864.0,14.0
199014,11,7,,2019,9,18,5,2,3,6,0,0,1,0,0,0,0,0,"794959,9965","5824119,398","13,34494","52,48731",7020201.0,Bayerischer Platz,3745.0,36.0
199015,11,1,,2019,9,20,4,3,3,6,2,0,1,0,0,0,0,0,"798440,8004","5829047,187","13,40047","52,52959",1011302.0,Oranienburger Straße,4657.0,9.0
199016,11,1,,2019,9,19,4,3,5,2,0,1,1,0,0,0,0,0,"794610,7721","5829870,924","13,34491","52,53906",1044202.0,Sparrplatz,3760.0,45.0
199017,11,4,,2019,9,18,5,3,5,3,0,0,1,0,0,0,0,0,"790953,3799","5824833,665","13,28673","52,49587",4031032.0,Halensee,2947.0,18.0
199018,11,5,,2019,9,18,5,2,5,3,0,1,1,0,0,0,0,0,"783047,9776","5827281,903","13,17268","52,52197",5020523.0,Maulbeerallee,1255.0,61.0
199019,11,7,,2019,9,19,4,2,1,5,0,0,1,0,0,0,0,0,"799799,871","5820465,21","13,41273","52,45192",7050504.0,Imbrosweg,4734.0,59.0
199020,11,6,,2019,9,17,5,2,5,2,0,0,1,0,1,0,0,0,"790159,6668","5815444,938","13,26691","52,41212",6030504.0,Teltower Damm,2623.0,62.0
199021,11,1,,2019,9,18,4,3,1,5,0,1,0,0,0,1,1,0,"797978,0969","5828497,12","13,39318","52,52491",1011302.0,Oranienburger Straße,4556.0,46.0
199022,11,12,,2019,9,17,5,2,6,4,0,0,1,1,0,0,0,0,"796586,6659","5833580,743","13,37727","52,57124",12103116.0,Hausotterplatz,4269.0,61.0
199023,11,12,,2019,9,18,4,3,2,6,0,0,1,0,0,0,0,0,"796644,8088","5832450,284","13,37712","52,56108",12103117.0,Letteplatz,4266.0,52.0
199024,11,4,,2019,9,10,5,3,1,5,0,1,1,0,0,0,0,0,"791536,3916","5825100,987","13,29553","52,49795",4031032.0,Halensee,3048.0,43.0
199025,11,4,,2019,9,18,4,3,1,5,0,0,1,0,0,0,0,0,"791813,6828","5826919,663","13,30119","52,51411",4030417.0,Schloßstraße,3152.0,19.0
199026,11,4,,2019,9,10,5,3,5,3,0,0,1,0,1,0,0,0,"793439,655","5823835,308","13,32237","52,48558",4051654.0,Wilhelmsaue,3444.0,24.0
199027,11,5,,2019,9,10,5,3,5,3,0,0,1,0,1,0,0,1,"782822,87","5828571,97","13,17047","52,53366",5020417.0,Staakener Straße,1158.0,56.0
199028,11,8,,2019,9,18,4,3,5,3,0,0,1,0,1,0,0,0,"805698,2509","5816979,992","13,49607","52,41742",8041037.0,Alt-Rudow,6024.0,50.0
199029,11,4,,2019,9,18,4,3,2,6,0,0,1,0,0,0,0,0,"793976,8586","5824691,003","13,33101","52,49297",4051653.0,Prager Platz,3546.0,33.0
199030,11,1,,2019,9,9,5,3,3,6,0,0,1,0,0,0,0,0,"794526,2502","5831578,961","13,34518","52,55442",1044101.0,Rehberge,3764.0,45.0
199031,11,5,,2019,9,18,4,3,3,6,0,0,0,0,1,0,1,0,"784940,0555","5829395,125","13,2023","52,53994",5010314.0,Carl-Schurz-Straße,1660.0,30.0
199032,11,3,,2019,9,9,5,3,5,3,0,1,1,0,0,0,0,0,"801415,3715","5830908,652","13,44588","52,54464",3061429.0,Greifswalder Straße,5261.0,46.0
199033,11,9,,2019,9,17,4,3,5,2,0,0,1,0,1,0,0,0,"807079,3213","5822532,697","13,52142","52,46641",9020502.0,Oberschöneweide Ost,6438.0,61.0
199034,11,4,,2019,9,9,5,3,3,6,0,0,0,0,1,0,1,0,"790142,5873","5827332,632","13,277","52,5187",4020310.0,Park Ruhwald,2754.0,42.0
199035,11,1,,2019,9,17,4,3,5,2,0,1,0,0,1,0,0,0,"799774,106","5826561,658","13,41783","52,50658",1011306.0,Heine-Viertel Ost,4850.0,38.0