ObjectID,State,District,LOR_ab_2021,AccidentYear,AccidentMonth,AccidentHour,DayOfWeek,AccidentCategory,AccidentType,AccidentTypeDetail,LightingCondition,InvolvingBike,InvolvingCar,InvolvingPedestrian,InvolvingMotorcycle,InvolvingHGV,InvolvingOther,RoadCondition,GraphicCoord1,GraphicCoord2,LongitudeWGS84,LatitudeWGS84,quadrant,quadrant_rank
199834,11,7,,2019,9,18,6,3,5,3,1,1,1,0,0,0,0,1,"795182,5715","5825494,419","13,34943","52,49952",7010102.0,Nollendorfplatz,3848.0,36.0
199835,11,8,,2019,10,14,1,3,2,6,0,0,1,0,0,0,0,0,"801600,2987","5817447,348","13,43642","52,42388",8020727.0,Buckow Mitte,5126.0,38.0
199836,11,9,,2019,9,18,6,3,8,1,1,0,1,0,0,0,0,1,"803207,8644","5820967,3","13,46318","52,45454",9010302.0,Späthsfelde,5535.0,53.0
199837,11,12,,2019,10,14,1,3,2,2,0,1,1,0,0,0,0,0,"789922,9949","5840474,14","13,28526","52,63663",12231102.0,Frohnau,2888.0,65.0
199838,11,7,,2019,10,14,1,3,2,6,0,0,1,0,0,0,0,0,"797750,2572","5823954,092","13,38577","52,48432",7040401.0,Neu-Tempelhof,4344.0,28.0
199839,11,1,,2019,9,19,6,3,0,1,2,0,0,0,0,0,1,1,"797737,7201","5827795,168","13,38902","52,51875",1011202.0,Unter den Linden Nord,4454.0,36.0
199840,11,11,,2019,9,18,6,3,5,3,1,0,1,0,0,0,0,1,"804833,5019","5827749,191","13,49323","52,51442",11030721.0,Rüdigerstraße,5952.0,37.0
199841,11,8,,2019,10,14,1,3,5,3,0,1,1,0,0,0,0,0,"801650,6878","5823968,661","13,44305","52,48231",8010405.0,Hertzbergplatz,5243.0,34.0
199842,11,4,,2019,9,18,6,3,8,1,1,0,1,0,0,0,0,1,"790174,1079","5828196,549","13,27821","52,52643",4020310.0,Park Ruhwald,2756.0,61.0
199843,11,1,,2019,10,13,1,3,6,4,0,0,1,1,0,0,0,0,"796417,3844","5831970,492","13,37334","52,5569",1044201.0,Reinickendorfer Straße,4265.0,5.0
199844,11,1,,2019,9,17,6,3,1,5,0,1,1,0,0,0,0,1,"793548,2113","5828510,926","13,32808","52,52744",1022102.0,Beusselkiez,3556.0,48.0
199845,11,2,,2019,10,13,1,3,2,2,0,1,1,0,0,0,0,0,"801351,2615","5826457,932","13,4409","52,50478",2040703.0,Wriezener Bahnhof/Entwicklungsgebiet,5250.0,54.0
199846,11,7,,2019,9,16,6,3,5,3,0,0,1,0,0,0,0,1,"799049,3754","5814291,799","13,3962","52,39699",7070701.0,Kettinger Straße/Schillerstraße,4518.0,52.0
199847,11,12,,2019,10,13,1,3,5,2,0,0,1,0,0,0,0,0,"792275,216","5833930,104","13,31414","52,57671",12214422.0,Klixstraße,3371.0,40.0
199848,11,6,,2019,10,13,1,3,5,3,0,1,1,0,0,0,0,0,"787244,3364","5818354,348","13,22667","52,43974",6040804.0,Krumme Lanke,2031.0,65.0
199849,11,4,,2019,9,17,6,3,4,6,0,0,1,0,1,0,0,1,"791149,1775","5825642,578","13,29031","52,50301",4030725.0,Amtsgerichtsplatz,2949.0,65.0
199850,11,5,,2019,10,12,1,3,5,2,0,1,1,0,0,0,0,0,"782158,6651","5829951,975","13,16187","52,54638",5010206.0,Gütersloher Weg,1062.0,61.0
199851,11,7,,2019,9,16,6,3,2,6,0,0,1,0,1,0,0,1,"799975,3231","5814566,264","13,41001","52,39895",7070702.0,Alt-Lichtenrade/Töpchiner Weg,4719.0,56.0
199852,11,7,,2019,10,11,1,3,6,4,0,0,0,1,0,0,1,0,"795081,0019","5825808,364","13,34822","52,50239",7010102.0,Nollendorfplatz,3849.0,22.0
199853,11,11,,2019,9,16,6,3,6,4,0,0,1,1,0,0,0,1,"807223,9849","5824073,328","13,52496","52,48014",11051332.0,Karlshorst Süd,6442.0,53.0
199854,11,2,,2019,10,9,1,3,5,3,0,1,1,0,0,0,0,0,"800619,97","5827307,604","13,43093","52,5128",2040701.0,Andreasviertel,5052.0,43.0
199855,11,1,,2019,9,16,6,3,2,6,0,0,1,0,0,0,0,1,"797931,3789","5830272,042","13,39408","52,54085",1033201.0,Brunnenstraße,4560.0,49.0
199856,11,8,,2019,10,1,1,2,1,5,2,0,1,0,0,0,1,0,"802183,2113","5819314,259","13,44665","52,44029",8020622.0,Parchimer Allee,5231.0,64.0
199857,11,8,,2019,9,16,6,3,3,6,0,0,1,0,1,0,0,1,"800326,684","5820524,654","13,42051","52,45216",8020620.0,Tempelhofer Weg,4934.0,62.0
199858,11,4,,2019,9,15,6,3,5,3,0,0,1,0,0,0,1,1,"790536,3349","5822781,49","13,27881","52,47769",4041136.0,Hagenplatz,2842.0,47.0
199859,11,12,,2019,10,0,1,2,5,2,2,0,1,0,1,0,0,1,"790684,1255","5835382,557","13,292","52,59058",12304314.0,Ziekowstraße/Freie Scholle,2975.0,54.0
199860,11,4,,2019,9,15,6,3,6,4,0,0,1,1,0,0,0,1,"792069,0936","5828336,516","13,30619","52,52667",4030519.0,Kaiserin-Augusta-Allee,3256.0,49.0
199861,11,12,,2019,10,13,7,3,2,6,0,0,1,0,0,0,0,0,"792206,5758","5832945,537","13,31227","52,56792",12214424.0,Scharnweberstraße,3268.0,42.0
199862,11,12,,2019,10,16,7,3,8,1,0,0,1,0,0,0,0,0,"793489,9217","5836973,652","13,33471","52,60334",12302211.0,Lübarser Straße,3678.0,63.0
199863,11,3,,2019,9,11,6,3,0,1,0,1,1,1,0,0,0,1,"800831,403","5832047,48","13,43833","52,55517",3050923.0,Weißenseer Spitze,5164.0,53.0
199864,11,10,,2019,9,9,6,3,5,2,0,1,1,0,0,0,0,1,"812977,451","5827501,006","13,61262","52,50759",10040932.0,Alt-Mahlsdorf,7750.0,57.0
199865,11,2,,2019,10,16,7,3,5,3,0,1,1,0,0,0,0,0,"799343,5968","5826192,208","13,41117","52,50351",2010103.0,Moritzplatz,4749.0,23.0
199866,11,5,,2019,9,10,6,3,2,6,0,0,1,0,0,0,1,1,"783717,2281","5830172,427","13,18498","52,54754",5010208.0,Germersheimer Platz,1462.0,37.0
199867,11,1,,2019,10,14,7,3,0,1,0,1,0,0,0,0,0,0,"797207,6581","5827497,332","13,38096","52,51637",1011202.0,Unter den Linden Nord,4353.0,37.0
199868,11,9,,2019,9,10,6,3,5,3,0,1,1,0,0,0,0,1,"809228,6699","5819314,425","13,54998","52,43636",9020702.0,Adlershof Ost,6830.0,43.0
199869,11,7,,2019,10,20,7,3,6,7,2,1,0,1,0,0,0,1,"794600,477","5825793,879","13,34115","52,50252",7010101.0,Wittenbergplatz/Viktoria-Luise-Platz,3749.0,17.0
199870,11,1,,2019,9,10,6,3,5,2,0,1,1,0,0,0,0,1,"795271,403","5826033,423","13,35121","52,5043",1011103.0,Lützowstraße,3850.0,33.0
199871,11,7,,2019,10,19,7,3,5,2,2,0,1,0,0,0,0,0,"798379,08","5818418,792","13,39005","52,43435",7050502.0,Fritz-Werner-Straße,4429.0,58.0
199872,11,4,,2019,10,18,7,3,2,6,1,0,1,0,0,0,0,1,"792071,0406","5827980,803","13,30591","52,52348",4030519.0,Kaiserin-Augusta-Allee,3255.0,52.0
199873,11,9,,2019,10,18,7,3,9,1,0,0,0,0,1,0,0,0,"810239,2496","5821476,326","13,5668","52,45516",9051901.0,Dammvorstadt,7035.0,48.0
199874,11,4,,2019,9,10,6,3,6,4,0,0,1,1,0,0,0,1,"791968,3501","5824737,979","13,30155","52,49447",4051445.0,Eisenzahnstraße,3147.0,43.0
199875,11,3,,2019,10,17,7,3,0,7,0,0,1,0,0,0,1,0,"801483,3152","5831869,833","13,44775","52,55322",3050924.0,Behaimstraße,5364.0,58.0
199876,11,4,,2019,9,9,6,2,5,3,0,0,1,0,0,0,0,1,"790493,9477","5826546,12","13,28147","52,51146",4020313.0,Königin-Elisabeth-Straße,2852.0,40.0
199877,11,4,,2019,10,14,7,3,6,2,0,0,1,1,0,0,0,0,"794352,4437","5825900,19","13,3376","52,5036",4030931.0,Breitscheidplatz,3649.0,23.0
199878,11,12,,2019,9,9,6,3,5,3,0,1,1,0,0,0,0,1,"795346,3893","5833841,178","13,35926","52,57425",12103115.0,Breitkopfbecken,3970.0,41.0
199879,11,4,,2019,10,12,7,3,3,6,0,0,1,0,1,0,0,0,"792269,9256","5826111,912","13,30719","52,50662",4030827.0,Karl-August-Platz,3250.0,40.0
199880,11,5,,2019,10,12,7,3,6,4,0,0,1,1,0,0,0,0,"786591,1336","5830252,549","13,22732","52,54676",5030731.0,Gartenfelder Straße,2062.0,63.0
199881,11,9,,2019,9,9,6,2,5,2,0,0,1,0,0,0,0,1,"809327,1704","5818503,022","13,55067","52,42903",9020701.0,Adlershof West,6827.0,50.0
199882,11,3,,2019,9,9,6,3,0,5,0,1,0,0,0,1,0,1,"799602,8038","5831130,138","13,41943","52,54762",3061332.0,Helmholtzplatz,4862.0,43.0
199883,11,7,,2019,10,11,7,3,2,2,0,0,1,0,0,0,0,0,"796572,6117","5815881,443","13,36131","52,41259",7060604.0,Marienfelde Süd,4023.0,43.0
199884,11,3,,2019,10,11,7,3,5,3,0,0,1,0,0,0,0,1,"802250,4489","5831589,31","13,45878","52,55028",3050920.0,Weißer See,5463.0,46.0
199885,11,1,,2019,9,9,6,3,3,6,0,0,1,0,0,0,0,1,"795262,1542","5826012,986","13,35106","52,50412",1011103.0,Lützowstraße,3849.0,22.0
199886,11,6,,2019,10,7,7,3,5,2,1,0,1,0,0,0,0,1,"794023,046","5821044,072","13,32847","52,46025",6010209.0,Feuerbachstraße,3537.0,58.0
199887,11,5,,2019,9,8,6,3,5,2,0,1,1,0,0,0,0,1,"785209,2192","5831876,388","13,20839","52,56204",5010102.0,Goltzstraße,1766.0,46.0
199888,11,6,,2019,10,6,7,3,5,3,2,0,1,0,0,0,0,1,"790158,8296","5819788,732","13,27067","52,45106",6040810.0,Dahlem,2634.0,40.0
199889,11,4,,2019,10,5,7,3,2,6,2,0,1,0,0,0,0,1,"792952,9445","5824226,925","13,31557","52,48936",4051550.0,Leon-Jessel-Platz,3345.0,42.0
199890,11,1,,2019,10,4,7,3,5,2,2,0,1,0,0,0,0,1,"799731,5123","5827551,813","13,4181","52,51548",1011304.0,Karl-Marx-Allee,4853.0,18.0
199891,11,9,,2019,9,8,6,3,2,6,0,0,1,0,0,0,0,1,"809062,8844","5818756,621","13,54703","52,43145",9020701.0,Adlershof West,6728.0,57.0
199892,11,4,,2019,10,19,7,3,1,5,2,1,1,0,0,0,0,1,"792731,0996","5826215,094","13,31405","52,5073",4030827.0,Karl-August-Platz,3350.0,22.0
199893,11,8,,2019,9,8,6,3,5,2,0,1,1,0,0,0,0,1,"802576,2757","5823077,955","13,45583","52,47381",8010404.0,Rixdorf,5441.0,34.0
199894,11,10,,2019,10,10,6,3,6,4,0,0,1,1,0,0,0,0,"808411,64","5831212,291","13,54901","52,54345",10010207.0,Marzahner Promenade,6861.0,54.0
199895,11,11,,2019,10,19,6,3,6,2,2,0,1,1,0,0,0,1,"805195,4806","5827245,563","13,49809","52,5097",11040926.0,Weitlingstraße,6051.0,55.0
199896,11,9,,2019,9,8,6,3,2,6,0,0,1,0,0,1,0,1,"810040,6069","5819479,777","13,56203","52,43738",9020802.0,Köllnische Vorstadt,7030.0,52.0
199897,11,1,,2019,10,22,6,3,5,2,2,0,1,0,0,0,0,1,"797157,0054","5831904,692","13,38416","52,55591",1033102.0,Gesundbrunnen,4365.0,7.0
199898,11,1,,2019,9,9,6,3,2,6,0,1,0,0,0,0,0,1,"797206,5308","5827476,955","13,38093","52,51619",1011201.0,Wilhelmstraße,4353.0,37.0
199899,11,6,,2019,10,21,6,3,6,2,2,0,1,1,0,0,0,1,"793178,277","5818211,484","13,31359","52,43531",6030606.0,Hindenburgdamm,3329.0,57.0
199900,11,1,,2019,9,7,6,3,5,7,0,0,1,0,1,0,0,1,"795005,3163","5829134,167","13,35005","52,53224",1022201.0,Stephankiez,3858.0,57.0
199901,11,5,,2019,10,21,6,3,2,6,2,0,1,0,0,0,0,1,"785322,1191","5829293,631","13,20783","52,53883",5010314.0,Carl-Schurz-Straße,1760.0,43.0
199902,11,6,,2019,10,10,6,3,2,7,0,0,1,0,1,0,0,0,"788886,6612","5819465,557","13,25172","52,44884",6040806.0,Fischtal,2333.0,65.0
199903,11,1,,2019,9,0,6,3,1,5,2,0,1,0,0,0,0,0,"796960,3279","5830795,942","13,38028","52,54608",1033203.0,Humboldthain Nordwest,4362.0,59.0
199904,11,4,,2019,9,8,6,2,0,7,0,0,1,0,0,1,0,1,"790900,2346","5830673,187","13,29106","52,54824",4010101.0,Jungfernheide,2962.0,65.0
199905,11,5,,2019,10,20,6,3,6,7,2,0,1,1,0,0,0,1,"785405,8426","5830432,374","13,21004","52,54899",5010312.0,Kurstraße,1763.0,57.0
199906,11,7,,2019,10,19,6,3,6,2,2,0,1,1,0,0,0,1,"794979,0347","5825231,726","13,34621","52,49727",7010102.0,Nollendorfplatz,3847.0,40.0
199907,11,10,,2019,9,12,6,2,0,1,0,0,0,0,1,0,0,1,"812270,4174","5823893,831","13,59886","52,47567",10040933.0,Mahlsdorf Süd,7541.0,59.0
199908,11,5,,2019,10,19,6,3,5,3,2,0,1,0,0,0,0,1,"784768,6073","5827092,523","13,19781","52,51938",5020626.0,Adamstraße,1554.0,46.0
199909,11,2,,2019,9,8,6,3,6,4,0,1,0,1,0,0,0,1,"799474,925","5824850,323","13,4119","52,49141",2020206.0,Graefekiez,4746.0,53.0
199910,11,1,,2019,10,17,6,3,0,1,0,0,0,0,1,0,0,1,"797690,4491","5829644,231","13,38998","52,53535",1033202.0,Humboldthain Süd,4459.0,28.0
199911,11,7,,2019,9,7,6,3,0,4,0,1,0,1,0,0,0,1,"797951,3267","5819922,54","13,38512","52,44807",7050501.0,Rathausstraße,4333.0,53.0
199912,11,1,,2019,10,18,6,3,5,7,0,0,1,0,1,0,0,1,"797374,7236","5827051,474","13,38302","52,51228",1011201.0,Wilhelmstraße,4352.0,37.0
199913,11,6,,2019,9,18,5,3,5,2,0,0,1,0,0,0,0,0,"787530,9035","5817380,834","13,23003","52,43086",6030501.0,Berlepschstraße,2028.0,63.0
199914,11,4,,2019,10,17,6,3,5,3,1,0,1,0,0,0,0,1,"789707,3032","5829595,942","13,27257","52,53922",4010101.0,Jungfernheide,2760.0,63.0
199915,11,5,,2019,10,16,6,3,2,6,0,0,1,0,0,0,0,1,"785317,468","5828218,709","13,20684","52,52919",5020627.0,Tiefwerder,1757.0,59.0
199916,11,2,,2019,9,21,5,3,5,2,2,1,0,0,0,0,1,0,"799881,1807","5825901,596","13,41881","52,50061",2030301.0,Oranienplatz,4848.0,3.0
199917,11,4,,2019,9,11,5,3,9,1,0,0,1,0,0,0,0,0,"785235,1589","5824200,728","13,20219","52,49321",4061757.0,Forst Grunewald,1646.0,65.0
199918,11,2,,2019,10,16,6,3,5,3,0,1,1,0,0,0,0,1,"800418,6268","5826038,529","13,42683","52,50154",2030302.0,Lausitzer Platz,5049.0,52.0
199919,11,4,,2019,9,11,5,3,2,6,0,0,1,0,0,0,0,0,"792002,3575","5825968,312","13,30313","52,50548",4030725.0,Amtsgerichtsplatz,3150.0,36.0
199920,11,3,,2019,10,15,6,3,0,5,0,1,1,0,0,0,0,0,"800077,783","5837494,666","13,43217","52,60441",3020307.0,Buchholz,5079.0,56.0
199921,11,6,,2019,9,13,5,2,5,5,0,0,1,0,1,0,0,0,"795131,845","5815684,146","13,34001","52,4116",6020411.0,Schütte-Lanz-Straße,3722.0,65.0
199922,11,1,,2019,10,14,6,3,0,1,0,0,0,0,1,0,0,1,"797824,0522","5829804,848","13,39209","52,53672",1033202.0,Humboldthain Süd,4459.0,28.0
199923,11,4,,2019,9,12,5,2,0,7,0,0,1,0,0,0,1,0,"792666,4732","5823053,714","13,31033","52,47899",4041343.0,Binger Straße,3242.0,39.0
199924,11,3,,2019,10,14,6,3,5,2,0,0,1,0,0,0,0,1,"800199,7521","5832139,073","13,42912","52,55634",3050923.0,Weißenseer Spitze,5065.0,44.0
199925,11,5,,2019,9,12,5,2,5,2,0,1,1,0,0,0,0,0,"780517,9141","5820688,658","13,12993","52,46416",5040936.0,Jägerallee,538.0,64.0
199926,11,7,,2019,10,12,6,3,5,2,0,0,1,0,1,0,0,0,"797425,4914","5820799,312","13,37819","52,45621",7040403.0,Manteuffelstraße,4235.0,48.0
199927,11,2,,2019,10,10,6,3,2,2,0,0,1,0,0,0,0,0,"801455,733","5826044,573","13,44206","52,50102",2030302.0,Lausitzer Platz,5249.0,5.0
199928,11,5,,2019,9,12,5,2,6,4,0,0,0,1,1,0,0,0,"785222,8547","5828887,332","13,20602","52,53524",5010314.0,Carl-Schurz-Straße,1759.0,52.0
199929,11,12,,2019,10,14,6,3,2,6,0,0,1,0,0,0,0,1,"793508,04","5832397,727","13,33093","52,56231",12214424.0,Scharnweberstraße,3566.0,39.0
199930,11,1,,2019,9,10,5,3,5,3,0,0,1,0,0,0,1,0,"797430,5646","5831148,65","13,38751","52,54898",1033201.0,Brunnenstraße,4463.0,27.0
199931,11,6,,2019,10,13,6,3,2,6,0,0,1,0,0,0,0,1,"794132,9962","5820340,311","13,32947","52,45388",6010207.0,Mittelstraße,3535.0,50.0
199932,11,7,,2019,10,5,6,2,5,2,2,1,1,0,0,0,0,0,"797327,6851","5822178,708","13,37798","52,46863",7040403.0,Manteuffelstraße,4239.0,42.0
199933,11,1,,2019,9,10,5,3,2,6,0,0,1,0,0,0,0,0,"796676,8883","5829751,518","13,37518","52,53687",1011301.0,Charitéviertel,4259.0,40.0
199934,11,8,,2019,10,0,6,3,5,2,2,1,1,0,0,0,0,0,"801293,9918","5823827,941","13,43768","52,48124",8010303.0,Donaustraße,5143.0,6.0
199935,11,3,,2019,9,8,5,3,1,5,0,1,1,0,0,0,0,0,"798697,2612","5830879,392","13,40589","52,54587",3061131.0,Falkplatz,4662.0,59.0
199936,11,4,,2019,10,0,6,3,5,3,2,0,1,0,0,0,0,0,"792145,6081","5827326,857","13,30643","52,51758",4030620.0,Alt-Lietzow,3253.0,43.0
199937,11,7,,2019,9,8,5,3,1,5,0,1,0,0,0,0,1,0,"795476,0459","5824436,633","13,3528","52,48988",7020203.0,Kaiser-Wilhelm-Platz,3945.0,34.0
199938,11,2,,2019,10,17,5,3,6,7,0,0,0,1,0,0,1,0,"800182,4897",5825384,"13,42277","52,4958",2030401.0,Reichenberger Straße,4947.0,51.0
199939,11,6,,2019,9,8,5,3,5,3,0,1,1,0,0,0,0,0,"789259,5317","5818044,816","13,25596","52,4359",6030503.0,Zehlendorf Mitte,2430.0,59.0
199940,11,3,,2019,10,14,5,3,5,3,0,0,1,0,0,0,0,1,"801893,6237","5831284,706","13,45325","52,54774",3050925.0,Komponistenviertel Weißensee,5362.0,45.0
199941,11,9,,2019,10,13,5,2,5,3,0,0,1,0,0,0,0,1,"805908,598","5821824,27","13,50359","52,46072",9020601.0,Schnellerstraße,6137.0,47.0
199942,11,6,,2019,9,7,5,3,5,3,0,0,1,0,0,0,0,0,"795123,9822","5816185,417","13,34034","52,4161",6020411.0,Schütte-Lanz-Straße,3724.0,63.0
199943,11,5,,2019,9,7,5,3,4,6,0,1,0,0,0,0,0,0,"784765,6902","5830421,594","13,20062","52,54923",5010310.0,Eckschanze,1663.0,55.0
199944,11,5,,2019,10,11,5,2,4,6,0,0,1,0,0,0,0,1,"787172,9387","5830658,357","13,23623","52,55009",5030730.0,Zitadellenweg,2163.0,61.0
199945,11,2,,2019,9,7,5,2,5,3,0,1,1,0,0,0,0,0,"798334,1358","5825630,643","13,39584","52,49902",2010102.0,Mehringplatz,4548.0,24.0
199946,11,8,,2019,10,11,5,3,5,3,0,0,1,0,0,0,0,1,"802566,3795","5819902,247","13,4528","52,44535",8020622.0,Parchimer Allee,5332.0,53.0
199947,11,3,,2019,9,16,5,3,6,7,0,1,0,1,0,0,0,0,"800654,048","5829616,748","13,43352","52,53348",3071639.0,Bötzowstraße,5158.0,55.0
199948,11,1,,2019,10,10,5,2,0,7,0,0,1,0,0,0,0,1,"798640,607","5829091,939","13,40345","52,52988",1011302.0,Oranienburger Straße,4657.0,9.0
199949,11,11,,2019,9,16,5,3,5,3,0,0,1,0,1,0,0,0,"805398,4767","5831360,837","13,50485","52,54647",11020412.0,Hauptstraße,6162.0,62.0
199950,11,8,,2019,10,23,5,3,5,3,2,0,1,0,0,0,0,0,"801129,4981","5824684,574","13,43604","52,48901",8010301.0,Reuterkiez,5145.0,46.0
199951,11,1,,2019,10,10,5,3,0,1,0,0,0,0,1,0,0,1,"797684,6008","5829635,138","13,38989","52,53527",1033202.0,Humboldthain Süd,4459.0,28.0
199952,11,3,,2019,9,18,5,3,5,3,1,1,1,0,0,0,0,0,"801413,5641","5830922,624","13,44586","52,54477",3061429.0,Greifswalder Straße,5261.0,46.0
199953,11,1,,2019,10,9,5,3,0,1,0,0,0,0,1,0,0,1,"796959,4011","5828920,041","13,37859","52,52926",1011301.0,Charitéviertel,4257.0,20.0
199954,11,9,,2019,9,18,5,3,5,3,2,1,1,0,0,0,0,0,"811468,9656","5817294,982","13,58094","52,41699",9031101.0,Grünau,7224.0,65.0
199955,11,2,,2019,10,4,5,2,6,2,2,0,1,1,0,0,0,1,"797619,2044","5826418,714","13,38605","52,50648",2010101.0,Askanischer Platz,4350.0,52.0
199956,11,4,,2019,9,16,5,3,5,2,0,0,1,0,0,0,0,0,"791019,6798","5824868,039","13,28773","52,49614",4031032.0,Halensee,2947.0,18.0
199957,11,8,,2019,10,19,5,3,5,3,2,0,1,0,0,0,1,0,"801004,6777","5822160,088","13,43193","52,46645",8010118.0,Silbersteinstraße,5038.0,31.0
199958,11,3,,2019,9,16,5,3,2,6,0,0,1,0,0,0,0,0,"801206,9914","5839213,695","13,45036","52,61919",3010104.0,Lietzengraben,5383.0,65.0
199959,11,1,,2019,10,16,5,3,1,5,0,1,1,0,0,0,0,1,"793526,4367","5828513,856","13,32777","52,52748",1022102.0,Beusselkiez,3556.0,48.0
199960,11,4,,2019,10,14,5,3,2,6,0,0,1,0,0,0,0,1,"790604,8143","5827359,058","13,28381","52,51869",4030415.0,Schloßgarten,2854.0,17.0
199961,11,1,,2019,9,16,5,3,5,2,0,1,1,0,0,0,0,0,"797855,0992","5826859,091","13,38991","52,5103",1011204.0,Leipziger Straße,4451.0,11.0
199962,11,11,,2019,10,14,5,3,1,1,0,0,1,0,0,0,0,1,"807686,205","5834012,107","13,54094","52,56895",11010103.0,Dorf Falkenberg,6668.0,65.0
199963,11,12,,2019,9,18,5,3,6,6,1,0,1,1,0,0,0,0,"785452,0127","5835940,778","13,21546","52,59835",12224230.0,Heiligensee,1877.0,65.0
199964,11,2,,2019,10,18,5,2,5,3,2,0,1,0,0,0,1,0,"798929,1406","5826353,905","13,40523","52,50518",2010103.0,Moritzplatz,4650.0,45.0
199965,11,8,,2019,9,18,5,3,5,2,0,1,0,0,0,0,1,0,"801264,6138","5819821,28","13,43364","52,44534",8020622.0,Parchimer Allee,5132.0,38.0
199966,11,1,,2019,10,18,4,2,6,4,1,0,1,1,0,0,0,1,"796852,2953","5827631,073","13,37586","52,51776",1011102.0,Großer Tiergarten,4253.0,46.0
199967,11,3,,2019,9,15,5,3,3,6,0,1,1,0,0,0,0,0,"800068,9657","5830664,635","13,42586","52,5432",3061332.0,Helmholtzplatz,4961.0,45.0
199968,11,9,,2019,10,7,4,3,6,2,0,0,1,1,0,0,0,1,"810777,3529","5821249,144","13,57448","52,45282",9051901.0,Dammvorstadt,7134.0,43.0
199969,11,6,,2019,10,7,4,3,0,1,2,0,0,0,1,0,0,1,"792088,239","5820289,691","13,29942","52,45452",6040809.0,Thielallee,3135.0,63.0
199970,11,11,,2019,9,14,5,3,0,6,0,0,1,0,0,0,1,0,"805135,5436","5829989,784","13,49972","52,53433",11030720.0,Herzbergstraße,6058.0,52.0
199971,11,4,,2019,9,14,5,3,6,4,0,0,1,1,0,0,0,0,"794161,8937","5824104,374","13,33321","52,48761",4051655.0,Babelsberger Straße,3645.0,59.0
199972,11,8,,2019,10,7,4,3,6,4,2,0,1,1,0,0,0,1,"802066,2658","5823564,48","13,44878","52,47845",8010405.0,Hertzbergplatz,5342.0,38.0
199973,11,6,,2019,10,7,4,3,3,6,0,1,0,0,0,0,1,0,"793067,913","5821401,572","13,31477","52,46397",6010102.0,Schloßstraße,3338.0,53.0
199974,11,7,,2019,9,14,5,3,5,7,0,0,1,0,1,0,0,0,"794865,7374","5824287,379","13,34371","52,48887",7020201.0,Bayerischer Platz,3745.0,36.0
199975,11,3,,2019,10,18,4,3,5,7,0,0,1,0,1,0,0,0,"800164,3491","5832725,072","13,42913","52,56161",3030715.0,Heinersdorf,5066.0,56.0
199976,11,1,,2019,9,14,5,3,2,7,0,0,1,0,0,0,0,0,"795259,8063","5831726,628","13,3561","52,55534",1044102.0,Schillerpark,3964.0,39.0
199977,11,1,,2019,10,17,4,2,5,2,0,0,1,0,1,0,0,0,"794308,0391","5827029,377","13,33794","52,51375",1011102.0,Großer Tiergarten,3652.0,54.0
199978,11,5,,2019,10,17,4,3,2,6,0,0,1,0,0,0,0,1,"787212,2373","5829747,838","13,23602","52,54191",5030731.0,Gartenfelder Straße,2160.0,45.0
199979,11,7,,2019,9,18,5,3,2,6,1,0,1,0,0,0,0,0,"794711,604","5825757,821","13,34275","52,50213",7010101.0,Wittenbergplatz/Viktoria-Luise-Platz,3749.0,17.0
199980,11,8,,2019,10,16,4,3,6,2,0,0,1,1,0,0,0,0,"802488,7128","5823167,18","13,45462","52,47466",8010404.0,Rixdorf,5441.0,34.0
199981,11,1,,2019,10,16,4,3,0,1,0,0,0,0,0,0,1,1,"792911,4455","5828884,497","13,31905","52,53113",1022101.0,Huttenkiez,3357.0,62.0
199982,11,1,,2019,9,17,5,2,3,6,0,0,1,0,1,0,0,0,"796625,3592","5826185,085","13,37124","52,50493",1011104.0,Körnerstraße,4150.0,19.0
199983,11,8,,2019,10,16,4,3,1,5,0,1,1,0,0,0,0,1,"801769,0084","5822674,234","13,44361","52,47064",8010404.0,Rixdorf,5240.0,57.0
199984,11,2,,2019,9,14,5,3,3,6,0,0,1,0,1,0,0,0,"797064,0339","5824721,2","13,37638","52,49157",7010104.0,Dennewitzplatz,4246.0,53.0
199985,11,6,,2019,10,16,4,3,0,2,0,1,0,0,0,0,1,0,"792591,08","5817200,311","13,30409","52,42656",6030608.0,Schweizer Viertel,3127.0,61.0
199986,11,7,,2019,10,23,4,2,5,7,2,0,1,0,1,0,0,0,"793939,8717","5822533,833","13,32857","52,47365",7030301.0,Friedenau,3541.0,57.0
199987,11,12,,2019,9,18,5,3,5,2,0,1,1,0,0,0,0,0,"792907,5047","5835906,835","13,3252","52,59409",12301204.0,Wittenau Nord,3476.0,57.0
199988,11,8,,2019,10,16,4,3,5,3,0,1,0,0,1,0,0,0,"800950,6568","5824716,081","13,43345","52,48939",8010301.0,Reuterkiez,5145.0,46.0
199989,11,7,,2019,9,13,5,3,6,2,0,0,1,1,0,0,0,0,"794948,3978","5825411,972","13,34592","52,49891",7010102.0,Nollendorfplatz,3748.0,42.0
199990,11,1,,2019,10,22,4,3,0,7,2,0,0,1,0,0,1,0,"799844,9362","5827199,762","13,41945","52,51226",1011306.0,Heine-Viertel Ost,4852.0,45.0
199991,11,1,,2019,9,17,5,3,5,7,0,0,1,0,0,0,0,0,"797409,5746","5829164,38","13,38542","52,53121",1011401.0,Invalidenstraße,4357.0,21.0
199992,11,12,,2019,10,15,4,3,5,3,0,0,1,0,0,0,1,0,"793419,6062","5833379,383","13,3305","52,57115",12214421.0,Reinickes Hof,3569.0,53.0