ObjectID,State,District,LOR_ab_2021,AccidentYear,AccidentMonth,AccidentHour,DayOfWeek,AccidentCategory,AccidentType,AccidentTypeDetail,LightingCondition,InvolvingBike,InvolvingCar,InvolvingPedestrian,InvolvingMotorcycle,InvolvingHGV,InvolvingOther,RoadCondition,GraphicCoord1,GraphicCoord2,LongitudeWGS84,LatitudeWGS84,quadrant,quadrant_rank
199993,11,1,,2019,10,15,4,3,2,6,0,0,1,0,0,0,0,0,"794159,5826","5830311,935","13,33867","52,54326",1044101.0,Rehberge,3661.0,43.0
199994,11,4,,2019,9,17,5,3,1,5,0,0,1,0,1,0,0,0,"792314,307","5827249,026","13,30884","52,51679",4030620.0,Alt-Lietzow,3253.0,43.0
199995,11,1,,2019,9,13,5,3,2,2,0,1,1,0,0,0,0,0,"794635,2898","5830512,245","13,34584","52,54479",1044103.0,Westliche Müllerstraße,3761.0,56.0
199996,11,1,,2019,10,22,4,3,1,5,2,1,1,0,0,0,0,0,"795685,617","5830562,211","13,36133","52,54467",1044202.0,Sparrplatz,4061.0,48.0
199997,11,12,,2019,10,21,4,3,5,2,2,0,1,0,0,0,0,0,"792908,9831","5832163,636","13,32191","52,56053",12214424.0,Scharnweberstraße,3466.0,46.0
199998,11,4,,2019,9,17,5,3,2,6,0,0,1,0,0,0,0,0,"791330,6643","5822049,407","13,28984","52,4707",4041241.0,Breite Straße,2940.0,57.0
199999,11,3,,2019,10,13,4,2,6,4,0,0,1,1,0,0,0,1,"802668,0005","5832413,832","13,46567","52,55744",3050920.0,Weißer See,5565.0,65.0
200000,11,8,,2019,9,17,5,3,5,3,0,0,1,0,0,0,0,1,"801397,6758","5821869,302","13,43744","52,46363",8010214.0,Glasower Straße,5138.0,54.0
200001,11,1,,2019,10,13,4,3,2,6,0,0,1,0,0,0,1,0,"798851,5135","5826639,107","13,40435","52,50778",2010102.0,Mehringplatz,4651.0,31.0
200002,11,3,,2019,10,13,4,3,2,6,0,0,1,0,0,1,0,0,"796902,1679","5833845,709","13,38215","52,57344",3040513.0,Schönholz,4370.0,59.0
200003,11,9,,2019,9,0,5,3,1,1,2,0,1,0,0,0,0,1,"808904,775","5815634,015","13,54183","52,40356",9030903.0,Kölner Viertel,6720.0,65.0
200004,11,7,,2019,10,12,4,2,4,6,0,0,1,0,0,0,0,0,"799508,0176","5821801,855","13,40964","52,46406",7040405.0,Rathaus Tempelhof,4738.0,58.0
200005,11,8,,2019,10,20,4,3,6,2,2,0,1,1,0,0,0,0,"800682,8737","5824118,203","13,42897","52,48418",8010303.0,Donaustraße,5044.0,14.0
200006,11,2,,2019,9,7,5,3,0,1,0,1,0,0,0,0,0,1,"799234,8326","5826244,169","13,40962","52,50403",2010103.0,Moritzplatz,4749.0,23.0
200007,11,6,,2019,10,12,4,3,6,2,0,0,1,1,0,0,0,1,"794133,1764","5820815,639","13,32989","52,45814",6010208.0,Bergstraße,3536.0,43.0
200008,11,9,,2019,9,8,5,2,0,1,0,0,0,0,1,0,0,1,"818241,87","5820701,209","13,68344","52,44361",9051801.0,Rahnsdorf/Hessenwinkel,8832.0,65.0
200009,11,3,,2019,10,20,4,3,5,3,2,1,1,0,0,0,0,0,"800076,2618","5832605,133","13,42772","52,56058",3040818.0,Pankow Süd,5066.0,56.0
200010,11,8,,2019,10,11,4,2,5,3,0,0,1,0,0,0,0,1,"803003,8207","5819366,821","13,45874","52,44031",8040933.0,Vogelviertel Süd,5431.0,57.0
200011,11,2,,2019,9,1,5,2,0,1,2,1,0,0,0,0,0,1,"800091,2226","5825739,615","13,42175","52,49904",2030301.0,Oranienplatz,4948.0,23.0
200012,11,3,,2019,9,8,5,3,6,4,0,0,0,1,1,0,0,0,"796662,0878","5834126,834","13,37887","52,5761",3040513.0,Schönholz,4270.0,63.0
200013,11,3,,2019,10,11,4,3,5,3,0,0,1,0,0,0,0,1,"797830,0334","5835393,175","13,39719","52,58681",3020209.0,Niederschönhausen,4574.0,65.0
200014,11,1,,2019,10,18,4,3,2,6,2,1,1,0,0,0,0,0,"796911,3276","5828127,803","13,37717","52,52219",1011301.0,Charitéviertel,4255.0,45.0
200015,11,7,,2019,9,19,4,3,2,6,1,0,1,0,0,0,0,0,"798724,6512","5816027,788","13,39299","52,41273",7070701.0,Kettinger Straße/Schillerstraße,4423.0,52.0
200016,11,1,,2019,10,10,4,3,2,6,0,0,1,0,0,0,0,1,"793527,3741","5829190,739","13,32838","52,53355",1022101.0,Huttenkiez,3558.0,50.0
200017,11,2,,2019,9,10,4,3,0,3,0,1,0,0,0,0,0,0,"802029,2646","5827169,856","13,45151","52,51079",2050802.0,Boxhagener Platz,5351.0,36.0
200018,11,1,,2019,9,12,4,3,0,1,0,1,0,0,0,0,0,1,"798898,209","5827349,037","13,40567","52,51412",1011204.0,Leipziger Straße,4652.0,24.0
200019,11,1,,2019,10,8,4,3,5,2,0,1,1,0,0,0,0,1,"796916,9458","5830733,379","13,37958","52,54554",1033203.0,Humboldthain Nordwest,4262.0,53.0
200020,11,7,,2019,10,10,4,3,2,6,0,0,1,0,0,0,0,1,"794972,8259","5825118,917","13,34602","52,49626",7010102.0,Nollendorfplatz,3847.0,40.0
200021,11,2,,2019,9,9,4,3,5,3,0,1,1,0,0,0,0,1,"798183,347","5826499,56","13,39441","52,5069",2010102.0,Mehringplatz,4550.0,26.0
200022,11,1,,2019,10,8,4,3,5,2,0,1,1,0,0,0,0,1,"797622,8021","5827024,094","13,38664","52,5119",1011203.0,Unter den Linden Süd,4452.0,21.0
200023,11,3,,2019,9,16,4,3,5,3,0,0,1,0,0,0,0,1,"801251,6433","5833177,634","13,44553","52,56507",3030715.0,Heinersdorf,5267.0,58.0
200024,11,7,,2019,10,10,4,3,5,2,0,0,1,0,0,0,0,1,"798379,0754","5818418,79","13,39005","52,43435",7050502.0,Fritz-Werner-Straße,4429.0,58.0
200025,11,4,,2019,9,23,4,3,5,7,2,1,1,0,0,0,0,0,"792860,8025","5825287,913","13,31514","52,49892",4051446.0,Preußenpark,3348.0,36.0
200026,11,11,,2019,10,10,4,2,2,1,0,0,1,0,0,0,1,1,"804161,6423","5829837,567","13,48527","52,53351",11030720.0,Herzbergstraße,5858.0,54.0
200027,11,1,,2019,9,21,4,3,0,6,2,1,0,1,0,0,0,1,"797862,7502","5828741,636","13,3917","52,52717",1011302.0,Oranienburger Straße,4456.0,28.0
200028,11,2,,2019,10,8,4,3,0,2,0,1,1,0,0,0,0,1,"798747,8356","5824982,852","13,40134","52,49299",2020204.0,Urbanstraße,4646.0,50.0
200029,11,3,,2019,9,21,4,3,0,7,2,0,0,0,0,0,1,1,"799086,4931","5833834,763","13,41428","52,57215",3040614.0,Pankow Zentrum,4869.0,58.0
200030,11,2,,2019,10,8,4,2,5,2,0,0,1,0,1,0,0,1,"800283,8656","5827632,192","13,42628","52,5159",2040701.0,Andreasviertel,4953.0,49.0
200031,11,11,,2019,9,20,4,3,5,2,2,0,1,0,0,0,0,1,"806904,0089","5832625,874","13,52815","52,55697",11010205.0,Falkenberg West,6565.0,55.0
200032,11,11,,2019,10,10,4,2,0,1,0,1,0,0,0,0,0,1,"804354,9313","5829081,816","13,48742","52,52663",11030720.0,Herzbergstraße,5956.0,61.0
200033,11,1,,2019,9,20,4,3,6,4,2,0,1,1,0,0,0,1,"795452,4029","5831563,756","13,35879","52,55378",1044203.0,Leopoldplatz,3964.0,39.0
200034,11,8,,2019,10,6,4,3,8,1,2,0,1,0,0,0,0,1,"802493,9962","5820704,856","13,45247","52,45258",8020619.0,Buschkrugallee Nord,5334.0,54.0
200035,11,6,,2019,10,9,4,3,0,1,0,0,0,0,1,0,0,1,"793040,2059","5821522,584","13,31447","52,46507",6010103.0,Markelstraße,3338.0,53.0
200036,11,1,,2019,9,20,4,3,0,7,2,1,1,0,0,0,0,0,"795456,7177","5830145,365","13,35759","52,54106",1044202.0,Sparrplatz,3960.0,55.0
200037,11,9,,2019,10,9,4,3,2,4,0,0,1,1,0,0,0,1,"804763,7451","5822310,124","13,48723","52,46571",9010301.0,Baumschulenstraße,5938.0,65.0
200038,11,10,,2019,9,19,4,3,0,3,2,0,1,0,1,0,0,1,"807810,2725","5830799,053","13,53978","52,54008",10010310.0,Alt-Marzahn,6660.0,39.0
200039,11,4,,2019,10,9,4,2,6,4,0,0,1,1,0,0,0,1,"790382,4818","5827324,543","13,28052","52,5185",4020310.0,Park Ruhwald,2854.0,17.0
200040,11,10,,2019,10,16,4,3,2,6,0,0,1,0,0,0,1,0,"812179,7645","5831090,099","13,60428","52,5402",10020415.0,Hellersdorfer Promenade,7660.0,47.0
200041,11,1,,2019,9,19,4,2,6,4,2,0,0,1,0,0,1,0,"796594,5326","5828710,542","13,37304","52,52758",1022206.0,Lüneburger Straße,4256.0,57.0
200042,11,9,,2019,10,20,3,3,1,1,2,1,1,0,0,0,0,1,"811122,9864","5820269,323","13,57864","52,44384",9041501.0,Altstadt Kietz,7232.0,31.0
200043,11,2,,2019,9,19,4,3,5,2,2,1,1,0,0,0,0,1,"800190,7067","5824401,536","13,422","52,48699",2020206.0,Graefekiez,4944.0,25.0
200044,11,8,,2019,10,19,3,3,6,4,2,0,1,1,0,0,0,1,"802011,9034","5823483,93","13,44791","52,47776",8010404.0,Rixdorf,5342.0,38.0
200045,11,10,,2019,9,19,4,3,5,3,2,1,1,0,0,0,0,1,"812417,4698","5829366,807","13,60615","52,52463",10040828.0,Kaulsdorf Nord,7655.0,61.0
200046,11,11,,2019,10,20,3,3,5,2,2,1,1,0,0,0,0,1,"804093,8475","5825996,071","13,48076","52,49912",11051229.0,Rummelsburg,5848.0,53.0
200047,11,7,,2019,9,19,4,3,5,2,2,1,1,0,0,0,0,1,"793496,174","5822495,199","13,32202","52,47354",7030301.0,Friedenau,3441.0,51.0
200048,11,7,,2019,10,19,3,3,5,3,2,0,1,0,0,0,0,1,"795138,1739","5824105,711","13,34755","52,48709",7020203.0,Kaiser-Wilhelm-Platz,3844.0,58.0
200049,11,5,,2019,10,18,3,3,5,2,0,0,1,0,0,0,0,0,"784794,2366","5828793,417","13,19964","52,53462",5010314.0,Carl-Schurz-Straße,1658.0,8.0
200050,11,1,,2019,9,14,4,3,0,6,0,0,1,0,0,0,1,0,"797400,9106","5826956,933","13,38332","52,51142",1011201.0,Wilhelmstraße,4352.0,37.0
200051,11,1,,2019,9,18,4,3,1,1,1,0,1,0,0,0,0,1,"795744,9322","5831891,931","13,36338","52,55656",1044203.0,Leopoldplatz,4065.0,7.0
200052,11,3,,2019,10,15,3,3,5,2,0,1,1,0,0,0,0,0,"799138,9572","5830367,632","13,41192","52,54104",3061131.0,Falkplatz,4760.0,20.0
200053,11,12,,2019,9,17,4,2,5,3,0,0,1,0,0,0,1,1,"793592,9998","5832344,342","13,33213","52,56178",1044101.0,Rehberge,3566.0,39.0
200054,11,11,,2019,10,21,3,3,6,7,2,1,0,1,0,0,0,1,"806657,8028","5832305,105","13,52423","52,55423",11020411.0,Malchower Weg,6464.0,61.0
200055,11,2,,2019,9,17,4,3,5,3,0,1,1,0,0,0,0,1,"802847,0699","5826941,093","13,46331","52,50828",2050802.0,Boxhagener Platz,5551.0,40.0
200056,11,8,,2019,10,11,3,3,6,7,0,0,1,1,0,0,0,1,"801152,3426","5823781,701","13,43556","52,4809",8010303.0,Donaustraße,5143.0,6.0
200057,11,1,,2019,10,17,3,3,5,3,0,0,1,0,0,0,1,1,"795904,1559","5831965,867","13,36579","52,55714",1044203.0,Leopoldplatz,4065.0,7.0
200058,11,2,,2019,9,17,4,3,5,3,0,1,1,0,0,0,0,1,"798359,0802","5825560,264","13,39615","52,49838",2010102.0,Mehringplatz,4548.0,24.0
200059,11,1,,2019,9,17,4,3,5,3,0,1,1,0,0,0,0,1,"798682,18","5829453,767","13,40439","52,5331",1011402.0,Arkonaplatz,4658.0,28.0
200060,11,6,,2019,10,17,3,3,5,3,1,1,1,0,0,0,0,1,"794709,1216","5819452,267","13,33714","52,44561",6010206.0,Stadtpark,3632.0,57.0
200061,11,1,,2019,10,16,3,3,5,3,0,0,1,0,0,0,1,0,"795054,5128","5826301,441","13,34827","52,50682",1011101.0,Stülerstraße,3850.0,33.0
200062,11,7,,2019,9,17,4,3,5,3,0,1,1,0,0,0,0,1,"793952,6241","5822454,078","13,32868","52,47293",7030301.0,Friedenau,3540.0,51.0
200063,11,1,,2019,10,15,3,3,6,7,0,0,0,1,0,0,1,1,"797799,4788","5831148,903","13,39293","52,54878",1033201.0,Brunnenstraße,4463.0,27.0
200064,11,6,,2019,9,16,4,3,5,3,0,1,1,0,0,0,0,1,"787499,7932","5816884,497","13,22915","52,42643",6040702.0,Düppel,2027.0,62.0
200065,11,7,,2019,10,16,3,3,5,2,0,0,1,0,1,0,0,1,"794948,8556","5825407,18","13,34592","52,49886",7010102.0,Nollendorfplatz,3748.0,42.0
200066,11,6,,2019,10,15,3,3,0,3,0,1,1,0,0,0,0,1,"786664,5538","5817724,994","13,21762","52,4344",6040703.0,Nikolassee,1829.0,65.0
200067,11,2,,2019,9,20,4,2,0,1,2,0,0,0,1,0,0,1,"799796,5223","5825719,795","13,4174","52,49902",2010104.0,Wassertorplatz,4848.0,3.0
200068,11,4,,2019,10,15,3,3,0,1,0,0,1,0,0,0,1,1,"791803,7673","5825397,532","13,29971","52,50047",4030726.0,Droysenstraße,3148.0,24.0
200069,11,5,,2019,9,16,4,3,6,4,0,0,1,1,0,0,0,1,"781605,644","5830242,059","13,15398","52,54926",5010206.0,Gütersloher Weg,963.0,64.0
200070,11,5,,2019,10,15,3,3,0,7,0,0,0,0,1,0,0,1,"785201,5099","5829781,66","13,20648","52,54326",5010312.0,Kurstraße,1761.0,52.0
200071,11,4,,2019,9,16,4,3,0,6,0,0,1,0,1,0,0,1,"793467,4978","5824700,016","13,32354","52,49332",4051652.0,Nikolsburger Platz,3446.0,47.0
200072,11,4,,2019,10,15,3,2,5,2,0,0,1,0,0,0,0,1,"791475,626","5828279,112","13,29742","52,52647",4030518.0,Tegeler Weg,3056.0,54.0
200073,11,1,,2019,9,18,4,3,0,7,1,0,0,0,1,0,0,1,"796903,2427","5831902,881","13,38043","52,55603",1044201.0,Reinickendorfer Straße,4365.0,7.0
200074,11,4,,2019,10,15,3,3,2,6,0,1,1,0,0,0,0,0,"793741,6685","5826505,93","13,32916","52,50936",4030623.0,Ernst-Reuter-Platz,3551.0,40.0
200075,11,2,,2019,10,14,3,2,3,6,0,0,1,0,0,1,0,1,"801781,8902","5828940,067","13,44948","52,52679",2050601.0,Hausburgviertel,5356.0,13.0
200076,11,5,,2019,9,16,4,3,4,1,0,0,1,0,0,0,0,1,"787172,5177","5830660,967","13,23622","52,55011",5030730.0,Zitadellenweg,2163.0,61.0
200077,11,1,,2019,9,8,4,3,5,2,0,1,1,0,0,0,0,0,"794396,663","5827608,577","13,33976","52,51889",1022207.0,Hansaviertel,3754.0,59.0
200078,11,2,,2019,10,14,3,3,3,6,0,1,1,0,0,0,0,1,"801899,0922","5828928,055","13,45119","52,52662",2050601.0,Hausburgviertel,5356.0,13.0
200079,11,1,,2019,10,14,3,3,2,6,0,0,1,0,0,0,1,1,"795446,5156","5831558,236","13,3587","52,55373",1044203.0,Leopoldplatz,3964.0,39.0
200080,11,1,,2019,9,8,4,3,2,6,0,1,1,0,0,0,0,1,"797956,758","5827067,006","13,39159","52,51211",1011204.0,Leipziger Straße,4452.0,21.0
200081,11,5,,2019,10,14,3,3,5,3,0,1,1,0,0,0,0,1,"785075,1616","5829890,506","13,20471","52,54431",5010312.0,Kurstraße,1761.0,52.0
200082,11,2,,2019,9,16,4,3,8,1,0,0,1,1,0,0,0,1,"800735,7081","5826521,418","13,43192","52,50569",2030302.0,Lausitzer Platz,5050.0,37.0
200083,11,2,,2019,10,14,3,3,2,3,0,0,1,0,0,0,0,1,"800144,213","5827333,283","13,42396","52,51329",2040701.0,Andreasviertel,4952.0,44.0
200084,11,11,,2019,9,16,4,3,5,3,0,1,1,0,0,0,0,1,"804119,3978","5831903,769","13,48654","52,55206",11020513.0,Orankesee,5863.0,65.0
200085,11,4,,2019,10,14,3,3,5,2,0,1,1,0,0,0,0,1,"793881,2456","5826957,554","13,33161","52,51334",4030621.0,Spreestadt,3552.0,52.0
200086,11,6,,2019,9,16,4,3,0,6,0,0,0,0,1,0,0,1,"795531,0854","5819931,78","13,34962","52,44946",6010205.0,Südende,3833.0,63.0
200087,11,4,,2019,10,14,3,3,6,4,0,1,0,1,0,0,0,1,"792954,1806","5825471,501","13,31668","52,50051",4030930.0,George-Grosz-Platz,3348.0,36.0
200088,11,7,,2019,9,15,4,3,5,3,1,0,1,0,0,0,0,1,"797014,5451","5820706,501","13,37207","52,4556",7040403.0,Manteuffelstraße,4135.0,49.0
200089,11,7,,2019,10,13,3,3,2,6,0,0,1,0,1,0,0,1,"798247,0487","5818947,309","13,38859","52,43916",7050505.0,Hundsteinweg,4430.0,31.0
200090,11,5,,2019,9,15,4,3,2,6,0,0,1,0,0,0,0,1,"784464,525","5831704,002","13,19729","52,56089",5010103.0,Amorbacher Weg,1566.0,65.0
200091,11,4,,2019,10,13,3,3,2,6,0,0,1,0,0,0,0,1,"793170,7046","5826096,086","13,32041","52,506",4030828.0,Savignyplatz,3450.0,48.0
200092,11,4,,2019,10,12,3,3,2,6,0,0,1,0,0,0,0,1,"791942,6926","5824762,736","13,3012","52,4947",4051445.0,Eisenzahnstraße,3147.0,43.0
200093,11,6,,2019,9,12,4,3,2,6,0,0,1,0,0,0,1,1,"795709,649","5818214,576","13,35072","52,43397",6020301.0,Alt-Lankwitz,3829.0,50.0
200094,11,1,,2019,10,12,3,3,5,3,0,1,0,0,0,0,1,1,"796155,7813","5832271,126","13,36976","52,55974",1033101.0,Soldiner Straße,4166.0,53.0
200095,11,1,,2019,9,15,4,3,2,6,0,0,1,0,1,0,0,1,"796858,4989","5831940,532","13,3798","52,55639",1044201.0,Reinickendorfer Straße,4365.0,7.0
200096,11,12,,2019,10,11,3,3,2,3,0,0,1,0,0,0,1,1,"793589,4693","5836124,584","13,33543","52,59567",12301203.0,Wittenau Süd,3676.0,38.0
200097,11,2,,2019,9,12,4,3,5,3,0,1,1,0,0,0,0,1,"800769,0971","5828490,69","13,43419","52,52332",2040502.0,Friedenstraße,5155.0,43.0
200098,11,9,,2019,10,11,3,3,2,6,0,0,1,0,0,0,0,1,"813727,7986","5821729,166","13,61821","52,45543",9051702.0,Bölschestraße,7835.0,51.0
200099,11,10,,2019,9,12,4,3,0,1,0,0,0,0,1,0,0,1,"811443,6549","5828147,248","13,5907","52,51425",10040828.0,Kaulsdorf Nord,7452.0,59.0
200100,11,3,,2019,10,11,3,3,6,4,0,0,1,1,0,0,0,1,"799665,3943","5832817,343","13,42187","52,56271",3040818.0,Pankow Süd,4967.0,51.0
200101,11,4,,2019,10,8,3,2,5,7,0,0,1,0,0,0,0,1,"791700,0636","5827390,728","13,29994","52,51839",4030417.0,Schloßstraße,3154.0,20.0
200102,11,7,,2019,9,11,4,3,1,5,0,0,1,0,0,0,0,1,"795993,8277","5816303,913","13,3532","52,41669",7060601.0,Marienfelder Allee Nordwest,3924.0,64.0
200103,11,3,,2019,9,11,4,3,6,4,0,0,1,1,0,0,0,1,"800562,6648","5829814,307","13,43235","52,5353",3071639.0,Bötzowstraße,5059.0,35.0
200104,11,3,,2019,10,7,3,3,2,6,0,0,1,0,0,0,1,1,"803632,0852","5833484,405","13,48082","52,56649",3030716.0,Märchenland,5868.0,65.0
200105,11,9,,2019,10,7,3,2,6,4,0,0,1,1,0,0,0,1,"801482,6795","5824896,038","13,44142","52,49071",9010101.0,Elsenstraße,5246.0,59.0
200106,11,4,,2019,9,11,4,3,0,5,0,1,1,0,0,0,0,0,"790858,3168","5824442,692","13,28499","52,49241",4041134.0,Bismarckallee,2846.0,54.0
200107,11,11,,2019,10,11,3,3,5,2,0,0,1,0,0,0,1,1,"804136,3933","5831923,024","13,48681","52,55222",11020513.0,Orankesee,5864.0,63.0
200108,11,6,,2019,9,10,4,3,2,2,0,0,1,0,0,0,0,1,"795496,2539","5818348,159","13,34771","52,43529",6020303.0,Lankwitz Kirche,3829.0,50.0
200109,11,3,,2019,10,10,3,3,0,2,0,1,1,0,0,0,0,1,"797150,1966","5838895,354","13,39033","52,61857",3020203.0,Blankenfelde,4483.0,62.0
200110,11,9,,2019,10,7,3,3,5,3,0,1,1,0,0,0,0,1,"813761,843","5821714,099","13,6187","52,45528",9051702.0,Bölschestraße,7835.0,51.0
200111,11,7,,2019,9,10,4,3,2,2,0,0,1,0,0,0,0,1,"797861,339","5821928,636","13,38559","52,4661",7040403.0,Manteuffelstraße,4338.0,47.0
200112,11,2,,2019,10,10,3,3,6,2,0,0,1,1,0,0,0,1,"798318,183","5825553,265","13,39554","52,49834",2010102.0,Mehringplatz,4548.0,24.0
200113,11,1,,2019,10,5,3,3,2,6,2,0,1,0,0,1,0,1,"793678,4152","5828492,481","13,32998","52,52721",1022104.0,Emdener Straße,3556.0,48.0
200114,11,4,,2019,9,10,4,3,6,4,0,1,0,1,0,0,0,1,"790971,1836","5827411,072","13,28924","52,51896",4030415.0,Schloßgarten,2954.0,41.0
200115,11,4,,2019,10,9,3,3,5,3,0,1,1,0,0,0,0,1,"793354,4942","5824665,024","13,32185","52,49307",4051447.0,Ludwigkirchplatz,3446.0,47.0
200116,11,2,,2019,10,0,3,3,1,6,2,0,1,0,0,1,1,0,"798787,1055","5825577,628","13,40245","52,4983",2010104.0,Wassertorplatz,4648.0,37.0
200117,11,6,,2019,9,15,4,2,5,3,0,0,1,0,0,1,0,1,"793241,0818","5816839,532","13,31331","52,42298",6020409.0,Königsberger Straße,3326.0,55.0
200118,11,3,,2019,10,9,3,3,5,3,0,1,0,0,0,0,0,1,"800328,2903","5831640,141","13,43056","52,5518",3050923.0,Weißenseer Spitze,5063.0,29.0
200119,11,1,,2019,9,10,4,3,2,6,0,0,1,0,0,0,0,1,"797543,6459","5831285,593","13,38929","52,55015",1033102.0,Gesundbrunnen,4463.0,27.0
200120,11,11,,2019,9,9,2,3,2,6,0,0,1,0,0,0,0,1,"805754,5041","5833789,503","13,51232","52,56804",11010206.0,Wartenberg Süd,6268.0,60.0
200121,11,8,,2019,9,10,4,3,5,3,0,0,1,0,0,0,0,1,"802146,6713","5817751,715","13,4447","52,42631",8020728.0,Buckow Ost,5227.0,61.0
200122,11,1,,2019,9,16,2,2,1,5,0,0,1,0,1,0,0,1,"797110,0131","5828825,788","13,38072","52,52833",1011301.0,Charitéviertel,4357.0,21.0
200123,11,1,,2019,9,15,4,3,0,3,0,0,0,0,1,0,1,1,"796215,3732","5830763,58","13,36929","52,54619",1044201.0,Reinickendorfer Straße,4162.0,48.0
200124,11,10,,2019,9,15,2,3,5,2,0,0,1,0,0,0,0,0,"807798,8059","5830767,321","13,53959","52,5398",10010310.0,Alt-Marzahn,6660.0,39.0
200125,11,6,,2019,9,19,2,3,2,6,1,0,1,0,0,0,0,1,"795372,916","5819974,033","13,34734","52,44993",6010205.0,Südende,3834.0,50.0
200126,11,9,,2019,9,14,4,3,5,3,0,1,1,0,0,0,0,1,"807578,9646","5820222,779","13,52662","52,44543",9020602.0,Oberspree,6432.0,65.0
200127,11,1,,2019,9,9,4,3,2,6,0,0,1,0,0,0,0,1,"795917,4285","5831968,169","13,36599","52,55715",1044203.0,Leopoldplatz,4065.0,7.0
200128,11,6,,2019,9,19,2,3,5,3,2,1,1,0,0,0,0,1,"792650,2787","5815228,62","13,30324","52,40885",6020408.0,Lichterfelde Süd,3122.0,65.0
200129,11,10,,2019,9,17,2,3,5,2,0,1,1,0,0,0,0,0,"813776,1244","5830051,234","13,62676","52,52998",10040931.0,Mahlsdorf Nord,7957.0,59.0
200130,11,4,,2019,9,14,4,3,3,6,0,0,1,0,0,0,0,1,"789986,3481","5826171,13","13,27369","52,50837",4020311.0,Reichsstraße,2751.0,29.0
200131,11,4,,2019,9,18,2,3,2,6,0,0,1,0,0,0,0,1,"791895,1351","5823949,349","13,29979","52,48743",4041137.0,Flinsberger Platz,3145.0,38.0
200132,11,12,,2019,9,14,4,3,0,7,0,0,0,0,1,0,0,1,"788914,9331","5836114,599","13,2666","52,59808",12214528.0,Tegeler Forst,2677.0,65.0
200133,11,1,,2019,9,17,2,3,5,3,2,0,1,0,0,0,0,0,"798135,0324","5827009,464","13,39415","52,51149",1011204.0,Leipziger Straße,4552.0,62.0
200134,11,10,,2019,9,13,4,3,6,2,0,0,1,1,0,0,0,0,"812237,7694","5830686,179","13,60475","52,53655",10020414.0,Helle Mitte,7659.0,42.0
200135,11,4,,2019,9,14,2,3,5,7,0,0,1,0,0,0,0,1,"792479,4033","5824008,287","13,30842","52,48765",4051549.0,Rathaus Wilmersdorf,3245.0,33.0
200136,11,4,,2019,9,12,4,3,4,6,0,0,1,0,0,0,0,0,"793319,8618","5823075,814","13,31994","52,47884",4051551.0,Brabanter Platz,3442.0,43.0
200137,11,4,,2019,10,18,4,3,0,4,1,1,0,1,0,0,0,1,"792718,6679","5825876,242","13,31357","52,50427",4030929.0,Hindemithplatz,3349.0,12.0
200138,11,1,,2019,10,18,4,3,0,3,1,1,1,0,0,0,0,1,"795112,6454","5826491,871","13,34929","52,5085",1011101.0,Stülerstraße,3851.0,47.0
200139,11,9,,2019,10,12,4,3,6,4,0,0,1,1,0,0,0,0,"806729,7071","5822299,784","13,51607","52,46452",9020502.0,Oberschöneweide Ost,6338.0,60.0
200140,11,5,,2019,10,17,4,3,2,6,0,0,1,0,0,0,1,1,"786514,4799","5829203,901","13,22529","52,5374",5030730.0,Zitadellenweg,2059.0,42.0
200141,11,1,,2019,10,17,4,3,2,6,0,0,1,0,0,0,0,1,"798471,1312","5829052,99","13,40092","52,52963",1011302.0,Oranienburger Straße,4657.0,9.0
200142,11,1,,2019,10,0,4,2,0,1,2,0,0,0,1,0,0,0,"798625,6807","5829487,754","13,40359","52,53344",1011402.0,Arkonaplatz,4658.0,28.0
200143,11,7,,2019,10,11,4,3,5,3,0,1,1,0,0,0,0,1,"796273,1528","5823229,024","13,36344","52,47862",7020204.0,Schöneberger Insel,4042.0,56.0
200144,11,4,,2019,10,11,4,2,6,2,0,0,1,1,0,0,0,1,"792043,3416","5822453,54","13,30065","52,47395",4041342.0,Schlangenbader Straße,3141.0,61.0
200145,11,3,,2019,10,11,4,3,2,6,0,0,1,0,1,0,0,1,"799274,8978","5831102,763","13,41458","52,54756",3061332.0,Helmholtzplatz,4862.0,43.0
200146,11,9,,2019,10,9,4,3,5,3,0,1,1,0,0,0,0,1,"810258,0031","5820350,587","13,56603","52,44506",9020802.0,Köllnische Vorstadt,7032.0,50.0
200147,11,1,,2019,10,9,4,3,5,7,0,0,0,0,1,0,1,1,"796748,1636","5830490,221","13,37688","52,54345",1033203.0,Humboldthain Nordwest,4261.0,37.0
200148,11,3,,2019,10,9,4,3,1,5,0,1,0,0,0,1,0,1,"799958,3374","5831098,264","13,42463","52,54714",3061227.0,Humannplatz,4962.0,45.0
200149,11,5,,2019,10,9,4,3,2,6,0,0,1,0,0,0,1,1,"785317,6071","5829279,719","13,20775","52,5387",5010314.0,Carl-Schurz-Straße,1760.0,43.0
200150,11,3,,2019,10,9,4,3,5,2,0,1,1,0,0,0,0,1,"799841,1317","5830806,315","13,42264","52,54459",3061332.0,Helmholtzplatz,4961.0,45.0
200151,11,12,,2019,10,8,4,3,5,3,0,0,1,0,0,0,0,1,"793405,6053","5837764,441","13,33417","52,61047",12302212.0,Rollbergesiedlung,3681.0,62.0
200152,11,1,,2019,10,8,4,3,0,7,0,0,1,0,0,0,1,1,"797010,5902","5828950,046","13,37937","52,5295",1011301.0,Charitéviertel,4257.0,20.0