ObjectID,State,District,LOR_ab_2021,AccidentYear,AccidentMonth,AccidentHour,DayOfWeek,AccidentCategory,AccidentType,AccidentTypeDetail,LightingCondition,InvolvingBike,InvolvingCar,InvolvingPedestrian,InvolvingMotorcycle,InvolvingHGV,InvolvingOther,RoadCondition,GraphicCoord1,GraphicCoord2,LongitudeWGS84,LatitudeWGS84,quadrant,quadrant_rank
200153,11,9,,2019,10,8,4,3,0,3,0,0,1,0,1,0,0,1,"807645,5182","5819363,087","13,52681","52,43768",9020701.0,Adlershof West,6430.0,58.0
200154,11,4,,2019,10,7,4,3,5,5,0,1,1,0,0,0,0,1,"793436,0985","5823414,389","13,32195","52,48181",4051656.0,Hildegardstraße,3443.0,52.0
200155,11,3,,2019,10,7,4,3,6,4,1,0,0,1,1,0,0,0,"800474,667","5832367,35","13,43337","52,55823",3030715.0,Heinersdorf,5065.0,44.0
200156,11,8,,2019,10,6,4,3,5,2,2,1,1,0,0,0,0,0,"801414,1694","5820246,761","13,43621","52,44908",8020622.0,Parchimer Allee,5133.0,32.0
200157,11,4,,2019,10,19,4,1,6,4,2,0,1,1,1,0,0,1,"791137,1018","5822803,45","13,28765","52,47757",4041238.0,Kissinger Straße,2942.0,62.0
200158,11,9,,2019,10,15,3,3,3,6,0,1,0,0,0,0,0,0,"810875,361","5820304,965","13,57504","52,4443",9041501.0,Altstadt Kietz,7232.0,31.0
200159,11,2,,2019,10,18,3,3,0,1,1,0,0,0,1,0,0,0,"799892,0602","5825139,923","13,41828","52,49377",2020206.0,Graefekiez,4846.0,41.0
200160,11,3,,2019,10,15,3,2,5,3,0,1,1,0,0,0,0,0,"801256,3256","5831050,732","13,44367","52,546",3061228.0,Erich-Weinert-Straße,5262.0,43.0
200161,11,2,,2019,10,22,3,3,1,5,2,1,1,0,0,0,1,0,"800667,1698","5826572,416","13,43096","52,50619",2030302.0,Lausitzer Platz,5050.0,37.0
200162,11,1,,2019,10,22,3,3,3,6,2,0,1,0,1,0,0,0,"797007,7151","5828948,062","13,37932","52,52949",1011301.0,Charitéviertel,4257.0,20.0
200163,11,1,,2019,10,13,4,3,6,2,0,0,1,1,0,0,0,1,"796641,4031","5826647,515","13,37189","52,50906",1011105.0,Nördlicher Landwehrkanal,4151.0,37.0
200164,11,2,,2019,10,21,3,3,1,5,2,1,1,0,0,0,0,0,"802259,5542","5827115,811","13,45484","52,51018",2050802.0,Boxhagener Platz,5451.0,41.0
200165,11,4,,2019,10,20,3,3,5,7,2,1,1,0,0,0,0,0,"791451,4074","5825070,281","13,29425","52,49772",4031032.0,Halensee,3048.0,43.0
200166,11,7,,2019,10,20,3,3,2,6,2,0,1,0,0,0,0,0,"798464,1604","5819031,153","13,39185","52,4398",7050505.0,Hundsteinweg,4431.0,51.0
200167,11,1,,2019,10,18,3,3,0,1,1,0,0,0,1,0,0,0,"797160,6567","5831885,235","13,3842","52,55573",1033102.0,Gesundbrunnen,4365.0,7.0
200168,11,5,,2019,10,16,3,3,0,4,0,0,0,1,0,0,1,0,"785919,7154","5831523,611","13,21854","52,55851",5010101.0,Hakenfelde Nord,1965.0,61.0
200169,11,10,,2019,10,15,3,3,5,2,0,0,1,0,0,0,1,0,"807798,7167","5830767,319","13,53958","52,5398",10010310.0,Alt-Marzahn,6660.0,39.0
200170,11,9,,2019,10,15,3,3,4,6,0,0,1,0,0,0,0,0,"810088,2422","5823486,426","13,56645","52,47326",9052001.0,Köpenick Nord,7040.0,65.0
200171,11,1,,2019,10,11,3,2,0,5,0,0,1,0,1,0,1,0,"797014,9262","5826591,851","13,37732","52,50836",1011201.0,Wilhelmstraße,4251.0,2.0
200172,11,7,,2019,10,14,3,3,1,5,0,1,0,0,1,0,0,0,"795508,3041","5824981,757","13,35376","52,49475",7010102.0,Nollendorfplatz,3947.0,56.0
200173,11,11,,2019,10,11,3,2,5,3,0,0,1,1,0,0,0,0,"803863,519","5828372,239","13,47955","52,52055",11030721.0,Rüdigerstraße,5754.0,53.0
200174,11,6,,2019,10,11,3,3,0,1,0,1,0,0,0,0,0,1,"792211,6199","5819436,844","13,30048","52,44681",6030605.0,Botanischer Garten,3133.0,56.0
200175,11,9,,2019,10,11,3,3,5,2,0,1,0,0,0,1,0,0,"806598,0389","5822779,1","13,51458","52,46889",9020501.0,Oberschöneweide West,6339.0,60.0
200176,11,1,,2019,10,11,3,3,5,2,0,1,0,0,0,0,0,0,"798332,9919","5828961,324","13,39881","52,52888",1011302.0,Oranienburger Straße,4557.0,40.0
200177,11,5,,2019,10,10,3,3,5,2,0,1,1,0,0,0,0,0,"784591,0754","5827964,067","13,19594","52,52729",5020626.0,Adamstraße,1556.0,46.0
200178,11,4,,2019,10,9,3,3,1,5,0,1,1,0,0,0,0,1,"793181,3353","5822105,481","13,31705","52,47022",4041344.0,Rüdesheimer Platz,3340.0,62.0
200179,11,1,,2019,10,8,3,3,5,3,0,1,0,1,0,0,0,0,"797465,2644","5826813,493","13,38414","52,5101",1011201.0,Wilhelmstraße,4351.0,43.0
200180,11,4,,2019,10,8,3,3,2,6,0,0,1,0,0,0,0,0,"793329,0983","5826683,639","13,32325","52,51118",4030623.0,Ernst-Reuter-Platz,3452.0,33.0
200181,11,1,,2019,10,9,3,3,4,6,0,1,1,0,0,0,0,0,"800152,6886","5826865,621","13,42367","52,5091",1011306.0,Heine-Viertel Ost,4951.0,32.0
200182,11,3,,2019,10,14,3,3,6,4,0,1,0,1,0,0,0,0,"798825,1704","5829228,28","13,40629","52,531",3071536.0,Teutoburger Platz,4657.0,9.0
200183,11,1,,2019,10,8,3,3,2,2,0,1,1,0,0,0,0,0,"797862,3539","5826764,054","13,38993","52,50944",1011204.0,Leipziger Straße,4451.0,11.0
200184,11,7,,2019,10,14,3,3,6,7,0,0,0,1,0,0,1,0,"799317,5044","5819052,71","13,40438","52,43952",7050505.0,Hundsteinweg,4631.0,55.0
200185,11,1,,2019,10,18,3,3,0,2,1,0,1,0,1,0,0,0,"792670,068","5828529,83","13,31519","52,52808",1022101.0,Huttenkiez,3356.0,56.0
200186,11,1,,2019,10,14,3,3,2,6,0,0,1,0,0,0,0,0,"795770,4729","5825718,429","13,35827","52,50121",1011103.0,Lützowstraße,3949.0,53.0
200187,11,9,,2019,10,8,3,3,0,3,0,0,1,0,1,0,0,0,"806122,9184","5820089,933","13,50514","52,44505",9010401.0,Johannisthal West,6132.0,56.0
200188,11,2,,2019,10,7,3,2,2,6,0,0,1,0,1,0,0,0,"799874,8651","5825697,773","13,41853","52,49878",2010104.0,Wassertorplatz,4848.0,3.0
200189,11,10,,2019,10,18,3,3,2,7,1,0,1,0,0,0,0,0,"809787,9007","5834082,526","13,57191","52,56839",10010102.0,Havemannstraße,7168.0,60.0
200190,11,5,,2019,10,7,3,3,0,6,0,0,1,0,1,0,0,0,"787627,7566","5829396,506","13,24182","52,53854",5030731.0,Gartenfelder Straße,2260.0,56.0
200191,11,5,,2019,10,6,3,3,5,3,1,1,1,0,0,0,0,0,"785135,0443","5829611,911","13,20535","52,54178",5010312.0,Kurstraße,1760.0,43.0
200192,11,5,,2019,10,17,3,3,5,2,0,1,1,0,0,0,0,0,"783238,72","5830269,678","13,17803","52,54866",5010209.0,An der Kappe,1362.0,55.0
200193,11,2,,2019,10,17,3,3,5,3,0,1,0,0,0,1,0,0,"800618,4866","5827307,795","13,43091","52,5128",2040701.0,Andreasviertel,5052.0,43.0
200194,11,8,,2019,10,13,3,3,2,6,0,0,1,0,0,0,0,0,"800911,1282","5824250,323","13,43244","52,48524",8010301.0,Reuterkiez,5044.0,14.0
200195,11,1,,2019,10,17,3,3,5,2,0,0,1,0,1,0,0,0,"794670,9582","5829772,421","13,34571","52,53814",1022103.0,Westhafen,3759.0,54.0
200196,11,12,,2019,10,12,3,3,6,2,0,0,0,1,0,0,1,0,"792107,2958","5837666,818","13,31497","52,61029",12301205.0,Waidmannslust,3380.0,63.0
200197,11,8,,2019,10,15,3,3,2,6,0,0,1,0,0,0,0,0,"801314,3612","5819571,856","13,43414","52,44308",8020622.0,Parchimer Allee,5132.0,38.0
200198,11,3,,2019,10,12,3,3,5,2,0,0,0,0,1,0,1,0,"800501,4711","5830759,314","13,43231","52,54381",3061228.0,Erich-Weinert-Straße,5061.0,55.0
200199,11,9,,2019,10,16,3,3,2,6,0,0,0,0,0,0,1,0,"805361,1524","5822407,533","13,49609","52,46625",9020601.0,Schnellerstraße,6038.0,59.0
200200,11,7,,2019,10,21,2,2,5,3,2,0,1,0,1,0,0,0,"798894,8264","5821207,113","13,40011","52,45907",7040405.0,Rathaus Tempelhof,4636.0,53.0
200201,11,4,,2019,10,21,2,3,6,7,2,0,0,1,0,1,0,0,"791118,8734","5829405,361","13,29316","52,53676",4010101.0,Jungfernheide,3059.0,57.0
200202,11,1,,2019,10,20,2,3,2,6,2,1,1,0,0,0,0,0,"795338,5265","5829445,6","13,35523","52,53485",1022201.0,Stephankiez,3958.0,60.0
200203,11,2,,2019,10,19,2,3,5,2,2,1,1,0,0,0,0,0,"802107,3253","5827355,98","13,45282","52,51241",2050802.0,Boxhagener Platz,5352.0,35.0
200204,11,3,,2019,10,18,2,3,2,2,1,1,1,0,0,0,0,0,"802329,7699","5829224,175","13,45779","52,52903",3061430.0,Volkspark Prenzlauer Berg,5457.0,20.0
200205,11,1,,2019,10,18,2,3,6,4,1,1,0,1,0,0,0,0,"797045,2766","5826555,838","13,37774","52,50802",1011201.0,Wilhelmstraße,4251.0,2.0
200206,11,4,,2019,10,18,2,3,5,2,1,1,1,0,0,0,0,0,"790689,9757","5822707,533","13,28101","52,47694",4041136.0,Hagenplatz,2842.0,47.0
200207,11,1,,2019,10,17,2,3,5,2,0,1,1,0,0,0,0,0,"796123,0942","5826718,675","13,36433","52,50998",1011105.0,Nördlicher Landwehrkanal,4051.0,54.0
200208,11,8,,2019,10,17,2,2,1,5,0,0,1,0,0,0,0,0,"801452,2462","5818597,585","13,43528","52,43427",8020625.0,Handwerker-Siedlung,5129.0,63.0
200209,11,12,,2019,10,17,2,3,1,5,1,0,1,0,0,0,0,0,"794819,1969","5833121,055","13,35086","52,56808",12103218.0,Teichstraße,3868.0,48.0
200210,11,6,,2019,10,16,2,2,0,6,0,0,1,0,0,0,1,0,"793399,2935","5820373,386","13,31873","52,45457",6010101.0,Fichtenberg,3335.0,47.0
200211,11,10,,2019,10,15,2,3,5,2,0,1,0,0,0,0,1,0,"807934,6073","5829198,169","13,54013","52,52566",10010309.0,Springpfuhl,6656.0,56.0
200212,11,3,,2019,10,15,2,3,5,7,0,0,0,0,0,0,1,0,"799096,8184","5830247,01","13,4112","52,53999",3071536.0,Teutoburger Platz,4760.0,20.0
200213,11,2,,2019,10,15,2,2,6,4,0,0,1,1,0,0,0,0,"798285,1742","5826523,385","13,39592","52,50705",2010102.0,Mehringplatz,4550.0,26.0
200214,11,2,,2019,10,9,2,3,2,2,0,1,1,0,0,0,0,0,"798622,0509","5825120,332","13,39961","52,49429",2020204.0,Urbanstraße,4547.0,11.0
200215,11,11,,2019,10,15,2,3,5,5,0,0,1,0,0,0,0,0,"806148,7743","5825141,232","13,51016","52,49031",11051330.0,Karlshorst West,6245.0,65.0
200216,11,8,,2019,10,15,2,3,0,6,0,1,0,0,0,0,1,0,"801954,6417","5824578,349","13,44806","52,4876",8010302.0,Bouchéstraße,5345.0,59.0
200217,11,5,,2019,10,11,2,2,5,3,0,1,0,0,1,0,0,0,"783923,89","5828516,799","13,18661","52,53259",5020625.0,Borkumer Straße,1458.0,51.0
200218,11,9,,2019,10,11,2,3,0,6,0,1,0,0,0,0,1,0,"814203,663","5821471,993","13,62495","52,45286",9051702.0,Bölschestraße,7934.0,54.0
200219,11,9,,2019,10,11,2,2,0,7,0,1,0,0,0,0,0,0,"811923,8645","5820624,038","13,59072","52,44656",9041401.0,Allende I,7433.0,61.0
200220,11,1,,2019,10,15,2,3,2,6,0,0,1,0,1,0,0,0,"797711,577","5829672,206","13,39032","52,53559",1033202.0,Humboldthain Süd,4459.0,28.0
200221,11,2,,2019,10,8,2,3,2,6,0,0,1,0,1,0,0,0,"803278,0457","5826314,732","13,46907","52,50243",2050803.0,Stralauer Kiez,5649.0,33.0
200222,11,5,,2019,10,14,2,3,2,2,0,0,1,0,0,0,0,0,"788016,4793","5829392,203","13,24753","52,53829",5030731.0,Gartenfelder Straße,2359.0,44.0
200223,11,1,,2019,10,8,2,3,2,6,0,0,1,0,0,0,0,0,"795888,9531","5830458,619","13,36422","52,54363",1044202.0,Sparrplatz,4061.0,48.0
200224,11,12,,2019,10,7,2,3,5,2,0,0,1,0,0,0,0,0,"793352,346","5832935,645","13,32911","52,56721",12214424.0,Scharnweberstraße,3568.0,52.0
200225,11,7,,2019,10,13,2,3,2,3,0,0,1,0,1,0,0,0,"798081,7082","5814502,136","13,3822","52,39941",7060604.0,Marienfelde Süd,4319.0,61.0
200226,11,11,,2019,10,10,2,2,6,4,0,0,1,1,0,0,0,0,"804921,996","5831378,202","13,49786","52,5469",11020412.0,Hauptstraße,6062.0,52.0
200227,11,6,,2019,10,6,2,3,1,5,1,1,1,0,0,0,0,0,"792761,0765","5819039,585","13,3082","52,44296",6030609.0,Augustaplatz,3232.0,65.0
200228,11,4,,2019,10,10,2,3,5,2,0,0,1,0,0,0,0,0,"790960,5488","5824830,423","13,28683","52,49583",4031032.0,Halensee,2947.0,18.0
200229,11,8,,2019,10,14,2,3,6,2,0,0,1,1,0,0,0,0,"801120,0456","5821893,385","13,43338","52,464",8010118.0,Silbersteinstraße,5038.0,31.0
200230,11,3,,2019,10,6,2,3,5,3,2,1,1,0,0,0,0,1,"801742,0715","5829168,244","13,4491","52,52886",3061435.0,Conrad-Blenkle-Straße,5357.0,55.0
200231,11,9,,2019,10,10,2,3,5,5,0,0,1,0,0,0,0,0,"806237,8816","5821002,637","13,50767","52,45317",9010401.0,Johannisthal West,6235.0,41.0
200232,11,10,,2019,10,13,2,2,0,3,0,0,1,0,1,0,0,0,"807840,3894","5829077,415","13,53863","52,52464",10010309.0,Springpfuhl,6655.0,57.0
200233,11,4,,2019,10,10,2,3,5,2,0,0,1,0,1,0,0,0,"790538,1495","5827349,791","13,28283","52,51864",4020310.0,Park Ruhwald,2854.0,17.0
200234,11,4,,2019,10,13,2,3,5,3,0,1,1,0,0,0,0,0,"792075,5737","5828588,712","13,30651","52,52893",4030519.0,Kaiserin-Augusta-Allee,3257.0,57.0
200235,11,10,,2019,10,9,2,3,5,2,0,0,1,0,0,0,0,0,"810967,1152","5828193,981","13,58375","52,51494",10020622.0,Kaulsdorf Nord I,7353.0,59.0
200236,11,2,,2019,10,9,2,3,2,6,0,0,1,0,1,0,0,0,"798657,317","5825583,139","13,40055","52,49842",2010104.0,Wassertorplatz,4648.0,37.0
200237,11,3,,2019,10,12,2,2,5,3,0,1,1,0,0,0,0,0,"799133,853","5830368,056","13,41185","52,54105",3061131.0,Falkplatz,4760.0,20.0
200238,11,7,,2019,10,9,2,3,0,1,0,1,0,0,0,0,0,0,"797230,5003","5823036,913","13,37732","52,47638",7040401.0,Neu-Tempelhof,4241.0,63.0
200239,11,2,,2019,10,8,2,3,0,7,0,0,0,0,1,0,0,1,"798765,0024","5826177,331","13,40266","52,50369",2010102.0,Mehringplatz,4649.0,53.0
200240,11,7,,2019,10,12,2,3,2,6,0,0,1,0,0,0,0,0,"797298,332","5822660,079","13,37798","52,47296",7040401.0,Neu-Tempelhof,4240.0,51.0
200241,11,8,,2019,10,16,1,3,5,3,0,1,1,0,0,0,0,0,"800613,685","5823773,777","13,42765","52,48113",8010211.0,Flughafenstraße,5043.0,50.0
200242,11,3,,2019,10,22,1,2,3,6,2,1,0,0,0,0,1,0,"798724,7687","5833121,229","13,40831","52,56595",3040614.0,Pankow Zentrum,4768.0,57.0
200243,11,3,,2019,10,17,1,3,4,6,0,1,0,0,0,0,0,0,"800012,6048","5834827,181","13,4288","52,58054",3040614.0,Pankow Zentrum,5072.0,61.0
200244,11,9,,2019,10,16,1,3,2,6,0,0,1,0,0,0,0,1,"812097,3162","5819747,558","13,59244","52,43861",9041301.0,Kietzer Feld/Nachtheide,7430.0,57.0
200245,11,12,,2019,10,16,1,3,0,1,0,0,0,0,1,0,0,0,"795588,5991","5837241,421","13,36585","52,6046",12302109.0,Treuenbrietzener Straße,4079.0,62.0
200246,11,3,,2019,10,15,1,3,2,6,0,0,1,0,1,0,0,0,"796407,4275","5834670,146","13,37561","52,5811",3040512.0,Wilhelmsruh,4272.0,65.0
200247,11,1,,2019,10,15,1,2,2,6,0,0,1,0,1,0,0,0,"795161,1505","5825917,253","13,34949","52,50332",1011101.0,Stülerstraße,3849.0,22.0
200248,11,1,,2019,10,13,1,3,5,3,0,1,0,0,1,0,0,0,"796569,367","5826870,404","13,37103","52,5111",1011105.0,Nördlicher Landwehrkanal,4151.0,37.0
200249,11,12,,2019,10,13,1,3,5,2,0,0,1,0,0,0,1,0,"792904,9639","5832167,764","13,32185","52,56057",12214424.0,Scharnweberstraße,3466.0,46.0
200250,11,4,,2019,10,13,1,3,5,5,0,0,1,0,1,0,0,0,"792690,405","5824434,06","13,31189","52,49135",4051445.0,Eisenzahnstraße,3246.0,58.0
200251,11,4,,2019,10,12,1,3,2,6,0,0,1,0,0,0,0,0,"790518,7828","5826502,506","13,2818","52,51106",4020313.0,Königin-Elisabeth-Straße,2851.0,8.0
200252,11,8,,2019,10,11,1,3,6,2,0,0,1,1,0,0,0,0,"800320,9164","5816737,267","13,41702","52,41822",8020727.0,Buckow Mitte,4824.0,53.0
200253,11,3,,2019,10,10,1,3,5,3,0,0,1,0,0,0,0,0,"802999,4855","5832007,236","13,47017","52,55361",3051022.0,Hansastraße,5664.0,53.0
200254,11,11,,2019,10,9,1,3,5,7,0,1,1,0,0,0,0,0,"806299,9369","5833899,636","13,52044","52,56872",11010205.0,Falkenberg West,6368.0,50.0
200255,11,2,,2019,10,7,1,3,6,7,0,0,1,1,0,0,0,0,"800717,1537","5827070,231","13,43214","52,51062",2040701.0,Andreasviertel,5051.0,33.0
200256,11,4,,2019,10,6,1,3,5,7,2,0,1,0,0,0,0,0,"792499,8375","5830685,669","13,31459","52,5475",4010102.0,Plötzensee,3362.0,60.0
200257,11,1,,2019,10,22,1,3,5,3,2,0,1,0,0,0,0,1,"799767,4694","5826564,54","13,41774","52,50661",1011306.0,Heine-Viertel Ost,4850.0,38.0
200258,11,3,,2019,10,22,1,2,3,6,2,1,0,0,0,0,1,0,"798727,584","5833123,736","13,40836","52,56597",3040614.0,Pankow Zentrum,4768.0,57.0
200259,11,2,,2019,10,20,1,3,5,3,2,0,1,0,1,0,0,1,"800969,0399","5826064,615","13,43493","52,50147",2030302.0,Lausitzer Platz,5149.0,46.0
200260,11,4,,2019,10,20,1,3,0,1,2,1,0,0,0,0,0,0,"792637,25","5827412,208","13,31373","52,51808",4030620.0,Alt-Lietzow,3354.0,60.0
200261,11,4,,2019,10,16,4,3,5,2,0,0,1,0,1,0,0,1,"791871,996","5824727,729","13,30013","52,49442",4031032.0,Halensee,3147.0,43.0
200262,11,1,,2019,10,17,3,3,0,1,1,0,1,0,0,0,1,1,"797454,2812","5828850,246","13,3858","52,52837",1011301.0,Charitéviertel,4357.0,21.0
200263,11,4,,2019,10,19,1,3,0,1,2,0,0,0,1,0,0,1,"793388,9873","5821926,968","13,31995","52,4685",4041344.0,Rüdesheimer Platz,3439.0,54.0
200264,11,11,,2019,10,19,1,3,0,1,2,0,0,0,1,0,0,1,"803664,4455","5827433,484","13,47577","52,51224",2050801.0,Traveplatz,5752.0,11.0
200265,11,2,,2019,10,18,1,3,0,2,2,1,1,0,0,0,0,1,"799452,7651","5825659,489","13,4123","52,49867",2010104.0,Wassertorplatz,4748.0,28.0
200266,11,4,,2019,10,18,1,3,0,1,1,0,0,0,1,0,0,0,"793118,1093","5825589,628","13,31919","52,50148",4030930.0,George-Grosz-Platz,3449.0,40.0
200267,11,7,,2019,10,13,7,3,2,2,0,0,1,0,0,0,0,0,"797464,8657","5820309,025","13,37833","52,4518",7050501.0,Rathausstraße,4234.0,52.0
200268,11,6,,2019,10,13,7,3,2,2,0,0,1,0,0,0,0,0,"790399,4568","5820898,996","13,27517","52,46089",6040810.0,Dahlem,2737.0,55.0
200269,11,1,,2019,10,18,7,3,0,5,1,0,1,0,1,0,0,0,"794869,7904","5829770,779","13,34863","52,53802",1022103.0,Westhafen,3859.0,62.0
200270,11,2,,2019,10,15,4,2,6,4,0,0,1,1,0,0,0,1,"803260,8595","5826317,79","13,46882","52,50247",2050803.0,Stralauer Kiez,5649.0,33.0
200271,11,6,,2019,10,23,7,2,0,1,2,1,0,0,0,0,0,0,"792231,6245","5818664,829","13,3001","52,43988",6030610.0,Lichterfelde West,3131.0,59.0
200272,11,3,,2019,10,23,7,2,2,6,2,0,1,0,1,0,0,0,"801950,8495","5829754,33","13,4527","52,534",3061430.0,Volkspark Prenzlauer Berg,5358.0,56.0
200273,11,1,,2019,10,15,4,3,6,4,0,0,0,1,1,0,0,1,"798110,812","5828956,112","13,39554","52,52896",1011302.0,Oranienburger Straße,4557.0,40.0
200274,11,1,,2019,10,22,7,2,5,2,1,1,1,0,0,0,0,0,"794519,4647","5831564,763","13,34507","52,55429",1044101.0,Rehberge,3764.0,45.0
200275,11,8,,2019,10,21,7,3,5,2,2,0,1,0,0,0,1,0,"802396,2353","5824048,106","13,45406","52,4826",8010406.0,Treptower Straße Nord,5443.0,63.0
200276,11,4,,2019,10,22,7,3,5,2,2,0,1,0,0,0,1,0,"791253,327","5829731,046","13,29542","52,53961",4010101.0,Jungfernheide,3060.0,36.0
200277,11,1,,2019,10,22,7,3,6,2,2,0,1,1,0,0,0,0,"799212,8314","5826976,305","13,40996","52,51061",1011305.0,Heine-Viertel West,4751.0,61.0
200278,11,8,,2019,10,19,7,3,0,5,2,0,1,0,0,0,1,0,"801249,628","5821577,712","13,435","52,4611",8020619.0,Buschkrugallee Nord,5137.0,55.0
200279,11,1,,2019,10,18,7,3,1,5,2,0,1,0,0,0,1,0,"793695,2693","5832104,063","13,33342","52,55957",1044101.0,Rehberge,3666.0,49.0
200280,11,12,,2019,10,18,7,3,6,2,2,0,0,1,0,0,1,0,"790705,3386","5834318,303","13,29138","52,58103",12214125.0,Waldidyll/Flughafensee,2972.0,55.0
200281,11,12,,2019,10,16,7,2,5,3,0,1,1,0,0,0,0,0,"792374,8311","5837801,268","13,31903","52,61136",12301205.0,Waidmannslust,3381.0,45.0
200282,11,8,,2019,10,15,7,3,5,3,0,0,1,0,0,0,0,0,"802494,6983","5817963,473","13,45","52,42801",8030830.0,Gropiusstadt Süd,5327.0,45.0
200283,11,5,,2019,10,15,7,2,0,6,0,0,1,0,0,0,1,0,"784561,9674","5828221,894","13,19574","52,52961",5020625.0,Borkumer Straße,1557.0,28.0
200284,11,7,,2019,10,14,7,3,5,2,0,1,1,0,0,0,0,0,"797595,9221","5815555,83","13,37602","52,40912",7060604.0,Marienfelde Süd,4222.0,53.0
200285,11,7,,2019,10,14,7,3,5,7,0,0,1,0,1,0,0,0,"794953,8235","5825404,052","13,34599","52,49883",7010102.0,Nollendorfplatz,3848.0,36.0
200286,11,10,,2019,10,13,7,3,0,6,0,0,1,0,0,0,1,0,"808006,3209","5831072,675","13,54292","52,54242",10010207.0,Marzahner Promenade,6761.0,58.0
200287,11,4,,2019,10,12,7,3,5,3,0,1,0,0,1,0,0,0,"792731,2633","5826591,302","13,31439","52,51067",4030827.0,Karl-August-Platz,3351.0,63.0
200288,11,10,,2019,10,12,7,3,5,2,0,0,0,0,0,0,1,0,"811315,9233","5829840,502","13,59041","52,5295",10020620.0,Kaulsdorf Nord II,7457.0,61.0
200289,11,9,,2019,10,12,7,3,5,3,0,1,1,0,0,0,0,0,"807643,3487","5819360,774","13,52677","52,43767",9020701.0,Adlershof West,6430.0,58.0
200290,11,6,,2019,10,12,7,3,5,3,0,0,1,0,0,0,0,0,"793420,2249","5820913,372","13,31951","52,4594",6010102.0,Schloßstraße,3436.0,49.0
200291,11,11,,2019,10,11,7,3,5,3,0,1,1,0,0,0,0,0,"806845,3531","5826253,121","13,52141","52,49988",11041128.0,Sewanstraße,6448.0,65.0
200292,11,11,,2019,10,11,7,3,3,6,0,1,0,0,0,0,1,0,"805194,9492","5829081,116","13,49976","52,52616",11030720.0,Herzbergstraße,6056.0,54.0
200293,11,11,,2019,10,10,7,3,3,6,0,1,1,0,0,0,0,0,"804223,9317","5828690,198","13,48514","52,5232",11030721.0,Rüdigerstraße,5855.0,64.0
200294,11,3,,2019,10,10,7,3,5,3,0,0,1,0,0,0,0,0,"801082,3124","5833978,25","13,44377","52,57234",3030715.0,Heinersdorf,5269.0,57.0
200295,11,11,,2019,10,10,7,3,0,3,0,0,1,0,1,0,0,0,"806287,3277","5834076,302","13,52042","52,57031",11010206.0,Wartenberg Süd,6369.0,61.0
200296,11,4,,2019,10,9,7,3,5,7,0,0,1,0,1,0,0,0,"792077,9356","5828393,753","13,30637","52,52718",4030519.0,Kaiserin-Augusta-Allee,3256.0,49.0
200297,11,8,,2019,10,1,7,3,5,3,2,0,1,0,1,0,0,0,"800733,3393","5825055,919","13,43056","52,49256",8010301.0,Reuterkiez,5046.0,45.0
200298,11,5,,2019,10,0,7,3,6,4,2,0,1,1,0,0,0,0,"784897,416","5828752,34","13,20112","52,5342",5010314.0,Carl-Schurz-Straße,1658.0,8.0
200299,11,2,,2019,10,19,6,3,0,6,2,0,1,0,1,0,0,0,"800872,5704","5828502,726","13,43572","52,52337",2040502.0,Friedenstraße,5155.0,43.0
200300,11,1,,2019,10,10,6,2,6,4,0,1,0,1,0,0,0,1,"797363,8398","5827731,613","13,38347","52,51839",1011202.0,Unter den Linden Nord,4354.0,42.0
200301,11,11,,2019,10,20,6,3,6,4,2,0,1,1,0,0,0,1,"805608,7531","5824270,522","13,50143","52,48281",11051229.0,Rummelsburg,6143.0,61.0
200302,11,1,,2019,10,14,6,3,5,7,0,1,0,0,0,0,1,0,"800348,9418","5826766,45","13,42646","52,5081",1011306.0,Heine-Viertel Ost,4951.0,32.0
200303,11,5,,2019,10,13,6,3,5,2,0,0,1,0,0,0,0,0,"784146,5098","5827321,068","13,18886","52,52175",5020626.0,Adamstraße,1455.0,54.0
200304,11,8,,2019,10,13,6,3,2,6,0,0,1,0,0,0,0,0,"801810,3461","5821959,1","13,44357","52,4642",8010214.0,Glasower Straße,5238.0,46.0
200305,11,11,,2019,10,19,6,2,5,3,2,0,1,0,0,0,1,1,"803258,7649","5829611,208","13,4718","52,53199",11030618.0,Fennpfuhl West,5658.0,55.0
200306,11,1,,2019,10,10,6,3,0,6,0,1,1,0,0,0,0,0,"795434,827","5829536,095","13,35673","52,53561",1022201.0,Stephankiez,3959.0,52.0
200307,11,6,,2019,10,19,6,3,5,3,2,0,1,0,0,0,0,1,"796556,9487","5818899,652","13,36376","52,43966",6020301.0,Alt-Lankwitz,4031.0,65.0
200308,11,3,,2019,10,19,6,3,1,5,2,1,1,0,0,0,0,1,"799316,1322","5830073,473","13,41426","52,53831",3071537.0,Kollwitzplatz,4859.0,52.0
200309,11,2,,2019,10,17,6,3,5,2,1,1,1,0,0,0,0,1,"801453,5564","5826033,276","13,44202","52,50092",2030302.0,Lausitzer Platz,5249.0,5.0
200310,11,4,,2019,10,19,6,3,5,2,2,1,1,0,0,0,0,1,"790330,8425","5827537,8","13,27994","52,52044",4020310.0,Park Ruhwald,2854.0,17.0
200311,11,12,,2019,10,6,6,3,2,6,1,0,1,0,0,0,0,0,"786047,1777","5839154,672","13,227","52,62686",12224230.0,Heiligensee,2085.0,63.0