ObjectID,State,District,LOR_ab_2021,AccidentYear,AccidentMonth,AccidentHour,DayOfWeek,AccidentCategory,AccidentType,AccidentTypeDetail,LightingCondition,InvolvingBike,InvolvingCar,InvolvingPedestrian,InvolvingMotorcycle,InvolvingHGV,InvolvingOther,RoadCondition,GraphicCoord1,GraphicCoord2,LongitudeWGS84,LatitudeWGS84,quadrant,quadrant_rank
200312,11,2,,2019,10,12,4,3,0,3,0,1,1,0,0,0,0,1,"802065,394","5827160,95","13,45203","52,51069",2050802.0,Boxhagener Platz,5351.0,36.0
200313,11,6,,2019,10,18,6,3,5,3,2,0,1,0,0,0,0,1,"791203,7668","5819702,399","13,28593","52,44973",6040809.0,Thielallee,2934.0,62.0
200314,11,5,,2019,10,5,6,3,6,4,2,0,0,1,1,0,0,0,"790045,767","5829151,173","13,27716","52,53506",5030833.0,Motardstraße,2758.0,64.0
200315,11,2,,2019,10,17,6,3,5,3,1,1,1,0,0,0,0,1,"799442,5149","5825663,703","13,41215","52,49871",2010104.0,Wassertorplatz,4748.0,28.0
200316,11,1,,2019,10,17,6,3,5,7,1,0,1,0,1,0,0,0,"797141,6088","5831391,189","13,38347","52,55131",1033102.0,Gesundbrunnen,4363.0,22.0
200317,11,7,,2019,10,16,6,3,2,6,0,0,1,0,0,0,0,1,"796603,3296","5816059,796","13,36192","52,41417",7060601.0,Marienfelder Allee Nordwest,4023.0,43.0
200318,11,6,,2019,10,16,6,2,5,5,0,0,1,0,0,0,0,1,"790080,0272","5815803,585","13,26605","52,41537",6030504.0,Teltower Damm,2623.0,62.0
200319,11,7,,2019,10,15,6,3,5,2,0,0,1,0,1,0,0,0,"799535,7778","5813171,155","13,40232","52,38668",7070703.0,John-Locke-Straße,4615.0,51.0
200320,11,11,,2019,10,14,6,3,2,6,0,0,1,0,0,0,0,0,"804293,9031","5830770,807","13,48807","52,5418",11020514.0,Große-Leege-Straße,5960.0,57.0
200321,11,1,,2019,10,14,6,3,0,5,0,0,0,1,0,0,1,0,"793572,2454","5828715,819","13,32862","52,52926",1022102.0,Beusselkiez,3557.0,60.0
200322,11,4,,2019,10,20,6,3,5,7,2,0,1,0,0,0,0,1,"791654,3203","5825546,924","13,29765","52,50189",4030726.0,Droysenstraße,3049.0,57.0
200323,11,8,,2019,10,14,4,3,3,6,0,0,1,0,0,0,1,1,"800910,4181","5820896,2","13,42941","52,45517",8020620.0,Tempelhofer Weg,5035.0,60.0
200324,11,4,,2019,10,15,6,3,2,6,0,0,1,0,0,0,1,0,"790432,583","5829041,632","13,28275","52,53387",4010101.0,Jungfernheide,2858.0,52.0
200325,11,2,,2019,10,16,5,3,6,6,0,0,0,1,0,0,1,1,"798688,3871","5826444,053","13,40178","52,50612",2010102.0,Mehringplatz,4650.0,45.0
200326,11,1,,2019,10,19,5,3,5,3,2,1,0,0,0,0,0,0,"798154,6201","5826611,238","13,39408","52,50791",1011204.0,Leipziger Straße,4551.0,40.0
200327,11,8,,2019,10,23,5,3,2,6,2,0,1,0,0,0,0,1,"800558,6087","5823304,929","13,42642","52,47696",8010117.0,Schillerpromenade,4942.0,18.0
200328,11,1,,2019,10,22,5,3,2,6,2,0,1,0,0,0,0,1,"794997,0931","5832147,306","13,35261","52,55926",1044102.0,Schillerpark,3866.0,65.0
200329,11,3,,2019,10,20,5,3,6,4,2,1,0,1,0,0,0,1,"804207,86","5841108,333","13,4963","52,6345",3010102.0,Buch,6088.0,54.0
200330,11,7,,2019,10,20,5,3,6,4,2,0,1,1,0,0,0,1,"794000,2934","5821595,306","13,32863","52,4652",7030301.0,Friedenau,3538.0,44.0
200331,11,10,,2019,10,19,5,2,3,6,2,1,1,0,0,0,0,1,"812123,3615","5831381,379","13,60372","52,54285",10020415.0,Hellersdorfer Promenade,7661.0,63.0
200332,11,5,,2019,10,19,5,2,6,4,2,0,1,1,0,0,0,0,"784745,7169","5828819,495","13,19895","52,53488",5010314.0,Carl-Schurz-Straße,1658.0,8.0
200333,11,1,,2019,10,17,5,3,5,2,0,0,1,0,0,0,0,1,"798698,7888","5827084,172","13,4025","52,51185",1011204.0,Leipziger Straße,4652.0,24.0
200334,11,7,,2019,10,13,4,3,6,7,0,0,0,1,0,1,0,1,"797024,7131","5820931,394","13,37242","52,45761",7040403.0,Manteuffelstraße,4136.0,57.0
200335,11,8,,2019,10,17,5,3,0,3,0,0,1,0,1,0,0,1,"800379,6815","5823330,192","13,42381","52,47728",8010117.0,Schillerpromenade,4942.0,18.0
200336,11,11,,2019,10,14,4,3,3,6,0,1,1,0,0,0,0,1,"806471,0537","5824864,903","13,51463","52,48765",11051330.0,Karlshorst West,6345.0,61.0
200337,11,1,,2019,10,9,5,3,0,1,0,1,0,0,0,0,0,1,"798639,8797","5829385,556","13,4037","52,53252",1011402.0,Arkonaplatz,4658.0,28.0
200338,11,6,,2019,10,9,5,3,3,6,0,1,1,0,0,0,0,0,"789508,1295","5817489,554","13,25913","52,43079",6030503.0,Zehlendorf Mitte,2528.0,57.0
200339,11,7,,2019,10,8,5,3,2,6,0,0,1,0,0,0,0,1,"796682,0862","5820010,687","13,36658","52,44955",7040404.0,Marienhöhe,4133.0,63.0
200340,11,2,,2019,10,6,5,2,5,3,1,0,1,0,0,0,0,1,"800274,3438","5827632,348","13,42614","52,5159",2040701.0,Andreasviertel,4953.0,49.0
200341,11,3,,2019,10,6,5,3,6,2,2,0,1,1,0,0,0,1,"794929,8112","5835422,445","13,35453","52,58865",3040512.0,Wilhelmsruh,3974.0,65.0
200342,11,3,,2019,10,13,4,3,5,2,0,1,1,0,0,0,0,1,"803664,2351","5832011,892","13,47995","52,55328",3051022.0,Hansastraße,5764.0,57.0
200343,11,1,,2019,10,4,5,3,0,1,2,0,0,0,0,0,1,1,"799270,0162","5826523,627","13,41039","52,50652",1011305.0,Heine-Viertel West,4750.0,40.0
200344,11,7,,2019,10,16,5,3,5,2,0,1,1,0,0,0,0,0,"798669,6373","5816135,923","13,39228","52,41373",7060603.0,Marienfelde Nordost,4423.0,52.0
200345,11,2,,2019,10,15,5,3,5,2,0,0,0,0,0,0,1,0,"800473,1867","5828448,628","13,4298","52,52311",2040502.0,Friedenstraße,5055.0,41.0
200346,11,2,,2019,10,15,5,3,1,5,0,1,0,0,0,0,1,0,"803109,7577","5828297,384","13,46841","52,52029",2050602.0,Samariterviertel,5654.0,60.0
200347,11,1,,2019,10,14,5,3,5,2,0,0,1,0,0,0,0,1,"796158,338","5832268,331","13,3698","52,55971",1033101.0,Soldiner Straße,4166.0,53.0
200348,11,1,,2019,10,12,5,3,5,3,0,0,1,0,1,0,0,0,"798555,4334","5827795,676","13,40103","52,51831",1011202.0,Unter den Linden Nord,4654.0,10.0
200349,11,2,,2019,10,10,5,3,5,7,0,0,1,0,1,0,0,1,"797637,5755","5824022,329","13,38418","52,48499",2020203.0,Viktoriapark,4344.0,28.0
200350,11,5,,2019,10,21,4,2,9,1,2,0,1,0,0,0,0,0,"784831,2864","5829234,485","13,20056","52,53855",5010314.0,Carl-Schurz-Straße,1660.0,30.0
200351,11,11,,2019,10,10,5,3,6,6,0,1,0,1,0,0,0,0,"805280,6314","5833242,424","13,50485","52,5634",11010310.0,Mühlengrund,6167.0,41.0
200352,11,5,,2019,10,6,5,3,2,6,1,0,0,0,1,0,1,1,"787969,6426","5827900,288","13,24555","52,52494",5010339.0,Freiheit,2356.0,61.0
200353,11,1,,2019,10,23,4,3,5,2,2,0,1,0,0,0,0,1,"796960,1811","5826708,465","13,37662","52,50944",1011201.0,Wilhelmstraße,4251.0,2.0
200354,11,1,,2019,10,23,4,3,0,1,2,1,0,0,0,0,0,1,"799868,5754","5827486,026","13,42005","52,51481",1011304.0,Karl-Marx-Allee,4953.0,49.0
200355,11,3,,2019,10,18,4,2,5,2,0,0,1,0,0,0,1,0,"800018,7303","5835492,56","13,42949","52,5865",3040614.0,Pankow Zentrum,5074.0,56.0
200356,11,10,,2019,10,18,4,2,6,4,2,0,1,1,0,0,0,1,"810352,6413","5832178,925","13,57844","52,55101",10010205.0,Marzahn Ost,7263.0,61.0
200357,11,9,,2019,10,17,4,3,5,2,0,0,1,0,0,0,0,0,"811860,0133","5820572,884","13,58973","52,44614",9041401.0,Allende I,7432.0,62.0
200358,11,1,,2019,10,16,4,3,1,5,0,1,1,0,0,0,0,0,"795002,4866","5830872,717","13,35156","52,54783",1044103.0,Westliche Müllerstraße,3862.0,51.0
200359,11,7,,2019,10,16,4,2,6,4,0,0,1,1,0,0,0,0,"795040,4296","5825627,048","13,34746","52,50078",7010102.0,Nollendorfplatz,3848.0,36.0
200360,11,1,,2019,10,21,4,3,0,3,2,0,1,0,0,0,1,1,"798530,4876","5828982,306","13,40173","52,52896",1011302.0,Oranienburger Straße,4657.0,9.0
200361,11,4,,2019,10,17,4,3,2,6,0,0,1,0,1,0,0,0,"792683,5326","5825410,219","13,31265","52,50011",4030929.0,Hindemithplatz,3348.0,36.0
200362,11,11,,2019,10,15,4,3,0,6,0,0,1,0,0,0,1,0,"806162,3505","5834548,528","13,51902","52,57461",11010102.0,Dorf Wartenberg,6370.0,63.0
200363,11,11,,2019,10,15,4,3,6,4,0,0,0,1,0,0,1,0,"805237,1286","5827312,232","13,49876","52,51028",11040926.0,Weitlingstraße,6051.0,55.0
200364,11,4,,2019,10,12,4,3,2,6,0,0,1,0,0,0,0,1,"793258,9701","5830063,567","13,3252","52,54151",4010102.0,Plötzensee,3460.0,57.0
200365,11,2,,2019,10,21,4,3,0,4,2,1,0,1,0,0,0,1,"800010,1585","5825476,881","13,42032","52,49673",2030301.0,Oranienplatz,4947.0,51.0
200366,11,4,,2019,10,15,4,3,0,3,0,1,0,0,1,0,0,0,"793936,0516","5825810,985","13,3314","52,50303",4030931.0,Breitscheidplatz,3549.0,24.0
200367,11,11,,2019,10,12,4,3,6,4,0,1,0,1,0,0,0,1,"802954,6319","5829811,631","13,46751","52,53395",11030617.0,Hohenschönhausener Straße,5658.0,55.0
200368,11,1,,2019,10,9,4,3,1,1,0,1,1,0,0,0,0,0,"798292,4346","5828387,174","13,3977","52,52376",1011302.0,Oranienburger Straße,4555.0,52.0
200369,11,3,,2019,10,21,4,3,5,3,2,1,0,0,1,0,0,1,"798646,044","5833926,375","13,40788","52,57321",3040614.0,Pankow Zentrum,4770.0,65.0
200370,11,6,,2019,10,20,4,3,0,2,2,0,1,0,1,0,0,1,"789934,616","5815344,595","13,26353","52,41133",6030502.0,Zehlendorf Süd,2522.0,65.0
200371,11,12,,2019,10,8,4,3,1,5,0,1,1,0,0,0,0,1,"790160,8782","5835199,566","13,28414","52,58922",12214527.0,Alt-Tegel,2874.0,52.0
200372,11,11,,2019,10,7,4,3,1,7,0,0,1,0,0,0,0,1,"805319,5502","5831625,059","13,50393","52,54889",11020412.0,Hauptstraße,6163.0,63.0
200373,11,12,,2019,10,14,4,3,2,6,0,0,1,0,0,0,0,1,"792872,0647","5832144,876","13,32135","52,56038",12214424.0,Scharnweberstraße,3466.0,46.0
200374,11,11,,2019,10,12,4,3,2,6,0,0,1,0,0,0,0,1,"803435,705","5826639,058","13,47168","52,50525",11040925.0,Victoriastadt,5650.0,43.0
200375,11,3,,2019,10,7,4,2,5,2,0,0,1,0,0,0,1,0,"799492,9757","5831755,59","13,41838","52,55329",3061227.0,Humannplatz,4864.0,14.0
200376,11,10,,2019,10,20,4,3,0,7,2,0,1,0,1,0,0,1,"809484,8353","5834644,1","13,56798","52,57359",10010102.0,Havemannstraße,7170.0,65.0
200377,11,8,,2019,10,14,4,3,2,6,0,0,1,0,0,0,0,1,"801044,5271","5820603,122","13,43111","52,45247",8020620.0,Tempelhofer Weg,5034.0,59.0
200378,11,3,,2019,10,14,4,3,5,2,0,0,1,0,0,0,0,0,"798412,419","5831802,063","13,40253","52,5543",3061126.0,Arnimplatz,4664.0,42.0
200379,11,9,,2019,10,13,4,3,0,6,0,0,1,0,0,0,1,0,"817504,649","5816679,308","13,66881","52,408",9041601.0,Müggelheim,8621.0,65.0
200380,11,7,,2019,10,12,4,3,1,5,0,1,1,0,0,0,0,1,"794762,7418","5822889,721","13,34096","52,47639",7030301.0,Friedenau,3741.0,61.0
200381,11,1,,2019,10,19,4,3,0,7,2,0,0,0,0,0,1,1,"794424,4449","5826092,597","13,33882","52,50529",4030931.0,Breitscheidplatz,3650.0,32.0
200382,11,7,,2019,10,19,4,3,5,2,2,1,1,0,0,0,0,0,"795544,5928","5825255,692","13,35454","52,49718",7010102.0,Nollendorfplatz,3947.0,56.0
200383,11,8,,2019,10,5,4,3,0,3,2,1,1,0,0,0,0,1,"800573,4921","5824574,974","13,42778","52,48833",8010301.0,Reuterkiez,5045.0,46.0
200384,11,2,,2019,10,19,4,3,3,6,2,0,1,0,0,1,0,1,"800113,389","5825902,74","13,42222","52,50049",2030301.0,Oranienplatz,4948.0,23.0
200385,11,6,,2019,10,11,4,2,5,2,0,1,1,0,0,0,0,0,"791848,1002","5821374,381","13,29684","52,46438",6040810.0,Dahlem,3038.0,62.0
200386,11,3,,2019,10,10,4,3,2,6,0,1,1,0,0,0,0,0,"799082,5543","5833200,495","13,41365","52,56647",3040818.0,Pankow Süd,4868.0,52.0
200387,11,2,,2019,10,22,4,3,5,3,2,0,1,0,0,0,1,1,"798852,1896","5825103,702","13,40298","52,49402",2020204.0,Urbanstraße,4646.0,50.0
200388,11,12,,2019,10,7,4,3,2,6,0,0,1,0,0,0,0,0,"793177,4684","5832618,173","13,32626","52,56446",12214424.0,Scharnweberstraße,3567.0,10.0
200389,11,5,,2019,10,10,4,3,6,7,0,0,1,1,0,0,0,0,"785278,7242","5830283,814","13,20804","52,54773",5010312.0,Kurstraße,1762.0,53.0
200390,11,1,,2019,10,14,4,3,0,1,0,0,0,0,1,0,0,1,"797365,1073","5829142,319","13,38475","52,53103",1011401.0,Invalidenstraße,4357.0,21.0
200391,11,3,,2019,10,6,4,3,5,3,0,1,0,0,0,0,1,1,"798374,0568","5835330,255","13,40514","52,58595",3020210.0,Herthaplatz,4673.0,61.0
200392,11,1,,2019,10,18,4,3,2,6,2,0,1,0,0,0,0,0,"800460,4859","5826698,016","13,42804","52,50743",1011306.0,Heine-Viertel Ost,5050.0,37.0
200393,11,9,,2019,10,6,4,2,5,3,2,1,1,0,0,0,0,1,"813663,5187","5821700,741","13,61724","52,45522",9051702.0,Bölschestraße,7835.0,51.0
200394,11,4,,2019,10,18,4,3,2,6,2,0,1,0,0,0,0,0,"789346,0959","5827519,142","13,26545","52,5208",4020310.0,Park Ruhwald,2654.0,58.0
200395,11,1,,2019,10,6,4,3,6,4,2,1,0,1,0,0,0,1,"797517,1016","5832691,415","13,39016","52,56276",1033101.0,Soldiner Straße,4467.0,55.0
200396,11,12,,2019,10,6,4,3,5,2,1,0,1,0,0,0,0,1,"792889,9567","5835223,939","13,32433","52,58797",12301203.0,Wittenau Süd,3474.0,49.0
200397,11,1,,2019,10,10,3,3,5,2,0,1,1,0,0,0,0,1,"794042,045","5828244,089","13,33511","52,52478",1022106.0,Elberfelder Straße,3655.0,57.0
200398,11,9,,2019,10,21,3,3,5,2,2,0,1,0,0,0,0,1,"805016,2416","5822702,897","13,4913","52,46909",9010301.0,Baumschulenstraße,5939.0,38.0
200399,11,2,,2019,10,19,4,3,2,6,2,0,1,0,1,0,0,1,"797452,9376","5824549,6","13,38193","52,48982",2020203.0,Viktoriapark,4345.0,48.0
200400,11,1,,2019,10,20,3,3,1,5,2,1,0,0,0,0,1,1,"798576,8684","5828987,425","13,40242","52,52898",1011302.0,Oranienburger Straße,4657.0,9.0
200401,11,3,,2019,10,18,3,3,2,6,0,0,1,0,1,0,0,1,"799248,495","5829411,039","13,41267","52,53241",3071536.0,Teutoburger Platz,4758.0,63.0
200402,11,2,,2019,10,17,3,3,6,7,0,0,1,1,0,0,0,1,"801667,7068","5828000,622","13,44695","52,51843",2040503.0,Richard-Sorge-Viertel,5354.0,49.0
200403,11,4,,2019,10,18,3,2,0,1,2,1,0,0,0,0,0,1,"793050,3485","5822018,814","13,31505","52,46951",4041344.0,Rüdesheimer Platz,3339.0,61.0
200404,11,12,,2019,10,19,4,2,6,4,2,0,0,1,1,0,0,1,"796351,3921","5832526,088","13,37287","52,56192",12103117.0,Letteplatz,4266.0,52.0
200405,11,1,,2019,10,20,3,3,6,4,2,0,1,1,0,0,0,1,"797694,3263","5832872,96","13,39293","52,56429",1033101.0,Soldiner Straße,4467.0,55.0
200406,11,10,,2019,10,7,5,3,0,3,0,0,0,0,1,0,1,1,"809092,1386","5829467,773","13,55739","52,52743",10030724.0,Oberfeldstraße,6956.0,65.0
200407,11,1,,2019,10,13,5,3,2,2,0,1,1,0,0,0,0,0,"799112,1114","5828970,207","13,41027","52,52853",1011303.0,Alexanderplatzviertel,4757.0,11.0
200408,11,12,,2019,10,5,5,3,5,7,2,0,1,0,0,0,1,1,"794544,4686","5832971,912","13,34668","52,56689",12103218.0,Teichstraße,3868.0,48.0
200409,11,5,,2019,10,6,5,3,2,2,1,0,1,0,0,0,0,1,"786951,6118","5829438,433","13,23192","52,53927",5030731.0,Gartenfelder Straße,2160.0,45.0
200410,11,7,,2019,10,13,5,3,1,5,0,0,0,0,0,1,1,0,"800049,4022","5821401,548","13,41723","52,46018",7040406.0,Germaniagarten,4837.0,50.0
200411,11,8,,2019,10,6,5,3,2,2,2,0,1,0,1,0,0,1,"800823,0816","5822597,453","13,42966","52,47047",8010118.0,Silbersteinstraße,5040.0,48.0
200412,11,5,,2019,10,12,5,3,2,7,0,0,1,0,0,0,0,1,"788922,8469","5829321,099","13,2608","52,53718",5030833.0,Motardstraße,2559.0,56.0
200413,11,7,,2019,10,12,5,3,0,1,0,1,0,0,0,0,0,1,"798076,2146","5815816,234","13,38329","52,41119",7060603.0,Marienfelde Nordost,4322.0,52.0
200414,11,1,,2019,10,6,5,3,0,1,2,0,0,0,1,0,0,1,"797318,9129","5832315,815","13,38691","52,5595",1033101.0,Soldiner Straße,4466.0,58.0
200415,11,1,,2019,10,9,5,3,2,2,0,0,1,0,0,0,0,1,"797151,59","5831402,986","13,38363","52,55141",1033102.0,Gesundbrunnen,4363.0,22.0
200416,11,1,,2019,10,6,5,3,2,6,2,0,1,0,0,1,0,1,"797776,586","5829748,833","13,39134","52,53624",1033202.0,Humboldthain Süd,4459.0,28.0
200417,11,1,,2019,10,8,5,2,1,5,0,1,0,0,0,0,1,1,"796675,5996","5827888,541","13,37349","52,52017",1011102.0,Großer Tiergarten,4254.0,60.0
200418,11,7,,2019,10,10,5,3,2,6,0,0,1,0,0,0,0,1,"798663,8953","5816235,109","13,39228","52,41462",7060603.0,Marienfelde Nordost,4423.0,52.0
200419,11,7,,2019,10,8,5,3,5,2,0,1,1,0,0,0,0,1,"796636,3451","5819967,861","13,36587","52,44919",7040404.0,Marienhöhe,4033.0,40.0
200420,11,1,,2019,10,9,5,3,1,5,0,1,1,0,0,0,0,0,"796658,047","5832068,865","13,37697","52,55765",1033101.0,Soldiner Straße,4265.0,5.0
200421,11,3,,2019,10,8,5,3,2,6,0,0,1,0,0,0,0,1,"803404,8593","5833517,819","13,47751","52,56692",3030716.0,Märchenland,5768.0,60.0
200422,11,12,,2019,10,8,5,3,2,6,0,0,1,0,0,0,0,1,"793811,7502","5832725,583","13,33569","52,56508",12103219.0,Schäfersee,3667.0,63.0
200423,11,1,,2019,10,8,5,3,5,2,0,1,1,0,0,0,0,1,"797069,7332","5829297,978","13,38055","52,53259",1011301.0,Charitéviertel,4358.0,45.0
200424,11,4,,2019,10,8,5,2,0,7,0,1,0,0,0,0,0,1,"790452,154","5827317,797","13,28153","52,5184",4020310.0,Park Ruhwald,2854.0,17.0
200425,11,6,,2019,10,12,4,3,5,3,0,1,1,0,0,0,0,0,"792584,6327","5818923,088","13,30551","52,44201",6030609.0,Augustaplatz,3131.0,59.0
200426,11,5,,2019,10,18,4,3,5,3,2,0,1,0,1,0,0,0,"784593,0631","5827958,062","13,19597","52,52723",5020626.0,Adamstraße,1556.0,46.0
200427,11,3,,2019,10,9,4,3,5,2,0,1,0,0,0,0,1,0,"799153,4738","5829211,586","13,4111","52,53067",3071536.0,Teutoburger Platz,4757.0,11.0
200428,11,4,,2019,10,18,4,3,5,3,2,1,1,0,0,0,0,0,"793522,3399","5825730,336","13,32525","52,50253",4030931.0,Breitscheidplatz,3449.0,40.0
200429,11,7,,2019,10,20,4,3,5,2,2,0,1,0,0,0,0,0,"799789,777","5813976,96","13,40676","52,39377",7070703.0,John-Locke-Straße,4717.0,54.0
200430,11,4,,2019,10,10,5,3,5,3,0,1,1,0,0,0,0,0,"792650,4718","5827115,402","13,31366","52,51541",4030620.0,Alt-Lietzow,3353.0,38.0
200431,11,3,,2019,10,20,4,3,5,3,2,1,1,0,0,0,0,0,"802858,7853","5832380,872","13,46844","52,55703",3051021.0,Buschallee,5665.0,61.0
200432,11,3,,2019,10,19,4,3,5,3,2,1,1,0,0,0,0,0,"799600,6658","5829902,821","13,41829","52,53662",3071537.0,Kollwitzplatz,4859.0,52.0
200433,11,4,,2019,10,6,5,3,0,6,1,0,1,0,1,0,0,0,"791187,5649","5829062,964","13,29387","52,53366",4010103.0,Paul-Hertz-Siedlung,3058.0,38.0
200434,11,8,,2019,10,14,5,3,5,7,0,0,1,0,0,0,0,0,"802498,4342","5817982,276","13,45007","52,42818",8030830.0,Gropiusstadt Süd,5327.0,45.0
200435,11,6,,2019,10,16,4,3,5,3,0,0,1,0,0,0,0,0,"794444,2774","5815557,707","13,32982","52,41084",6020411.0,Schütte-Lanz-Straße,3522.0,63.0
200436,11,4,,2019,10,14,4,2,5,3,0,1,0,0,0,0,0,0,"789345,0694","5825247,166","13,26346","52,50043",4020209.0,Eichkamp,2548.0,65.0
200437,11,8,,2019,10,14,4,3,5,3,0,1,1,0,0,0,0,0,"804241,6529","5818820,214","13,47639","52,43472",8041035.0,Blumenviertel,5729.0,65.0
200438,11,1,,2019,10,17,4,3,6,4,2,1,0,1,0,0,0,0,"797711,0604","5831788,025","13,3922","52,55456",1033102.0,Gesundbrunnen,4464.0,34.0
200439,11,12,,2019,10,13,4,3,1,5,0,0,1,0,0,0,0,0,"792691,6059","5836009,289","13,32211","52,59512",12301204.0,Wittenau Nord,3476.0,57.0
200440,11,5,,2019,10,17,4,2,0,1,0,0,0,0,1,0,0,0,"785683,1713","5829288,713","13,21314","52,53859",5030730.0,Zitadellenweg,1860.0,58.0
200441,11,4,,2019,10,13,4,3,6,4,0,0,1,1,0,0,0,0,"788786,072","5826984,37","13,25676","52,5163",4020311.0,Reichsstraße,2453.0,65.0
200442,11,4,,2019,10,17,4,3,5,2,0,1,1,0,0,0,0,0,"789463,3794","5824385,387","13,26445","52,49264",4020209.0,Eichkamp,2546.0,65.0
200443,11,2,,2019,10,9,5,2,6,4,0,1,0,1,0,0,0,0,"801634,4609","5828883,747","13,44726","52,52637",2050601.0,Hausburgviertel,5356.0,13.0
200444,11,3,,2019,10,17,4,3,1,5,1,1,1,0,0,0,1,1,"799132,9869","5832828,225","13,41405","52,5631",3040818.0,Pankow Süd,4867.0,65.0
200445,11,6,,2019,10,7,5,2,0,4,0,1,0,1,0,0,0,0,"794523,1186","5820034,946","13,33492","52,45093",6010206.0,Stadtpark,3634.0,50.0
200446,11,2,,2019,10,14,4,3,6,7,0,0,1,1,0,0,0,0,"798102,137","5825973,659","13,39274","52,50223",2010102.0,Mehringplatz,4449.0,28.0
200447,11,2,,2019,10,16,4,3,5,2,0,1,1,0,0,0,0,0,"797110,0616","5824260,426","13,37664","52,48741",2020203.0,Viktoriapark,4245.0,40.0
200448,11,9,,2019,10,7,4,3,5,2,0,1,0,0,0,0,1,0,"802352,5717","5824748,049","13,45406","52,4889",9010101.0,Elsenstraße,5445.0,59.0
200449,11,1,,2019,10,16,4,2,1,5,0,0,1,0,0,0,0,0,"794101,3824","5830105,792","13,33763","52,54144",1044101.0,Rehberge,3660.0,50.0
200450,11,8,,2019,10,16,4,3,5,7,0,0,1,0,1,0,0,0,"805409,6822","5818354,482","13,4931","52,4299",8041037.0,Alt-Rudow,5928.0,63.0
200451,11,1,,2019,10,16,4,3,3,6,0,1,0,0,0,1,0,0,"794253,3112","5827263,074","13,33734","52,51587",1022207.0,Hansaviertel,3653.0,61.0
200452,11,8,,2019,10,15,4,3,2,6,0,0,1,0,0,0,0,0,"803104,6648","5818515,151","13,45944","52,43262",8030829.0,Gropiusstadt Nord,5429.0,59.0
200453,11,12,,2019,10,15,4,3,3,6,0,0,1,0,1,0,0,0,"792742,3008","5839395,499","13,32585","52,62545",12231101.0,Hermsdorf,3585.0,65.0
200454,11,6,,2019,10,15,4,3,5,2,0,1,1,0,0,0,0,0,"793122,8759","5817654,469","13,31229","52,43034",6020409.0,Königsberger Straße,3228.0,32.0
200455,11,11,,2019,10,15,4,3,5,3,0,1,1,0,0,0,0,0,"805123,427","5826543,654","13,49639","52,50345",11040926.0,Weitlingstraße,6049.0,61.0
200456,11,2,,2019,10,8,5,3,0,6,0,0,0,0,1,0,1,0,"797569,1047","5825209,037","13,38423","52,49566",2020202.0,Rathaus Yorckstraße,4347.0,52.0
200457,11,5,,2019,10,12,4,3,6,7,0,0,1,1,0,0,0,0,"784525,1555","5828659,99","13,19557","52,53356",5020625.0,Borkumer Straße,1558.0,34.0
200458,11,3,,2019,10,10,4,3,5,2,0,1,0,0,0,0,1,0,"798472,0474","5834861,24","13,40616","52,58169",3020209.0,Niederschönhausen,4672.0,50.0
200459,11,7,,2019,10,7,5,3,2,6,0,0,1,0,0,0,1,1,"798191,5665","5820938,462","13,38955","52,45704",7040405.0,Rathaus Tempelhof,4436.0,56.0
200460,11,1,,2019,10,10,4,3,5,2,0,1,1,0,0,0,0,0,"795020,2991","5831150,044","13,35206","52,5503",1044103.0,Westliche Müllerstraße,3863.0,41.0
200461,11,10,,2019,10,10,4,3,5,3,0,1,0,0,0,0,0,0,"808918,0234","5827024,4","13,55256","52,50563",10030726.0,Alt-Biesdorf,6850.0,65.0
200462,11,1,,2019,10,9,4,3,6,4,0,0,1,1,0,0,0,0,"796958,6342","5826531,491","13,37644","52,50785",1011105.0,Nördlicher Landwehrkanal,4251.0,2.0
200463,11,3,,2019,10,8,4,3,5,3,0,1,0,0,0,0,1,0,"798213,8952","5833046,098","13,40073","52,56556",3040614.0,Pankow Zentrum,4667.0,58.0
200464,11,7,,2019,10,8,4,3,5,2,0,1,0,0,0,0,0,0,"796542,9105","5823745,717","13,36786","52,4831",7020204.0,Schöneberger Insel,4143.0,64.0
200465,11,7,,2019,10,8,4,3,2,6,0,0,1,0,0,0,0,0,"794501,98","5825462,438","13,33941","52,4996",7010101.0,Wittenbergplatz/Viktoria-Luise-Platz,3748.0,42.0
200466,11,2,,2019,10,13,4,3,1,7,0,1,1,0,0,0,0,0,"800930,6581","5825418,054","13,43379","52,49569",2030401.0,Reichenberger Straße,5147.0,55.0
200467,11,10,,2019,10,7,4,3,0,7,0,0,1,0,0,0,0,0,"809785,3275","5831545,28","13,56951","52,54565",10010310.0,Alt-Marzahn,7162.0,51.0
200468,11,2,,2019,10,7,4,3,0,6,0,0,1,0,1,0,0,0,"798806,0785","5825578,863","13,40273","52,4983",2010104.0,Wassertorplatz,4648.0,37.0
200469,11,1,,2019,10,7,4,3,5,7,0,1,1,0,0,0,0,0,"797408,0283","5830030,76","13,38617","52,53897",1033202.0,Humboldthain Süd,4360.0,52.0
200470,11,7,,2019,10,7,4,3,2,7,0,0,1,0,0,0,0,0,"794950,3886","5823925,5","13,34463","52,48558",7020202.0,Volkspark (Rudolf-Wilde-Park),3744.0,45.0