ObjectID,State,District,LOR_ab_2021,AccidentYear,AccidentMonth,AccidentHour,DayOfWeek,AccidentCategory,AccidentType,AccidentTypeDetail,LightingCondition,InvolvingBike,InvolvingCar,InvolvingPedestrian,InvolvingMotorcycle,InvolvingHGV,InvolvingOther,RoadCondition,GraphicCoord1,GraphicCoord2,LongitudeWGS84,LatitudeWGS84,quadrant,quadrant_rank
200630,11,1,,2019,10,19,6,3,6,4,2,1,0,1,0,0,0,1,"799580,5301","5828027,678","13,41631","52,51983",1011304.0,Karl-Marx-Allee,4854.0,36.0
200631,11,3,,2019,10,19,6,3,5,3,2,1,1,0,0,0,0,1,"799081,773","5833201,546","13,41364","52,56648",3040818.0,Pankow Süd,4868.0,52.0
200632,11,6,,2019,10,19,6,3,5,3,2,0,1,0,0,0,0,1,"788835,1428","5819582,218","13,25107","52,44991",6040806.0,Fischtal,2334.0,57.0
200633,11,3,,2019,10,17,6,3,5,3,1,1,1,0,0,0,0,0,"802091,2437","5830587,042","13,45552","52,54138",3061429.0,Greifswalder Straße,5460.0,66.0
200634,11,11,,2019,10,17,6,3,6,4,0,0,1,1,0,0,0,0,"805197,9422","5828964,356","13,4997","52,52511",11030720.0,Herzbergstraße,6056.0,54.0
200635,11,2,,2019,10,22,6,3,5,2,2,1,1,0,0,0,0,1,"800374,2415","5827890,698","13,42785","52,51816",2040701.0,Andreasviertel,5054.0,36.0
200636,11,5,,2019,10,2,5,2,6,4,2,0,0,1,0,0,1,1,"784139,8448","5827330,738","13,18877","52,52184",5020626.0,Adamstraße,1455.0,54.0
200637,11,2,,2019,10,21,6,3,0,2,2,0,1,0,1,0,0,1,"800272,47","5824372,183","13,42318","52,48668",2020206.0,Graefekiez,4944.0,25.0
200638,11,1,,2019,10,16,6,2,6,4,0,0,1,1,0,0,0,0,"797411,9966","5831253,866","13,38733","52,54993",1033102.0,Gesundbrunnen,4463.0,27.0
200639,11,2,,2019,10,13,5,3,2,6,0,0,1,0,1,0,0,0,"797794,5967","5824033,021","13,38649","52,485",7040401.0,Neu-Tempelhof,4444.0,62.0
200640,11,6,,2019,10,16,6,3,0,7,0,0,0,0,1,0,1,1,"795388,428","5818321,762","13,34611","52,43511",6020303.0,Lankwitz Kirche,3829.0,50.0
200641,11,3,,2019,10,16,6,3,5,2,0,1,1,0,1,0,0,0,"799081,9672","5830219,83","13,41095","52,53975",3071536.0,Teutoburger Platz,4760.0,20.0
200642,11,2,,2019,10,20,6,3,5,2,2,1,1,0,0,0,0,1,"801754,3231","5826263,116","13,44665","52,50281",2040703.0,Wriezener Bahnhof/Entwicklungsgebiet,5249.0,5.0
200643,11,12,,2019,10,11,5,3,5,7,0,1,1,0,0,0,0,1,"786409,5229","5838821,013","13,23205","52,62367",12224230.0,Heiligensee,2184.0,66.0
200644,11,1,,2019,10,15,6,3,2,6,0,0,1,0,0,0,0,0,"797205,792","5832002,87","13,38497","52,55676",1033101.0,Soldiner Straße,4365.0,7.0
200645,11,10,,2019,10,14,6,3,5,3,0,0,1,0,1,0,0,0,"809570,3222","5825056,652","13,56031","52,48762",10030727.0,Biesdorf Süd,6945.0,62.0
200646,11,6,,2019,10,20,6,3,2,6,2,0,1,0,0,0,0,1,"793523,9933","5820665,367","13,32082","52,45712",6010102.0,Schloßstraße,3436.0,49.0
200647,11,1,,2019,10,10,5,3,1,5,0,1,1,0,0,0,1,0,"796922,4691","5826850,694","13,3762","52,51073",1011105.0,Nördlicher Landwehrkanal,4251.0,2.0
200648,11,9,,2019,10,20,6,3,0,1,2,1,0,0,0,0,0,1,"811149,1169","5822074,307","13,58071","52,46",9052001.0,Köpenick Nord,7237.0,52.0
200649,11,2,,2019,10,19,6,2,0,1,2,0,0,0,1,0,1,1,"802812,5983","5826942,628","13,46281","52,50832",2050802.0,Boxhagener Platz,5551.0,40.0
200650,11,11,,2019,10,14,6,3,6,2,0,0,1,1,0,0,0,0,"806996,8561","5825780,812","13,5232","52,49557",11041128.0,Sewanstraße,6447.0,54.0
200651,11,6,,2019,10,18,5,3,5,3,1,0,1,0,0,0,0,1,"793425,588","5820368,851","13,31911","52,45452",6010102.0,Schloßstraße,3435.0,54.0
200652,11,6,,2019,10,14,6,3,5,3,0,1,1,0,0,0,0,0,"795282,3621","5818607,528","13,3448","52,43773",6020303.0,Lankwitz Kirche,3730.0,44.0
200653,11,10,,2019,10,14,6,3,5,3,0,1,1,0,0,0,0,0,"813012,0507","5831230,063","13,61664","52,54098",10020416.0,Böhlener Straße,7860.0,60.0
200654,11,6,,2019,10,9,4,1,6,4,0,0,0,1,0,1,0,1,"792071,4789","5818874,158","13,29793","52,44184",6030610.0,Lichterfelde West,3031.0,57.0
200655,11,8,,2019,10,19,6,3,2,3,2,1,1,0,0,0,0,1,"803603,9798","5817861,697","13,46617","52,42649",8030831.0,Gropiusstadt Ost,5527.0,60.0
200656,11,9,,2019,10,15,4,3,5,3,0,0,1,0,0,0,0,1,"810837,8768","5818460,836","13,57278","52,42779",9031101.0,Grünau,7127.0,66.0
200657,11,12,,2019,10,6,4,3,3,6,1,1,1,0,0,0,0,1,"792601,7739","5839326,422","13,32372","52,62491",12231101.0,Hermsdorf,3485.0,63.0
200658,11,3,,2019,10,9,6,3,2,6,0,0,1,0,0,0,0,0,"800917,5406","5831204,107","13,43883","52,54756",3061228.0,Erich-Weinert-Straße,5162.0,47.0
200659,11,6,,2019,10,18,5,3,5,3,0,0,1,0,0,0,1,0,"794316,62","5816909,457","13,32914","52,42303",6020410.0,Oberhofer Platz,3526.0,59.0
200660,11,1,,2019,10,13,5,3,1,5,0,1,1,0,0,0,0,0,"799441,8442","5826523,985","13,41292","52,50643",1011305.0,Heine-Viertel West,4750.0,40.0
200661,11,1,,2019,10,17,4,3,5,2,0,1,1,0,0,0,0,0,"795669,217","5829731,907","13,36035","52,53724",1022202.0,Heidestraße,4059.0,30.0
200662,11,2,,2019,10,9,5,3,5,2,0,1,0,0,0,1,0,0,"801787,2272","5828672,998","13,44932","52,5244",2050601.0,Hausburgviertel,5355.0,51.0
200663,11,12,,2019,10,16,4,3,5,3,0,0,1,0,0,0,0,1,"792609,7264","5833527,327","13,31871","52,57292",12214423.0,Mellerbogen,3370.0,55.0
200664,11,8,,2019,10,6,5,2,8,1,1,0,1,0,0,0,0,1,"801720,4873","5823052,464","13,44324","52,47405",8010404.0,Rixdorf,5241.0,60.0
200665,11,10,,2019,10,1,5,2,5,2,2,1,0,0,0,0,1,1,"809577,5151","5832688,883","13,56752","52,55602",10010204.0,Wuhletalstraße,7065.0,59.0
200666,11,1,,2019,10,22,5,3,5,2,2,0,1,0,0,0,1,0,"797845,19","5826961,291","13,38985","52,51122",1011204.0,Leipziger Straße,4452.0,21.0
200667,11,4,,2019,10,16,4,3,5,3,0,0,1,0,0,0,0,1,"789080,5715","5827172,497","13,26125","52,51783",4020311.0,Reichsstraße,2553.0,40.0
200668,11,10,,2019,10,21,5,2,6,4,2,0,1,1,0,0,0,0,"806464,4174","5829702,705","13,51899","52,53101",10010308.0,Marzahner Chaussee,6357.0,60.0
200669,11,1,,2019,10,20,5,3,0,2,2,1,1,0,0,0,0,0,"799609,613","5827987,189","13,4167","52,51945",1011304.0,Karl-Marx-Allee,4854.0,36.0
200670,11,4,,2019,10,20,5,3,1,5,2,1,1,0,0,0,0,0,"793480,2728","5824972,062","13,32397","52,49575",4051448.0,Schaperstraße,3447.0,60.0
200671,11,4,,2019,10,19,5,3,5,2,2,1,1,0,0,0,0,0,"792600,2479","5824204,52","13,31037","52,48934",4051445.0,Eisenzahnstraße,3245.0,33.0
200672,11,4,,2019,10,15,5,3,2,6,0,0,1,0,1,0,0,0,"793775,4919","5826584,28","13,32972","52,51005",4030623.0,Ernst-Reuter-Platz,3551.0,40.0
200673,11,2,,2019,10,14,5,3,3,6,0,0,1,0,1,0,0,0,"802748,5924","5826124,566","13,46112","52,50102",2050803.0,Stralauer Kiez,5549.0,59.0
200674,11,4,,2019,10,12,5,3,5,7,0,1,1,0,0,0,0,0,"793919,6422","5825534,677","13,33092","52,50056",4030931.0,Breitscheidplatz,3548.0,45.0
200675,11,8,,2019,10,14,5,3,6,7,0,0,1,1,0,0,0,0,"801193,8541","5823546,929","13,43596","52,47878",8010212.0,Rollberg,5142.0,45.0
200676,11,11,,2019,10,7,5,3,5,3,0,1,0,0,0,0,0,1,"807349,9054","5825174,202","13,52782","52,48993",11051331.0,Karlshorst Nord,6545.0,62.0
200677,11,1,,2019,10,18,5,3,6,4,2,0,1,1,0,0,0,0,"795291,2002","5826136,153","13,3516","52,50521",1011103.0,Lützowstraße,3850.0,33.0
200678,11,5,,2019,10,7,5,3,3,5,0,0,1,0,0,1,0,0,"784384,9396","5828696,59","13,19354","52,53396",5020625.0,Borkumer Straße,1558.0,34.0
200679,11,7,,2019,10,18,5,2,5,2,2,1,1,0,0,0,0,0,"796000,7501","5824957,171","13,36097","52,49426",7010104.0,Dennewitzplatz,4047.0,22.0
200680,11,4,,2019,10,17,5,3,5,2,0,1,1,0,0,0,0,0,"793635,0695","5823953,88","13,32534","52,48654",4051654.0,Wilhelmsaue,3444.0,24.0
200681,11,2,,2019,10,21,5,2,3,6,2,1,1,0,0,0,0,1,"798347,6965","5825310,518","13,39576","52,49615",2020204.0,Urbanstraße,4547.0,11.0
200682,11,1,,2019,10,14,5,2,6,4,0,0,1,1,0,0,0,0,"799920,4924","5826585,652","13,42","52,50672",1011306.0,Heine-Viertel Ost,4950.0,49.0
200683,11,1,,2019,10,17,5,3,5,2,0,1,1,0,0,0,0,0,"800044,8568","5827113,457","13,4223","52,51138",1011306.0,Heine-Viertel Ost,4952.0,44.0
200684,11,7,,2019,10,13,5,3,0,4,0,0,0,1,0,0,1,0,"796680,3096","5815838,478","13,36285","52,41215",7060604.0,Marienfelde Süd,4023.0,43.0
200685,11,11,,2019,10,16,5,2,5,7,0,0,1,0,0,0,1,0,"803795,279","5827699,225","13,47793","52,51455",11030721.0,Rüdigerstraße,5752.0,11.0
200686,11,6,,2019,10,16,5,3,5,2,0,0,1,0,0,0,0,0,"790244,9942","5820069,745","13,27218","52,45353",6040810.0,Dahlem,2735.0,58.0
200687,11,4,,2019,10,15,5,2,5,3,0,1,1,0,0,0,0,0,"793796,3756","5826908,208","13,33032","52,51294",4030623.0,Ernst-Reuter-Platz,3552.0,52.0
200688,11,11,,2019,10,16,4,3,4,5,1,0,1,0,0,1,0,1,"803505,9773","5826621,619","13,4727","52,50506",11040925.0,Victoriastadt,5650.0,43.0
200689,11,9,,2019,10,15,5,2,6,4,0,1,0,1,0,0,0,0,"807611,3522","5815414,643","13,52267","52,40232",9030902.0,Wohngebiet II,6420.0,56.0
200690,11,3,,2019,10,13,5,3,5,3,0,1,1,0,0,0,0,0,"803225,2649","5838029,16","13,479","52,60745",3030406.0,Alt-Karow,5780.0,50.0
200691,11,9,,2019,10,15,5,2,6,7,0,0,1,1,0,0,0,0,"803509,3058","5824119,129","13,47047","52,48262",9010201.0,Am Treptower Park Süd,5643.0,66.0
200692,11,4,,2019,10,15,5,2,3,6,0,1,1,0,0,0,0,0,"792860,5913","5826142,195","13,31589","52,50658",4030828.0,Savignyplatz,3350.0,22.0
200693,11,10,,2019,10,10,5,3,3,6,0,0,1,0,0,1,0,0,"807607,956","5830678,905","13,5367","52,53912",10010308.0,Marzahner Chaussee,6660.0,39.0
200694,11,4,,2019,10,16,4,3,5,2,0,1,1,0,0,0,0,1,"790967,8749","5823011,108","13,28535","52,47952",4041137.0,Flinsberger Platz,2842.0,47.0
200695,11,9,,2019,10,6,5,3,5,7,2,0,1,0,0,0,0,1,"804667,3622","5823483,469","13,48689","52,47628",9010202.0,Köpenicker Landstraße,5841.0,59.0
200696,11,4,,2019,10,8,2,3,6,4,0,0,1,1,0,0,0,0,"793493,862","5826491,535","13,3255","52,50937",4030623.0,Ernst-Reuter-Platz,3451.0,50.0
200697,11,1,,2019,10,23,5,3,1,5,2,0,1,0,0,1,0,0,"794859,4115","5831985,521","13,35044","52,55788",1044102.0,Schillerpark,3865.0,47.0
200698,11,12,,2019,11,15,7,3,5,7,0,0,1,0,0,0,0,1,"793664,9933","5832607,627","13,33342","52,5641",12103218.0,Teichstraße,3667.0,63.0
200699,11,12,,2019,10,21,7,2,4,6,2,0,1,0,0,0,0,0,"792945,0578","5835345,391","13,32525","52,58903",12301203.0,Wittenau Süd,3474.0,49.0
200700,11,2,,2019,10,0,3,3,0,3,2,1,0,0,1,0,0,1,"797540,6837","5824968,729","13,3836","52,49352",2020203.0,Viktoriapark,4346.0,53.0
200701,11,3,,2019,11,10,6,3,5,7,0,1,1,0,0,0,0,0,"801631,262","5831292,173","13,4494","52,54796",3050924.0,Behaimstraße,5362.0,45.0
200702,11,2,,2019,10,14,6,3,1,5,0,0,1,0,1,0,0,0,"797602,4728","5824020,433","13,38366","52,48499",2020203.0,Viktoriapark,4344.0,28.0
200703,11,12,,2019,10,17,2,2,6,2,2,0,1,1,0,0,0,1,"793556,0295","5836912,148","13,33563","52,60275",12302211.0,Lübarser Straße,3678.0,63.0
200704,11,1,,2019,10,12,5,3,3,6,0,0,1,0,1,0,0,0,"795255,2403","5827309,031","13,35211","52,51574",1011102.0,Großer Tiergarten,3853.0,44.0
200705,11,2,,2019,10,1,1,2,5,3,2,0,1,0,0,0,0,0,"799148,0138","5825786,315","13,40794","52,49997",2010103.0,Moritzplatz,4748.0,28.0
200706,11,4,,2019,10,16,4,3,1,1,0,1,1,0,0,0,0,1,"794187,5407","5824946,116","13,33433","52,49514",4051448.0,Schaperstraße,3647.0,52.0
200707,11,3,,2019,11,18,6,3,5,2,2,1,1,0,0,0,0,0,"800148,8953","5837867,431","13,43356","52,60771",3020307.0,Buchholz,5180.0,64.0
200708,11,3,,2019,10,0,7,2,0,1,2,0,0,0,0,0,1,0,"800956,5757","5829213,349","13,4376","52,5297",3071639.0,Bötzowstraße,5157.0,60.0
200709,11,7,,2019,10,10,3,3,2,6,0,0,1,0,0,0,0,0,"799152,8495","5819065,035","13,40198","52,43972",7050505.0,Hundsteinweg,4631.0,55.0
200710,11,6,,2019,11,16,6,3,0,6,1,0,0,0,0,0,1,1,"789355,3484","5819226,286","13,25839","52,44644",6040806.0,Fischtal,2433.0,64.0
200711,11,4,,2019,10,19,6,3,5,7,2,0,1,0,0,0,0,0,"792865,3402","5825527,278","13,31542","52,50106",4030930.0,George-Grosz-Platz,3349.0,12.0
200712,11,4,,2019,10,11,3,3,5,2,0,0,1,0,1,0,0,0,"791783,584","5827061,712","13,30088","52,5154",4030417.0,Schloßstraße,3153.0,49.0
200713,11,5,,2019,11,9,6,3,2,6,0,0,1,0,1,0,0,0,"785065,487","5827598,676","13,2026","52,52376",5020626.0,Adamstraße,1655.0,64.0
200714,11,4,,2019,10,23,6,3,1,5,2,1,1,0,0,0,1,0,"793192,8007","5826095,453","13,32073","52,50598",4030828.0,Savignyplatz,3450.0,48.0
200715,11,4,,2019,10,16,2,3,2,6,1,0,1,0,0,0,0,1,"792749,4254","5826850,985","13,31488","52,51299",4030622.0,Richard-Wagner-Straße,3352.0,26.0
200716,11,4,,2019,10,10,5,3,5,2,0,0,1,0,0,0,0,0,"790367,8256","5827304,28","13,28028","52,51833",4020310.0,Park Ruhwald,2854.0,17.0
200717,11,12,,2019,10,18,1,3,1,5,2,0,1,0,0,0,0,0,"794080,1111","5832881,644","13,33977","52,56633",12103218.0,Teichstraße,3768.0,64.0
200718,11,4,,2019,10,13,4,3,5,3,0,0,1,0,1,0,0,0,"789594,7378","5826764,453","13,26845","52,5139",4020311.0,Reichsstraße,2652.0,50.0
200719,11,1,,2019,11,20,6,2,6,4,2,0,1,1,0,0,0,1,"793722,8612","5828499,919","13,33064","52,52725",1022104.0,Emdener Straße,3556.0,48.0
200720,11,2,,2019,10,13,7,2,1,5,0,1,1,0,0,0,0,0,"798291,3152","5825672,62","13,39525","52,49942",2010102.0,Mehringplatz,4548.0,24.0
200721,11,2,,2019,10,7,3,3,0,7,1,0,0,0,1,0,0,1,"797111,4904","5824745,129","13,37709","52,49175",2020203.0,Viktoriapark,4246.0,53.0
200722,11,8,,2019,10,10,6,3,2,6,0,0,1,0,0,1,0,0,"802056,6529","5822123,546","13,44734","52,46554",8010510.0,Gewerbegebiet Köllnische Heide,5338.0,54.0
200723,11,10,,2019,10,18,5,3,5,3,2,1,0,0,0,0,1,1,"810639,8182","5826003,194","13,57689","52,4955",10040830.0,Kaulsdorf Süd,7247.0,66.0
200724,11,1,,2019,10,12,6,3,0,2,0,1,1,0,0,0,0,0,"795860,551","5832062,544","13,36523","52,55803",1044102.0,Schillerpark,4065.0,7.0
200725,11,4,,2019,10,7,2,3,2,6,0,1,1,0,0,0,0,0,"789504,5482","5825149,176","13,26572","52,49946",4020209.0,Eichkamp,2648.0,64.0
200726,11,10,,2019,10,18,5,3,6,4,2,0,1,1,0,0,0,0,"807934,85","5829268,787","13,5402","52,5263",10010309.0,Springpfuhl,6656.0,56.0
200727,11,8,,2019,11,21,7,3,6,2,2,0,1,1,0,0,0,1,"806497,4522","5815419,516","13,50636","52,40299",8041039.0,Frauenviertel,6120.0,66.0
200728,11,1,,2019,10,16,7,3,6,4,0,1,0,1,0,0,0,0,"798016,8831","5828889,664","13,3941","52,52841",1011302.0,Oranienburger Straße,4557.0,40.0
200729,11,1,,2019,10,18,2,2,0,1,2,0,0,0,1,0,0,1,"794490,3807","5830681,135","13,34386","52,54639",1044103.0,Westliche Müllerstraße,3762.0,55.0
200730,11,8,,2019,10,19,5,3,6,4,2,0,1,1,0,0,0,0,"800375,0484","5824520,516","13,42482","52,48795",2020206.0,Graefekiez,4945.0,47.0
200731,11,11,,2019,11,8,7,2,3,6,0,0,0,0,1,0,1,1,"805018,5994","5829961,172","13,49798","52,53414",11030720.0,Herzbergstraße,6058.0,52.0
200732,11,3,,2019,10,17,7,3,2,4,2,0,1,1,0,0,0,0,"805360,0371","5841928,744","13,51403","52,64121",3010102.0,Buch,6290.0,66.0
200733,11,1,,2019,10,10,4,3,2,2,0,0,1,0,0,0,0,0,"796165,1434","5832275,698","13,3699","52,55977",1033101.0,Soldiner Straße,4166.0,53.0
200734,11,12,,2019,10,8,4,2,5,2,0,0,1,0,0,0,0,0,"792646,8471","5835833,999","13,32129","52,59357",12301204.0,Wittenau Nord,3476.0,57.0
200735,11,1,,2019,11,17,6,2,5,3,2,1,1,0,0,0,0,1,"796955,3758","5826855,715","13,37668","52,51076",1011201.0,Wilhelmstraße,4251.0,2.0
200736,11,2,,2019,10,18,6,3,1,5,2,1,1,0,0,0,0,0,"797992,2933","5826474,921","13,39158","52,50678",2010102.0,Mehringplatz,4450.0,25.0
200737,11,9,,2019,10,11,3,2,6,4,0,0,0,1,0,1,0,0,"811007,8645","5821782,643","13,57836","52,45747",9051901.0,Dammvorstadt,7236.0,45.0
200738,11,1,,2019,10,15,5,3,6,7,0,0,1,1,0,0,0,0,"795591,1786","5830809,248","13,36016","52,54694",1044201.0,Reinickendorfer Straße,4062.0,45.0
200739,11,3,,2019,10,12,6,3,2,6,0,0,1,0,0,0,0,0,"798054,6107","5835828,995","13,40089","52,59059",3020209.0,Niederschönhausen,4675.0,44.0
200740,11,11,,2019,10,8,2,3,6,4,0,0,1,1,0,0,0,0,"806440,4184","5826889,92","13,51605","52,50582",11040926.0,Weitlingstraße,6350.0,50.0
200741,11,8,,2019,10,10,5,2,5,5,0,0,1,0,1,0,0,0,"801056,1659","5823509,942","13,43391","52,47852",8010212.0,Rollberg,5142.0,45.0
200742,11,3,,2019,11,16,7,2,5,3,2,0,1,0,0,0,1,1,"797140,3172","5838891,198","13,39018","52,61854",3020203.0,Blankenfelde,4483.0,62.0
200743,11,9,,2019,10,15,7,3,0,6,0,0,0,0,1,0,1,0,"809558,5881","5821506,31","13,55684","52,45581",9020502.0,Oberschöneweide Ost,6935.0,43.0
200744,11,7,,2019,10,16,3,3,3,6,2,0,1,0,1,0,0,0,"798062,5046","5821899,69","13,38852","52,46573",7040405.0,Rathaus Tempelhof,4438.0,62.0
200745,11,1,,2019,11,12,6,3,2,2,0,0,1,0,0,0,0,0,"797855,2477","5826858,219","13,38991","52,51029",1011204.0,Leipziger Straße,4451.0,11.0
200746,11,2,,2019,10,15,6,2,5,2,0,0,1,0,1,0,0,0,"797698,6187","5825812,174","13,38667","52,501",2010101.0,Askanischer Platz,4449.0,28.0
200747,11,2,,2019,10,18,2,3,2,6,2,0,1,0,0,0,0,1,"798639,4642","5824687,859","13,39948","52,49041",2020204.0,Urbanstraße,4545.0,52.0
200748,11,4,,2019,10,7,4,3,1,6,0,0,1,0,0,0,1,0,"790698,6274","5824569,293","13,28276","52,49363",4041134.0,Bismarckallee,2846.0,54.0
200749,11,9,,2019,10,19,3,3,5,3,2,1,1,0,0,0,0,0,"806355,7324","5822134,691","13,51043","52,46325",9020501.0,Oberschöneweide West,6237.0,55.0
200750,11,2,,2019,11,14,6,3,5,3,0,1,1,0,0,0,0,0,"798668,4792","5826432,568","13,40147","52,50603",2010102.0,Mehringplatz,4650.0,45.0
200751,11,8,,2019,10,16,6,3,5,2,0,1,1,0,0,0,0,0,"803189,1687","5822738,882","13,46452","52,47043",8010508.0,Weiße Siedlung,5540.0,55.0
200752,11,6,,2019,10,13,2,3,0,2,0,1,1,0,0,0,0,1,"794321,8584","5817572,681","13,3298","52,42897",6020410.0,Oberhofer Platz,3527.0,52.0
200753,11,8,,2019,10,13,5,3,1,5,0,1,1,0,0,0,1,0,"801243,4506","5823811,442","13,43693","52,48112",8010303.0,Donaustraße,5143.0,6.0
200754,11,1,,2019,10,12,6,3,2,2,0,0,1,0,0,0,0,0,"796251,8713","5828496,738","13,36781","52,52585",1022206.0,Lüneburger Straße,4156.0,34.0
200755,11,4,,2019,10,20,2,1,0,7,2,0,1,0,0,0,0,1,"788982,6565","5822251,24","13,25554","52,47376",4061757.0,Forst Grunewald,2441.0,66.0
200756,11,8,,2019,10,14,5,1,6,7,0,0,0,1,0,1,0,0,"801592,9434","5822558,458","13,44092","52,4697",8010213.0,Körnerpark,5239.0,47.0
200757,11,5,,2019,11,14,7,3,1,5,0,0,1,0,0,0,0,1,"784764,3827","5827169,804","13,19781","52,52008",5020626.0,Adamstraße,1554.0,46.0
200758,11,1,,2019,10,21,7,3,1,5,2,0,1,0,0,0,1,0,"797467,9184","5831464,623","13,38834","52,55179",1033102.0,Gesundbrunnen,4463.0,27.0
200759,11,2,,2019,10,12,3,3,5,2,0,1,1,0,0,0,0,0,"799078,3491","5824615,065","13,40586","52,48951",2020206.0,Graefekiez,4645.0,45.0
200760,11,11,,2019,11,10,6,3,6,2,0,0,1,1,0,0,0,0,"805883,9948","5825863,228","13,50693","52,49693",11041128.0,Sewanstraße,6147.0,66.0
200761,11,2,,2019,10,14,6,3,1,5,0,0,1,0,0,0,0,0,"800690,3382","5826558,303","13,43129","52,50605",2030302.0,Lausitzer Platz,5050.0,37.0
200762,11,8,,2019,10,17,2,3,2,6,2,0,1,0,0,0,0,1,"802777,6297","5823387,819","13,45906","52,47648",8010508.0,Weiße Siedlung,5441.0,34.0
200763,11,12,,2019,10,7,5,3,2,6,0,0,1,0,0,0,0,0,"795401,8398","5834030,659","13,36024","52,57592",12103115.0,Breitkopfbecken,4070.0,60.0
200764,11,2,,2019,10,4,1,3,1,5,2,0,1,0,0,0,0,0,"801733,0741","5825832,168","13,44594","52,49896",2030402.0,Wrangelkiez,5248.0,21.0
200765,11,1,,2019,10,14,4,3,3,6,0,0,1,0,0,0,0,0,"797734,1463","5827616,86","13,38881","52,51716",1011202.0,Unter den Linden Nord,4453.0,15.0
200766,11,2,,2019,10,12,5,3,0,5,0,1,1,0,0,0,0,0,"797569,1047","5825209,037","13,38423","52,49566",2020202.0,Rathaus Yorckstraße,4347.0,52.0
200767,11,1,,2019,10,11,6,3,0,5,0,1,1,0,0,0,0,0,"799040,9321","5827077,151","13,40752","52,5116",1011305.0,Heine-Viertel West,4752.0,45.0
200768,11,9,,2019,10,13,1,3,5,3,0,1,1,0,0,0,0,0,"805814,123","5820339,766","13,50084","52,44747",9010401.0,Johannisthal West,6133.0,57.0
200769,11,1,,2019,10,17,4,3,5,2,2,1,1,0,0,0,0,0,"795230,5272","5826625,853","13,35114","52,50963",1011101.0,Stülerstraße,3851.0,47.0
200770,11,4,,2019,11,19,6,3,5,2,2,1,1,0,0,0,0,1,"793917,9272","5824957,728","13,33038","52,49539",4051448.0,Schaperstraße,3547.0,43.0
200771,11,4,,2019,10,19,7,3,6,4,2,0,0,1,0,0,1,0,"793441,826","5824086,583","13,32262","52,48784",4051652.0,Nikolsburger Platz,3445.0,43.0
200772,11,5,,2019,10,10,3,3,5,3,0,0,1,0,1,0,0,0,"784134,27","5828729,93","13,18988","52,53439",5020625.0,Borkumer Straße,1458.0,51.0
200773,11,12,,2019,11,8,6,3,0,6,0,0,1,0,0,0,1,0,"795062,7316","5832467,535","13,35386","52,56209",12103219.0,Schäfersee,3966.0,55.0
200774,11,3,,2019,10,13,6,3,5,3,0,0,1,0,0,0,1,0,"801906,1729","5830326,968","13,45257","52,53915",3061429.0,Greifswalder Straße,5360.0,62.0
200775,11,10,,2019,10,16,2,2,6,4,0,0,1,1,0,0,0,0,"809762,2803","5834464,449","13,57189","52,57182",10010102.0,Havemannstraße,7169.0,62.0
200776,11,8,,2019,10,10,5,3,0,1,0,1,0,0,0,0,0,0,"799563,3662","5816390,255","13,40561","52,41552",8020726.0,Buckow West,4624.0,53.0
200777,11,12,,2019,10,14,7,3,5,3,0,0,1,0,0,0,0,0,"793125,0274","5833868,991","13,3266","52,5757",12214421.0,Reinickes Hof,3570.0,53.0
200778,11,11,,2019,10,11,4,3,1,5,0,0,1,0,0,0,0,0,"805192,0518","5829220,731","13,49985","52,52741",11030720.0,Herzbergstraße,6056.0,54.0
200779,11,4,,2019,10,17,4,2,4,7,2,1,0,0,0,0,1,0,"791253,54","5828956,4","13,29475","52,53267",4030519.0,Kaiserin-Augusta-Allee,3058.0,38.0
200780,11,9,,2019,11,18,6,2,5,2,2,0,1,0,1,0,0,0,"811761,438","5818271,175","13,58614","52,42557",9041301.0,Kietzer Feld/Nachtheide,7326.0,60.0
200781,11,8,,2019,10,12,7,3,5,3,0,0,1,0,0,0,0,0,"801588,4907","5820150,019","13,43868","52,44811",8020622.0,Parchimer Allee,5133.0,32.0
200782,11,3,,2019,10,17,3,2,0,7,2,1,0,0,0,0,0,0,"799476,3914","5833291,105","13,41952","52,56706",3040818.0,Pankow Süd,4868.0,52.0
200783,11,4,,2019,11,18,6,3,5,3,2,1,1,0,0,0,0,1,"792912,178","5824395,732","13,31511","52,49089",4051446.0,Preußenpark,3346.0,47.0
200784,11,2,,2019,10,1,7,3,5,3,2,1,1,0,0,0,0,0,"803102,327","5827119,047","13,46722","52,50974",2050801.0,Traveplatz,5651.0,53.0
200785,11,5,,2019,10,6,3,3,5,2,1,1,1,0,0,0,0,0,"786645,3069","5829241,803","13,22724","52,53767",5030730.0,Zitadellenweg,2059.0,42.0
200786,11,3,,2019,10,9,5,3,0,3,0,0,1,0,1,0,0,0,"800780,3715","5832464,909","13,43795","52,55894",3050919.0,Gustav-Adolf-Straße,5165.0,60.0
200787,11,4,,2019,10,13,6,3,5,2,0,0,1,0,1,0,0,0,"793450,5777","5824353,441","13,32298","52,49022",4051652.0,Nikolsburger Platz,3445.0,43.0
200788,11,7,,2019,10,11,2,2,5,3,0,0,1,0,1,0,0,0,"797543,2582","5818305,609","13,37769","52,4338",7050502.0,Fritz-Werner-Straße,4229.0,34.0
200789,11,7,,2019,10,19,5,3,6,4,2,1,0,1,0,0,0,0,"796039,0863","5823519,794","13,36026","52,48135",7020204.0,Schöneberger Insel,4043.0,62.0