ObjectID,State,District,LOR_ab_2021,AccidentYear,AccidentMonth,AccidentHour,DayOfWeek,AccidentCategory,AccidentType,AccidentTypeDetail,LightingCondition,InvolvingBike,InvolvingCar,InvolvingPedestrian,InvolvingMotorcycle,InvolvingHGV,InvolvingOther,RoadCondition,GraphicCoord1,GraphicCoord2,LongitudeWGS84,LatitudeWGS84,quadrant,quadrant_rank
200948,11,4,,2019,10,15,6,3,5,3,0,1,1,0,0,0,0,0,"793131,0654","5825593,727","13,31938","52,50151",4030930.0,George-Grosz-Platz,3449.0,40.0
200949,11,2,,2019,10,18,2,3,2,6,2,0,1,0,0,0,0,1,"797857,7792","5825639,013","13,38885","52,49936",2010101.0,Askanischer Platz,4448.0,24.0
200950,11,3,,2019,10,7,5,3,5,3,0,1,1,0,0,0,0,0,"801938,3654","5832579,454","13,45509","52,55932",3050919.0,Gustav-Adolf-Straße,5466.0,58.0
200951,11,4,,2019,10,0,6,3,5,2,2,0,1,0,0,0,0,0,"791217,139","5829730,951","13,29489","52,53963",4010101.0,Jungfernheide,3060.0,36.0
200952,11,1,,2019,10,11,1,3,0,1,0,0,0,0,1,0,0,1,"797360,3124","5829139,864","13,38468","52,53101",1011401.0,Invalidenstraße,4357.0,21.0
200953,11,4,,2019,10,16,4,3,5,7,1,0,1,0,0,0,0,0,"793526,1234","5825847,236","13,32541","52,50357",4030931.0,Breitscheidplatz,3449.0,40.0
200954,11,10,,2019,10,17,5,2,1,4,1,1,1,1,0,0,0,0,"812047,5876","5830713,696","13,60198","52,53691",10020414.0,Helle Mitte,7659.0,42.0
200955,11,1,,2019,11,19,6,3,2,6,2,0,1,0,0,0,0,1,"795193,9415","5831363,78","13,35481","52,55213",1044203.0,Leopoldplatz,3963.0,52.0
200956,11,4,,2019,10,12,7,3,5,7,0,0,1,0,0,0,0,0,"793321,2682","5823546,891","13,32038","52,48306",4051551.0,Brabanter Platz,3443.0,52.0
200957,11,4,,2019,10,10,3,3,5,2,0,1,1,0,0,0,0,1,"789118,0252","5826933,112","13,26159","52,51566",4020311.0,Reichsstraße,2553.0,40.0
200958,11,10,,2019,10,21,5,3,5,3,2,0,1,0,0,0,0,0,"811899,8992","5829748,123","13,5989","52,52834",10040828.0,Kaulsdorf Nord,7557.0,60.0
200959,11,3,,2019,11,7,6,3,5,2,1,1,1,0,0,0,0,0,"802379,3675","5828837,982","13,45817","52,52555",3061441.0,Eldenaer Straße,5456.0,61.0
200960,11,1,,2019,10,21,6,3,8,1,2,0,0,0,0,0,1,0,"798181,3617","5827115,571","13,39493","52,51242",1011203.0,Unter den Linden Süd,4552.0,62.0
200961,11,4,,2019,10,15,2,3,5,5,0,0,1,0,0,0,1,0,"792717,6836","5825847,086","13,31353","52,50401",4030929.0,Hindemithplatz,3349.0,12.0
200962,11,2,,2019,10,7,5,3,5,2,0,1,1,0,0,0,0,0,"798643,8087","5826461,002","13,40114","52,5063",2010102.0,Mehringplatz,4650.0,45.0
200963,11,9,,2019,10,18,5,3,5,2,0,1,1,0,0,0,0,0,"809339,4675","5818507,65","13,55085","52,42906",9020701.0,Adlershof West,6828.0,55.0
200964,11,8,,2019,10,17,7,3,0,6,1,0,1,0,1,0,0,0,"801070,5439","5821996,558","13,43275","52,46495",8010118.0,Silbersteinstraße,5038.0,31.0
200965,11,1,,2019,10,11,4,3,5,3,0,1,1,0,0,0,0,0,"797686,2746","5832849,581","13,39279","52,56409",1033101.0,Soldiner Straße,4467.0,55.0
200966,11,10,,2019,10,18,5,2,5,2,2,1,1,0,0,0,0,1,"809584,7314","5828543,314","13,56376","52,51886",10030724.0,Oberfeldstraße,7054.0,53.0
200967,11,5,,2019,10,13,4,2,5,2,0,1,1,0,0,0,0,0,"783720,7456","5830619,093","13,18542","52,55155",5010208.0,Germersheimer Platz,1463.0,65.0
200968,11,1,,2019,10,16,5,3,1,5,0,1,1,0,0,0,0,0,"797748,9179","5827525,909","13,38894","52,51633",1011203.0,Unter den Linden Süd,4453.0,15.0
200969,11,3,,2019,10,16,5,2,3,5,0,1,1,0,0,0,0,0,"798706,3727","5833105,259","13,40803","52,56582",3040614.0,Pankow Zentrum,4767.0,50.0
200970,11,2,,2019,10,20,1,3,5,3,2,0,1,0,0,0,0,0,"801249,1253","5827829,513","13,44064","52,51713",2040502.0,Friedenstraße,5253.0,35.0
200971,11,12,,2019,10,14,4,3,2,6,0,0,1,0,0,0,0,0,"790958,0077","5837963,688","13,29831","52,61357",12231101.0,Hermsdorf,3081.0,63.0
200972,11,12,,2019,10,16,5,3,2,6,0,0,1,0,0,0,1,0,"787525,3191","5836370,421","13,24636","52,60111",12224230.0,Heiligensee,2378.0,66.0
200973,11,9,,2019,10,15,5,3,3,6,0,0,0,0,0,0,1,0,"811024,6439","5821818,266","13,57864","52,45778",9051901.0,Dammvorstadt,7236.0,45.0
200974,11,4,,2019,11,17,6,3,3,6,2,0,1,0,0,0,0,1,"790522,5933","5827329,191","13,28258","52,51847",4020310.0,Park Ruhwald,2854.0,17.0
200975,11,8,,2019,10,13,7,3,2,2,0,0,1,0,1,0,0,0,"801385,5713","5819264,264","13,43491","52,44028",8020625.0,Handwerker-Siedlung,5131.0,45.0
200976,11,8,,2019,10,7,3,3,5,3,0,1,1,0,0,0,0,1,"803809,7628","5818819,131","13,47006","52,43495",8041035.0,Blumenviertel,5629.0,61.0
200977,11,9,,2019,10,15,5,3,5,3,0,0,1,0,0,0,0,0,"809246,2825","5815356,658","13,54658","52,40088",9030903.0,Kölner Viertel,6719.0,64.0
200978,11,7,,2019,10,7,5,3,5,2,0,1,1,1,0,0,0,0,"794419,1576","5821933,398","13,33507","52,46801",7030302.0,Ceciliengärten,3639.0,45.0
200979,11,8,,2019,10,13,6,3,5,3,0,0,1,0,1,0,0,0,"801344,4738","5822036,931","13,43681","52,46516",8010214.0,Glasower Straße,5138.0,54.0
200980,11,3,,2019,10,10,2,3,6,4,0,1,0,1,0,0,0,0,"800107,3341","5832746,795","13,42831","52,56184",3030715.0,Heinersdorf,5066.0,56.0
200981,11,6,,2019,10,18,5,3,1,5,2,1,1,0,0,0,0,0,"794470,7685","5820130,043","13,33424","52,45181",6010206.0,Stadtpark,3634.0,50.0
200982,11,4,,2019,11,5,7,3,0,1,2,0,1,0,0,0,0,1,"792880,1241","5823287,539","13,31367","52,48097",4051551.0,Brabanter Platz,3343.0,53.0
200983,11,3,,2019,10,17,7,3,5,7,0,0,1,0,0,0,1,0,"797545,409","5834854,877","13,39252","52,58214",3020209.0,Niederschönhausen,4472.0,64.0
200984,11,11,,2019,10,8,4,3,2,6,0,1,1,0,0,0,0,0,"804745,3357","5826516,906","13,49081","52,50343",11040926.0,Weitlingstraße,5949.0,55.0
200985,11,8,,2019,10,22,3,3,5,7,2,0,1,0,0,0,0,0,"800362,7307","5824342,815","13,42448","52,48637",8010303.0,Donaustraße,4944.0,25.0
200986,11,4,,2019,11,16,6,3,5,3,1,0,1,0,0,0,0,0,"792859,5145","5826107,347","13,31585","52,50626",4030828.0,Savignyplatz,3350.0,22.0
200987,11,11,,2019,10,17,6,3,2,6,0,0,1,0,0,0,0,0,"805214,3543","5833155,121","13,50379","52,56266",11010310.0,Mühlengrund,6167.0,41.0
200988,11,7,,2019,10,17,3,3,0,7,1,0,0,1,0,0,1,0,"796314,4396","5823017,067","13,36385","52,4767",7020204.0,Schöneberger Insel,4041.0,37.0
200989,11,1,,2019,10,14,5,3,5,5,0,1,1,0,0,0,0,0,"798498,8585","5828173,863","13,40054","52,52173",1011303.0,Alexanderplatzviertel,4655.0,41.0
200990,11,8,,2019,10,11,6,3,6,4,0,0,1,1,0,0,0,0,"802184,2326","5818939,747","13,44633","52,43694",8020625.0,Handwerker-Siedlung,5230.0,66.0
200991,11,4,,2019,11,16,7,3,6,4,0,0,1,1,0,0,0,0,"793374,2648","5823924,124","13,32149","52,48642",4051654.0,Wilhelmsaue,3444.0,24.0
200992,11,8,,2019,11,20,6,3,8,1,2,0,1,0,0,0,0,1,"801811,4199","5821965,896","13,4436","52,46427",8010214.0,Glasower Straße,5238.0,46.0
200993,11,6,,2019,10,12,7,3,0,2,0,1,1,0,0,0,0,0,"789609,727","5818715,281","13,26168","52,44173",6040807.0,Zehlendorf Eiche,2531.0,61.0
200994,11,8,,2019,11,22,7,3,5,3,2,0,1,0,0,0,0,1,"801745,8974","5822047,767","13,44271","52,46504",8010214.0,Glasower Straße,5238.0,46.0
200995,11,10,,2019,10,13,3,2,6,2,0,0,1,1,0,0,0,0,"811293,9887","5829137,05","13,58943","52,52321",10020623.0,Rotes Viertel,7455.0,64.0
200996,11,4,,2019,11,22,7,3,5,2,2,0,1,0,0,0,0,1,"793330,186","5823361,992","13,32034","52,4814",4051551.0,Brabanter Platz,3443.0,52.0
200997,11,11,,2019,10,16,5,3,2,6,2,0,1,0,0,0,0,0,"807186,5496","5825592,975","13,52581","52,49378",11051330.0,Karlshorst West,6446.0,50.0
200998,11,3,,2019,10,10,6,3,5,3,0,0,1,0,0,0,1,0,"802352,8143","5838820,814","13,46688","52,61503",3030406.0,Alt-Karow,5582.0,64.0
200999,11,8,,2019,11,12,7,3,3,6,0,0,1,0,0,0,1,1,"801378,9291","5819320,996","13,43486","52,4408",8020622.0,Parchimer Allee,5131.0,45.0
201000,11,11,,2019,11,12,7,3,5,3,0,1,1,0,0,0,0,0,"806908,0905","5825961,361","13,52206","52,49723",11041128.0,Sewanstraße,6447.0,54.0
201001,11,2,,2019,10,8,2,3,5,3,0,0,1,0,1,0,0,0,"802080,238","5827361,373","13,45243","52,51248",2050802.0,Boxhagener Platz,5352.0,35.0
201002,11,7,,2019,10,16,5,2,5,3,0,1,1,0,0,0,0,0,"798045,7981","5815806,829","13,38284","52,41112",7060603.0,Marienfelde Nordost,4322.0,52.0
201003,11,12,,2019,11,11,7,2,5,7,0,0,1,0,1,0,0,1,"794867,5928","5833751,858","13,35213","52,57371",12103218.0,Teichstraße,3870.0,38.0
201004,11,9,,2019,11,11,7,2,3,2,0,0,1,0,0,0,1,0,"810605,9524","5821049,194","13,57178","52,45112",9051901.0,Dammvorstadt,7134.0,43.0
201005,11,12,,2019,11,17,7,3,6,4,2,0,1,1,0,0,0,1,"791922,7503","5834704,998","13,30964","52,58384",12304313.0,Borsigwalde,3273.0,64.0
201006,11,4,,2019,10,16,7,3,1,5,0,1,1,0,0,0,0,0,"792770,8762","5825497,129","13,31401","52,50084",4030930.0,George-Grosz-Platz,3348.0,36.0
201007,11,8,,2019,10,6,4,3,5,3,2,1,1,0,0,0,0,1,"805585,5235","5818605,401","13,4959","52,43205",8041037.0,Alt-Rudow,6028.0,49.0
201008,11,7,,2019,11,11,7,3,0,2,0,0,1,0,1,0,0,1,"796024,5437","5824497,214","13,36091","52,49012",7010104.0,Dennewitzplatz,4045.0,42.0
201009,11,12,,2019,10,17,3,3,0,3,2,0,1,0,1,0,1,0,"796479,9708","5832475,367","13,37471","52,56139",12103117.0,Letteplatz,4266.0,52.0
201010,11,3,,2019,11,11,7,3,0,2,0,1,1,0,0,0,0,1,"799177,295","5831110,598","13,41316","52,54768",3061131.0,Falkplatz,4762.0,48.0
201011,11,11,,2019,10,17,5,3,6,4,0,0,1,1,0,0,0,0,"804884,9044","5829950,511","13,496","52,53412",11030720.0,Herzbergstraße,6058.0,52.0
201012,11,6,,2019,11,14,6,3,1,5,0,1,1,0,0,0,0,0,"793196,5173","5818274,011","13,31391","52,43586",6030609.0,Augustaplatz,3329.0,57.0
201013,11,5,,2019,10,16,6,3,0,4,0,0,0,1,0,0,1,0,"784409,3102","5831911,731","13,19665","52,56278",5010101.0,Hakenfelde Nord,1567.0,62.0
201014,11,10,,2019,11,10,7,3,5,3,0,0,1,0,0,0,0,1,"812073,1226","5830620,412","13,60227","52,53606",10020414.0,Helle Mitte,7659.0,42.0
201015,11,3,,2019,10,19,2,3,5,3,2,1,1,0,0,0,0,0,"795881,7358","5836453,646","13,36946","52,59738",3040508.0,Rosenthal,4177.0,61.0
201016,11,11,,2019,10,8,5,3,1,5,0,1,1,0,0,0,0,0,"803442,4116","5828350,331","13,47334","52,52058",11030721.0,Rüdigerstraße,5654.0,60.0
201017,11,2,,2019,10,10,6,3,1,5,0,0,1,0,0,0,0,0,"800854,7898","5826248,451","13,43342","52,50318",2030302.0,Lausitzer Platz,5149.0,46.0
201018,11,12,,2019,11,10,7,3,5,3,0,0,1,0,0,0,0,1,"795592,5047","5837236,446","13,36591","52,60455",12302109.0,Treuenbrietzener Straße,4079.0,62.0
201019,11,9,,2019,11,10,7,3,5,2,0,0,1,0,0,0,0,1,"807225,3424","5818280,221","13,51965","52,42822",9020701.0,Adlershof West,6327.0,65.0
201020,11,6,,2019,10,16,1,3,0,3,0,1,1,0,0,0,0,1,"787184,9471","5816769,894","13,22443","52,42556",6040702.0,Düppel,1926.0,66.0
201021,11,6,,2019,10,18,4,3,5,2,2,0,1,0,0,0,0,1,"788144,046","5818738,087","13,2402","52,44271",6040804.0,Krumme Lanke,2231.0,64.0
201022,11,6,,2019,11,10,7,3,0,3,0,0,0,0,1,0,1,1,"792393,1478","5821145,686","13,30464","52,46203",6040810.0,Dahlem,3137.0,62.0
201023,11,1,,2019,10,15,5,3,1,5,0,1,1,0,0,0,0,0,"797575,9622","5828573,973","13,38734","52,52582",1011301.0,Charitéviertel,4456.0,28.0
201024,11,1,,2019,11,15,6,3,5,2,1,1,0,0,0,0,1,0,"796966,4692","5826853,531","13,37685","52,51073",1011201.0,Wilhelmstraße,4251.0,2.0
201025,11,4,,2019,10,20,7,3,0,7,1,0,1,0,0,0,0,0,"792989,2383","5822294,731","13,3144","52,47202",4041344.0,Rüdesheimer Platz,3340.0,62.0
201026,11,2,,2019,11,7,3,3,6,4,0,1,0,1,0,0,0,0,"798327,0255","5825636,6","13,39574","52,49908",2010102.0,Mehringplatz,4548.0,24.0
201027,11,7,,2019,11,6,3,2,1,7,1,0,1,0,0,0,1,0,"798037,5756","5821128,032","13,38746","52,45883",7040405.0,Rathaus Tempelhof,4436.0,56.0
201028,11,6,,2019,11,14,3,2,1,5,0,0,1,0,0,0,0,0,"788994,3993","5816537,487","13,25077","52,42253",6030504.0,Teltower Damm,2326.0,65.0
201029,11,12,,2019,11,13,3,3,3,6,0,1,1,0,0,0,0,0,"787806,4052","5835684,933","13,24991","52,59482",12214528.0,Tegeler Forst,2376.0,66.0
201030,11,1,,2019,11,13,3,3,0,2,0,1,1,0,0,0,0,0,"796643,0025","5825782,296","13,37114","52,50131",1011104.0,Körnerstraße,4149.0,60.0
201031,11,1,,2019,11,11,3,3,5,7,0,0,1,0,0,0,0,0,"794950,3856","5831346,616","13,35121","52,5521",1044102.0,Schillerpark,3863.0,41.0
201032,11,1,,2019,11,9,3,3,5,2,0,1,1,0,0,0,0,0,"797837,5847","5826968,664","13,38975","52,51129",1011204.0,Leipziger Straße,4452.0,21.0
201033,11,12,,2019,11,18,3,3,5,2,2,0,1,0,1,0,0,0,"794815,0854","5833276,859","13,35094","52,56948",12103218.0,Teichstraße,3869.0,63.0
201034,11,12,,2019,11,18,3,3,2,6,2,0,1,0,0,0,1,0,"791042,5408","5833865,552","13,29595","52,57679",12214125.0,Waldidyll/Flughafensee,3071.0,39.0
201035,11,10,,2019,11,18,3,3,5,2,2,1,1,0,0,0,0,0,"810593,5743","5825392,901","13,57565","52,49006",10040830.0,Kaulsdorf Süd,7245.0,63.0
201036,11,9,,2019,11,17,3,3,6,2,2,0,1,1,0,0,0,0,"816565,5398","5817456,5","13,65579","52,41551",9041601.0,Müggelheim,8424.0,66.0
201037,11,4,,2019,11,17,3,3,0,6,2,0,1,0,0,0,1,0,"793345,7133","5829701,34","13,32616","52,53822",4010102.0,Plötzensee,3559.0,22.0
201038,11,7,,2019,11,16,3,3,5,2,2,0,1,0,0,0,0,0,"799786,7283","5813976,67","13,40672","52,39377",7070703.0,John-Locke-Straße,4717.0,54.0
201039,11,1,,2019,11,16,3,3,5,3,2,1,1,0,0,0,0,0,"797876,1868","5826766,351","13,39013","52,50946",1011204.0,Leipziger Straße,4451.0,11.0
201040,11,11,,2019,11,15,3,3,2,6,0,0,1,0,0,0,0,0,"805644,0738","5831643,292","13,50872","52,54887",11020412.0,Hauptstraße,6263.0,48.0
201041,11,1,,2019,11,15,2,3,2,6,0,1,1,0,0,0,0,0,"796883,1648","5828165,613","13,37679","52,52254",1011301.0,Charitéviertel,4255.0,45.0
201042,11,9,,2019,11,15,2,3,0,6,0,1,0,1,0,0,0,0,"810253,9479","5819676,942","13,56535","52,43902",9020802.0,Köllnische Vorstadt,7030.0,52.0
201043,11,3,,2019,11,7,2,2,5,2,2,1,1,0,0,0,0,0,"799981,5696","5835109,049","13,4286","52,58308",3040614.0,Pankow Zentrum,5073.0,56.0
201044,11,1,,2019,11,6,2,2,6,2,1,0,1,1,0,0,0,0,"796511,2343","5827621,949","13,37084","52,51787",1011102.0,Großer Tiergarten,4153.0,36.0
201045,11,8,,2019,11,6,2,3,5,3,1,1,0,0,0,0,1,1,"801235,4683","5819770,21","13,43316","52,4449",8020620.0,Tempelhofer Weg,5032.0,63.0
201046,11,1,,2019,11,12,2,2,3,6,0,1,1,0,0,0,0,0,"794370,1282","5828435,946","13,3401","52,52633",1022104.0,Emdener Straße,3756.0,4.0
201047,11,7,,2019,11,12,2,3,0,3,0,1,0,0,0,0,1,0,"795865,6299","5815449,386","13,35056","52,4091",7060604.0,Marienfelde Süd,3822.0,66.0
201048,11,1,,2019,11,11,2,3,2,6,0,0,1,0,0,0,0,0,"798922,5228","5827792,321","13,40643","52,51808",1011303.0,Alexanderplatzviertel,4654.0,10.0
201049,11,12,,2019,11,11,2,3,5,2,0,0,1,0,0,0,1,0,"790288,7213","5840142,082","13,29036","52,63346",12231102.0,Frohnau,2987.0,52.0
201050,11,12,,2019,11,10,2,3,5,7,0,1,1,0,0,0,0,0,"786712,2516","5837146,258","13,23506","52,6085",12224230.0,Heiligensee,2180.0,66.0
201051,11,3,,2019,11,10,2,3,5,2,0,1,0,0,0,1,0,0,"799858,4097","5829810,586","13,422","52,53566",3071537.0,Kollwitzplatz,4959.0,58.0
201052,11,6,,2019,11,9,2,2,5,2,0,1,0,0,0,1,0,0,"792367,1162","5820767,916","13,30393","52,45866",6040809.0,Thielallee,3136.0,49.0
201053,11,1,,2019,11,19,2,3,2,6,2,0,1,0,1,0,0,0,"795188,9669","5826854,7","13,35073","52,51171",1011102.0,Großer Tiergarten,3852.0,51.0
201054,11,11,,2019,11,9,2,3,5,2,0,0,1,0,0,1,0,0,"803660,4039","5829508,678","13,4776","52,53085",11030619.0,Fennpfuhl Ost,5757.0,55.0
201055,11,7,,2019,11,18,2,3,2,3,2,0,1,0,0,0,0,0,"794962,1976","5824321,135","13,34516","52,48912",7020201.0,Bayerischer Platz,3745.0,36.0
201056,11,2,,2019,11,18,2,3,3,3,2,0,1,0,0,0,0,0,"801248,424","5827823,23","13,44063","52,51708",2040502.0,Friedenstraße,5253.0,35.0
201057,11,3,,2019,11,17,2,3,5,3,2,1,1,0,0,0,0,0,"802510,776","5836828,166","13,46738","52,59709",3030711.0,Blankenburg,5677.0,66.0
201058,11,3,,2019,11,17,2,3,3,6,2,0,1,0,0,0,1,0,"801888,2978","5831713,76","13,45356","52,55159",3050920.0,Weißer See,5363.0,56.0
201059,11,3,,2019,11,15,2,3,5,3,0,0,1,0,0,0,0,0,"800030,7457","5832021,805","13,42653","52,55538",3040818.0,Pankow Süd,4964.0,49.0
201060,11,6,,2019,11,15,2,3,0,6,1,0,1,0,0,0,1,0,"794240,2511","5820273,491","13,33098","52,45322",6010207.0,Mittelstraße,3535.0,50.0
201061,11,9,,2019,11,15,2,3,5,3,0,0,1,0,0,0,0,0,"804938,9082","5820712,547","13,48834","52,4513",9010302.0,Späthsfelde,5934.0,54.0
201062,11,1,,2019,11,15,2,3,5,2,0,1,1,0,0,0,0,0,"794577,312","5829787,053","13,34434","52,53833",1022103.0,Westhafen,3759.0,54.0
201063,11,10,,2019,11,15,2,3,5,3,0,1,1,0,0,0,0,0,"809643,505","5828927,521","13,56499","52,52227",10030725.0,Buckower Ring,7055.0,62.0
201064,11,3,,2019,11,15,2,3,5,2,0,1,1,0,0,0,0,0,"800193,9661","5830930,274","13,42794","52,54551",3061228.0,Erich-Weinert-Straße,5062.0,44.0
201065,11,10,,2019,11,13,2,3,2,2,0,0,1,0,1,0,0,0,"813032,2089","5827682,596","13,6136","52,50918",10040932.0,Alt-Mahlsdorf,7751.0,59.0
201066,11,9,,2019,11,13,2,3,2,6,0,0,1,0,0,0,0,0,"810465,7068","5820310,748","13,56904","52,44458",9020802.0,Köllnische Vorstadt,7132.0,48.0
201067,11,5,,2019,11,12,2,3,5,3,0,0,1,0,0,0,0,0,"789753,507","5828852,028","13,2726","52,53253",5030833.0,Motardstraße,2758.0,64.0
201068,11,6,,2019,11,21,1,3,5,3,2,0,1,0,0,0,0,1,"795342,0816","5819978,977","13,34689","52,44999",6010205.0,Südende,3834.0,50.0
201069,11,1,,2019,11,20,1,3,2,6,2,0,1,0,0,0,0,0,"797124,2183","5831418,597","13,38324","52,55157",1033102.0,Gesundbrunnen,4363.0,22.0
201070,11,7,,2019,11,19,1,2,0,7,2,0,0,1,0,0,1,0,"794970,1046","5823982,719","13,34497","52,48608",7020201.0,Bayerischer Platz,3744.0,45.0
201071,11,6,,2019,11,17,1,3,5,2,2,0,1,0,1,0,0,0,"793603,1797","5815904,78","13,3178","52,4144",6020411.0,Schütte-Lanz-Straße,3323.0,62.0
201072,11,8,,2019,11,17,1,3,6,2,2,0,1,1,0,0,0,1,"801372,6263","5819251,571","13,43471","52,44018",8020625.0,Handwerker-Siedlung,5131.0,45.0
201073,11,5,,2019,11,14,1,3,5,2,0,1,1,0,0,0,0,0,"782195,1399","5830532,432","13,1629","52,55156",5010206.0,Gütersloher Weg,1063.0,62.0
201074,11,12,,2019,11,13,1,3,3,6,0,1,0,0,0,0,0,0,"793107,6229","5835845,84","13,32809","52,59343",12301203.0,Wittenau Süd,3576.0,61.0
201075,11,1,,2019,11,14,1,3,2,6,0,0,1,0,1,0,0,0,"795832,9006","5826686,249","13,36004","52,50985",1011105.0,Nördlicher Landwehrkanal,4051.0,54.0
201076,11,3,,2019,11,13,1,3,2,6,0,0,1,0,0,0,1,0,"796824,5646","5833932,685","13,38109","52,57427",3040513.0,Schönholz,4370.0,59.0
201077,11,5,,2019,11,13,1,2,0,2,0,0,1,0,0,0,1,0,"784592,0584","5831084,026","13,19863","52,55526",5010103.0,Amorbacher Weg,1664.0,56.0
201078,11,2,,2019,11,11,1,2,6,4,0,0,1,1,0,0,0,0,"801185,7891","5827290,77","13,43923","52,51234",2040703.0,Wriezener Bahnhof/Entwicklungsgebiet,5152.0,56.0
201079,11,3,,2019,11,11,1,3,5,3,0,0,1,0,0,0,0,0,"802315,242","5831336,445","13,4595","52,54797",3050925.0,Komponistenviertel Weißensee,5462.0,60.0
201080,11,11,,2019,11,10,1,2,0,1,0,0,0,0,1,0,0,1,"804637,4801","5833418,418","13,49555","52,56534",11010309.0,Zingster Straße West,6067.0,66.0
201081,11,1,,2019,11,7,1,3,2,6,0,0,1,0,0,0,0,0,"794222,0056","5828443,14","13,33793","52,52647",1022104.0,Emdener Straße,3656.0,44.0
201082,11,7,,2019,11,5,1,3,6,7,2,0,1,1,1,0,0,1,"795961,4677","5816391,104","13,3528","52,41749",7060601.0,Marienfelder Allee Nordwest,3924.0,64.0
201083,11,3,,2019,11,0,1,3,0,5,2,0,0,0,1,0,1,1,"798944,0631","5830383,827","13,40907","52,5413",3061131.0,Falkplatz,4760.0,20.0
201084,11,11,,2019,11,18,7,2,5,3,2,0,1,0,1,0,0,1,"804999,475","5828429,571","13,49629","52,52043",11030721.0,Rüdigerstraße,6054.0,60.0
201085,11,4,,2019,11,15,7,3,5,3,0,0,1,1,0,0,0,0,"793302,8653","5823637,435","13,32019","52,48388",4051549.0,Rathaus Wilmersdorf,3444.0,24.0
201086,11,1,,2019,11,17,7,3,1,5,2,1,1,0,0,0,0,1,"796060,8033","5825727,852","13,36254","52,50113",1011103.0,Lützowstraße,4049.0,39.0
201087,11,5,,2019,11,17,7,3,2,7,2,0,1,0,0,0,0,1,"786669,3446","5829266,372","13,22762","52,53787",5030730.0,Zitadellenweg,2059.0,42.0
201088,11,1,,2019,11,17,7,3,2,2,2,0,1,0,0,0,0,1,"797564,8748","5832745,714","13,39091","52,56322",1033101.0,Soldiner Straße,4467.0,55.0
201089,11,8,,2019,11,16,7,3,5,2,2,1,1,0,0,0,0,1,"801820,7531","5823620,622","13,44523","52,47909",8010404.0,Rixdorf,5242.0,49.0
201090,11,4,,2019,11,15,7,2,5,2,0,0,1,0,0,0,0,1,"791284,958","5830676,183","13,29672","52,54807",4010101.0,Jungfernheide,3062.0,44.0
201091,11,11,,2019,11,20,7,3,9,1,2,0,1,0,0,0,0,1,"805623,9967","5831593,653","13,50838","52,54843",11020412.0,Hauptstraße,6262.0,56.0
201092,11,9,,2019,11,14,7,3,5,2,0,0,1,0,0,0,0,1,"806583,5704","5822763,856","13,51435","52,46876",9020501.0,Oberschöneweide West,6339.0,60.0
201093,11,8,,2019,11,14,7,3,5,2,0,0,1,0,0,0,0,1,"802065,7254","5821982,647","13,44734","52,46427",8010214.0,Glasower Straße,5338.0,54.0
201094,11,1,,2019,11,14,7,3,6,2,0,0,1,1,0,0,0,1,"798241,1396","5829625,078","13,39806","52,53488",1011402.0,Arkonaplatz,4558.0,14.0
201095,11,6,,2019,11,14,7,3,5,3,0,0,1,0,0,0,0,1,"792698,8979","5818055,682","13,30642","52,43417",6030610.0,Lichterfelde West,3229.0,58.0
201096,11,5,,2019,11,19,7,2,0,1,2,0,0,0,1,0,0,1,"784303,6978","5830577,844","13,19396","52,55087",5010310.0,Eckschanze,1563.0,64.0
201097,11,1,,2019,11,14,7,3,0,1,0,0,0,0,1,0,0,1,"794604,2655","5826142,62","13,34151","52,50564",1011101.0,Stülerstraße,3750.0,33.0
201098,11,8,,2019,11,14,7,3,6,2,0,0,1,1,0,0,0,1,"800451,6321","5823644,417","13,42515","52,48006",8010211.0,Flughafenstraße,4942.0,18.0
201099,11,1,,2019,11,14,7,3,2,6,0,0,1,0,0,0,1,1,"796869,7945","5831905,156","13,37994","52,55607",1044201.0,Reinickendorfer Straße,4365.0,7.0
201100,11,1,,2019,11,18,7,2,1,5,2,0,1,0,0,0,0,0,"798498,856","5828173,913","13,40054","52,52173",1011303.0,Alexanderplatzviertel,4655.0,41.0
201101,11,12,,2019,11,18,7,3,5,7,2,0,1,0,0,0,0,1,"792769,3133","5832752,83","13,32038","52,56589",12214424.0,Scharnweberstraße,3468.0,60.0
201102,11,1,,2019,11,13,7,3,5,3,0,1,1,0,0,0,0,1,"798353,8433","5828355,121","13,39857","52,52344",1011302.0,Oranienburger Straße,4555.0,52.0
201103,11,7,,2019,11,18,7,3,0,6,2,0,0,0,1,0,1,1,"794953,1629","5822485,036","13,3434","52,47266",7030302.0,Ceciliengärten,3740.0,64.0
201104,11,7,,2019,11,13,7,3,4,7,0,0,1,0,0,0,0,1,"796367,5545","5819725,284","13,36171","52,44716",7040404.0,Marienhöhe,4033.0,40.0
201105,11,8,,2019,11,12,7,3,3,6,0,0,1,0,1,0,0,1,"801076,7022","5824169,468","13,4348","52,48442",8010301.0,Reuterkiez,5144.0,42.0