ObjectID,State,District,LOR_ab_2021,AccidentYear,AccidentMonth,AccidentHour,DayOfWeek,AccidentCategory,AccidentType,AccidentTypeDetail,LightingCondition,InvolvingBike,InvolvingCar,InvolvingPedestrian,InvolvingMotorcycle,InvolvingHGV,InvolvingOther,RoadCondition,GraphicCoord1,GraphicCoord2,LongitudeWGS84,LatitudeWGS84,quadrant,quadrant_rank
201423,11,4,,2019,11,8,3,3,5,2,0,1,1,0,0,0,0,0,"792948,3233","5825292,443","13,31643","52,49891",4051446.0,Preußenpark,3348.0,36.0
201424,11,1,,2019,11,8,3,3,5,3,0,1,1,0,0,0,0,0,"798815,7773","5829376,955","13,40628","52,53234",1011402.0,Arkonaplatz,4658.0,28.0
201425,11,7,,2019,11,8,3,3,5,3,0,0,1,0,0,0,0,0,"798284,7479","5820981,802","13,39096","52,45738",7040405.0,Rathaus Tempelhof,4436.0,56.0
201426,11,9,,2019,11,7,3,3,2,2,0,1,1,0,0,0,0,1,"806152,0595","5820168,516","13,50564","52,44574",9010401.0,Johannisthal West,6132.0,56.0
201427,11,2,,2019,11,7,3,3,8,1,1,1,0,0,0,0,0,1,"801435,8948","5825665,59","13,44143","52,49763",2030402.0,Wrangelkiez,5248.0,21.0
201428,11,3,,2019,11,7,3,2,6,2,0,0,0,1,0,1,0,0,"800840,2585","5833477,497","13,43975","52,56798",3030715.0,Heinersdorf,5168.0,63.0
201429,11,5,,2019,11,8,2,3,5,2,0,1,1,0,0,0,0,0,"785043,8548","5829397,788","13,20383","52,53991",5010314.0,Carl-Schurz-Straße,1660.0,30.0
201430,11,8,,2019,11,17,2,3,6,2,2,0,1,1,0,0,0,1,"801392,3592","5819274,678","13,43502","52,44037",8020625.0,Handwerker-Siedlung,5131.0,45.0
201431,11,9,,2019,11,18,2,3,5,2,2,1,0,0,0,1,0,1,"808820,4374","5814861,534","13,53988","52,39668",9031001.0,Bohnsdorf,6618.0,66.0
201432,11,4,,2019,11,18,2,3,2,7,2,0,1,0,0,0,0,1,"793897,6156","5823106,64","13,32845","52,47881",4051655.0,Babelsberger Straße,3542.0,38.0
201433,11,1,,2019,11,17,2,3,0,1,2,1,0,0,0,0,0,1,"795485,3498","5827928,011","13,35604","52,52117",1022206.0,Lüneburger Straße,3954.0,59.0
201434,11,6,,2019,11,16,2,3,5,3,2,0,1,0,0,0,0,1,"790544,6683","5820806,461","13,27722","52,45998",6040810.0,Dahlem,2737.0,55.0
201435,11,3,,2019,11,17,2,3,5,2,2,1,1,0,0,0,0,1,"798652,4323","5831486,952","13,40578","52,55134",3061126.0,Arnimplatz,4663.0,62.0
201436,11,2,,2019,11,18,2,3,0,7,2,1,0,0,0,0,0,0,"802333,6273","5827096,643","13,45591","52,50996",2050802.0,Boxhagener Platz,5451.0,41.0
201437,11,1,,2019,11,16,2,3,6,2,1,0,1,1,0,0,0,1,"796671,5017","5828256,215","13,37376","52,52347",1011301.0,Charitéviertel,4255.0,45.0
201438,11,12,,2019,11,16,2,3,6,6,2,0,1,1,0,0,0,1,"796680,2267","5832831,898","13,37798","52,56448",12103117.0,Letteplatz,4267.0,59.0
201439,11,11,,2019,11,16,2,3,0,3,2,0,1,0,0,0,1,1,"802949,8521","5829190,496","13,46687","52,52839",11030618.0,Fennpfuhl West,5557.0,49.0
201440,11,4,,2019,11,17,2,3,5,3,2,0,1,0,0,0,0,1,"794157,6106","5825333,357","13,33423","52,49863",4051448.0,Schaperstraße,3648.0,35.0
201441,11,9,,2019,11,17,2,2,6,4,2,0,1,1,0,0,0,1,"807558,5802","5815389,046","13,52188","52,40212",9030901.0,Dorf Altglienicke,6420.0,56.0
201442,11,10,,2019,11,15,2,3,5,2,0,1,1,0,0,0,0,1,"807911,9759","5830177,709","13,5407","52,53446",10010309.0,Springpfuhl,6658.0,51.0
201443,11,1,,2019,11,17,2,3,6,4,2,1,0,1,0,0,0,1,"797133,6846","5827775,028","13,38012","52,5189",1011202.0,Unter den Linden Nord,4354.0,42.0
201444,11,2,,2019,11,15,2,3,5,3,0,1,0,0,0,0,1,1,"800580,2547","5827008,28","13,43008","52,51014",2040701.0,Andreasviertel,5051.0,33.0
201445,11,3,,2019,11,13,2,2,5,3,1,1,1,0,0,0,0,1,"798342,175","5834830,075","13,40422","52,58148",3020209.0,Niederschönhausen,4672.0,50.0
201446,11,7,,2019,11,17,2,2,6,2,2,0,1,1,0,0,0,1,"798342,1013","5823947,405","13,39445","52,48393",7040401.0,Neu-Tempelhof,4544.0,57.0
201447,11,12,,2019,11,13,2,3,5,3,0,0,1,0,0,0,0,1,"791240,003","5836664,237","13,30131","52,60177",12304314.0,Ziekowstraße/Freie Scholle,3178.0,63.0
201448,11,4,,2019,11,13,2,3,2,3,0,1,1,0,0,0,0,1,"793093,0227","5822997,539","13,31654","52,47826",4051551.0,Brabanter Platz,3342.0,52.0
201449,11,5,,2019,11,17,2,3,2,6,2,0,1,0,0,0,1,1,"785139,2184","5828332,419","13,20432","52,5303",5020627.0,Tiefwerder,1657.0,58.0
201450,11,12,,2019,11,17,2,3,6,2,2,0,0,1,0,0,1,1,"792920,4925","5837069,227","13,32642","52,6045",12302211.0,Lübarser Straße,3579.0,64.0
201451,11,12,,2019,11,12,2,2,5,2,0,1,0,0,0,1,0,0,"792185,4295","5832956,495","13,31197","52,56803",12214422.0,Klixstraße,3268.0,42.0
201452,11,10,,2019,11,19,2,3,1,5,2,0,1,0,1,0,0,1,"813204,3675","5828907,529","13,61728","52,52006",10040931.0,Mahlsdorf Nord,7854.0,62.0
201453,11,1,,2019,11,12,2,2,5,2,0,0,1,0,1,0,0,1,"794556,4402","5828348,398","13,34276","52,52544",1022106.0,Elberfelder Straße,3756.0,4.0
201454,11,1,,2019,11,19,2,3,2,6,2,0,1,0,1,0,0,1,"798603,1404","5829069,096","13,40288","52,5297",1011302.0,Oranienburger Straße,4657.0,9.0
201455,11,4,,2019,11,10,2,3,5,2,0,0,1,0,0,0,1,1,"791287,883","5830670,435","13,29675","52,54801",4010101.0,Jungfernheide,3062.0,44.0
201456,11,5,,2019,11,9,2,2,5,2,0,0,1,0,0,0,0,0,"780070,8961","5827690,35","13,12926","52,52717",5020521.0,Döberitzer Weg,556.0,60.0
201457,11,6,,2019,11,9,2,3,2,2,0,0,1,0,0,0,0,1,"794267,9047","5820262,018","13,33138","52,45311",6010207.0,Mittelstraße,3535.0,50.0
201458,11,3,,2019,11,9,2,3,6,4,0,0,1,1,0,0,0,0,"797873,8896","5833063,372","13,39574","52,5659",3040614.0,Pankow Zentrum,4568.0,63.0
201459,11,9,,2019,11,8,2,2,6,4,0,0,1,1,0,0,0,1,"806506,016","5821467,725","13,51203","52,45719",9020601.0,Schnellerstraße,6236.0,62.0
201460,11,9,,2019,11,8,2,3,5,2,0,1,1,0,0,0,0,1,"810475,9952","5821194,308","13,57001","52,4525",9051901.0,Dammvorstadt,7134.0,43.0
201461,11,1,,2019,11,8,2,3,5,2,0,1,0,0,0,0,1,0,"794542,7963","5829072,984","13,3432","52,53194",1022104.0,Emdener Straße,3758.0,50.0
201462,11,1,,2019,11,8,2,3,0,1,0,1,0,0,0,0,0,1,"797303,9626","5829025,118","13,38374","52,53001",1011301.0,Charitéviertel,4357.0,21.0
201463,11,7,,2019,11,7,2,3,2,6,0,0,1,0,1,0,0,1,"797121,2908","5819459,109","13,37253","52,44436",7050501.0,Rathausstraße,4132.0,61.0
201464,11,8,,2019,11,7,2,3,1,5,0,1,1,0,0,0,1,1,"800997,5171","5824808,742","13,43422","52,4902",8010301.0,Reuterkiez,5145.0,46.0
201465,11,6,,2019,11,7,2,3,6,4,0,0,1,1,0,0,0,1,"793806,638","5818010,137","13,32263","52,43317",6020409.0,Königsberger Straße,3429.0,56.0
201466,11,12,,2019,11,6,2,2,5,2,2,0,1,0,0,0,1,1,"792614,3976","5832068,916","13,31749","52,55984",12214125.0,Waldidyll/Flughafensee,3366.0,66.0
201467,11,2,,2019,11,16,1,2,6,4,2,0,1,1,0,0,0,1,"801413,899","5826411,347","13,44178","52,50433",2040703.0,Wriezener Bahnhof/Entwicklungsgebiet,5250.0,54.0
201468,11,12,,2019,11,15,1,3,0,3,0,0,1,0,1,0,0,1,"795225,1057","5832472,284","13,35625","52,56205",12103219.0,Schäfersee,3966.0,55.0
201469,11,3,,2019,11,15,1,3,5,3,0,1,1,0,0,0,0,1,"802703,2938","5831775,814","13,4656","52,5517",3050925.0,Komponistenviertel Weißensee,5563.0,50.0
201470,11,9,,2019,11,14,1,3,1,7,0,1,0,0,0,0,1,1,"810692,847","5819595,206","13,57171","52,43804",9020802.0,Köllnische Vorstadt,7130.0,61.0
201471,11,9,,2019,11,13,1,3,0,7,0,0,0,0,1,0,0,1,"821418,6346","5819147,139","13,72853","52,42783",9051801.0,Rahnsdorf/Hessenwinkel,9427.0,66.0
201472,11,2,,2019,11,10,1,3,5,3,0,0,1,0,0,0,0,1,"797592,1078","5825950,103","13,38523","52,50229",2010101.0,Askanischer Platz,4349.0,61.0
201473,11,6,,2019,11,9,1,3,5,3,0,0,1,0,0,0,0,1,"789600,3742","5817095,781","13,26014","52,42721",6030504.0,Teltower Damm,2527.0,63.0
201474,11,12,,2019,11,8,1,3,5,3,0,0,1,0,1,0,0,1,"792121,0396","5838486,812","13,3159","52,61764",12231101.0,Hermsdorf,3383.0,64.0
201475,11,8,,2019,11,17,1,2,6,4,2,0,1,1,0,0,0,1,"800517,2792","5822031,778","13,42466","52,46557",8010118.0,Silbersteinstraße,4938.0,62.0
201476,11,2,,2019,11,2,1,3,1,5,2,1,1,0,0,0,0,0,"797105,5454","5824371,178","13,37667","52,48841",2020203.0,Viktoriapark,4245.0,40.0
201477,11,1,,2019,11,23,1,3,5,3,2,0,1,0,0,0,0,1,"797168,9172","5831918,629","13,38435","52,55603",1033102.0,Gesundbrunnen,4365.0,7.0
201478,11,12,,2019,11,6,1,3,8,1,2,0,1,0,0,0,0,1,"793155,2306","5835888,465","13,32883","52,59379",12301203.0,Wittenau Süd,3576.0,61.0
201479,11,11,,2019,11,21,1,3,4,1,2,0,1,0,0,0,0,1,"803447,7862","5826640,274","13,47186","52,50525",11040925.0,Victoriastadt,5650.0,43.0
201480,11,3,,2019,11,20,1,3,5,2,2,1,1,0,0,0,0,1,"800291,9274","5831596,393","13,42998","52,55142",3061228.0,Erich-Weinert-Straße,5063.0,29.0
201481,11,8,,2019,11,20,1,2,6,3,2,0,1,1,0,0,0,1,"799592,9784","5816418,451","13,40607","52,41576",8020726.0,Buckow West,4624.0,53.0
201482,11,8,,2019,11,17,1,3,6,4,2,0,1,1,0,0,0,1,"800470,4354","5823610,849","13,4254","52,47975",8010117.0,Schillerpromenade,4942.0,18.0
201483,11,9,,2019,11,17,1,2,5,2,2,0,1,0,0,0,0,1,"805016,7916","5822703,753","13,49131","52,4691",9010301.0,Baumschulenstraße,5939.0,38.0
201484,11,7,,2019,11,15,1,3,1,7,1,0,1,0,0,0,1,1,"795507,301","5823842,732","13,35274","52,48454",7020203.0,Kaiser-Wilhelm-Platz,3944.0,21.0
201485,11,12,,2019,11,7,1,3,9,1,2,0,1,0,0,0,0,1,"794727,227","5838578,838","13,35436","52,61705",12301206.0,Lübars,3982.0,66.0
201486,11,2,,2019,11,5,7,3,5,3,2,0,1,0,0,0,0,1,"798213,2961","5826240,774","13,39461","52,50456",2010102.0,Mehringplatz,4550.0,26.0
201487,11,10,,2019,11,14,7,3,5,2,0,0,1,0,0,0,0,0,"811351,1369","5831956,271","13,59291","52,54844",10020412.0,Alte Hellersdorfer Straße,7462.0,45.0
201488,11,8,,2019,11,22,7,3,2,6,2,0,1,0,0,0,0,0,"800596,702","5823190,784","13,42687","52,47591",8010117.0,Schillerpromenade,5041.0,31.0
201489,11,6,,2019,11,19,7,3,6,2,2,0,1,1,0,0,0,0,"792760,9856","5817474,72","13,30682","52,42893",6030608.0,Schweizer Viertel,3227.0,66.0
201490,11,2,,2019,11,18,7,3,2,6,2,0,1,0,0,0,0,0,"799704,3009","5825792,791","13,41611","52,49973",2010103.0,Moritzplatz,4848.0,3.0
201491,11,1,,2019,11,18,7,3,2,6,2,0,1,0,0,0,0,0,"796900,6599","5831389,635","13,37993","52,55143",1033203.0,Humboldthain Nordwest,4363.0,22.0
201492,11,1,,2019,11,14,7,3,5,2,0,0,1,0,0,0,0,1,"794506,9306","5830649,916","13,34407","52,5461",1044103.0,Westliche Müllerstraße,3762.0,55.0
201493,11,1,,2019,11,0,7,2,1,5,2,0,1,0,0,0,1,0,"797534,4732","5828459,259","13,38663","52,52482",1011301.0,Charitéviertel,4456.0,28.0
201494,11,5,,2019,11,9,7,3,5,2,0,0,1,0,0,0,0,1,"781304,426","5828384,764","13,14798","52,53277",5020419.0,Magistratsweg,858.0,60.0
201495,11,10,,2019,11,7,7,3,0,1,2,0,0,0,1,0,0,1,"806477,2319","5830220,046","13,51966","52,53564",10010308.0,Marzahner Chaussee,6359.0,27.0
201496,11,6,,2019,11,6,7,3,5,3,2,1,1,0,0,0,0,1,"793658,7237","5817265,071","13,31981","52,42657",6020409.0,Königsberger Straße,3427.0,58.0
201497,11,7,,2019,11,20,7,3,2,6,2,0,1,0,0,0,0,0,"794662,995","5821785,936","13,33852","52,46655",7030303.0,Grazer Platz,3638.0,58.0
201498,11,6,,2019,11,5,7,2,9,1,2,0,1,1,0,0,0,0,"791275,564","5819857,489","13,28712","52,45108",6040809.0,Thielallee,2934.0,62.0
201499,11,2,,2019,11,20,7,3,5,2,2,0,1,0,0,0,0,0,"797824,2355","5824931,06","13,38773","52,49303",2020203.0,Viktoriapark,4446.0,12.0
201500,11,3,,2019,11,19,7,3,0,3,2,0,1,0,1,0,0,0,"797781,008","5832958,85","13,39428","52,56501",3040614.0,Pankow Zentrum,4567.0,50.0
201501,11,2,,2019,11,18,7,3,2,6,2,0,1,0,0,0,0,0,"801708,1062","5826161,843","13,44588","52,50193",2040703.0,Wriezener Bahnhof/Entwicklungsgebiet,5249.0,5.0
201502,11,9,,2019,11,13,7,3,5,2,0,0,1,0,0,0,0,0,"803992,4256","5823070,491","13,47661","52,47296",9010202.0,Köpenicker Landstraße,5740.0,54.0
201503,11,4,,2019,11,13,7,3,5,7,0,0,1,0,0,0,0,0,"794159,0114","5824046,89","13,33312","52,48709",4051655.0,Babelsberger Straße,3644.0,62.0
201504,11,4,,2019,11,12,7,3,6,7,0,0,1,1,0,0,0,0,"791058,023","5823011,514","13,28667","52,47947",4041238.0,Kissinger Straße,2942.0,62.0
201505,11,1,,2019,11,2,7,3,0,2,2,0,1,0,0,0,0,0,"799479,819","5828830,293","13,41555","52,52708",1011303.0,Alexanderplatzviertel,4856.0,19.0
201506,11,11,,2019,11,12,7,3,2,6,0,0,1,0,0,0,0,1,"804099,477","5829827,462","13,48435","52,53346",11030619.0,Fennpfuhl Ost,5858.0,54.0
201507,11,1,,2019,11,10,7,2,0,5,0,0,1,0,1,0,0,1,"795027,6977","5830902,193","13,35195","52,54808",1044103.0,Westliche Müllerstraße,3862.0,51.0
201508,11,1,,2019,11,11,6,3,6,4,0,0,1,1,0,0,0,0,"794275,1147","5829266,55","13,33944","52,53382",1022104.0,Emdener Straße,3758.0,50.0
201509,11,2,,2019,11,22,6,3,0,3,2,1,1,0,0,0,0,0,"799611,2535","5824523,314","13,4136","52,4884",2020206.0,Graefekiez,4845.0,36.0
201510,11,11,,2019,11,7,6,3,6,4,2,0,1,1,0,0,0,1,"804725,5632","5830609,271","13,49427","52,54011",11020515.0,Landsberger Allee,6060.0,64.0
201511,11,7,,2019,11,19,6,3,5,2,2,1,1,0,0,0,0,0,"793990,631","5821564,091","13,32846","52,46493",7030301.0,Friedenau,3538.0,44.0
201512,11,4,,2019,11,17,6,3,0,5,2,1,1,0,0,0,0,0,"794003,2069","5825127,668","13,33178","52,49687",4051448.0,Schaperstraße,3547.0,43.0
201513,11,12,,2019,11,17,6,3,2,6,2,0,1,0,0,0,0,0,"793510,5798","5832412,683","13,33098","52,56244",12214424.0,Scharnweberstraße,3567.0,10.0
201514,11,1,,2019,11,13,1,3,5,3,0,0,1,0,1,0,0,0,"796970,231","5826857,932","13,3769","52,51077",1011201.0,Wilhelmstraße,4251.0,2.0
201515,11,11,,2019,11,12,1,3,5,3,0,1,1,0,0,0,0,0,"807403,6923","5827435,602","13,5307","52,51017",11041027.0,Tierpark,6551.0,61.0
201516,11,7,,2019,11,17,6,3,3,6,2,0,1,0,0,1,0,0,"797283,2637","5822715,262","13,37781","52,47346",7040401.0,Neu-Tempelhof,4240.0,51.0
201517,11,4,,2019,11,12,1,3,3,6,0,0,1,0,0,0,1,0,"790466,7463","5826727,737","13,28123","52,5131",4020313.0,Königin-Elisabeth-Straße,2852.0,40.0
201518,11,4,,2019,11,16,6,3,2,6,0,0,1,0,0,0,1,0,"789728,3592","5827431,812","13,271","52,51981",4020310.0,Park Ruhwald,2654.0,58.0
201519,11,7,,2019,11,11,1,3,0,5,0,1,1,0,0,0,0,0,"795998,9348","5824088,127","13,36017","52,48647",7020203.0,Kaiser-Wilhelm-Platz,4044.0,52.0
201520,11,3,,2019,11,10,1,3,5,3,0,0,1,0,0,0,0,0,"802876,5307","5838280,708","13,47409","52,6099",3030406.0,Alt-Karow,5780.0,50.0
201521,11,1,,2019,11,16,6,3,0,1,0,1,0,0,0,0,0,1,"796973,2246","5830136,228","13,37988","52,54015",1033202.0,Humboldthain Süd,4360.0,52.0
201522,11,4,,2019,11,1,1,3,1,1,2,0,1,0,0,0,0,0,"790964,5082","5829482,828","13,29096","52,53754",4010101.0,Jungfernheide,2959.0,66.0
201523,11,4,,2019,11,16,1,3,6,2,2,0,1,1,0,0,0,0,"791918,8202","5822381,672","13,29876","52,47337",4041241.0,Breite Straße,3040.0,60.0
201524,11,9,,2019,11,2,1,3,0,1,2,1,0,0,0,0,0,1,"809832,0395","5820239,525","13,55968","52,44431",9020802.0,Köllnische Vorstadt,6932.0,64.0
201525,11,2,,2019,11,14,6,3,5,3,0,1,1,0,0,0,0,0,"801242,6851","5827686,68","13,44042","52,51586",2040701.0,Andreasviertel,5253.0,35.0
201526,11,3,,2019,11,14,6,3,5,3,0,1,1,0,0,0,0,0,"801007,2546","5832192,395","13,44104","52,55637",3050919.0,Gustav-Adolf-Straße,5265.0,58.0
201527,11,7,,2019,11,19,1,2,6,4,2,0,1,1,0,0,0,0,"797232,4115","5818631,57","13,37343","52,43689",7050501.0,Rathausstraße,4230.0,54.0
201528,11,1,,2019,11,17,1,3,0,1,2,0,0,0,0,0,1,0,"795321,1725","5828215,851","13,35388","52,52384",1022204.0,Thomasiusstraße,3955.0,57.0
201529,11,10,,2019,11,15,6,2,5,3,0,1,1,0,0,0,0,0,"808914,2209","5828162,46","13,55356","52,51583",10030724.0,Oberfeldstraße,6853.0,64.0
201530,11,11,,2019,11,17,7,3,2,6,2,0,1,0,0,0,0,0,"805990,8302","5830120,47","13,51242","52,53502",11030720.0,Herzbergstraße,6258.0,63.0
201531,11,1,,2019,11,17,7,2,0,1,2,1,0,0,0,0,0,0,"796989,6182","5828921,424","13,37903","52,52926",1011301.0,Charitéviertel,4257.0,20.0
201532,11,7,,2019,11,15,6,3,5,3,1,0,1,0,0,0,0,0,"797652,3845","5815482,483","13,37678","52,40843",7060604.0,Marienfelde Süd,4221.0,62.0
201533,11,4,,2019,11,14,6,3,5,3,0,0,1,0,0,0,0,0,"790793,499","5826011,639","13,28541","52,50651",4030724.0,Lietzensee,2850.0,46.0
201534,11,1,,2019,11,15,7,3,6,4,0,0,1,1,0,0,0,0,"794839,0343","5830601,188","13,34891","52,54548",1044103.0,Westliche Müllerstraße,3862.0,51.0
201535,11,11,,2019,11,13,7,3,2,6,0,0,1,0,0,0,0,0,"804246,8065","5828708,479","13,48549","52,52335",11030619.0,Fennpfuhl Ost,5855.0,64.0
201536,11,3,,2019,11,14,6,3,2,6,0,0,1,0,0,0,0,0,"799375,6633","5831789,829","13,41668","52,55366",3061227.0,Humannplatz,4864.0,14.0
201537,11,2,,2019,11,14,6,3,2,2,0,0,0,0,1,0,1,0,"800925,8289","5826867,148","13,43502","52,50868",2040703.0,Wriezener Bahnhof/Entwicklungsgebiet,5151.0,39.0
201538,11,3,,2019,11,12,7,3,0,5,0,0,1,0,0,0,0,0,"802659,8456","5831603,916","13,46481","52,55018",3050925.0,Komponistenviertel Weißensee,5563.0,50.0
201539,11,7,,2019,11,12,7,3,3,6,0,1,1,0,0,0,0,0,"796038,54","5815367,612","13,35303","52,40827",7060604.0,Marienfelde Süd,3921.0,58.0
201540,11,11,,2019,11,22,7,3,0,2,2,1,1,0,0,0,0,0,"805170,5463","5827714,537","13,49815","52,51392",11030721.0,Rüdigerstraße,6052.0,58.0
201541,11,7,,2019,11,12,6,3,6,7,0,0,1,1,0,0,0,0,"798742,2845","5823946,892","13,40033","52,48371",7040401.0,Neu-Tempelhof,4643.0,57.0
201542,11,10,,2019,11,20,7,2,6,4,2,0,1,1,0,0,0,0,"810330,6144","5831826,811","13,57779","52,54786",10010311.0,Landsberger Tor,7262.0,61.0
201543,11,4,,2019,11,14,6,3,0,7,0,1,1,0,0,0,0,0,"792682,231","5827414,733","13,31439","52,51808",4030620.0,Alt-Lietzow,3354.0,60.0
201544,11,1,,2019,11,19,7,3,0,5,2,0,1,0,0,0,0,0,"796202,0671","5832318,254","13,37049","52,56013",1033101.0,Soldiner Straße,4166.0,53.0
201545,11,6,,2019,11,20,7,2,4,6,2,0,1,0,0,0,0,0,"793509,1143","5817397,784","13,31773","52,42784",6020409.0,Königsberger Straße,3327.0,59.0
201546,11,1,,2019,11,13,6,2,0,6,0,0,1,0,1,0,0,0,"793531,5441","5828191,942","13,32756","52,52459",1022102.0,Beusselkiez,3555.0,16.0
201547,11,10,,2019,11,19,7,3,0,1,2,0,0,0,1,0,0,0,"811302,6608","5831243,532","13,59153","52,54208",10020413.0,Gut Hellersdorf,7461.0,52.0
201548,11,12,,2019,11,10,7,3,2,6,0,0,1,0,0,0,0,0,"793455,5948","5836101,883","13,33344","52,59554",12301203.0,Wittenau Süd,3676.0,38.0
201549,11,4,,2019,11,10,7,3,5,2,0,0,1,0,0,0,0,0,"791659,4716","5827534,024","13,29947","52,5197",4030415.0,Schloßgarten,3154.0,20.0
201550,11,11,,2019,11,13,6,3,6,7,0,0,1,1,0,0,0,0,"805660,7136","5831946,92","13,50924","52,55158",11020411.0,Malchower Weg,6263.0,48.0
201551,11,1,,2019,11,13,6,2,0,2,0,1,1,0,0,0,0,0,"799108,7869","5828466,04","13,40977","52,52402",1011303.0,Alexanderplatzviertel,4755.0,4.0
201552,11,8,,2019,11,7,7,3,0,1,2,1,0,0,0,0,0,0,"800472,7873","5823727,852","13,42554","52,4808",8010211.0,Flughafenstraße,4943.0,45.0
201553,11,11,,2019,11,2,7,3,9,1,2,0,1,0,0,0,0,1,"805643,3827","5831768,539","13,50882","52,54999",11020412.0,Hauptstraße,6263.0,48.0
201554,11,1,,2019,11,12,6,3,0,2,0,1,1,0,0,0,0,0,"797709,7892","5832893,588","13,39318","52,56447",1033101.0,Soldiner Straße,4567.0,50.0
201555,11,4,,2019,11,12,6,3,1,5,0,1,1,0,0,0,0,0,"792099,5669","5822057,274","13,30113","52,47036",4041241.0,Breite Straße,3140.0,61.0
201556,11,12,,2019,11,9,6,3,5,3,0,1,1,0,0,0,0,1,"794872,0664","5835831,688","13,35405","52,59235",12302110.0,Dannenwalder Weg,3975.0,66.0
201557,11,8,,2019,11,17,6,3,6,2,2,0,1,1,0,0,0,0,"801265,3413","5819668,016","13,43351","52,44397",8020622.0,Parchimer Allee,5132.0,38.0
201558,11,1,,2019,11,12,6,3,3,6,0,0,1,0,1,0,0,0,"796522,5638","5829892,22","13,37303","52,53821",1033203.0,Humboldthain Nordwest,4259.0,40.0
201559,11,12,,2019,11,21,6,3,5,3,2,0,1,0,0,0,0,0,"790303,9039","5834952,338","13,28603","52,58693",12214527.0,Alt-Tegel,2974.0,55.0
201560,11,1,,2019,11,20,6,3,6,7,2,0,1,1,0,0,0,0,"797722,9681","5831842,192","13,39243","52,55504",1033102.0,Gesundbrunnen,4464.0,34.0
201561,11,1,,2019,11,10,6,3,5,5,0,1,0,0,0,0,1,0,"799496,9021","5827092,059","13,41424","52,51149",1011305.0,Heine-Viertel West,4852.0,45.0
201562,11,5,,2019,11,10,6,3,5,7,0,0,1,0,1,0,0,0,"787955,479","5828206,125","13,24561","52,52769",5010339.0,Freiheit,2356.0,61.0
201563,11,8,,2019,11,19,6,3,5,2,2,0,1,0,0,0,0,0,"801551,8005","5820650,691","13,4386","52,45262",8020619.0,Buschkrugallee Nord,5134.0,50.0
201564,11,2,,2019,11,23,6,3,0,7,2,1,0,0,0,0,0,0,"798827,6493","5824523,636","13,4021","52,48883",2020205.0,Chamissokiez,4645.0,45.0
201565,11,6,,2019,11,19,6,2,1,7,2,0,1,0,0,0,0,1,"791994,4925","5820117,758","13,29789","52,45303",6040809.0,Thielallee,3035.0,66.0
201566,11,3,,2019,11,9,6,3,1,5,0,1,1,0,0,0,0,0,"799005,5426","5829155,12","13,40887","52,53025",3071536.0,Teutoburger Platz,4757.0,11.0
201567,11,4,,2019,11,19,6,3,3,5,2,0,1,0,1,0,0,1,"791369,2041","5823439,941","13,29162","52,48315",4041137.0,Flinsberger Platz,2943.0,55.0
201568,11,5,,2019,11,10,6,2,0,7,0,0,1,0,0,0,1,0,"782743,611","5828424,266","13,16917","52,53238",5020417.0,Staakener Straße,1158.0,56.0
201569,11,1,,2019,11,18,6,3,5,2,2,1,1,0,0,0,0,0,"797203,928","5827496,81","13,38091","52,51637",1011202.0,Unter den Linden Nord,4353.0,37.0
201570,11,2,,2019,11,18,6,3,1,5,2,1,1,0,0,0,1,1,"800862,6063","5826860,884","13,43409","52,50866",2040701.0,Andreasviertel,5151.0,39.0
201571,11,9,,2019,11,8,6,3,2,6,0,0,1,0,0,0,0,0,"804361,8156","5821762,935","13,48084","52,46103",9010301.0,Baumschulenstraße,5837.0,51.0
201572,11,1,,2019,11,8,6,3,5,2,0,0,1,0,0,0,0,0,"795953,2321","5828336,411","13,36328","52,52458",1022206.0,Lüneburger Straße,4055.0,49.0
201573,11,3,,2019,11,18,6,3,0,5,2,0,1,0,0,0,0,0,"801854,6571","5831260,591","13,45266","52,54755",3050925.0,Komponistenviertel Weißensee,5362.0,45.0
201574,11,11,,2019,11,6,6,3,0,6,1,0,1,0,1,0,0,0,"802728,9727","5829377,741","13,4638","52,53019",11030618.0,Fennpfuhl West,5557.0,49.0
201575,11,3,,2019,11,17,6,3,2,6,2,0,1,0,0,0,0,0,"799178,028","5830843,983","13,41293","52,54529",3061131.0,Falkplatz,4761.0,38.0
201576,11,3,,2019,11,17,6,3,1,5,2,1,1,0,0,0,0,0,"799031,2762","5831444,712","13,41131","52,55076",3061126.0,Arnimplatz,4763.0,56.0
201577,11,3,,2019,11,8,6,3,6,7,0,1,0,1,0,0,0,0,"801473,6855","5831873,453","13,44761","52,55325",3050924.0,Behaimstraße,5364.0,58.0
201578,11,5,,2019,11,6,6,2,6,4,2,0,1,1,0,0,0,0,"786377,3654","5828222,617","13,22243","52,52867",5010339.0,Freiheit,1957.0,66.0
201579,11,8,,2019,11,17,6,3,2,6,2,0,1,0,0,0,0,1,"804804,0119","5817830,847","13,48374","52,42554",8041035.0,Blumenviertel,5826.0,49.0
201580,11,5,,2019,11,17,6,2,0,1,2,1,0,0,0,0,0,0,"784774,5123","5828598,279","13,19918","52,53288",5020625.0,Borkumer Straße,1658.0,8.0