ObjectID,State,District,LOR_ab_2021,AccidentYear,AccidentMonth,AccidentHour,DayOfWeek,AccidentCategory,AccidentType,AccidentTypeDetail,LightingCondition,InvolvingBike,InvolvingCar,InvolvingPedestrian,InvolvingMotorcycle,InvolvingHGV,InvolvingOther,RoadCondition,GraphicCoord1,GraphicCoord2,LongitudeWGS84,LatitudeWGS84,quadrant,quadrant_rank
201581,11,1,,2019,11,8,6,3,3,6,0,0,1,0,0,1,0,0,"793636,5507","5829857,457","13,33057","52,53946",1022103.0,Westhafen,3560.0,52.0
201582,11,5,,2019,11,5,6,2,6,4,2,0,0,1,0,0,1,0,"781903,2119","5827174,917","13,15576","52,52161",5020522.0,Pillnitzer Weg,955.0,60.0
201583,11,9,,2019,11,17,6,3,0,7,2,1,0,0,0,0,0,0,"806255,9312","5819251,812","13,50633","52,43747",9010402.0,Johannisthal Ost,6130.0,56.0
201584,11,9,,2019,11,17,6,3,6,7,2,0,1,1,0,0,0,0,"808265,1386","5819689,981","13,53619","52,44027",9020702.0,Adlershof Ost,6631.0,63.0
201585,11,10,,2019,11,7,6,2,5,3,1,1,1,0,0,0,0,0,"811312,7601","5831178,176","13,59162","52,54149",10020413.0,Gut Hellersdorf,7460.0,55.0
201586,11,10,,2019,11,17,6,3,0,5,2,0,1,0,0,0,0,0,"809576,8259","5828347,857","13,56347","52,51711",10030724.0,Oberfeldstraße,7053.0,66.0
201587,11,7,,2019,11,16,5,3,6,2,1,0,0,1,0,0,1,0,"795802,4421","5816035,174","13,35016","52,41439",7060604.0,Marienfelde Süd,3823.0,52.0
201588,11,6,,2019,11,11,6,3,5,3,0,0,1,0,0,0,0,1,"794564,577","5816321,257","13,33226","52,41762",6020411.0,Schütte-Lanz-Straße,3524.0,66.0
201589,11,9,,2019,11,10,6,3,8,7,0,0,1,0,0,0,0,1,"809849,657","5816529,373","13,5565","52,41105",9030901.0,Dorf Altglienicke,6922.0,66.0
201590,11,4,,2019,11,19,5,3,6,7,2,0,0,1,0,0,1,0,"794525,9974","5825937,102","13,34018","52,50384",4030931.0,Breitscheidplatz,3749.0,17.0
201591,11,12,,2019,11,7,5,3,3,6,2,0,1,0,0,0,0,0,"796673,0673","5832743,009","13,37779","52,56369",12103117.0,Letteplatz,4267.0,59.0
201592,11,2,,2019,11,16,6,3,1,5,1,1,1,0,0,0,0,0,"801092,7663","5824994,766","13,43578","52,49181",2030401.0,Reichenberger Straße,5146.0,51.0
201593,11,10,,2019,11,15,6,3,1,5,1,0,1,0,0,0,0,0,"813017,5716","5827641,409","13,61334","52,50882",10040932.0,Alt-Mahlsdorf,7751.0,59.0
201594,11,12,,2019,11,7,5,3,5,3,0,1,1,0,0,0,0,0,"789628,1232","5840182,931","13,28066","52,63418",12231102.0,Frohnau,2887.0,66.0
201595,11,6,,2019,11,9,5,3,6,2,0,0,1,1,0,0,0,0,"794979,141","5816232,575","13,33826","52,4166",6020410.0,Oberhofer Platz,3624.0,62.0
201596,11,4,,2019,11,15,6,3,5,2,0,0,1,0,0,0,1,0,"791859,7009","5827450,362","13,30234","52,51884",4030620.0,Alt-Lietzow,3154.0,20.0
201597,11,7,,2019,11,13,6,3,0,6,0,1,1,0,0,0,0,0,"797475,6634","5822858,988","13,38076","52,47465",7040401.0,Neu-Tempelhof,4341.0,52.0
201598,11,4,,2019,11,1,5,3,5,2,2,0,1,0,0,1,0,0,"791743,5902","5828604,73","13,30164","52,52925",4030518.0,Tegeler Weg,3157.0,62.0
201599,11,9,,2019,11,19,5,3,4,6,2,0,1,0,0,0,0,0,"810694,7062","5819544,714","13,57169","52,43759",9020802.0,Köllnische Vorstadt,7130.0,61.0
201600,11,11,,2019,11,13,6,3,6,4,0,0,1,1,0,0,0,0,"805280,5882","5833199,238","13,50481","52,56302",11010310.0,Mühlengrund,6167.0,41.0
201601,11,2,,2019,11,9,6,3,5,2,0,1,1,0,0,0,0,1,"802769,5184","5827688,03","13,46285","52,51502",2050602.0,Samariterviertel,5553.0,28.0
201602,11,11,,2019,11,9,6,3,5,2,0,0,1,0,0,0,0,0,"805836,434","5831865,077","13,51175","52,55075",11020412.0,Hauptstraße,6263.0,48.0
201603,11,10,,2019,11,19,5,2,1,5,2,0,1,0,0,0,1,0,"813072,8657","5830185,282","13,61655","52,53158",10020517.0,Adele-Sandrock-Straße,7857.0,55.0
201604,11,11,,2019,11,18,5,2,6,4,2,0,0,1,0,0,1,0,"805175,1643","5833129,017","13,50319","52,56245",11010310.0,Mühlengrund,6167.0,41.0
201605,11,3,,2019,11,9,6,3,5,3,0,0,1,0,0,0,0,0,"800111,9357","5831694,933","13,42743","52,55241",3061227.0,Humannplatz,5064.0,24.0
201606,11,10,,2019,11,13,6,3,5,3,0,0,1,0,0,0,0,0,"812925,8633","5828342,647","13,61266","52,51516",10040931.0,Mahlsdorf Nord,7753.0,64.0
201607,11,1,,2019,11,17,5,3,2,6,2,0,1,0,0,0,0,0,"796654,216","5831920,005","13,37678","52,55632",1044201.0,Reinickendorfer Straße,4265.0,5.0
201608,11,10,,2019,11,15,5,3,5,3,0,1,1,0,0,0,0,0,"811310,0182","5831194,54","13,59159","52,54164",10020413.0,Gut Hellersdorf,7460.0,55.0
201609,11,1,,2019,11,8,6,3,2,6,0,0,1,0,1,0,0,1,"796370,2572","5830089,899","13,37097","52,54007",1033203.0,Humboldthain Nordwest,4160.0,4.0
201610,11,2,,2019,11,7,6,3,0,6,1,0,1,0,1,0,0,1,"803168,183","5825761,513","13,46696","52,49753",2050804.0,Stralauer Halbinsel,5548.0,37.0
201611,11,7,,2019,11,15,5,3,5,2,0,1,1,0,0,0,0,0,"796845,7709","5821250,566","13,37008","52,46057",7040403.0,Manteuffelstraße,4137.0,66.0
201612,11,3,,2019,11,12,6,3,5,3,0,0,1,0,0,0,0,0,"800113,2222","5831694,275","13,42744","52,5524",3061227.0,Humannplatz,5064.0,24.0
201613,11,8,,2019,11,12,5,2,5,2,0,1,1,0,0,0,0,0,"805554,7792","5818554,717","13,49541","52,43161",8041037.0,Alt-Rudow,6028.0,49.0
201614,11,1,,2019,11,6,6,3,2,6,2,0,1,0,0,0,0,1,"796460,4982","5831933,819","13,37394","52,55655",1044201.0,Reinickendorfer Straße,4265.0,5.0
201615,11,10,,2019,11,7,6,2,6,2,2,0,1,1,0,0,0,1,"812171,1007","5830977,673","13,60404","52,5392",10020414.0,Helle Mitte,7660.0,47.0
201616,11,7,,2019,11,12,5,2,1,7,0,0,1,0,0,0,0,0,"799233,6779","5815020,499","13,39955","52,40343",7070701.0,Kettinger Straße/Schillerstraße,4520.0,66.0
201617,11,4,,2019,11,12,5,3,2,6,0,0,1,0,0,0,0,0,"792712,1887","5825663,112","13,31329","52,50236",4030929.0,Hindemithplatz,3349.0,12.0
201618,11,1,,2019,11,5,6,3,5,2,2,1,0,0,0,1,0,1,"793505,2684","5829397,196","13,32824","52,53541",1022103.0,Westhafen,3559.0,22.0
201619,11,8,,2019,11,5,6,3,6,2,2,0,1,1,0,0,0,1,"802579,3238","5823086,674","13,45588","52,47389",8010404.0,Rixdorf,5441.0,34.0
201620,11,10,,2019,11,11,5,3,3,6,0,0,1,0,0,0,1,0,"808426,8021","5831221,625","13,54924","52,54352",10010207.0,Marzahner Promenade,6861.0,54.0
201621,11,1,,2019,11,10,5,3,5,7,0,1,1,0,0,0,0,0,"799725,6269","5827770,201","13,41821","52,51744",1011304.0,Karl-Marx-Allee,4853.0,18.0
201622,11,9,,2019,11,12,6,2,4,6,0,0,1,0,0,0,0,1,"812864,9104","5819328,327","13,60331","52,43441",9041301.0,Kietzer Feld/Nachtheide,7629.0,66.0
201623,11,9,,2019,11,11,6,3,2,6,0,0,1,0,0,0,0,1,"810813,4393","5820307,475","13,57414","52,44436",9041501.0,Altstadt Kietz,7132.0,48.0
201624,11,6,,2019,11,15,5,3,2,6,0,0,1,0,1,0,0,0,"792948,5757","5817786,691","13,30985","52,43162",6030609.0,Augustaplatz,3228.0,32.0
201625,11,5,,2019,11,11,6,3,1,5,0,1,0,0,0,0,1,1,"782925,3291","5827993,773","13,17148","52,52842",5020417.0,Staakener Straße,1257.0,66.0
201626,11,1,,2019,11,14,5,3,5,2,0,1,1,0,0,0,0,0,"795426,0218","5829544,372","13,3566","52,53569",1022201.0,Stephankiez,3959.0,52.0
201627,11,11,,2019,11,13,5,3,5,2,0,1,1,0,0,0,0,0,"805181,6083","5827914,589","13,4985","52,51571",11030721.0,Rüdigerstraße,6053.0,51.0
201628,11,1,,2019,11,11,6,3,3,5,0,1,1,0,0,0,0,0,"799385,8653","5826385,577","13,41197","52,50522",1011305.0,Heine-Viertel West,4750.0,40.0
201629,11,11,,2019,11,13,5,3,6,4,0,0,1,1,0,0,0,0,"805199,9087","5833671,479","13,50405","52,56729",11010308.0,Zingster Straße Ost,6168.0,60.0
201630,11,7,,2019,11,19,6,3,0,7,2,0,0,0,0,0,1,1,"795095,3579","5821498,05","13,34461","52,46374",7030303.0,Grazer Platz,3738.0,53.0
201631,11,1,,2019,11,22,5,3,5,2,2,0,1,0,1,0,0,0,"796343,9426","5830061,341","13,37056","52,53983",1033203.0,Humboldthain Nordwest,4160.0,4.0
201632,11,11,,2019,11,19,5,3,3,6,2,1,0,0,0,0,1,0,"804254,1378","5829079,332","13,48594","52,52667",11030720.0,Herzbergstraße,5856.0,52.0
201633,11,8,,2019,11,14,5,3,5,2,0,1,1,0,0,0,0,0,"802165,856","5823373,547","13,45007","52,47669",8010404.0,Rixdorf,5341.0,41.0
201634,11,5,,2019,11,17,5,3,2,6,2,0,1,0,0,0,0,1,"789249,7959","5829176,139","13,26548","52,5357",5030833.0,Motardstraße,2659.0,45.0
201635,11,12,,2019,11,10,5,3,5,3,0,0,1,0,0,0,0,0,"787078,1967","5838222,644","13,24139","52,61796",12224230.0,Heiligensee,2283.0,58.0
201636,11,12,,2019,11,17,5,2,6,2,2,0,1,1,0,0,0,1,"790612,2107","5835984,775","13,29147","52,59602",12304314.0,Ziekowstraße/Freie Scholle,2976.0,49.0
201637,11,4,,2019,11,17,5,2,5,2,2,0,1,0,1,0,0,1,"791662,481","5830679,232","13,30227","52,54789",4010102.0,Plötzensee,3162.0,49.0
201638,11,10,,2019,11,17,5,3,2,6,2,0,1,0,0,0,0,1,"806444,1501","5830199,483","13,51915","52,53548",10010308.0,Marzahner Chaussee,6359.0,27.0
201639,11,10,,2019,11,17,5,3,6,2,2,0,1,1,0,0,0,1,"808469,905","5831153,094","13,54981","52,54288",10010310.0,Alt-Marzahn,6861.0,54.0
201640,11,7,,2019,11,16,5,3,2,6,2,0,1,0,0,0,0,1,"794964,5943","5824287,136","13,34516","52,48881",7020201.0,Bayerischer Platz,3745.0,36.0
201641,11,11,,2019,11,19,5,3,6,3,2,0,1,1,0,0,0,0,"807388,767","5827384,945","13,53043","52,50972",11041027.0,Tierpark,6551.0,61.0
201642,11,8,,2019,11,9,5,3,5,3,0,0,1,0,1,0,0,0,"801317,476","5823998,48","13,43818","52,48276",8010301.0,Reuterkiez,5143.0,6.0
201643,11,3,,2019,11,16,5,3,1,5,2,1,1,0,0,0,1,1,"803421,8046","5838399,315","13,48223","52,61066",3030406.0,Alt-Karow,5881.0,64.0
201644,11,1,,2019,11,17,5,3,6,4,2,0,1,1,0,0,0,1,"799462,9722","5828803,719","13,41528","52,52685",1011303.0,Alexanderplatzviertel,4856.0,19.0
201645,11,4,,2019,11,16,5,3,6,2,2,0,1,1,0,0,0,1,"792738,1554","5826094,49","13,31405","52,50621",4030827.0,Karl-August-Platz,3350.0,22.0
201646,11,9,,2019,11,8,5,3,5,3,0,0,1,0,1,0,0,0,"811065,8492","5818034,549","13,57572","52,42384",9031101.0,Grünau,7226.0,60.0
201647,11,7,,2019,11,16,5,2,6,4,2,0,1,1,0,0,0,1,"794674,3519","5825724,457","13,34217","52,50185",7010101.0,Wittenbergplatz/Viktoria-Luise-Platz,3749.0,17.0
201648,11,7,,2019,11,9,5,2,1,7,0,0,1,0,0,0,1,0,"799267,6393","5818637,897","13,40328","52,43583",7050505.0,Hundsteinweg,4629.0,66.0
201649,11,1,,2019,11,16,5,3,5,2,2,1,1,0,0,0,0,1,"797894,6426","5829897,107","13,39321","52,53751",1033202.0,Humboldthain Süd,4559.0,31.0
201650,11,1,,2019,11,16,5,3,5,2,1,0,1,0,0,0,1,1,"797622,5356","5827025,787","13,38664","52,51192",1011203.0,Unter den Linden Süd,4452.0,21.0
201651,11,2,,2019,11,6,5,3,5,5,2,1,0,0,0,0,1,0,"799538,7278","5826248,422","13,41409","52,5039",2010103.0,Moritzplatz,4849.0,28.0
201652,11,12,,2019,11,15,5,3,6,4,1,0,1,1,0,0,0,1,"796206,7482","5833349,934","13,37148","52,56938",12103116.0,Hausotterplatz,4169.0,60.0
201653,11,12,,2019,11,15,5,3,6,4,0,0,1,1,0,0,0,1,"792438,4757","5837311,965","13,31953","52,60693",12301205.0,Waidmannslust,3480.0,38.0
201654,11,3,,2019,11,15,5,3,5,2,1,1,0,0,0,0,1,0,"801188,1698","5829489,973","13,44125","52,53205",3061434.0,Anton-Saefkow-Park,5258.0,62.0
201655,11,9,,2019,11,9,5,3,6,2,0,0,1,1,0,0,0,0,"806169,9694","5819203,404","13,50502","52,43708",9010402.0,Johannisthal Ost,6130.0,56.0
201656,11,6,,2019,11,15,5,3,6,4,1,0,0,1,0,0,1,1,"790965,4624","5820697,249","13,2833","52,45878",6040810.0,Dahlem,2836.0,62.0
201657,11,9,,2019,11,14,5,3,0,1,0,1,0,0,0,0,0,1,"815171,7596","5820955,888","13,63866","52,44767",9051702.0,Bölschestraße,8133.0,62.0
201658,11,12,,2019,11,9,5,3,5,3,0,1,1,0,0,0,0,0,"792528,5647","5839293,144","13,32261","52,62465",12231101.0,Hermsdorf,3485.0,63.0
201659,11,6,,2019,11,14,5,2,0,7,0,0,1,0,0,0,0,1,"795040,7517","5819635,69","13,34217","52,44707",6010206.0,Stadtpark,3733.0,55.0
201660,11,1,,2019,11,1,5,3,0,1,2,0,0,0,0,0,1,0,"798883,3176","5828579,227","13,40656","52,52515",1011302.0,Oranienburger Straße,4756.0,48.0
201661,11,1,,2019,11,12,5,3,6,4,0,0,1,1,0,0,0,1,"795965,1709","5828764,359","13,36383","52,52841",1022201.0,Stephankiez,4057.0,61.0
201662,11,6,,2019,11,12,5,2,6,2,0,0,1,1,0,0,0,0,"793262,0607","5819095,773","13,3156","52,44319",6030609.0,Augustaplatz,3332.0,58.0
201663,11,1,,2019,11,0,5,3,0,1,2,1,0,0,0,0,0,1,"800490,627","5826679,437","13,42846","52,50724",2030302.0,Lausitzer Platz,5050.0,37.0
201664,11,2,,2019,11,20,4,3,6,4,2,0,1,1,0,0,0,0,"798051,1792","5826470,194","13,39244","52,5067",2010102.0,Mehringplatz,4450.0,25.0
201665,11,1,,2019,11,12,5,2,3,6,0,1,0,0,0,0,1,0,"799164,2779","5827801,867","13,40999","52,51803",1011303.0,Alexanderplatzviertel,4754.0,20.0
201666,11,3,,2019,11,12,5,3,5,3,0,0,1,0,0,0,1,0,"798490,9078","5835386,584","13,40691","52,58639",3020210.0,Herthaplatz,4774.0,64.0
201667,11,9,,2019,11,17,4,3,0,5,2,0,1,1,0,0,1,1,"811107,432","5821513,787","13,57957","52,455",9051901.0,Dammvorstadt,7235.0,47.0
201668,11,8,,2019,11,7,4,3,5,3,1,1,0,0,0,0,1,0,"799813,3193","5823665,434","13,4158","52,4806",8010115.0,Hasenheide,4843.0,62.0
201669,11,4,,2019,11,10,5,3,6,4,0,0,1,1,0,0,0,0,"792391,5405","5826050,668","13,30892","52,50601",4030827.0,Karl-August-Platz,3250.0,40.0
201670,11,12,,2019,11,11,5,3,1,5,0,0,1,0,0,0,0,1,"793108,1013","5837388,382","13,32946","52,60726",12302212.0,Rollbergesiedlung,3580.0,59.0
201671,11,4,,2019,11,9,5,3,5,2,0,1,1,0,0,0,0,0,"793683,7431","5826255,475","13,32809","52,50715",4030623.0,Ernst-Reuter-Platz,3550.0,28.0
201672,11,2,,2019,11,20,4,3,6,4,2,0,1,1,0,0,0,0,"800802,311","5825807,032","13,43225","52,49925",2030302.0,Lausitzer Platz,5048.0,24.0
201673,11,2,,2019,11,9,5,3,5,3,0,1,1,0,0,0,0,0,"800278,8154","5826092,373","13,42482","52,5021",2030301.0,Oranienplatz,4949.0,42.0
201674,11,9,,2019,11,19,4,3,5,3,2,1,1,0,0,0,0,0,"807405,5729","5818327,239","13,52233","52,42854",9020701.0,Adlershof West,6427.0,48.0
201675,11,6,,2019,11,8,5,3,2,2,0,1,1,0,0,0,0,0,"794055,3111","5820385,066","13,32837","52,45432",6010207.0,Mittelstraße,3535.0,50.0
201676,11,2,,2019,11,22,5,3,5,3,2,1,1,0,0,0,0,1,"798248,1191","5826087,731","13,39499","52,50317",2010102.0,Mehringplatz,4549.0,56.0
201677,11,4,,2019,11,18,4,3,5,2,2,1,1,0,0,0,0,0,"793676,0495","5823424,209","13,32548","52,48177",4051656.0,Hildegardstraße,3443.0,52.0
201678,11,10,,2019,11,20,5,3,5,2,2,0,1,0,0,0,0,1,"813734,0901","5829976,203","13,62607","52,52933",10040931.0,Mahlsdorf Nord,7957.0,59.0
201679,11,2,,2019,11,18,5,3,2,6,2,0,1,0,0,0,0,1,"803239,8055","5825943,985","13,46817","52,49913",2050804.0,Stralauer Halbinsel,5648.0,64.0
201680,11,1,,2019,11,20,5,3,6,2,2,0,1,1,0,0,0,1,"797708,1289","5830690,61","13,39118","52,54472",1033201.0,Brunnenstraße,4461.0,54.0
201681,11,2,,2019,11,18,4,3,5,2,2,1,1,0,0,0,0,0,"799118,3786","5826276,424","13,40794","52,50438",2010103.0,Moritzplatz,4750.0,40.0
201682,11,12,,2019,11,18,4,2,6,4,2,0,1,1,0,0,0,0,"796075,937","5833931,266","13,37007","52,57466",12103115.0,Breitkopfbecken,4170.0,64.0
201683,11,1,,2019,11,19,5,2,1,1,2,0,1,0,0,1,0,1,"795759,2074","5831905,561","13,3636","52,55668",1044203.0,Leopoldplatz,4065.0,7.0
201684,11,12,,2019,11,19,5,2,1,5,2,1,1,0,0,0,0,1,"790020,3979","5840742,453","13,28693","52,63898",12231102.0,Frohnau,2989.0,66.0
201685,11,2,,2019,11,14,4,3,5,3,0,0,1,0,0,0,0,0,"800293,4963","5825546,972","13,42454","52,4972",2030401.0,Reichenberger Straße,4947.0,51.0
201686,11,4,,2019,12,22,4,3,4,1,2,0,1,0,0,1,0,0,"790553,5573","5827351,815","13,28305","52,51865",4020310.0,Park Ruhwald,2854.0,17.0
201687,11,2,,2019,12,22,4,3,5,2,2,0,1,0,1,0,0,0,"800166,3415","5825881,189","13,42298","52,50027",2030301.0,Oranienplatz,4948.0,23.0
201688,11,8,,2019,12,21,4,3,1,1,2,0,1,0,0,0,0,0,"803791,3825","5818796,003","13,46977","52,43476",8041035.0,Blumenviertel,5629.0,61.0
201689,11,2,,2019,12,12,4,2,1,1,0,1,1,0,0,0,0,1,"803246,0967","5827429,657","13,46962","52,51244",2050801.0,Traveplatz,5652.0,13.0
201690,11,1,,2019,12,11,4,3,2,6,0,0,1,0,0,0,0,0,"794574,3626","5828483,41","13,34314","52,52664",1022104.0,Emdener Straße,3756.0,4.0
201691,11,8,,2019,12,9,4,3,1,5,0,1,1,0,0,0,1,0,"802234,6276","5823821,476","13,45149","52,48066",8010405.0,Hertzbergplatz,5343.0,62.0
201692,11,4,,2019,12,9,4,3,2,2,0,1,1,0,0,0,0,1,"794246,1599","5825423,57","13,33561","52,49939",4051448.0,Schaperstraße,3648.0,35.0
201693,11,11,,2019,12,9,4,3,5,2,0,1,1,0,0,0,0,0,"806911,9213","5832618,356","13,52826","52,55689",10010203.0,Gewerbegebiet Bitterfelder Straße,6565.0,55.0
201694,11,4,,2019,12,9,4,3,5,3,0,1,1,0,0,0,0,1,"790958,4373","5822396,911","13,28468","52,47402",4041240.0,Messelpark,2841.0,54.0
201695,11,2,,2019,12,9,4,2,6,4,0,0,1,1,0,0,0,0,"800932,5393","5826836,47","13,43509","52,50841",2040703.0,Wriezener Bahnhof/Entwicklungsgebiet,5151.0,39.0
201696,11,1,,2019,12,9,4,3,1,5,0,1,1,0,0,0,1,0,"798315,3498","5827285,54","13,39705","52,51387",1011203.0,Unter den Linden Süd,4552.0,62.0
201697,11,9,,2019,12,8,4,3,5,3,0,0,1,0,0,0,0,1,"806841,583","5822481,778","13,51788","52,46609",9020502.0,Oberschöneweide Ost,6338.0,60.0
201698,11,5,,2019,12,8,4,3,3,6,0,0,1,0,1,0,0,1,"785412,4518","5830433,432","13,21014","52,549",5010311.0,Eiswerder,1763.0,57.0
201699,11,3,,2019,12,5,4,3,0,3,2,0,0,0,1,0,0,1,"797972,8989","5833202,693","13,39733","52,5671",3040614.0,Pankow Zentrum,4568.0,63.0
201700,11,6,,2019,12,16,4,3,0,2,2,0,1,1,0,0,0,0,"789168,7644","5818564,892","13,25508","52,44061",6040805.0,Fischerhüttenstraße,2431.0,64.0
201701,11,1,,2019,12,16,4,3,1,5,2,1,1,0,0,0,1,1,"794651,7923","5831827,951","13,34725","52,55658",1044102.0,Schillerpark,3865.0,47.0
201702,11,6,,2019,12,14,4,3,5,2,0,0,1,0,0,0,0,0,"793201,6897","5819801,89","13,31533","52,44955",6030609.0,Augustaplatz,3333.0,61.0
201703,11,9,,2019,12,14,4,3,5,3,0,1,1,0,0,0,0,0,"804937,9973","5820711,101","13,48833","52,45128",9010302.0,Späthsfelde,5934.0,54.0
201704,11,10,,2019,12,15,3,3,4,6,1,1,1,0,0,0,0,1,"808277,1321","5828835,513","13,54482","52,52222",10010309.0,Springpfuhl,6755.0,66.0
201705,11,5,,2019,12,11,3,2,6,4,0,0,1,1,0,0,0,1,"784739,7927","5828820,736","13,19886","52,53489",5010314.0,Carl-Schurz-Straße,1658.0,8.0
201706,11,6,,2019,12,9,3,3,0,2,0,1,1,0,0,0,0,1,"789568,7598","5817313,778","13,25987","52,42918",6030503.0,Zehlendorf Mitte,2528.0,57.0
201707,11,11,,2019,12,9,3,2,6,4,0,0,1,1,0,0,0,1,"805683,173","5831896,464","13,50953","52,55111",11020411.0,Malchower Weg,6263.0,48.0
201708,11,2,,2019,12,10,3,3,2,6,0,0,1,0,0,0,1,1,"801408,7892","5828752,465","13,44383","52,52532",2040503.0,Richard-Sorge-Viertel,5256.0,48.0
201709,11,4,,2019,12,9,3,3,5,3,0,0,1,0,0,0,0,1,"789360,5175","5826200,571","13,26452","52,50897",4020311.0,Reichsstraße,2551.0,50.0
201710,11,7,,2019,12,9,3,2,5,3,0,0,1,0,0,0,0,2,"797707,2965","5821054,158","13,38255","52,45834",7040403.0,Manteuffelstraße,4336.0,60.0
201711,11,8,,2019,12,8,3,3,3,6,0,1,1,0,0,0,0,0,"801243,2645","5823811,382","13,43692","52,48112",8010303.0,Donaustraße,5143.0,6.0
201712,11,8,,2019,12,8,3,3,2,6,0,0,1,0,0,0,0,0,"800188,4425","5820494,443","13,41845","52,45197",8020621.0,Mohriner Allee Nord,4834.0,58.0
201713,11,11,,2019,12,7,3,3,0,1,0,1,0,0,0,0,0,2,"803692,7441","5827471,119","13,47622","52,51257",11030824.0,Frankfurter Allee Süd,5752.0,11.0
201714,11,6,,2019,12,8,3,3,6,2,0,0,1,1,0,0,0,0,"790649,8461","5817851,95","13,27619","52,43343",6030503.0,Zehlendorf Mitte,2729.0,59.0
201715,11,2,,2019,12,7,3,3,0,2,0,1,0,0,0,0,1,2,"797531,4061","5824961,048","13,38345","52,49346",2020203.0,Viktoriapark,4346.0,53.0
201716,11,9,,2019,12,7,3,3,5,2,1,0,1,0,1,0,0,1,"809403,3106","5818447,311","13,55173","52,42849",9020701.0,Adlershof West,6827.0,50.0
201717,11,5,,2019,12,5,3,3,1,5,2,0,1,0,0,0,0,2,"786430,2162","5830842,156","13,22546","52,55213",5030730.0,Zitadellenweg,2063.0,62.0
201718,11,12,,2019,12,5,3,3,5,2,2,0,1,0,0,0,0,2,"790689,5424","5835381,467","13,29208","52,59057",12304314.0,Ziekowstraße/Freie Scholle,2975.0,54.0
201719,11,1,,2019,12,21,3,3,6,2,2,0,1,1,0,0,0,1,"798302,8717","5829372,301","13,39874","52,53258",1011401.0,Invalidenstraße,4558.0,14.0
201720,11,12,,2019,12,20,3,3,5,2,2,0,1,0,0,0,0,0,"791488,8413","5834332,164","13,30293","52,58073",12304313.0,Borsigwalde,3172.0,56.0
201721,11,3,,2019,12,20,3,3,0,1,2,0,0,0,1,0,0,2,"802710,52","5831810,309","13,46574","52,552",3050925.0,Komponistenviertel Weißensee,5563.0,50.0
201722,11,9,,2019,12,20,3,3,5,2,2,1,1,0,0,0,0,1,"806734,1903","5820275,783","13,51428","52,44638",9010402.0,Johannisthal Ost,6333.0,66.0
201723,11,9,,2019,12,17,3,3,1,1,2,0,1,0,1,0,0,1,"811363,1173","5820109,072","13,58201","52,44227",9041501.0,Altstadt Kietz,7331.0,39.0
201724,11,3,,2019,12,17,3,3,5,2,2,1,1,0,0,0,0,1,"801135,0391","5830741,216","13,44161","52,54329",3061429.0,Greifswalder Straße,5261.0,46.0
201725,11,3,,2019,12,17,3,3,2,6,2,0,1,0,0,0,0,1,"802217,1832","5832999,726","13,45957","52,56294",3051017.0,Rennbahnstraße,5467.0,63.0
201726,11,10,,2019,12,18,3,3,2,2,2,0,1,0,0,0,0,1,"813340,0995","5829180,959","13,61953","52,52243",10040931.0,Mahlsdorf Nord,7855.0,65.0
201727,11,1,,2019,12,18,3,3,1,5,2,1,1,0,0,0,0,1,"798384,2376","5828507,565","13,39916","52,52479",1011302.0,Oranienburger Straße,4555.0,52.0
201728,11,1,,2019,12,16,3,3,2,2,2,0,1,0,0,0,0,1,"799594,042","5828009,08","13,41649","52,51965",1011304.0,Karl-Marx-Allee,4854.0,36.0
201729,11,11,,2019,12,7,3,3,0,6,1,1,1,0,0,0,0,2,"807529,27","5825486,428","13,53074","52,49263",11051331.0,Karlshorst Nord,6546.0,64.0
201730,11,7,,2019,12,17,3,3,6,2,2,0,1,1,0,0,0,1,"796142,5559","5820762,982","13,35933","52,45658",7040404.0,Marienhöhe,3936.0,50.0
201731,11,12,,2019,12,17,3,3,1,5,2,0,1,0,1,0,0,1,"796028,1914","5832736,851","13,3683","52,56398",12103117.0,Letteplatz,4167.0,59.0
201732,11,3,,2019,12,16,3,2,6,4,2,0,1,1,0,0,0,1,"802223,095","5831555,852","13,45834","52,54999",3050925.0,Komponistenviertel Weißensee,5463.0,46.0
201733,11,3,,2019,12,17,3,3,2,6,2,0,1,0,0,0,0,1,"800767,1351","5830597,635","13,43607","52,54221",3061228.0,Erich-Weinert-Straße,5161.0,52.0
201734,11,3,,2019,12,16,3,3,5,3,2,0,1,0,0,0,0,1,"800086,6489","5831670,999","13,42703","52,55221",3061227.0,Humannplatz,5064.0,24.0
201735,11,1,,2019,12,16,3,3,5,2,2,0,1,0,0,0,0,1,"792736,6597","5828278,835","13,31595","52,5258",1022101.0,Huttenkiez,3356.0,56.0
201736,11,3,,2019,12,15,3,3,5,3,0,1,1,0,0,0,0,1,"799243,0394","5831804,61","13,41475","52,55387",3061126.0,Arnimplatz,4864.0,14.0
201737,11,7,,2019,12,15,3,2,1,5,0,0,1,0,0,0,0,1,"797634,8192","5817302,655","13,37815","52,42475",7060603.0,Marienfelde Nordost,4226.0,61.0
201738,11,1,,2019,12,15,3,3,5,3,0,1,1,0,0,0,0,1,"798296,6319","5827336,243","13,39682","52,51433",1011203.0,Unter den Linden Süd,4552.0,62.0