ObjectID,State,District,LOR_ab_2021,AccidentYear,AccidentMonth,AccidentHour,DayOfWeek,AccidentCategory,AccidentType,AccidentTypeDetail,LightingCondition,InvolvingBike,InvolvingCar,InvolvingPedestrian,InvolvingMotorcycle,InvolvingHGV,InvolvingOther,RoadCondition,GraphicCoord1,GraphicCoord2,LongitudeWGS84,LatitudeWGS84,quadrant,quadrant_rank
201898,11,1,,2019,11,17,4,3,6,2,2,0,1,1,0,0,0,1,"795015,2244","5830113,23","13,35107","52,54101",1044202.0,Sparrplatz,3860.0,55.0
201899,11,1,,2019,11,20,4,3,5,2,2,1,1,0,0,0,0,0,"793697,8285","5828111,581","13,32993","52,52378",1022106.0,Elberfelder Straße,3555.0,16.0
201900,11,5,,2019,12,7,6,3,5,3,1,1,1,0,0,0,0,1,"785095,1964","5832236,483","13,20702","52,56533",5010101.0,Hakenfelde Nord,1767.0,61.0
201901,11,8,,2019,12,0,6,2,6,2,2,0,1,1,0,0,0,0,"802573,8508","5823087,175","13,4558","52,47389",8010404.0,Rixdorf,5441.0,34.0
201902,11,1,,2019,11,22,4,3,0,7,2,0,0,0,0,0,1,1,"797396,4651","5829158,371","13,38522","52,53116",1011401.0,Invalidenstraße,4357.0,21.0
201903,11,3,,2019,11,13,4,3,3,6,0,1,1,0,0,0,0,0,"800804,6897","5838719,426","13,44399","52,61499",3010104.0,Lietzengraben,5282.0,56.0
201904,11,11,,2019,12,13,6,2,6,4,0,0,1,1,0,0,0,1,"803873,107","5830122,303","13,48129","52,53623",11020515.0,Landsberger Allee,5859.0,64.0
201905,11,6,,2019,12,13,6,3,2,6,0,0,1,0,0,0,0,1,"790370,8551","5820824,048","13,27468","52,46023",6040810.0,Dahlem,2737.0,55.0
201906,11,10,,2019,11,13,4,3,2,6,0,0,1,0,0,0,1,0,"809582,0621","5824834,434","13,56028","52,48563",10030727.0,Biesdorf Süd,6944.0,62.0
201907,11,2,,2019,11,12,4,3,0,1,0,0,0,0,0,0,1,0,"801879,7172","5827402,602","13,44952","52,51296",2040702.0,Weberwiese,5352.0,35.0
201908,11,9,,2019,11,12,4,3,2,6,0,0,1,0,0,0,0,1,"804659,4944","5822150,111","13,48556","52,46434",9010301.0,Baumschulenstraße,5838.0,58.0
201909,11,11,,2019,12,12,6,3,5,7,0,0,1,0,0,0,1,1,"803671,0387","5829503,91","13,47776","52,5308",11030619.0,Fennpfuhl Ost,5757.0,55.0
201910,11,7,,2019,11,12,4,3,3,6,0,1,0,0,0,1,0,0,"797761,442","5823954,551","13,38593","52,48431",7040401.0,Neu-Tempelhof,4344.0,28.0
201911,11,4,,2019,12,12,6,3,0,1,0,0,0,0,1,0,0,1,"792159,2017","5828115,039","13,30732","52,52464",4030519.0,Kaiserin-Augusta-Allee,3255.0,52.0
201912,11,8,,2019,11,11,4,3,2,6,0,0,1,0,0,0,1,0,"800293,9117","5824361,144","13,42348","52,48657",2020206.0,Graefekiez,4944.0,25.0
201913,11,3,,2019,11,11,4,3,5,3,0,0,1,0,0,0,0,0,"803000,4744","5832007,164","13,47018","52,55361",3051022.0,Hansastraße,5664.0,53.0
201914,11,2,,2019,12,12,6,3,0,1,0,0,0,0,1,0,0,1,"797741,9065","5826099,604","13,38756","52,50355",2010101.0,Askanischer Platz,4449.0,28.0
201915,11,6,,2019,11,10,4,3,2,7,0,0,1,0,0,0,0,0,"795914,6142","5819900,08","13,35522","52,44897",6010205.0,Südende,3933.0,51.0
201916,11,10,,2019,11,16,4,3,6,4,2,0,0,1,0,0,1,1,"812247,438","5830698,221","13,6049","52,53665",10020414.0,Helle Mitte,7659.0,42.0
201917,11,1,,2019,11,9,4,2,5,3,0,1,1,0,0,0,0,0,"797023,0803","5829351,975","13,37991","52,5331",1011301.0,Charitéviertel,4358.0,45.0
201918,11,1,,2019,12,11,6,3,6,2,0,0,0,1,0,0,1,0,"795044,2933","5830921,596","13,35221","52,54824",1044103.0,Westliche Müllerstraße,3862.0,51.0
201919,11,12,,2019,12,11,6,3,0,3,0,0,1,0,1,0,0,1,"793121,0341","5833869,007","13,32654","52,5757",12214421.0,Reinickes Hof,3570.0,53.0
201920,11,12,,2019,11,7,4,3,5,3,0,0,1,0,0,0,0,0,"793660,0268","5837139,285","13,33737","52,60473",12302211.0,Lübarser Straße,3679.0,62.0
201921,11,1,,2019,11,16,4,3,6,2,2,0,1,1,0,0,0,1,"799981,6828","5826939,982","13,42122","52,50986",1011306.0,Heine-Viertel Ost,4951.0,32.0
201922,11,11,,2019,12,10,6,3,3,6,0,0,1,0,0,0,0,1,"806619,0736","5827397,824","13,51914","52,51027",11041022.0,Rosenfelder Ring,6351.0,60.0
201923,11,6,,2019,12,18,6,1,6,2,2,0,1,1,0,0,0,1,"795662,463","5818244,638","13,35006","52,43427",6020303.0,Lankwitz Kirche,3829.0,50.0
201924,11,5,,2019,11,7,4,2,5,2,0,0,0,0,0,0,1,0,"784819,209","5829150,518","13,20031","52,53781",5010314.0,Carl-Schurz-Straße,1659.0,46.0
201925,11,11,,2019,11,16,4,3,6,2,1,0,1,1,0,0,0,1,"806132,4241","5826844,337","13,51148","52,50558",11040926.0,Weitlingstraße,6250.0,55.0
201926,11,6,,2019,12,17,6,1,6,2,2,0,1,1,0,0,0,1,"788846,2584","5819589,929","13,25124","52,44997",6040806.0,Fischtal,2334.0,57.0
201927,11,2,,2019,11,16,4,3,5,3,2,1,1,0,0,0,0,1,"799281,7464","5826219,656","13,41029","52,50379",2010103.0,Moritzplatz,4749.0,23.0
201928,11,10,,2019,11,5,4,3,5,3,2,0,1,0,1,0,0,0,"807869,9505","5830165,763","13,54007","52,53437",10010309.0,Springpfuhl,6658.0,51.0
201929,11,1,,2019,12,17,5,3,1,5,2,1,1,0,0,0,0,1,"794799,6017","5828940,681","13,34686","52,53062",1022203.0,Lübecker Straße,3857.0,60.0
201930,11,10,,2019,12,13,5,3,0,4,0,0,0,1,0,0,1,0,"812609,3944","5830320,194","13,60987","52,53306",10020517.0,Adele-Sandrock-Straße,7758.0,62.0
201931,11,4,,2019,11,15,4,3,2,6,0,0,1,0,0,0,0,1,"792724,7095","5826067,655","13,31383","52,50598",4030827.0,Karl-August-Platz,3350.0,22.0
201932,11,3,,2019,11,15,4,3,6,4,1,0,1,1,0,0,0,1,"801319,2741","5833555,224","13,44687","52,56841",3030715.0,Heinersdorf,5368.0,64.0
201933,11,2,,2019,11,15,4,3,6,4,0,0,1,1,0,0,0,1,"802535,7483","5826193,456","13,45806","52,50176",2050803.0,Stralauer Kiez,5449.0,56.0
201934,11,3,,2019,12,12,5,3,5,3,0,0,1,0,0,0,0,0,"802862,6769","5838282,386","13,47389","52,60993",3030406.0,Alt-Karow,5780.0,50.0
201935,11,1,,2019,11,15,4,3,2,1,0,1,0,0,0,0,1,1,"796234,1754","5828127,866","13,36722","52,52255",1022206.0,Lüneburger Straße,4155.0,51.0
201936,11,10,,2019,12,12,5,3,0,3,0,0,0,0,0,0,1,0,"809618,7072","5834146,063","13,56949","52,56905",10010102.0,Havemannstraße,7168.0,60.0
201937,11,11,,2019,11,7,4,3,0,1,1,1,0,0,0,0,0,0,"804002,7415","5828219,504","13,48146","52,5191",11030721.0,Rüdigerstraße,5854.0,49.0
201938,11,8,,2019,11,17,4,3,4,5,2,0,1,0,1,0,0,0,"800283,0657","5824187,261","13,42317","52,48502",8010116.0,Wissmannstraße,4944.0,25.0
201939,11,12,,2019,12,9,5,3,6,4,0,0,1,1,0,0,0,0,"790600,1828","5834049,912","13,2896","52,57868",12214126.0,Tegel Süd,2971.0,66.0
201940,11,4,,2019,12,9,5,2,2,6,0,0,1,0,1,0,0,1,"793036,1945","5825373,772","13,3178","52,49959",4030930.0,George-Grosz-Platz,3348.0,36.0
201941,11,3,,2019,11,7,3,3,6,4,1,0,1,1,0,0,0,0,"797219,151","5835545,03","13,38834","52,5885",3020209.0,Niederschönhausen,4474.0,64.0
201942,11,3,,2019,12,9,5,3,2,6,0,1,1,0,0,0,0,0,"800771,8014","5831764,848","13,43719","52,55267",3050923.0,Weißenseer Spitze,5164.0,53.0
201943,11,8,,2019,11,19,3,2,0,1,2,1,0,0,0,0,0,0,"800466,6946","5823725,655","13,42545","52,48078",8010211.0,Flughafenstraße,4943.0,45.0
201944,11,10,,2019,11,18,3,2,6,4,2,0,0,1,0,0,1,0,"808644,9321","5830145,072","13,55144","52,53375",10010310.0,Alt-Marzahn,6858.0,59.0
201945,11,8,,2019,12,23,5,2,6,4,2,0,1,1,0,0,0,0,"801804,3632","5823632,333","13,445","52,47921",8010404.0,Rixdorf,5242.0,49.0
201946,11,8,,2019,12,8,5,3,2,6,0,0,1,0,0,0,0,0,"800589,4341","5824492,765","13,42794","52,48759",8010301.0,Reuterkiez,5045.0,46.0
201947,11,12,,2019,11,17,3,3,5,3,2,0,1,0,1,0,0,0,"791111,6939","5834239,793","13,29729","52,58011",12214125.0,Waldidyll/Flughafensee,3072.0,57.0
201948,11,8,,2019,11,16,3,3,5,3,2,0,1,0,0,0,0,0,"801297,7646","5822263,427","13,43633","52,46722",8010214.0,Glasower Straße,5139.0,41.0
201949,11,6,,2019,12,7,5,3,1,5,0,1,1,0,0,0,0,0,"792148,5867","5816784,35","13,29724","52,42307",6030608.0,Schweizer Viertel,3026.0,66.0
201950,11,4,,2019,12,21,5,3,5,2,2,1,1,0,0,0,0,0,"793952,3444","5824716,492","13,33067","52,49321",4051653.0,Prager Platz,3546.0,33.0
201951,11,4,,2019,11,16,3,3,2,6,2,0,1,0,0,0,0,0,"786252,44","5826003,284","13,21868","52,50884",4020208.0,Kranzallee,1951.0,64.0
201952,11,1,,2019,11,16,3,3,2,6,1,0,1,0,0,0,0,0,"795827,8343","5829879,289","13,36281","52,53847",1033203.0,Humboldthain Nordwest,4059.0,30.0
201953,11,11,,2019,12,7,5,3,5,3,2,1,1,0,0,0,0,1,"805860,1174","5825310,08","13,50607","52,49199",11041128.0,Sewanstraße,6146.0,58.0
201954,11,6,,2019,11,16,3,2,6,4,2,0,1,1,0,0,0,0,"793153,8895","5820820,486","13,31552","52,45871",6010101.0,Fichtenberg,3336.0,54.0
201955,11,11,,2019,12,7,5,3,5,3,2,1,1,0,0,0,0,1,"805124,2257","5830056,397","13,49962","52,53494",11020515.0,Landsberger Allee,6058.0,52.0
201956,11,12,,2019,11,16,3,3,2,6,2,0,1,0,0,0,0,0,"796673,9549","5832754,029","13,37782","52,56378",12103117.0,Letteplatz,4267.0,59.0
201957,11,9,,2019,11,16,3,3,0,5,1,0,1,0,0,0,0,0,"812951,693","5821064,458","13,6062","52,44992",9051701.0,Hirschgarten,7634.0,64.0
201958,11,4,,2019,12,21,5,3,1,5,2,0,1,0,0,0,0,0,"794380,4186","5825692,111","13,33782","52,50172",4030931.0,Breitscheidplatz,3649.0,23.0
201959,11,4,,2019,12,0,5,2,0,7,2,0,0,0,0,0,1,0,"791758,7107","5826455,689","13,29998","52,50998",4030725.0,Amtsgerichtsplatz,3151.0,40.0
201960,11,8,,2019,11,15,3,3,3,6,1,1,0,0,0,0,1,0,"801583,4323","5824067,406","13,44215","52,48323",8010301.0,Reuterkiez,5243.0,34.0
201961,11,6,,2019,11,20,3,3,5,3,2,1,1,0,0,0,0,1,"792516,9041","5821409,601","13,30669","52,46433",6010101.0,Fichtenberg,3238.0,58.0
201962,11,7,,2019,12,10,5,2,5,3,0,1,0,0,0,1,0,0,"796597,7349","5821140,413","13,36634","52,45972",7040402.0,Lindenhofsiedlung,4136.0,57.0
201963,11,6,,2019,12,19,5,3,1,1,2,0,1,0,1,0,0,1,"788819,0004","5816481,024","13,24815","52,42211",6030501.0,Berlepschstraße,2325.0,54.0
201964,11,2,,2019,11,19,3,3,5,2,2,1,1,0,0,0,0,0,"799117,3243","5826273,946","13,40792","52,50436",2010103.0,Moritzplatz,4750.0,40.0
201965,11,4,,2019,11,19,3,3,5,3,1,0,1,0,0,0,0,0,"792528,2745","5828727,363","13,31328","52,52993",4030519.0,Kaiserin-Augusta-Allee,3357.0,62.0
201966,11,12,,2019,12,17,5,3,6,4,2,0,1,1,0,0,0,0,"792611,6863","5835738,134","13,32069","52,59273",12301204.0,Wittenau Nord,3475.0,66.0
201967,11,2,,2019,12,18,5,3,0,1,2,0,0,0,1,0,0,0,"798477,9505","5824730,654","13,39715","52,49088",2020204.0,Urbanstraße,4546.0,40.0
201968,11,12,,2019,11,19,3,3,2,6,2,0,1,0,1,0,0,0,"789784,217","5833673,873","13,27726","52,57574",12214125.0,Waldidyll/Flughafensee,2770.0,62.0
201969,11,7,,2019,11,19,3,3,1,5,2,1,1,0,0,0,0,0,"793733,7956","5821688,171","13,3248","52,46618",7030301.0,Friedenau,3438.0,56.0
201970,11,5,,2019,11,19,3,3,5,2,2,0,1,0,0,0,0,0,"784719,4108","5828608,242","13,19838","52,533",5020625.0,Borkumer Straße,1658.0,8.0
201971,11,2,,2019,12,17,5,3,6,4,2,0,1,1,0,0,0,0,"801139,4667","5826282,666","13,43763","52,50333",2030302.0,Lausitzer Platz,5149.0,46.0
201972,11,3,,2019,12,17,5,3,3,6,2,0,1,0,0,0,1,0,"799906,8218","5831665,56","13,42438","52,55226",3061227.0,Humannplatz,4964.0,49.0
201973,11,6,,2019,11,18,3,3,2,6,2,0,1,0,0,0,0,0,"793224,0828","5816823,293","13,31305","52,42284",6020409.0,Königsberger Straße,3326.0,55.0
201974,11,12,,2019,11,15,3,3,5,3,1,0,1,0,0,0,0,0,"790424,0482","5835943,395","13,28867","52,59575",12304314.0,Ziekowstraße/Freie Scholle,2976.0,49.0
201975,11,4,,2019,12,18,5,3,1,5,2,1,0,0,0,0,1,0,"791554,5473","5826675,706","13,29717","52,51206",4030417.0,Schloßstraße,3052.0,58.0
201976,11,2,,2019,12,17,5,3,6,6,1,0,1,1,0,0,0,0,"803188,6873","5827123,416","13,4685","52,50973",2050801.0,Traveplatz,5651.0,53.0
201977,11,2,,2019,11,14,3,3,5,2,0,0,1,0,0,1,0,0,"799071,4734","5825609,753","13,40665","52,49843",2010104.0,Wassertorplatz,4748.0,28.0
201978,11,1,,2019,11,15,3,3,0,1,0,0,0,0,1,0,0,0,"795177,8772","5829505,075","13,35292","52,53547",1022201.0,Stephankiez,3959.0,52.0
201979,11,6,,2019,12,18,5,3,5,3,2,1,1,0,0,0,0,0,"787500,7562","5816884,524","13,22916","52,42643",6040702.0,Düppel,2027.0,62.0
201980,11,4,,2019,11,14,3,3,1,5,0,0,1,0,0,0,0,0,"790361,4812","5827394,714","13,28027","52,51914",4020310.0,Park Ruhwald,2854.0,17.0
201981,11,4,,2019,12,16,5,3,0,3,2,1,0,0,1,0,0,1,"792840,3672","5825522,405","13,31505","52,50103",4030930.0,George-Grosz-Platz,3349.0,12.0
201982,11,7,,2019,11,14,3,3,5,3,0,1,1,0,0,0,0,0,"797356,1552","5822015,789","13,37825","52,46716",7040403.0,Manteuffelstraße,4239.0,42.0
201983,11,2,,2019,11,13,3,3,5,2,0,1,0,0,0,0,1,0,"799292,6846","5826222,044","13,41045","52,5038",2010103.0,Moritzplatz,4749.0,23.0
201984,11,7,,2019,12,16,5,3,5,2,2,0,1,0,1,0,0,1,"795664,3759","5823778,773","13,35499","52,48388",7020203.0,Kaiser-Wilhelm-Platz,3944.0,21.0
201985,11,3,,2019,12,16,5,3,1,5,2,1,1,0,0,0,0,0,"800824,9156","5829173,767","13,43563","52,52942",3071639.0,Bötzowstraße,5157.0,60.0
201986,11,9,,2019,11,13,3,3,5,2,0,0,1,0,0,0,0,0,"807223,4783","5818287,025","13,51963","52,42828",9020701.0,Adlershof West,6327.0,65.0
201987,11,11,,2019,11,10,3,3,5,3,0,0,1,0,0,0,0,0,"806363,8531","5826858,418","13,51489","52,50558",11040926.0,Weitlingstraße,6350.0,50.0
201988,11,11,,2019,12,16,5,3,6,4,2,0,1,1,0,0,0,1,"805119,2046","5834459,98","13,50359","52,57441",11010207.0,Wartenberg Nord,6170.0,58.0
201989,11,3,,2019,12,14,5,3,5,3,0,1,1,0,0,0,0,0,"804356,7982","5840432,64","13,49787","52,62836",3010102.0,Buch,6086.0,60.0
201990,11,7,,2019,11,10,3,3,0,7,0,0,1,0,0,0,1,0,"799778,0132","5813975,84","13,40659","52,39376",7070703.0,John-Locke-Straße,4717.0,54.0
201991,11,1,,2019,11,12,3,3,0,7,0,0,0,0,1,0,1,0,"793699,5272","5828016,464","13,32987","52,52293",1022106.0,Elberfelder Straße,3555.0,16.0
201992,11,1,,2019,12,15,5,3,2,2,0,1,1,0,0,0,0,0,"797296,7749","5827242,859","13,38205","52,51404",1011201.0,Wilhelmstraße,4352.0,37.0
201993,11,4,,2019,11,9,3,3,3,6,0,0,1,0,1,0,0,0,"790816,2494","5826017,856","13,28575","52,50655",4030724.0,Lietzensee,2950.0,60.0
201994,11,5,,2019,12,14,5,3,2,6,0,0,1,0,0,0,0,0,"785961,6833","5829207,103","13,21716","52,53772",5030730.0,Zitadellenweg,1859.0,54.0
201995,11,9,,2019,12,14,5,2,6,4,0,0,1,1,0,0,0,0,"806510,4037","5822282,574","13,51284","52,46449",9020501.0,Oberschöneweide West,6238.0,43.0
201996,11,1,,2019,11,9,3,3,5,2,0,0,1,0,0,0,1,0,"796159,7445","5832269,931","13,36982","52,55972",1033101.0,Soldiner Straße,4166.0,53.0
201997,11,12,,2019,12,14,5,3,0,6,0,0,1,0,1,0,0,0,"791346,8308","5834499,855","13,30098","52,58231",12304313.0,Borsigwalde,3172.0,56.0
201998,11,2,,2019,11,7,3,3,0,3,0,1,0,0,1,0,0,0,"798023,4733","5824680,213","13,39043","52,49068",2020205.0,Chamissokiez,4446.0,12.0
201999,11,6,,2019,12,14,5,2,5,3,0,1,1,0,0,0,0,0,"792504,6721","5817218,724","13,30284","52,42677",6030608.0,Schweizer Viertel,3127.0,61.0
202000,11,12,,2019,12,13,5,3,2,7,0,0,1,0,0,0,0,0,"792671,0829","5834738,129","13,32068","52,58374",12301203.0,Wittenau Süd,3473.0,64.0
202001,11,5,,2019,11,7,3,3,2,6,1,0,1,0,0,0,0,0,"789365,2818","5829284,605","13,26727","52,53661",5030832.0,Rohrdamm,2659.0,45.0
202002,11,4,,2019,11,7,3,3,5,3,0,1,1,0,0,0,0,0,"791590,6966","5825066,629","13,29629","52,49761",4031032.0,Halensee,3048.0,43.0
202003,11,8,,2019,12,13,5,3,5,7,0,1,1,0,0,0,0,0,"801243,0097","5820641,384","13,43406","52,45271",8020620.0,Tempelhofer Weg,5134.0,50.0
202004,11,6,,2019,11,7,3,3,1,5,1,0,0,0,0,0,1,0,"791329,3207","5821857,784","13,28965","52,46899",6040810.0,Dahlem,2939.0,66.0
202005,11,8,,2019,11,12,3,3,6,4,0,0,1,1,0,0,1,0,"801840,0936","5816753,164","13,43931","52,41753",8020728.0,Buckow Ost,5124.0,60.0
202006,11,8,,2019,11,10,3,3,3,6,0,1,1,0,0,0,0,0,"801549,7862","5823813,108","13,44143","52,48097",8010404.0,Rixdorf,5243.0,34.0
202007,11,1,,2019,11,11,3,3,1,5,0,1,1,0,0,0,0,0,"795596,8063","5826117,301","13,35607","52,50488",1011103.0,Lützowstraße,3950.0,58.0
202008,11,11,,2019,11,10,3,3,6,4,0,0,0,1,0,0,1,0,"805274,7225","5833221,787","13,50474","52,56322",11010310.0,Mühlengrund,6167.0,41.0
202009,11,2,,2019,12,13,5,3,1,5,0,0,1,0,0,0,0,0,"797492,6932","5826228,328","13,38402","52,50484",2010101.0,Askanischer Platz,4350.0,52.0
202010,11,5,,2019,12,18,4,3,5,2,1,0,1,0,0,0,1,0,"783919,324","5826605,166","13,18491","52,51545",5020628.0,Graetschelsteig,1453.0,50.0
202011,11,3,,2019,11,10,3,3,5,2,0,0,1,0,0,0,1,0,"800079,7791","5837502,585","13,43221","52,60448",3020307.0,Buchholz,5079.0,56.0
202012,11,11,,2019,11,13,2,3,5,2,0,1,0,0,0,0,1,0,"807099,2893","5823655,349","13,52274","52,47646",11051332.0,Karlshorst Süd,6441.0,66.0
202013,11,1,,2019,11,8,2,3,5,3,0,0,1,0,0,0,0,0,"793833,6939","5831855,623","13,33524","52,55727",1044101.0,Rehberge,3665.0,54.0
202014,11,4,,2019,12,7,4,3,6,2,1,0,1,1,0,0,0,0,"790950,8171","5823018,675","13,28511","52,4796",4041137.0,Flinsberger Platz,2842.0,47.0
202015,11,1,,2019,11,8,2,3,6,4,0,1,0,1,0,0,0,0,"797160,435","5827685,961","13,38044","52,51809",1011202.0,Unter den Linden Nord,4354.0,42.0
202016,11,1,,2019,12,14,4,3,6,4,0,0,1,1,0,0,0,0,"795389,558","5830607,329","13,35701","52,54524",1044202.0,Sparrplatz,3961.0,48.0
202017,11,11,,2019,11,15,2,2,6,7,0,0,1,1,0,0,0,0,"805238,2261","5832168,557","13,50324","52,5538",11020411.0,Malchower Weg,6164.0,66.0
202018,11,8,,2019,11,21,2,3,6,4,2,0,1,1,0,0,0,0,"802568,866","5823090,579","13,45573","52,47393",8010404.0,Rixdorf,5441.0,34.0
202019,11,6,,2019,12,19,4,2,5,2,2,0,1,0,1,0,0,0,"792587,5683","5815927,382","13,30293","52,41515",6020408.0,Lichterfelde Süd,3123.0,66.0
202020,11,10,,2019,11,20,2,2,5,2,2,1,1,0,0,0,0,0,"809940,0281","5831602,802","13,57184","52,54608",10010310.0,Alt-Marzahn,7162.0,51.0
202021,11,2,,2019,11,19,2,3,0,1,2,1,1,0,0,0,0,0,"801751,8948","5825816,553","13,44621","52,49881",2030402.0,Wrangelkiez,5248.0,21.0
202022,11,5,,2019,11,17,2,3,5,3,2,1,1,0,0,0,0,0,"782291,1249","5820464,019","13,15578","52,46123",5040936.0,Jägerallee,937.0,64.0
202023,11,7,,2019,12,18,4,3,5,2,2,0,1,0,1,0,0,0,"797584,7519","5819588,247","13,37945","52,44527",7050501.0,Rathausstraße,4232.0,61.0
202024,11,8,,2019,11,16,2,3,2,6,2,0,1,0,0,0,0,0,"802955,5444","5822492,127","13,46086","52,46835",8010510.0,Gewerbegebiet Köllnische Heide,5539.0,57.0
202025,11,8,,2019,11,16,2,3,5,3,2,0,1,0,1,0,0,0,"801545,4905","5820647,124","13,4385","52,45259",8020619.0,Buschkrugallee Nord,5134.0,50.0
202026,11,12,,2019,12,18,4,3,9,1,2,0,1,0,0,0,0,0,"789496,4323","5836129,502","13,27517","52,59791",12214528.0,Tegeler Forst,2777.0,66.0
202027,11,4,,2019,11,16,2,3,2,3,2,1,1,0,0,0,0,0,"791283,9233","5826071,246","13,29267","52,50678",4030725.0,Amtsgerichtsplatz,3050.0,39.0
202028,11,7,,2019,12,18,4,2,6,4,2,0,0,1,1,0,0,1,"797328,146","5821868,027","13,37771","52,46585",7040403.0,Manteuffelstraße,4238.0,48.0
202029,11,2,,2019,11,15,2,3,1,1,0,0,1,0,0,0,0,0,"798319,0717","5825079,991","13,39513","52,4941",2020204.0,Urbanstraße,4547.0,11.0
202030,11,8,,2019,11,18,2,3,0,1,2,1,0,0,0,0,0,0,"800471,4775","5823727,38","13,42552","52,48079",8010211.0,Flughafenstraße,4943.0,45.0
202031,11,4,,2019,12,17,4,3,1,5,2,1,1,0,0,0,1,0,"792786,8061","5825502,331","13,31425","52,50088",4030930.0,George-Grosz-Platz,3349.0,12.0
202032,11,8,,2019,12,17,4,3,6,4,2,1,0,1,0,0,0,0,"800488,9326","5824245,834","13,42624","52,48543",8010303.0,Donaustraße,4944.0,25.0
202033,11,2,,2019,11,11,2,3,5,3,0,1,1,0,0,0,0,0,"797016,7495","5824467,615","13,37546","52,48932",2020203.0,Viktoriapark,4245.0,40.0
202034,11,7,,2019,11,14,2,3,0,4,0,1,0,1,0,0,0,0,"793489,2937","5821987,882","13,32147","52,469",7030301.0,Friedenau,3439.0,54.0
202035,11,4,,2019,12,17,4,3,0,7,2,0,0,0,1,0,0,0,"791507,1284","5826224,61","13,29608","52,50804",4030725.0,Amtsgerichtsplatz,3051.0,26.0
202036,11,2,,2019,12,16,4,3,5,3,2,1,1,0,0,0,0,0,"801132,3003","5828599,963","13,43963","52,5241",2040502.0,Friedenstraße,5155.0,43.0
202037,11,9,,2019,11,15,2,3,7,7,0,0,1,0,0,0,1,0,"807665,5728","5815710,938","13,52374","52,40494",9030901.0,Dorf Altglienicke,6420.0,56.0
202038,11,12,,2019,11,15,2,3,4,6,0,0,1,0,0,0,0,0,"788178,1493","5831485,532","13,25173","52,55697",12214125.0,Waldidyll/Flughafensee,2365.0,66.0
202039,11,9,,2019,11,15,2,3,2,6,0,0,1,0,0,0,0,0,"809687,1859","5821241,843","13,55849","52,45337",9051901.0,Dammvorstadt,6935.0,43.0
202040,11,1,,2019,12,18,4,3,5,2,2,1,1,0,0,0,0,0,"796415,3719","5826326,504","13,36828","52,50631",1011105.0,Nördlicher Landwehrkanal,4150.0,19.0
202041,11,10,,2019,11,15,2,3,2,6,0,0,1,0,0,0,0,0,"808181,876","5831319,514","13,54573","52,54454",10010207.0,Marzahner Promenade,6761.0,58.0
202042,11,1,,2019,12,15,4,3,5,3,1,0,1,0,0,0,0,0,"799770,2616","5828632,561","13,41964","52,52515",1011303.0,Alexanderplatzviertel,4856.0,19.0
202043,11,3,,2019,11,13,2,3,6,2,0,0,1,1,0,0,0,0,"803457,3521","5838505,031","13,48285","52,61159",3030406.0,Alt-Karow,5881.0,64.0
202044,11,2,,2019,11,11,2,3,5,3,0,1,1,0,0,0,0,0,"798791,2823","5824111,69","13,40119","52,48516",2020205.0,Chamissokiez,4644.0,63.0
202045,11,9,,2019,12,23,4,3,6,2,2,0,1,1,0,0,0,0,"810528,6111","5820028,802","13,5697","52,44202",9020802.0,Köllnische Vorstadt,7131.0,58.0
202046,11,11,,2019,11,9,2,3,0,6,0,0,1,0,1,0,0,0,"805387,421","5833300,381","13,50647","52,56386",11010310.0,Mühlengrund,6167.0,41.0
202047,11,1,,2019,11,8,2,3,6,4,0,1,0,1,0,0,0,0,"794855,0072","5829889,107","13,34851","52,53909",1044202.0,Sparrplatz,3860.0,55.0
202048,11,4,,2019,11,8,2,3,9,1,0,0,0,0,0,0,1,0,"791265,9936","5829188,626","13,29513","52,53474",4010103.0,Paul-Hertz-Siedlung,3058.0,38.0
202049,11,2,,2019,12,23,4,3,2,6,2,0,1,0,0,0,0,1,"801289,7111","5826168,232","13,43974","52,50222",2030302.0,Lausitzer Platz,5149.0,46.0
202050,11,2,,2019,12,22,4,3,2,6,2,0,1,0,0,0,0,0,"802659,0386","5828003,042","13,46152","52,51791",2050602.0,Samariterviertel,5553.0,28.0
202051,11,12,,2019,11,6,2,2,5,3,2,1,1,0,0,0,0,0,"789759,7469","5833884,88","13,27709","52,57765",12214126.0,Tegel Süd,2771.0,66.0
202052,11,8,,2019,11,0,2,3,1,5,2,1,1,0,0,0,0,0,"801481,6415","5823923,267","13,44052","52,48199",8010301.0,Reuterkiez,5243.0,34.0
202053,11,3,,2019,12,14,7,3,2,1,0,1,1,0,0,0,0,1,"800087,0375","5831664,177","13,42703","52,55214",3061227.0,Humannplatz,5063.0,29.0
202054,11,4,,2019,12,14,7,3,0,1,0,1,0,0,0,0,0,1,"793972,088","5824964,429","13,33118","52,49542",4051448.0,Schaperstraße,3547.0,43.0
202055,11,8,,2019,12,13,7,3,4,2,0,1,1,0,0,0,0,1,"801100,9916","5824355,675","13,43533","52,48608",8010301.0,Reuterkiez,5144.0,42.0
202056,11,10,,2019,12,13,7,3,5,2,0,0,1,0,0,0,0,1,"811281,1738","5831543,416","13,59149","52,54478",10020413.0,Gut Hellersdorf,7461.0,52.0