ObjectID,State,District,LOR_ab_2021,AccidentYear,AccidentMonth,AccidentHour,DayOfWeek,AccidentCategory,AccidentType,AccidentTypeDetail,LightingCondition,InvolvingBike,InvolvingCar,InvolvingPedestrian,InvolvingMotorcycle,InvolvingHGV,InvolvingOther,RoadCondition,GraphicCoord1,GraphicCoord2,LongitudeWGS84,LatitudeWGS84,quadrant,quadrant_rank
202535,11,8,,2019,12,12,1,3,5,2,0,0,1,0,0,0,0,1,"801546,2909","5820647,214","13,43851","52,45259",8020619.0,Buschkrugallee Nord,5134.0,50.0
202536,11,12,,2019,12,9,1,3,2,2,0,0,1,0,1,0,0,1,"791876,4015","5833393,416","13,3078","52,57211",12214422.0,Klixstraße,3269.0,62.0
202537,11,4,,2019,12,8,1,3,5,3,0,0,1,0,0,0,0,1,"793518,3704","5825716,438","13,32518","52,50241",4030931.0,Breitscheidplatz,3449.0,40.0
202538,11,2,,2019,12,7,1,3,5,3,2,0,1,0,0,0,0,1,"799206,6449","5824557,178","13,40769","52,48893",2020206.0,Graefekiez,4745.0,46.0
202539,11,11,,2019,12,18,1,3,1,5,2,0,1,0,0,0,0,1,"806964,0104","5825765,942","13,5227","52,49545",11041128.0,Sewanstraße,6447.0,54.0
202540,11,12,,2019,12,21,1,3,2,6,2,0,1,0,0,0,0,0,"792879,1337","5832146,888","13,32146","52,5604",12214424.0,Scharnweberstraße,3466.0,46.0
202541,11,4,,2019,12,18,1,3,5,3,2,0,1,0,1,0,0,0,"793133,7691","5825598,992","13,31943","52,50156",4030930.0,George-Grosz-Platz,3449.0,40.0
202542,11,1,,2019,12,16,1,3,3,6,2,1,0,0,0,0,0,1,"798798,6482","5829226,53","13,40589","52,531",1011402.0,Arkonaplatz,4657.0,9.0
202543,11,8,,2019,12,14,1,3,1,5,0,0,1,0,0,0,0,0,"804644,1134","5817817,277","13,48138","52,42551",8030831.0,Gropiusstadt Ost,5826.0,49.0
202544,11,6,,2019,12,13,1,3,5,3,0,0,1,0,0,0,0,0,"785895,658","5816551,608","13,20534","52,42428",6040703.0,Nikolassee,1726.0,62.0
202545,11,7,,2019,12,21,7,3,2,2,2,0,1,0,0,0,0,0,"796892,9932","5822307,718","13,37172","52,47002",7040403.0,Manteuffelstraße,4139.0,53.0
202546,11,2,,2019,12,20,7,2,0,3,2,0,1,0,0,0,0,1,"800637,657","5825688,154","13,42973","52,49828",2030401.0,Reichenberger Straße,5048.0,24.0
202547,11,5,,2019,12,19,7,3,2,6,2,0,1,0,0,0,1,1,"781059,6923","5828357,043","13,14436","52,53264",5020419.0,Magistratsweg,858.0,60.0
202548,11,12,,2019,12,17,7,2,0,4,2,0,0,1,0,0,1,0,"796689,1357","5832921,149","13,37819","52,56527",12103117.0,Letteplatz,4267.0,59.0
202549,11,8,,2019,12,16,7,3,0,1,2,0,0,0,1,0,0,1,"801380,9501","5823760,684","13,4389","52,48059",8010404.0,Rixdorf,5143.0,6.0
202550,11,6,,2019,12,14,7,3,2,2,0,0,1,0,0,0,0,1,"790008,4255","5819157,343","13,26791","52,44548",6040807.0,Zehlendorf Eiche,2632.0,59.0
202551,11,5,,2019,12,13,7,3,2,7,0,0,1,0,0,0,0,0,"784679,6554","5828253,279","13,19749","52,52983",5020625.0,Borkumer Straße,1557.0,28.0
202552,11,9,,2019,12,13,7,3,6,4,0,0,1,1,0,0,0,0,"814202,3817","5821303,064","13,62477","52,45134",9051702.0,Bölschestraße,7934.0,54.0
202553,11,8,,2019,12,13,7,2,5,2,0,0,1,0,0,0,0,0,"805266,59","5817242,529","13,48998","52,42001",8041036.0,Zittauer Straße,5925.0,47.0
202554,11,6,,2019,12,12,7,3,1,1,0,0,1,0,0,0,1,1,"791698,5181","5816269,301","13,29019","52,41869",6030607.0,Goerzwerke,2924.0,62.0
202555,11,7,,2019,12,12,7,3,0,3,0,1,1,0,0,0,0,1,"796513,9714","5816378,545","13,36089","52,41708",7060601.0,Marienfelder Allee Nordwest,4024.0,62.0
202556,11,7,,2019,12,11,7,2,8,1,0,0,1,0,0,0,0,1,"797597,6635","5815556,259","13,37605","52,40912",7060604.0,Marienfelde Süd,4222.0,53.0
202557,11,12,,2019,12,11,7,3,5,7,0,0,1,0,0,0,0,1,"791744,3498","5832948,39","13,30547","52,56819",12214422.0,Klixstraße,3168.0,61.0
202558,11,12,,2019,12,10,7,3,2,6,0,0,1,0,0,0,0,1,"790131,067","5835996,025","13,2844","52,59637",12304314.0,Ziekowstraße/Freie Scholle,2876.0,40.0
202559,11,1,,2019,12,10,7,3,2,6,0,0,1,0,0,0,0,0,"797469,77","5828832,257","13,38601","52,5282",1011301.0,Charitéviertel,4356.0,64.0
202560,11,2,,2019,12,9,7,3,2,6,0,0,1,0,0,0,1,1,"803653,2134","5827411,32","13,47558","52,51205",2050801.0,Traveplatz,5752.0,11.0
202561,11,8,,2019,12,8,7,3,0,3,0,0,1,0,0,0,1,1,"801459,2692","5823878,319","13,44016","52,4816",8010301.0,Reuterkiez,5243.0,34.0
202562,11,2,,2019,12,3,7,3,5,2,2,0,1,0,0,0,0,1,"798586,5209","5825563,989","13,39949","52,49829",2010104.0,Wassertorplatz,4548.0,24.0
202563,11,10,,2019,12,16,6,3,2,6,1,0,1,0,0,0,0,1,"809183,9225","5833279,012","13,56228","52,56153",10010204.0,Wuhletalstraße,7066.0,62.0
202564,11,1,,2019,12,15,6,3,0,3,0,1,1,0,0,0,0,1,"797415,0029","5831909,822","13,38796","52,55581",1033102.0,Gesundbrunnen,4465.0,63.0
202565,11,6,,2019,12,17,6,3,0,7,2,0,1,1,0,0,0,1,"793422,8659","5821329,349","13,31992","52,46313",6010103.0,Markelstraße,3437.0,57.0
202566,11,4,,2019,12,16,6,3,5,3,2,0,1,0,0,0,0,0,"791182,2225","5827451,083","13,29238","52,51921",4030415.0,Schloßgarten,3054.0,54.0
202567,11,8,,2019,12,16,6,3,1,5,2,1,1,0,0,0,0,1,"801496,5233","5823944,778","13,44076","52,48218",8010301.0,Reuterkiez,5243.0,34.0
202568,11,7,,2019,12,20,6,3,5,2,2,0,1,0,0,0,0,1,"797234,007","5820691,627","13,37528","52,45535",7040403.0,Manteuffelstraße,4235.0,48.0
202569,11,3,,2019,12,19,6,2,5,2,2,0,1,0,1,0,0,1,"802803,8578","5838577,183","13,4733","52,6126",3030406.0,Alt-Karow,5681.0,64.0
202570,11,4,,2019,12,19,6,3,2,6,2,0,1,0,0,0,0,0,"792721,2796","5825952,552","13,31368","52,50495",4030929.0,Hindemithplatz,3350.0,22.0
202571,11,11,,2019,12,19,6,3,6,2,2,0,1,1,0,0,0,0,"804494,162","5826390,566","13,487","52,50243",11040926.0,Weitlingstraße,5849.0,58.0
202572,11,12,,2019,12,18,6,3,5,3,2,0,1,0,0,0,0,1,"789631,4625","5839732,353","13,28032","52,63014",12231102.0,Frohnau,2886.0,60.0
202573,11,1,,2019,12,18,6,3,5,3,2,0,1,0,0,0,0,0,"795163,6964","5827238,424","13,3507","52,51516",1011102.0,Großer Tiergarten,3853.0,44.0
202574,11,7,,2019,12,17,6,2,6,4,2,0,1,1,0,0,0,1,"796543,0958","5822753,464","13,36698","52,47421",7040401.0,Neu-Tempelhof,4141.0,66.0
202575,11,10,,2019,12,10,6,2,6,4,0,0,1,1,0,0,0,1,"809709,2047","5829684,884","13,56666","52,52902",10030725.0,Buckower Ring,7057.0,55.0
202576,11,1,,2019,12,16,6,3,6,2,2,0,1,1,0,0,0,1,"795523,6547","5828187,929","13,35683","52,52348",1022206.0,Lüneburger Straße,3955.0,57.0
202577,11,5,,2019,12,17,6,3,6,4,2,0,1,1,0,0,0,0,"781316,8346","5830754,249","13,15017","52,55401",5010206.0,Gütersloher Weg,864.0,61.0
202578,11,12,,2019,12,10,6,3,0,5,0,1,1,0,0,0,0,1,"790265,5247","5833690,775","13,28436","52,57564",12214125.0,Waldidyll/Flughafensee,2870.0,60.0
202579,11,4,,2019,12,9,6,3,5,3,0,1,1,0,0,0,0,1,"792707,3579","5825893,924","13,31342","52,50443",4030929.0,Hindemithplatz,3350.0,22.0
202580,11,4,,2019,12,9,6,3,5,3,0,0,1,0,0,0,0,0,"792078,3737","5828571,927","13,30653","52,52878",4030519.0,Kaiserin-Augusta-Allee,3257.0,57.0
202581,11,10,,2019,12,8,6,2,6,4,0,0,1,1,0,0,0,1,"811315,4022","5831727,134","13,59217","52,54641",10020412.0,Alte Hellersdorfer Straße,7462.0,45.0
202582,11,1,,2019,12,7,6,3,2,2,1,1,1,0,0,0,0,0,"798562,0174","5826812,285","13,40025","52,50949",1011204.0,Leipziger Straße,4651.0,31.0
202583,11,11,,2019,12,7,6,3,6,4,2,0,1,1,0,0,0,1,"807525,8117","5827573,555","13,53262","52,51134",11041023.0,Gensinger Straße,6552.0,64.0
202586,11,2,,2019,12,6,6,3,1,5,2,1,1,0,0,0,0,1,"797727,5887","5826432,594","13,38765","52,50654",2010102.0,Mehringplatz,4450.0,25.0
202587,11,11,,2019,12,6,6,3,6,2,2,0,1,1,0,0,0,0,"804850,8573","5827939,154","13,49366","52,51611",11030721.0,Rüdigerstraße,5953.0,55.0
202590,11,12,,2019,12,16,6,3,5,2,1,1,1,0,0,0,0,0,"794864,7235","5833056,278","13,35147","52,56748",12103218.0,Teichstraße,3868.0,48.0
202591,11,2,,2019,12,15,6,3,0,3,1,1,1,0,0,0,0,1,"801323,7911","5826142,315","13,44021","52,50197",2030302.0,Lausitzer Platz,5249.0,5.0
202593,11,6,,2019,12,15,6,3,6,4,1,0,1,1,0,0,0,1,"788737,633","5820190,241","13,25016","52,45541",6040804.0,Krumme Lanke,2335.0,62.0
202595,11,8,,2019,12,14,6,2,6,4,0,0,1,1,0,0,0,1,"805264,0064","5817256,129","13,48996","52,42014",8041036.0,Zittauer Straße,5925.0,47.0
202596,11,7,,2019,12,14,6,3,5,3,0,1,0,0,0,1,0,0,"797737,4511","5819125,384","13,38127","52,44104",7050501.0,Rathausstraße,4331.0,54.0
202599,11,4,,2019,12,14,6,3,0,6,0,0,1,0,0,0,1,0,"793514,6942","5825734,58","13,32514","52,50257",4030931.0,Breitscheidplatz,3449.0,40.0
202600,11,2,,2019,12,23,6,3,5,3,2,0,1,0,0,0,0,1,"802542,7287","5826734,524","13,45866","52,5066",2050802.0,Boxhagener Platz,5450.0,55.0
202602,11,10,,2019,12,22,6,2,0,1,2,1,0,0,0,0,0,1,"810571,4618","5831924,011","13,58142","52,5486",10010311.0,Landsberger Tor,7362.0,64.0
202603,11,3,,2019,12,22,6,3,0,5,2,0,1,1,0,0,0,0,"799528,5415","5831576,537","13,41874","52,55167",3061227.0,Humannplatz,4863.0,28.0
202606,11,4,,2019,12,21,6,3,5,3,2,0,1,0,0,0,1,0,"791443,2581","5827203,24","13,296","52,51685",4030417.0,Schloßstraße,3053.0,54.0
202607,11,10,,2019,12,14,6,3,5,2,0,1,0,0,0,0,1,0,"809937,9325","5827049,218","13,56756","52,50527",10030727.0,Biesdorf Süd,7050.0,59.0
202608,11,7,,2019,12,14,6,3,3,6,0,1,0,0,0,0,0,0,"794681,6155","5825212,528","13,34182","52,49726",7010101.0,Wittenbergplatz/Viktoria-Luise-Platz,3747.0,53.0
202609,11,10,,2019,12,17,6,2,5,2,2,1,1,0,0,0,0,1,"812466,0383","5830966,552","13,60837","52,53893",10020414.0,Helle Mitte,7760.0,63.0
202610,11,10,,2019,12,16,6,3,5,2,2,1,1,0,0,0,0,0,"809778,0769","5830711,003","13,56862","52,53818",10010310.0,Alt-Marzahn,7159.0,66.0
202613,11,6,,2019,12,14,6,3,3,6,0,0,1,0,0,0,0,0,"787683,0527","5818215,425","13,23298","52,43826",6040804.0,Krumme Lanke,2130.0,45.0
202615,11,6,,2019,12,16,6,2,6,2,2,0,1,1,0,0,0,0,"796475,5125","5818331,595","13,36206","52,43461",6020301.0,Alt-Lankwitz,4029.0,62.0
202618,11,8,,2019,12,13,6,3,5,7,0,0,1,0,0,0,0,0,"800359,6322","5824203,507","13,4243","52,48512",8010211.0,Flughafenstraße,4944.0,25.0
202622,11,6,,2019,12,7,6,3,5,2,0,1,1,0,0,0,0,0,"793169,8212","5818223,831","13,31348","52,43542",6030609.0,Augustaplatz,3329.0,57.0
202623,11,1,,2019,12,21,6,3,5,2,2,1,1,0,0,0,0,1,"798080,9829","5830001,892","13,39604","52,53835",1033201.0,Brunnenstraße,4559.0,31.0
202626,11,5,,2019,12,20,6,3,6,2,2,0,1,1,0,0,0,1,"789209,6786","5829269,007","13,26497","52,53656",5030833.0,Motardstraße,2559.0,56.0
202629,11,1,,2019,12,13,6,3,5,3,0,1,1,0,0,0,0,1,"795617,6085","5829351,107","13,35925","52,53385",1022201.0,Stephankiez,3958.0,60.0
202630,11,3,,2019,12,20,6,3,6,2,2,0,1,1,0,0,0,0,"799700,1862","5837335,777","13,42647","52,60319",3020307.0,Buchholz,4978.0,64.0
202633,11,5,,2019,12,13,6,3,5,7,0,0,1,0,1,0,0,1,"785405,5361","5830528,228","13,21012","52,54985",5010311.0,Eiswerder,1763.0,57.0
202634,11,6,,2019,12,13,6,3,3,6,0,1,1,0,0,0,0,0,"793726,7381","5821058,062","13,32414","52,46053",6010102.0,Schloßstraße,3437.0,57.0
202638,11,5,,2019,12,12,6,3,6,4,0,0,1,1,0,0,0,0,"785254,7249","5832225,929","13,20936","52,56515",5010102.0,Goltzstraße,1767.0,61.0
202640,11,7,,2019,12,12,6,3,6,7,0,0,1,1,0,0,0,0,"799124,5191","5823861,678","13,40586","52,48274",7040401.0,Neu-Tempelhof,4643.0,57.0
202643,11,1,,2019,12,12,6,3,0,7,0,1,1,0,0,0,0,1,"794906,6495","5826168,799","13,34598","52,50571",1011101.0,Stülerstraße,3850.0,33.0
202647,11,11,,2019,12,10,6,3,6,4,0,0,1,1,0,0,0,0,"806412,4054","5825656,288","13,5145","52,49478",11041128.0,Sewanstraße,6347.0,62.0
202648,11,1,,2019,12,12,5,3,0,2,0,1,1,0,0,0,0,0,"795446,5216","5831606,442","13,35874","52,55416",1044203.0,Leopoldplatz,3964.0,39.0
202651,11,7,,2019,12,18,5,3,6,2,2,0,1,1,0,0,0,0,"799752,6487","5814503,761","13,40669","52,39851",7070701.0,Kettinger Straße/Schillerstraße,4719.0,56.0
202652,11,8,,2019,12,17,5,3,0,7,2,0,0,1,0,0,1,0,"800679,2286","5824383,816","13,42916","52,48656",8010301.0,Reuterkiez,5044.0,14.0
202655,11,7,,2019,12,17,5,2,6,4,2,0,1,1,0,0,0,0,"798008,9772","5820465,225","13,38645","52,4529",7050503.0,Eisenacher Straße,4434.0,65.0
202658,11,7,,2019,12,17,5,2,6,4,2,0,1,1,0,0,0,1,"799805,2749","5813185,601","13,40628","52,38667",7070703.0,John-Locke-Straße,4615.0,51.0
202659,11,4,,2019,12,17,5,3,5,2,2,1,1,0,0,0,0,0,"794019,3743","5823818,355","13,33087","52,48512",4051655.0,Babelsberger Straße,3544.0,57.0
202663,11,3,,2019,12,17,5,2,6,2,2,0,1,1,0,0,0,1,"799228,1698","5837643,901","13,4198","52,60622",3020307.0,Buchholz,4879.0,64.0
202665,11,5,,2019,12,16,5,3,3,6,2,0,1,0,0,0,0,0,"785196,9627","5829358,546","13,20605","52,53947",5010314.0,Carl-Schurz-Straße,1760.0,43.0
202668,11,10,,2019,12,16,5,3,0,3,2,0,1,0,1,0,0,1,"813775,5459","5830050,202","13,62675","52,52997",10040931.0,Mahlsdorf Nord,7957.0,59.0
202669,11,4,,2019,12,22,5,3,5,2,2,0,1,0,0,0,0,0,"791791,9324","5827049,89","13,30099","52,51529",4030417.0,Schloßstraße,3153.0,49.0
202671,11,6,,2019,12,21,5,3,5,3,2,0,1,0,1,0,0,1,"789359,2079","5815364,944","13,25511","52,41182",6030502.0,Zehlendorf Süd,2422.0,66.0
202674,11,7,,2019,12,22,5,3,5,3,2,1,1,0,0,0,0,0,"795698,2392","5825435,054","13,35695","52,49871",7010102.0,Nollendorfplatz,3948.0,43.0
202675,11,2,,2019,12,20,5,3,5,3,2,0,1,0,0,0,1,0,"796877,9557","5823982,643","13,37299","52,48505",2020203.0,Viktoriapark,4244.0,54.0
202678,11,2,,2019,12,18,5,3,5,3,2,1,0,0,0,0,0,1,"800385,6397","5826384,876","13,42665","52,50466",2030301.0,Oranienplatz,4950.0,49.0
202679,11,7,,2019,12,18,5,3,2,6,2,0,1,0,0,0,1,1,"795226,4046","5823507,114","13,34831","52,48168",7020202.0,Volkspark (Rudolf-Wilde-Park),3843.0,36.0
202682,11,6,,2019,12,17,5,3,0,2,2,1,1,0,0,0,0,1,"789088,9412","5816841,247","13,25242","52,4252",6030504.0,Teltower Damm,2426.0,66.0
202684,11,4,,2019,12,15,5,3,6,4,0,0,1,1,0,0,0,0,"794480,2203","5825879,665","13,33945","52,50335",4030931.0,Breitscheidplatz,3749.0,17.0
202687,11,8,,2019,12,13,5,3,5,3,0,0,1,0,0,0,0,0,"806729,1754","5817710,246","13,51185","52,42339",8041037.0,Alt-Rudow,6226.0,66.0
202688,11,11,,2019,12,12,5,3,5,3,0,1,0,0,0,0,0,0,"806201,2823","5827036,765","13,51267","52,50727",11040926.0,Weitlingstraße,6250.0,55.0
202691,11,4,,2019,12,12,5,3,5,2,0,1,1,0,0,0,0,0,"791508,965","5826852,059","13,29666","52,51366",4030417.0,Schloßstraße,3052.0,58.0
202692,11,11,,2019,12,9,5,3,2,7,0,0,1,0,0,0,1,0,"805812,8724","5832288,034","13,5118","52,55455",11020411.0,Malchower Weg,6264.0,64.0
202695,11,7,,2019,12,8,5,3,2,6,0,0,1,0,0,0,1,1,"798470,6582","5818152,322","13,39116","52,43192",7050502.0,Fritz-Werner-Straße,4428.0,56.0
202696,11,1,,2019,12,8,5,3,5,7,0,1,1,0,0,0,0,0,"799403,3193","5826428,732","13,41226","52,50559",1011305.0,Heine-Viertel West,4750.0,40.0
202700,11,12,,2019,12,8,5,3,0,2,0,0,1,0,0,0,1,0,"790508,5159","5835338,454","13,28938","52,59028",12304314.0,Ziekowstraße/Freie Scholle,2975.0,54.0
202701,11,6,,2019,12,8,5,3,2,6,0,0,1,0,0,0,0,0,"789533,7319","5817451,424","13,25947","52,43044",6030503.0,Zehlendorf Mitte,2528.0,57.0
202704,11,12,,2019,12,16,5,3,5,3,2,1,1,0,0,0,0,0,"788036,1204","5831023,949","13,24924","52,55291",12214125.0,Waldidyll/Flughafensee,2364.0,64.0
202705,11,11,,2019,12,6,5,3,5,3,2,0,1,0,0,0,0,0,"805179,1149","5831384,162","13,50165","52,54681",11020412.0,Hauptstraße,6162.0,62.0
202708,11,2,,2019,12,14,5,3,2,6,0,0,1,0,0,0,0,0,"799337,2537","5826210,177","13,4111","52,50367",2010103.0,Moritzplatz,4749.0,23.0
202710,11,8,,2019,12,14,5,3,1,5,0,1,1,0,0,0,0,0,"802726,605","5822557,634","13,45756","52,46906",8010510.0,Gewerbegebiet Köllnische Heide,5439.0,56.0
202713,11,9,,2019,12,15,5,3,2,6,0,0,1,0,0,0,0,0,"805719,7929","5818813,548","13,49806","52,43384",9010402.0,Johannisthal Ost,6029.0,56.0
202714,11,1,,2019,12,15,5,3,6,2,0,0,1,1,0,0,0,0,"799494,9735","5828789,439","13,41573","52,5267",1011303.0,Alexanderplatzviertel,4856.0,19.0
202717,11,11,,2019,12,15,5,3,5,3,0,1,1,0,0,0,0,1,"804587,2354","5829994,485","13,49167","52,53468",11020515.0,Landsberger Allee,5958.0,60.0
202718,11,7,,2019,12,13,5,3,2,2,0,0,1,0,0,0,1,0,"799141,2534","5816519,639","13,39953","52,41691",7070701.0,Kettinger Straße/Schillerstraße,4524.0,66.0
202721,11,5,,2019,12,12,4,3,2,6,0,0,1,0,0,0,0,0,"784788,5711","5828836,941","13,19959","52,53501",5010314.0,Carl-Schurz-Straße,1658.0,8.0
202723,11,10,,2019,12,18,4,3,1,6,2,1,1,0,0,0,0,0,"812159,8255","5831065,612","13,60396","52,54",10020415.0,Hellersdorfer Promenade,7660.0,47.0
202724,11,10,,2019,12,4,4,3,0,6,2,0,1,0,1,0,0,1,"809601,7489","5831209,999","13,5665","52,54275",10010310.0,Alt-Marzahn,7061.0,57.0
202726,11,7,,2019,12,18,4,3,1,7,2,0,1,0,0,0,0,0,"795566,8185","5825474,4","13,35506","52,49913",7010102.0,Nollendorfplatz,3948.0,43.0
202728,11,4,,2019,12,6,4,3,5,7,2,0,1,0,0,1,0,0,"792252,3099","5830683,095","13,31095","52,54761",4010102.0,Plötzensee,3262.0,61.0
202729,11,12,,2019,12,9,4,3,5,3,0,0,1,0,0,0,0,0,"792211,8279","5833720,763","13,31303","52,57486",12214422.0,Klixstraße,3370.0,55.0
202732,11,6,,2019,12,8,4,2,5,2,0,1,1,0,0,0,0,0,"792236,7665","5816667,465","13,29843","52,42197",6030608.0,Schweizer Viertel,3025.0,58.0
202738,11,3,,2019,12,8,4,3,5,3,0,1,1,0,0,0,0,0,"800906,2398","5832083,89","13,43946","52,55545",3050923.0,Weißenseer Spitze,5164.0,53.0
202739,11,8,,2019,12,7,4,3,6,4,2,0,1,1,0,0,0,0,"805535,56","5818566,533","13,49513","52,43173",8041037.0,Alt-Rudow,6028.0,49.0
202743,11,3,,2019,12,23,4,3,8,1,2,0,1,0,0,0,0,0,"802339,397","5840967,591","13,46864","52,63428",3010101.0,Bucher Forst,5688.0,66.0
202744,11,2,,2019,12,21,3,3,6,4,2,0,1,1,0,0,0,0,"802613,0923","5826990,027","13,45992","52,50885",2050802.0,Boxhagener Platz,5451.0,41.0
202745,11,12,,2019,12,21,4,3,1,5,2,1,1,0,0,0,0,0,"793100,8011","5837640,864","13,32958","52,60953",12302212.0,Rollbergesiedlung,3580.0,59.0
202746,11,4,,2019,12,15,3,3,5,5,0,0,1,0,0,0,0,0,"791330,2241","5826067,202","13,29334","52,50672",4030725.0,Amtsgerichtsplatz,3050.0,39.0
202747,11,12,,2019,12,15,3,3,1,7,1,0,1,0,0,0,0,0,"792685,3585","5835983,58","13,32199","52,59489",12301204.0,Wittenau Nord,3476.0,57.0
202748,11,9,,2019,12,17,4,3,5,3,2,1,1,0,0,0,0,0,"801690,4766","5824865,363","13,44444","52,49032",9010101.0,Elsenstraße,5245.0,60.0
202749,11,1,,2019,12,13,3,3,5,3,0,1,1,0,0,0,0,0,"793850,568","5830086,21","13,33392","52,5414",1044101.0,Rehberge,3660.0,50.0
202750,11,6,,2019,12,12,3,3,0,6,0,0,1,0,0,0,1,0,"793889,28","5820480,458","13,32602","52,45527",6010207.0,Mittelstraße,3535.0,50.0
202751,11,4,,2019,12,12,3,3,1,5,0,1,1,0,0,0,0,0,"794383,7469","5825697,879","13,33788","52,50177",4030931.0,Breitscheidplatz,3649.0,23.0
202752,11,8,,2019,12,21,4,3,3,6,2,1,1,0,0,0,0,0,"801007,0621","5819751,59","13,4298","52,44486",8020620.0,Tempelhofer Weg,5032.0,63.0
202753,11,1,,2019,12,2,3,3,2,7,2,1,1,0,0,0,0,1,"799673,3953","5827039,882","13,41678","52,51092",1011306.0,Heine-Viertel Ost,4851.0,50.0
202754,11,8,,2019,12,18,3,2,5,2,2,0,1,0,0,0,0,0,"802025,9825","5824301,472","13,44886","52,48508",8010406.0,Treptower Straße Nord,5344.0,56.0
202755,11,1,,2019,12,21,4,3,5,2,2,0,1,0,0,0,0,0,"796164,1226","5832274,726","13,36989","52,55976",1033101.0,Soldiner Straße,4166.0,53.0
202756,11,3,,2019,12,15,3,2,5,2,0,0,1,0,0,0,0,0,"800201,7114","5832140,317","13,42915","52,55635",3050923.0,Weißenseer Spitze,5065.0,44.0
202757,11,7,,2019,12,14,4,3,3,6,0,0,1,0,0,0,0,0,"794951,6046","5825651,056","13,34618","52,50105",7010102.0,Nollendorfplatz,3849.0,22.0
202758,11,11,,2019,12,11,3,2,6,4,0,0,1,1,0,0,0,0,"809013,4431","5834371,029","13,56079","52,57141",11010103.0,Dorf Falkenberg,6969.0,62.0
202759,11,2,,2019,12,19,2,3,6,7,2,1,0,1,0,0,0,0,"797271,938","5824653,506","13,37937","52,49085",2020203.0,Viktoriapark,4246.0,53.0
202760,11,4,,2019,12,8,4,3,2,6,0,1,1,0,0,0,0,0,"791908,7878","5826103,953","13,30188","52,50674",4030725.0,Amtsgerichtsplatz,3150.0,36.0
202761,11,10,,2019,12,16,4,3,5,3,2,0,1,0,0,0,0,0,"811967,2765","5829297,116","13,59947","52,52426",10040828.0,Kaulsdorf Nord,7555.0,64.0
202762,11,6,,2019,12,22,2,3,0,3,2,0,0,0,0,0,1,0,"793994,109","5815486,816","13,32316","52,41044",6020411.0,Schütte-Lanz-Straße,3422.0,64.0
202763,11,4,,2019,12,19,2,3,2,2,2,0,1,0,0,0,0,0,"794097,2636","5826438,565","13,33432","52,50857",4030931.0,Breitscheidplatz,3651.0,62.0
202764,11,6,,2019,12,18,4,3,0,7,2,0,1,0,0,0,0,0,"794784,898","5818004,459","13,33697","52,43259",6020304.0,Kaiser-Wilhelm-Straße,3629.0,62.0
202765,11,11,,2019,12,15,4,3,2,6,1,0,1,0,0,0,0,0,"804847,4075","5827901,212","13,49358","52,51578",11030721.0,Rüdigerstraße,5953.0,55.0
202766,11,1,,2019,12,18,2,3,5,2,2,0,1,0,0,0,0,0,"795898,1436","5831931,162","13,36567","52,55683",1044203.0,Leopoldplatz,4065.0,7.0
202767,11,1,,2019,12,18,2,3,6,7,2,1,1,1,0,0,0,0,"799730,6024","5827747,763","13,41826","52,51724",1011304.0,Karl-Marx-Allee,4853.0,18.0
202768,11,1,,2019,12,17,2,3,5,3,2,0,1,0,1,0,0,0,"795718,4454","5828196,983","13,3597","52,52345",1022206.0,Lüneburger Straße,4055.0,49.0
202769,11,1,,2019,12,15,4,3,5,2,0,0,1,0,0,0,0,0,"794907,6025","5830231,589","13,34959","52,54213",1044202.0,Sparrplatz,3861.0,37.0
202770,11,3,,2019,12,17,2,3,2,6,2,0,1,0,0,0,0,0,"802278,0935","5829275,946","13,45708","52,52953",3061430.0,Volkspark Prenzlauer Berg,5457.0,20.0
202771,11,7,,2019,12,18,4,3,0,7,2,1,0,0,0,0,0,1,"798433,8284","5821074,703","13,39323","52,45813",7040405.0,Rathaus Tempelhof,4536.0,56.0
202772,11,11,,2019,12,16,2,3,5,3,2,1,1,0,0,0,0,0,"805846,8473","5830095,538","13,51028","52,53488",11030720.0,Herzbergstraße,6258.0,63.0
202773,11,10,,2019,12,16,2,3,2,6,1,0,1,0,1,0,0,0,"809642,6371","5825781,83","13,56205","52,49408",10030727.0,Biesdorf Süd,7047.0,62.0
202774,11,2,,2019,12,18,4,3,1,5,2,1,1,0,0,0,0,1,"798351,9431","5825293,431","13,3958","52,49599",2020204.0,Urbanstraße,4547.0,11.0
202775,11,1,,2019,12,15,2,3,3,6,0,0,1,1,0,0,0,0,"799498,019","5828344,449","13,41538","52,52271",1011303.0,Alexanderplatzviertel,4855.0,25.0
202776,11,1,,2019,12,14,2,3,1,5,0,1,1,0,0,0,0,0,"797455,1835","5827060,276","13,38421","52,51232",1011201.0,Wilhelmstraße,4352.0,37.0
202777,11,1,,2019,12,14,2,3,2,2,0,0,1,0,0,0,1,0,"799730,882","5827547,138","13,41808","52,51544",1011304.0,Karl-Marx-Allee,4853.0,18.0
202778,11,11,,2019,12,18,4,2,5,2,2,0,1,0,1,0,0,0,"805189,971","5827912,648","13,49862","52,51569",11030721.0,Rüdigerstraße,6053.0,51.0
202779,11,1,,2019,12,14,4,3,2,2,0,1,1,0,0,0,0,0,"797197,6797","5827499,898","13,38082","52,5164",1011202.0,Unter den Linden Nord,4353.0,37.0